"conversation_id_str","created_at","favorite_count","full_text","id_str","image_url","in_reply_to_screen_name","lang","location","quote_count","reply_count","retweet_count","tweet_url","user_id_str","username"
"1855928353020362837","Mon Nov 11 10:59:35 +0000 2024","12","Menyimak pemaparan dari Bu Handayani Direktur Konsumer BBRI. Tentang kredit UMKM saat ini dan dividen interim beberapa waktu lalu. Sesi online sudah boleh ada sesi offline juga donk. Biar lebih puas tanya jawab dengan manajemen emiten big bank. @indopremier @EvaMalca https://t.co/XPla2dpxIF","1855928353020362837","https://pbs.twimg.com/media/GcGVAG4boAAmigO.jpg","","in","kokogiovanni@gmail.com","0","1","4","https://x.com/KokoGiovanni/status/1855928353020362837","139982550","KokoGiovanni"
"1127618117172105216","Sun May 12 16:54:43 +0000 2019","283","Somebody said it couldn t be done.. Lol.... GOOFY! 4 splits for the 4 years of hell and growth college put me through! #QuesGraduate https://t.co/bSAZDQzRbQ","1127618117172105216","https://pbs.twimg.com/ext_tw_video_thumb/1127617890495152133/pu/img/KbKadHgpBzg1lkX-.jpg","","en","Cincinnati","16","2","48","https://x.com/DoryanBeach/status/1127618117172105216","2462226247","DoryanBeach"
"1088445816707010561","Thu Jan 24 14:37:59 +0000 2019","279","In the second episode of our new series #Divided musician @yungblud talks mental health gender identity and how old people robbed a generation by voting for Brexit. Watch the first episode on Snapchat: https://t.co/6Q5vKFs1hY https://t.co/7DGGxTPXbD","1088445816707010561","https://pbs.twimg.com/amplify_video_thumb/1088360638571835392/img/nu0i-Vb-wIGyzXDU.jpg","","en","London, UK","81","337","56","https://x.com/SkyNews/status/1088445816707010561","7587032","SkyNews"
"1763512307156717870","Fri Mar 01 10:31:13 +0000 2024","219","JUST IN: RUPS BBRI memutuskan pembagian dividen tunai Rp. 319/ saham. Interim : Rp. 84/saham (sudah dibagikan pada Desember 2023). Sisa : Rp. 235/saham (Ini yang akan dibagikan jadwal menyusul). https://t.co/ScP3JkNO7V","1763512307156717870","https://pbs.twimg.com/media/GHlA8o9bEAAJ037.jpg","","in","Indonesia","23","10","48","https://x.com/doktermarket/status/1763512307156717870","311312187","doktermarket"
"1701982124210041197","Wed Sep 13 15:32:14 +0000 2023","369","#bbred thinks #bb25 is rigged for #bbcirie to win. do we agree? link in bio for full interview! https://t.co/aAiZisBgtj","1701982124210041197","https://pbs.twimg.com/ext_tw_video_thumb/1701982090726932480/pu/img/c9d6cXjOlxYyugjC.jpg","","en","","215","124","34","https://x.com/brkfromreality/status/1701982124210041197","1549476677176008705","brkfromreality"
"1357903294400770054","Sat Feb 06 04:05:48 +0000 2021","919","Divided United https://t.co/3c0eFLClpA","1357903294400770054","https://pbs.twimg.com/media/Etg9e-OXEAErvwl.jpg","","en","","10","9","144","https://x.com/B_Dub3/status/1357903294400770054","138888774","B_Dub3"
"1872958184811577738","Sat Dec 28 10:50:03 +0000 2024","252","Untuk Tahun 2025 Gw tetap pakai skema investasi yang sama seperti tahun 2024 yaitu : - Dividen hunter - Kolektor IPO Sama tambahan 1 lagi - ngurusin $BBRI yg lagi nyangkut 12%. Hahaha Jadi kemungkinan 3 topik di atas yang tetap mendominasi di X gw https://t.co/iELaJfgfIs","1872958184811577738","https://pbs.twimg.com/media/Gf4Vix5awAMYbA-.jpg","","in","jakarta selatan","9","35","15","https://x.com/saptaipb/status/1872958184811577738","1634788663","saptaipb"
"1113690563528859649","Thu Apr 04 06:31:36 +0000 2019","424","Statement knits plaid and colourful puffer jackets. Tiffany Young presents this season s new looks from Divided! Now in store from R 179! #HMDivided https://t.co/DgCqdqva2k","1113690563528859649","https://pbs.twimg.com/amplify_video_thumb/1113690509065715712/img/sd6yKRDiml7we-qx.jpg","","en","South Africa","12","14","194","https://x.com/hmsouthafrica/status/1113690563528859649","1709500339","hmsouthafrica"
"1113747770949505024","Thu Apr 04 10:43:03 +0000 2019","242","VIDEO: Bobi Wine: Some of us(opposition) are saying Museveni is dividing us. He is not we are dividing us. #NBSUpdates #NBSLiveAt1 https://t.co/4L4FJwuEYC","1113753842338942976","https://pbs.twimg.com/ext_tw_video_thumb/1113753680145154048/pu/img/ErpHCS29JpDUOXpx.jpg","nbstv","en","Uganda","9","21","59","https://x.com/nbstv/status/1113753842338942976","344718893","nbstv"
"1838896414572904867","Wed Sep 25 11:00:44 +0000 2024","558","1/ @Bybit_Official is the 8th exchange to support DBR's claim-to-CEX flow. Eligible recipients can now claim DBR off-chain directly in their Bybit accounts in advance for distribution at TGE https://t.co/p2h1yOdSdp","1838896414572904867","https://pbs.twimg.com/media/GYUSirGaYAAfo1k.jpg","","en","","24","50","61","https://x.com/deBridgeFdn/status/1838896414572904867","1816528629238575104","deBridgeFdn"
"1671086323971633155","Tue Jun 20 09:23:21 +0000 2023","417","The B.R.I.C.S Alliance explained //THREAD// https://t.co/M63QPnq5pd","1671086323971633155","https://pbs.twimg.com/media/FzDkJ3WWcAAo80v.jpg","","en","Newsletter:","8","16","66","https://x.com/EntrepBuilder_/status/1671086323971633155","1353112746641002498","EntrepBuilder_"
"1485658693219852292","Mon Jan 24 17:00:09 +0000 2022","979","Joe Biden is the Divider-in-Chief! IMPEACH--&gt; https://t.co/AA672GeCV4 https://t.co/hz59Q1XYyZ","1485658693219852292","https://pbs.twimg.com/media/FJ4etHFXsAUEbSO.jpg","","en","USA","60","712","216","https://x.com/ACTBrigitte/status/1485658693219852292","722528529716383744","ACTBrigitte"
"1840780141490012667","Mon Sep 30 15:46:00 +0000 2024","232","பாஜக இந்தியா அளவில் Rss VS BJP என இரண்டாக உடைந்திருக்கிறது.ஆட்சியில் இருப்பதால் பிளவு வெளியே தெரியவில்லை.மூன்று மாநில தேர்தல் தோல்வி இந்த பிளவை வெளியில் தெரியும்படி வெடிக்க வைக்க போகிறது!குஜராத்vs நாக்பூர் மோதலில் அகில இந்திய தலைவரை கூட தேர்ந்தெடுக்க பாஜக தினறுகிறதாம்! ENDGAME! https://t.co/C1vKH82Go1","1840780141490012667","https://pbs.twimg.com/media/GYvDx-WawAANg8g.jpg","","ta","Chennai, India","3","22","64","https://x.com/sathrak1967/status/1840780141490012667","1580228503773093889","sathrak1967"
"1088445816707010561","Thu Jan 24 18:14:51 +0000 2019","530","You can now watch episode two of #Divided in full featuring @yungblud on YouTube ⬇️ https://t.co/QdbkMsleMT","1088500393984880640","","SkyNews","en","London, UK","3","24","63","https://x.com/SkyNews/status/1088500393984880640","7587032","SkyNews"
"1376481962030891012","Mon Mar 29 10:30:48 +0000 2021","425","Dividen 4 besar bank di Indonesia (2020): $BBRI : Rp 98 per lembar yield 2% $BMRI : Rp 220 per lembar yield 3 4% $BBCA : Rp 528 per lembar yield 1 6% $BBNI : Rp 44 per lembar yield 0 72%","1376481962030891012","","","in","Jakarta Capital Region","56","30","181","https://x.com/BigAlphaID/status/1376481962030891012","958566590768926721","BigAlphaID"
"1842704132680949773","Sat Oct 05 23:11:15 +0000 2024","514","Every time I see this I want to cry they have their own divider https://t.co/oERV6fUjQ9","1842704132680949773","https://pbs.twimg.com/media/GZKZoyIXAAAZ7VL.jpg","","en","he - MA - 22","2","5","17","https://x.com/L1K3AR1TUAL/status/1842704132680949773","1049434120542138368","L1K3AR1TUAL"
"1519024050705731584","Tue Apr 26 18:42:10 +0000 2022","476","Here is a snippet of DIVIDED the Documentary. London s overlooked voices are finally been heard! #tfl #London #Documentary #ltn https://t.co/fkPkwCBntj","1519024050705731584","https://pbs.twimg.com/ext_tw_video_thumb/1519023954060619778/pu/img/hFlr30TLDXgO2gBx.jpg","","en","","83","94","315","https://x.com/rowdysharman/status/1519024050705731584","1415738049791725571","rowdysharman"
"1759013556056449398","Sun Feb 18 00:34:47 +0000 2024","329","We believe $BBBYQ is undergoing a divisive reorganization in Chapter 11 a tax efficient manner of extracting a valuable subsidiary trapped under a corporate umbrella Ryan Cohen suggested this and was denied Sixth Street appear to have been working towards this. This is just https://t.co/HJ8aCV7X3p","1759013556056449398","https://pbs.twimg.com/media/GGlAbkPXUAAGgdc.png","","en","London ","0","9","109","https://x.com/PhantomBlack699/status/1759013556056449398","1667205551871213569","PhantomBlack699"
"1741446492706271696","Sun Dec 31 13:09:33 +0000 2023","2067","BPD splitting is fully hating something/someone in the moment but as soon as the moment passes you feel unbearable shame guilt and humiliation.","1741446492706271696","","","en","","57","9","447","https://x.com/thatgrlsanalien/status/1741446492706271696","1640424592593522689","thatgrlsanalien"
"1870031056755405011","Fri Dec 20 08:58:42 +0000 2024","0","Siap Siap Ada Kado Nataru Dividen Interim : BBRI - ADRO https://t.co/hJJfUYfBJf","1870031056755405011","","","in","Jakarta Capital Region","0","0","0","https://x.com/cnbcindonesia/status/1870031056755405011","847372542830444544","cnbcindonesia"
"1432117264426405890","Sun Aug 29 23:05:37 +0000 2021","448","SPLIT BOBINAS 12/12 FNCS GRAND FINALS @diguerafn @rynmfn https://t.co/mjFoeCfmlZ","1432117264426405890","https://pbs.twimg.com/ext_tw_video_thumb/1432116397824434185/pu/img/nTQLWx59gDlQ7mwW.jpg","","en","","0","12","9","https://x.com/kbrfps/status/1432117264426405890","956663896923918336","kbrfps"
"1836154094009864622","Tue Sep 17 21:23:44 +0000 2024","1850","bow dividers ----𝜗𝜚 ⋆˖⁺‧₊ 𝜗𝜚₊‧⁺˖⋆ 𝜗𝜚---- ⋆ ₊˚ ʚ 𝜗𝜚 ɞ ˚₊⋆ ⊹ꕀ⊹୨ 𝜗𝜚 ୧⊹ꕀ⊹ ꒰ ʚ 𝜗𝜚 ɞ ꒱ ⋘ » 𝜗𝜚 « ⋙","1836154094009864622","","","und","adult ෆ/ ig : friebbles ෆ ","0","0","349","https://x.com/friebbles/status/1836154094009864622","1344404489051189248","friebbles"
"1848271467949052072","Mon Oct 21 07:53:51 +0000 2024","3069","bow dividers ⊹ ࣪ ˖ 𝜗𝜚 ⊹ ࣪ ˖ ୨୧‿‿‿ 𝜗𝜚 ‿‿‿୨୧ ◞ 𝜗𝜚 ◟ ͜ ◞ 𝜗𝜚 ◟ ͜ ◞ 𝜗𝜚 ◟ .・゜﹒ 𝜗𝜚 ﹒゜・． ୨﹒˖˚──﹕ 𝜗𝜚 ﹕──˚˖﹒୧","1848271467949052072","","","und","adult ෆ/ ig : friebbles ෆ ","1","0","563","https://x.com/friebbles/status/1848271467949052072","1344404489051189248","friebbles"
"1126855007989633025","Fri May 10 14:22:24 +0000 2019","253"," @edsheeran's 'Divide' has become #BRITcertified 11x Platinum alongside 'Kiss Me' going Gold what a legend! https://t.co/f5ny4ShNMd","1126855007989633025","https://pbs.twimg.com/media/D6NkpygXkAE6oz5.jpg","","en","London, UK","5","1","60","https://x.com/BRITs/status/1126855007989633025","88442109","BRITs"
"1227299008067981312","Tue Feb 11 18:31:00 +0000 2020","201","Family. Marriage. Love. Divorce. Here's everything you need to know about #TheSplit so far. https://t.co/LmsyznhDN0","1227299008067981312","https://pbs.twimg.com/media/EQLJJpIW4AEPnzp.jpg","","en","","16","9","33","https://x.com/BBCOne/status/1227299008067981312","871686942","BBCOne"
"1090390791296614401","Tue Jan 29 23:26:37 +0000 2019","502","Richard Burgon: The Labour Party isn t divided we have a difference of opinion. That s the same thing. Richard Burgon: No it isn t. #Newsnight https://t.co/2ZLtgooejU","1090390791296614401","https://pbs.twimg.com/ext_tw_video_thumb/1090390554339409920/pu/img/b6eg3oRASQZdIsPd.jpg","","en","","73","109","151","https://x.com/Jamin2g/status/1090390791296614401","46756531","Jamin2g"
"1754512199698337916","Mon Feb 05 14:28:00 +0000 2024","761","బూట్లు నాకడంలో బిజీ ఉన్నోడికి విభజన చట్టం.. బిల్లు గురించి ఎట్లా తెలుస్తది! @BRSHarish https://t.co/KNRmZmVD8Y","1754512199698337916","https://pbs.twimg.com/amplify_video_thumb/1754511779655499776/img/X9mGzsm6S3RYireH.jpg","","te","Hyderabad, India","2","17","174","https://x.com/BRSParty_News/status/1754512199698337916","842600129882456064","BRSParty_News"
"1856898085550711106","Thu Nov 14 03:12:57 +0000 2024","14","Harga saham BBRI turun hampir 30% tahun ini tapi ini justru jadi peluang! Dengan dividen sekitar Rp315 per saham yield-nya bisa tembus 7 1% tertinggi sepanjang sejarah! Selain itu valuasi BBRI juga terbilang murah dengan PE ratio 11 2x jauh di bawah rata-rata 5 tahun. https://t.co/4Or8lj50Dt","1856898085550711106","https://pbs.twimg.com/ext_tw_video_thumb/1856896332235206656/pu/img/vfLA0PpI3cCttb2t.jpg","","in","Jakarta","0","0","0","https://x.com/bareksa/status/1856898085550711106","920403926","bareksa"
"1847333728714182669","Fri Oct 18 17:47:37 +0000 2024","1025","Britishers - Divide Indians BRS - Divide Telugu people","1847333728714182669","","","en","రెండు రాష్ట్రాలు రెండు 👀","39","104","178","https://x.com/NCBNFanHere/status/1847333728714182669","2380113612","NCBNFanHere"
"1636858770645999619","Fri Mar 17 22:35:16 +0000 2023","311","BREAKING NEWS #BBBY is officially a penny stock as it tanks in after hours. The company announced a special meeting to approve a reverse split. What we might be seeing here is a short attack so short hedge funds can attempt to close out some short exposure before the vote. https://t.co/MeWO9ZQDXB","1636858770645999619","https://pbs.twimg.com/media/FrdKX0DXwAABG4G.jpg","","en","Scotland, United Kingdom","4","27","51","https://x.com/GavinClimie/status/1636858770645999619","1404682767145787392","GavinClimie"
"1844090207005704252","Wed Oct 09 18:59:01 +0000 2024","1012","from @DivestBrown BROWN'S CORPORATION BOARD OF COWARDS VOTED IN SECRET TO REJECT DIVESTMENT. ALL SETTLER COLONIAL INSTITUTIONS WILL FALL. https://t.co/0nPhh8u6FX","1844090207005704252","https://pbs.twimg.com/media/GZeGRRAWAAASMN6.jpg","","en","Turtle Island ","13","13","260","https://x.com/NationalSJP/status/1844090207005704252","757408098","NationalSJP"
"1586652311362977793","Sun Oct 30 17:58:59 +0000 2022","466","Soy trabajador por cuenta ajena. Estoy a favor de pagar impuestos siempre que sean transparentes y justos casi el 50% es un abuso. Sanidad y educacion son los cacahuetes la mayoria se malgasta. Los que echan espuma por la boca y faltan el respeto https://t.co/iZccfGdMUd","1586779714915549184","https://pbs.twimg.com/tweet_video_thumb/FgVfvHvXEAEhKtT.jpg","divideando","es","","9","45","51","https://x.com/divideando/status/1586779714915549184","1198233347836776449","divideando"
"1685739624818151424","Sun Jul 30 19:50:20 +0000 2023","231","Another previousyl posted clip from a few seasons ago showing Divide attacking a Quarters/Read based coverage structure. https://t.co/yhp4UnKVym","1685739624818151424","https://pbs.twimg.com/ext_tw_video_thumb/1685739564734758913/pu/img/nr4Y9LAxVOXcYxN0.jpg","","en","","2","2","26","https://x.com/Spread_it_Out/status/1685739624818151424","1182487884332486657","Spread_it_Out"
"1701233899492225530","Mon Sep 11 13:59:03 +0000 2023","472","One of the most critical moments of this debate when @briebriejoy debunks the smear that only the privileged are indifferent to a Trump vs. Biden outcome https://t.co/H8tXxy6z70","1701233899492225530","https://pbs.twimg.com/ext_tw_video_thumb/1701233250687995904/pu/img/yRJhNJJ7zqYjChd2.jpg","","en","","8","26","96","https://x.com/DueDissidence/status/1701233899492225530","1118264757482590209","DueDissidence"
"1787887726026805611","Tue May 07 16:50:25 +0000 2024","302","BPD splitting be like: I can see no good. Everything in my life and around me is all bad. I don t trust a soul. I hate everyone and everything. The darkness is consuming me and I m letting it bcuz there is no good in this world.","1787887726026805611","","","en","","10","2","90","https://x.com/thatgrlsanalien/status/1787887726026805611","1640424592593522689","thatgrlsanalien"
"1812737684537745724","Mon Jul 15 06:35:17 +0000 2024","1567","JUST IN: LUXURY RETAILER BURBERRY HAS SUSPENDED ITS DIVIDEND AND ITS CEO HAS BEEN FIRED EFFECTIVE IMMEDIATELY BURBERRY SAID IF THE SLOWDOWN CONTINUES IT WILL REPORT A LOSS FOR THE FIRST HALF OF THIS YEAR BURBERRY STOCK IS NOW DOWN 60% OVER THE LAST 1 YEAR $BRBY https://t.co/XcMWeR5jaW","1812737684537745724","https://pbs.twimg.com/media/GSgjUOJWIAAr41B.jpg","","en","","35","88","230","https://x.com/gurgavin/status/1812737684537745724","109813243","gurgavin"
"1798097143661523303","Tue Jun 04 20:59:00 +0000 2024","11325","An hour of bpd splitting summed up in one photo: https://t.co/paJP9K6aFE","1798097143661523303","https://pbs.twimg.com/media/GPQf0f2XAAA2jtC.jpg","","en","𓍊𓋼𓍊 she/her 28 𓍊𓋼𓍊","544","87","1580","https://x.com/DeepHydrangeas/status/1798097143661523303","1280082180752969729","DeepHydrangeas"
"1796459116342484999","Fri May 31 08:30:04 +0000 2024","5","Udah kadung punya banyak $BBRI mau cutloss nggak ikhlas. Malah lebih lega kalau beli buat avg down. Toh semua pake uang dingin. $ASII cair dividen kemarin lumayan pol meski ya portonya masih merah juga. Kupakai buat masuk di avd $BBRI. Bismillah aja https://t.co/hThpJuS4KG","1796459116342484999","https://pbs.twimg.com/media/GO5OCsNaAAEATt3.jpg","","in","kebumen »» surabaya","0","6","0","https://x.com/Rinie_NOE_/status/1796459116342484999","69505132","Rinie_NOE_"
"1592972297169965056","Wed Nov 16 20:06:06 +0000 2022","345","Disturbed Ones! Divisive is out THIS Friday! Have you pre-saved the album or pre-ordered your copy on vinyl? https://t.co/qZTINF4tE0 https://t.co/ChP0UpBHG9","1592972297169965056","https://pbs.twimg.com/media/Fhtfr-eXgAMxDW4.jpg","","en","Chicago, IL","9","17","45","https://x.com/Disturbed/status/1592972297169965056","133860889","Disturbed"
"1773370119269327333","Thu Mar 28 15:22:38 +0000 2024","3","Alhamdulillah bbri dan bmri udh bagi dividen. Rezeki anak soleh ","1773370119269327333","","","in","Tangerang, Banten","0","3","0","https://x.com/rikyyy77/status/1773370119269327333","1556405954425819136","rikyyy77"
"1811370182683623675","Thu Jul 11 12:01:19 +0000 2024","772","*MICROSTRATEGY ANNOUNCES 10-FOR-1 STOCK SPLIT: BBG","1811370182683623675","","","en","t.me/TreeNewsFeed","22","44","76","https://x.com/TreeNewsFeed/status/1811370182683623675","1282727055604486148","TreeNewsFeed"
"1868512895484694990","Mon Dec 16 04:26:04 +0000 2024","87","makasi sawerannya bang pas BBRI bagi dividen interim sekalian bahas kondisi nya pakai Lapkeu Q324 ya bang (UTAS) https://t.co/rzFp5tVrwJ","1868512895484694990","https://pbs.twimg.com/media/Ge5KLxIaEAAMm7Z.png","","in","jakarta selatan","0","2","11","https://x.com/saptaipb/status/1868512895484694990","1634788663","saptaipb"
"1653285242986434560","Tue May 02 06:28:13 +0000 2023","382","Varun Beverages board approves stock split in the ratio of 1:2 #VarunBev https://t.co/xvyWgD1WnM","1653285242986434560","https://pbs.twimg.com/media/FvGl9D8aMAEVsAx.jpg","","en","India","0","5","22","https://x.com/CNBCTV18Live/status/1653285242986434560","44839509","CNBCTV18Live"
"1608633874334240768","Fri Dec 30 01:19:37 +0000 2022","42","Sobat BRI terimakasih atas dukung kalian selama ini di tahun 2022 sehingga BRI dapat membagikan dividen interim sebesar Rp8 63 Triliun #BRI #HUT127BRI #TumbuhdanTangguh https://t.co/RM4nzeOOJo","1608633874334240768","https://pbs.twimg.com/media/FlMD-fkakAA0AAC.jpg","","in","Jl Jend Sudirman 44-46 Jakarta","2","99","4","https://x.com/BANKBRI_ID/status/1608633874334240768","1355939492","BANKBRI_ID"
"1544777466555817985","Wed Jul 06 20:17:03 +0000 2022","246","#GME ! BREAKING NEWS! STOCK SPLIT HAS BEEN CONFIRMED. 4 TO 1. https://t.co/tsMOpN6L76 https://t.co/SSlaKhbYN3","1544777466555817985","https://pbs.twimg.com/media/FXAm6mUWQAM_4-F.jpg","","en","United States","2","13","40","https://x.com/bstrat515/status/1544777466555817985","1376931407289856003","bstrat515"
"1773328596477583825","Thu Mar 28 12:37:38 +0000 2024","5","Iseng cek RDN barusan ternyata Dividen BBRI udah cair ke rekening... Lumayan besar juga ya yang kali ini. Kecipratan THR lumayan buat buat nambah uang jajan selama di UK ini. https://t.co/FnWrOpPwKB","1773328596477583825","https://pbs.twimg.com/media/GJwg9fVWMAAYVdc.jpg","","in","indonesia","0","0","0","https://x.com/MangGalih/status/1773328596477583825","61265076","MangGalih"
"1869282459277492474","Wed Dec 18 07:24:02 +0000 2024","1","BBRI baru aja ngumumin bakal bagi dividen interim total Rp20 triliun Dengan dividen per lembar Rp135 itu setara 3 25% dari harga BBRI di penutupan perdagangan 16 Desember. Kalau beli saham BBRI di Bareksa dividen bakal langsung masuk ke rekening pribadi kamu nggak ke https://t.co/WnAiXdRXPr","1869282459277492474","https://pbs.twimg.com/ext_tw_video_thumb/1869280929518395392/pu/img/uekzfVikdvIRRlJI.jpg","","in","Jakarta","0","0","0","https://x.com/bareksa/status/1869282459277492474","920403926","bareksa"
"1776329332518002886","Fri Apr 05 19:21:30 +0000 2024","308","Day 38 of drawing Split everyday Split doesnt find it funny anymore. She misses the old Bivey :( (honestly not too happy with how I drew this but oh well.) #regretevator #regretevatorfanart #regretevatorsplit https://t.co/x03pek6HaR","1776329332518002886","https://pbs.twimg.com/media/GKbKHKrWUAAb3I-.jpg","","en","1 admin","0","0","42","https://x.com/DailySplit/status/1776329332518002886","1651650983628541952","DailySplit"
"1238240549234184199","Thu Mar 12 23:08:46 +0000 2020","774","Dividend Yield: BBDC4 = 10 1% ITUB4 = 7 9% IRBR3 = 20 5% By @elevenfinancial","1238240549234184199","","","en","São Paulo, Brasil","4","42","40","https://x.com/cafecomferri/status/1238240549234184199","437824506","cafecomferri"
"1664290243963396098","Thu Jun 01 15:18:09 +0000 2023","203","$ABBV hitting a 52 week low! This company has a 4.3% starting dividend yield with a 14.5% 5 year dividend growth rate. https://t.co/c8k6cLD9Cz","1664290243963396098","https://pbs.twimg.com/media/Fxi_J8QXgAEc4rs.jpg","","en","","2","27","8","https://x.com/dividendology/status/1664290243963396098","1509705643418128399","dividendology"
"1868499033565917401","Mon Dec 16 03:30:59 +0000 2024","335","Shm! Dividen interim $BBRI 135/lembar kemungkinan maret dividen final gede karena menteri BUMN target 90T pemasukan dari dividen emiten BUMN https://t.co/HlRYQq9IlY","1868499033565917401","https://pbs.twimg.com/media/Ge499_xbcAAeY-A.jpg","","in","Sukses Finansial","33","32","43","https://x.com/Saham_fess/status/1868499033565917401","1336580251493646343","Saham_fess"
"1868514468080283793","Mon Dec 16 04:32:19 +0000 2024","2","BBRI Akan Bagikan Dividen Interim Rp 20 46 T atau Rp 135/Saham https://t.co/mozJnwA5HC","1868514468080283793","","","in","Jakarta Capital Region","1","0","1","https://x.com/cnbcindonesia/status/1868514468080283793","847372542830444544","cnbcindonesia"
"1623532140788056065","Thu Feb 09 04:00:00 +0000 2023","131","BNX Token Split is ready to go LIVE! Based on the approved DAO proposal $BNX will be split at a ratio of 1:100. DAO Voting: https://t.co/j6J2IfrLia Details: https://t.co/iaCdArH6Sv Do look forward to what #BinaryX has to offer in the exciting year ahead! Threads:","1623532140788056065","","","en","","21","56","65","https://x.com/binary_x/status/1623532140788056065","1369580794369372163","binary_x"
"1786367482565120147","Fri May 03 12:09:31 +0000 2024","1","Pantes saldonya jadi 1 jutaan ternyata ada dividen. Gass BBRI hari senin mumpung diskon https://t.co/wWOYGw71Ay","1786367482565120147","https://pbs.twimg.com/media/GMpznMDagAAYPV0.jpg","","in","","0","0","0","https://x.com/tapi_bengkok/status/1786367482565120147","1252151278085369856","tapi_bengkok"
"1627501048704438272","Mon Feb 20 02:51:02 +0000 2023","221","This is exactly how the split went right? https://t.co/89fKKP7oOw","1627501048704438272","https://pbs.twimg.com/media/FpYLkokaQAA2Iui.jpg","","en","they/them","0","0","15","https://x.com/glassgummybear/status/1627501048704438272","1305290792102064129","glassgummybear"
"1737683780197118288","Thu Dec 21 03:57:52 +0000 2023","1040","Pengiraan dividen bagi pemegang unit Amanah Saham Bumiputera (ASB). Jika anda melabur RM100 000 dari 1 Januari 2023 hingga 31 Disember 2023. Jumlah dividen diperoleh adalah RM5 250 yang boleh diambil pada awal tahun 2024.","1737683780197118288","","","in","Elmina City","16","6","449","https://x.com/XavierNaxa/status/1737683780197118288","3286689331","XavierNaxa"
"1783752476161957922","Fri Apr 26 06:58:25 +0000 2024","380","Baru ngeh saham $BBRI dari puncaknya Rp 6.325 sudah turun lebih dari -20% Harga sekarang Rp 4.940 Sudah masuk bearish zone https://t.co/fpURrPq1jm","1783752476161957922","https://pbs.twimg.com/media/GMEpbFlbwAA2cci.jpg","","in","Any City","27","72","46","https://x.com/desmondwira/status/1783752476161957922","201965045","desmondwira"
"1767864253191696455","Wed Mar 13 10:44:17 +0000 2024","0","Dividen BBRI Maret https://t.co/vTVDx4iLLz","1767864253191696455","https://pbs.twimg.com/media/GIi3JkAaAAAobi0.jpg","","en","Minggir, Indonesia","1","0","0","https://x.com/yubdireja/status/1767864253191696455","1333692103604375553","yubdireja"
"1827991493828915541","Mon Aug 26 08:48:29 +0000 2024","5","Update porto BBRI gw. . Power of sabar dan swing trading. Anyways. Saham perbankan bisa dihold ampe Maret tahun depan. Pas bagi dividen. Biasanya kalo BBRI 5% si keknya. Cuman ya kita lihat entar. Katalis positifnya udh kelihatan jelas yaitu pemotongan suku bunga the FED. https://t.co/pEyV5wRXoP","1827991493828915541","https://pbs.twimg.com/media/GV5Uky3bIAAg_ij.jpg","","in","","0","2","1","https://x.com/asuma471/status/1827991493828915541","1506476051697848326","asuma471"
"1755227364643029477","Wed Feb 07 13:49:48 +0000 2024","307","NEW: 🇺🇸US regional bank NYCB cuts dividend by 70% after stock is down 60% in 2 weeks on fears of commercial real estate meltdown. NYCB took over Signature Bank last March during the banking crisis. https://t.co/VsN7rYOdZE","1755227364643029477","https://pbs.twimg.com/media/GFvRtrNW8AAbJ9c.jpg","","en","👽 ","3","17","39","https://x.com/RadarHits/status/1755227364643029477","1576591184243429378","RadarHits"
"1740161024869941759","Thu Dec 28 00:01:33 +0000 2023","615","BPD splitting be like: I love you I love you not. I love you I love you not. I love you I love you not. I love you I love you not. I love you I love you not.","1740161024869941759","","","en","","11","1","127","https://x.com/thatgrlsanalien/status/1740161024869941759","1640424592593522689","thatgrlsanalien"
"1498639296143958016","Tue Mar 01 12:40:26 +0000 2022","81","Good news sobat BRI! Buat kamu pemegang saham BBRI dalam RUPST tahun ini diputuskan BRI akan membagikan dividen sebesar Rp26 40 triliun atau 85% dari total laba konsolidasian https://t.co/ugqkqt5KR3","1498639296143958016","https://pbs.twimg.com/media/FMw8fihakAI1qv6.jpg","","in","Jl Jend Sudirman 44-46 Jakarta","8","149","10","https://x.com/BANKBRI_ID/status/1498639296143958016","1355939492","BANKBRI_ID"
"1863478744553533803","Mon Dec 02 07:02:09 +0000 2024","3","View Saham #ADRO #BBCA #BBRI #BMRI #BBNI #GEMS #IPCC #NICL #PANI #POWR #TSPC #UNVR #UNTR Crypto #BTC #ETH #SOL #DOGE #HBAR #BRETT #SHIB #XRP. #CTASaham #saham #idx #Fear&amp;greed #CTAGoldCrypto #Dividen #altseason #trading #tradingsaham #investorsaham #investor #tradersaham #crypto https://t.co/yNEbBJg9QR","1863478744553533803","https://pbs.twimg.com/media/GdxoCmtbcAAERw8.jpg","","en","Jakarta - Bandung - Bali","0","2","0","https://x.com/andri_zakarias/status/1863478744553533803","85741863","andri_zakarias"
"1763548450946511087","Fri Mar 01 12:54:50 +0000 2024","88","BRI menggelar RUPST 2024. Kali ini BRI membagikan Rp48 10 triliun atau dividen per saham sebesar Rp319 setara dengan dividend payout ratio kurang lebih 80 04% dari laba atribusi. Dividen yang dibagikan BRI mengalami peningkatan 10 59% dibanding nominal yang dibayarkan tahun https://t.co/DL7kf5SIyI","1763548450946511087","https://pbs.twimg.com/amplify_video_thumb/1763548306142359552/img/u7SLl7HgZl_K2yDs.jpg","","in","Jl Jend Sudirman 44-46 Jakarta","0","56","3","https://x.com/BANKBRI_ID/status/1763548450946511087","1355939492","BANKBRI_ID"
"1771850024671916339","Sun Mar 24 10:42:19 +0000 2024","2","Prospek IHSG ASII BBRI BREN BDMN &amp; Astrocycle CTASaham #ctasaham #saham #idx #ihsg #lq45 #netbuyasing #investorasing #asii #bbri #bren #bdmn #dividen #tradingsaham #vvipctasaham #rekomendasisaham #analisateknikal #astrocyclectasaham #workshopctasaham #bisnisnews #investordaily https://t.co/ncEnry6WFU","1771850024671916339","https://pbs.twimg.com/media/GJbgM3jbcAAYYTV.jpg","","in","Jakarta - Bandung - Bali","0","0","0","https://x.com/andri_zakarias/status/1771850024671916339","85741863","andri_zakarias"
"1803990165171638747","Fri Jun 21 03:15:46 +0000 2024","3","Setelah sekian lama ga dikasih beli cicil akhirnya buy lagi $BBRI Sesuai target analisa teknikal jangka panjang BBRI mulai menarik karena sudah ada di area demand (kotak ungu) beli cicil aja Dividen rata2 sudah naik di 7.5% Kalo dapet harga 4000 masuk 50% All in klo 3500 https://t.co/7SLLBM9lpH","1803990165171638747","https://pbs.twimg.com/media/GQkO6D_bQAARAtq.jpg","","in","Semarang - Jakarta","0","1","0","https://x.com/favophs/status/1803990165171638747","385323371","favophs"
"1868653330060513365","Mon Dec 16 13:44:06 +0000 2024","0","Tjakep match harga bawah maacih Dividen interimnya BBRI. ️ https://t.co/6eQJa07h9l","1868653330060513365","https://pbs.twimg.com/media/Ge7KS_Zb0AAw6eU.jpg","","in","DKI Jakarta, Indonesia","0","0","0","https://x.com/lovemendoan/status/1868653330060513365","1742028488927072257","lovemendoan"
"1187281115481964544","Thu Oct 24 08:14:11 +0000 2019","491","The Navratna PSU Bharat Electronics Limited s CMD presented a Dividend Cheque of Rs 231.69 crores to Raksha Mantri Shri @rajnathsingh in New Delhi today. BEL has registered a YoY growth of 17 percent in 2018-19 and also recorded Rs 1927 crores as Profit After Tax (PAT).@cmdbel https://t.co/PMFgdv8FiM","1187281115481964544","https://pbs.twimg.com/media/EHoR2P7U4AA0W_q.jpg","","en","South Block, New Delhi","3","13","53","https://x.com/DefenceMinIndia/status/1187281115481964544","904959738756177920","DefenceMinIndia"
"1835532889808609442","Mon Sep 16 04:15:18 +0000 2024","0"," Wdyt jual emas batangan terus dipake beli saham BBRI?? Btw punya saran saham yang suka bagi-bagi dividen gakk? TIA","1835532889808609442","","","in","Indonesia","0","4","0","https://x.com/tanyakanrl/status/1835532889808609442","1331650559518990336","tanyakanrl"
"1849611857180622915","Fri Oct 25 00:40:05 +0000 2024","0","Siap-Siap! 5 Emiten Ini Tebar Dividen Ada BBRI Hingga UNVR https://t.co/mY8Va3pRbJ","1849611857180622915","","","in","Jakarta Capital Region","0","0","0","https://x.com/cnbcindonesia/status/1849611857180622915","847372542830444544","cnbcindonesia"
"1868501948456120571","Mon Dec 16 03:42:34 +0000 2024","0","Gede juga ya dividen interimnya bbri.. gak sia² ngumpulin lot demi lot https://t.co/BWvaPwozLC","1868501948456120571","https://pbs.twimg.com/media/Ge5AnsaaIAAFkf1.jpg","","in","Kediri, Jawa Timur","0","1","0","https://x.com/pdhnr17/status/1868501948456120571","264575400","pdhnr17"
"1846924125320974450","Thu Oct 17 14:40:00 +0000 2024","248","$DBR @deBridgeFinance is now available on #CandyBomb. Trade to grab a share of 1 400 000 DBR. Join now: https://t.co/hFoqDzkhdr https://t.co/lfLRAJzCnl","1846924125320974450","https://pbs.twimg.com/media/GaGQPfJb0AE7XO2.jpg","","en","Global","1","72","109","https://x.com/bitgetglobal/status/1846924125320974450","1098881129057112064","bitgetglobal"
"1730522339115491381","Fri Dec 01 09:40:51 +0000 2023","317"," @DerifyProtocol announced a partnership with @bitgertbrise $BRISE! Derify Protocol a decentralized perpetual contracts exchange that mining through holding positions #Bitgert a blockchain ecosystem that redefines speed security &amp; scalability #Brise #Crypto #BSC #BNBswap https://t.co/DY40fitTBL","1730522339115491381","https://pbs.twimg.com/media/GAQM4oDXkAAT1UT.jpg","","en","","0","38","153","https://x.com/BNBSwap/status/1730522339115491381","1300649161025400832","BNBSwap"
"1544775560597053441","Wed Jul 06 20:09:28 +0000 2022","215","#GME STOCK SPLIT HAS BEEN ANNOUNCED! 4 TO 1 SPLIT CONFIRMED! LFG #GME ‍️","1544775560597053441","","","en","United States","2","6","32","https://x.com/bstrat515/status/1544775560597053441","1376931407289856003","bstrat515"
"1833024584284778667","Mon Sep 09 06:08:11 +0000 2024","0","View IHSG 8.000 Dividen HeatMap JP Morgan State Street Suku Bunga BI jelang data Inflasi AS (11 Sept). #ctasaham #saham #idx #ihsg #BBCA #BMRI #BBRI #BREN #TPIA #JPMorgan #Statestreet #bankindonesia #thefed #sukubunga #heatmap #dividen #tradingsaham #tradersaham https://t.co/pKSLJ4m36v","1833024584284778667","https://pbs.twimg.com/media/GXA2JLgacAAytZd.jpg","","in","Jakarta - Bandung - Bali","0","0","0","https://x.com/andri_zakarias/status/1833024584284778667","85741863","andri_zakarias"
"1846823966012539339","Thu Oct 17 08:02:00 +0000 2024","338","$DBR by @deBridgeFdn/@deBridgeFinance is now live on Jupiter! Trade Now: https://t.co/RzcLYgOVr3 CA: DBR (DBRiDgJAMsM95moTzJs7M9LnkGErpbv9v6CUR1DXnUu5) Pool Price: $0.03 ($300M FDV) Website: https://t.co/uV0AULSfuE","1846823966012539339","","","en","Universe","5","34","39","https://x.com/JupiterExchange/status/1846823966012539339","1446489618208067586","JupiterExchange"
"1583409968652627968","Fri Oct 21 10:48:49 +0000 2022","2062","Vorschlag: Wir teilen das Land einfach auf. Die #Degrowth-Fraktion kann dann ihren Lebenstraum von Armut unterm Windrad leben und der Rest hat seine Ruhe.","1583409968652627968","","","de","Das Böse ist immer und überall","9","122","203","https://x.com/drbrandner/status/1583409968652627968","755295797986652160","drbrandner"
"1871027075731370290","Mon Dec 23 02:56:31 +0000 2024","127","Shm! $BBRI dapet dividen interimn 324k https://t.co/5df1FGew5V","1871027075731370290","","","in","Sukses Finansial","7","15","11","https://x.com/Saham_fess/status/1871027075731370290","1336580251493646343","Saham_fess"
"1868511095117484415","Mon Dec 16 04:18:54 +0000 2024","0","Dividen Interim BRI (BBRI) Melonjak Drastis https://t.co/hoPpQWAnPM via @InvestorID","1868511095117484415","","","in","Jakarta, Indonesia","0","0","0","https://x.com/InvestorID/status/1868511095117484415","238091066","InvestorID"
"1868511776599617861","Mon Dec 16 04:21:37 +0000 2024","57","$BBRI bagi dividen interim Rp 135 per lembar harga saham 4260 YIeld dividen 3 16 % catat tanggal nya https://t.co/Kn94ADSeys","1868511776599617861","https://pbs.twimg.com/media/Ge5JSC5bQAAreVh.png","","in","jakarta selatan","5","8","8","https://x.com/saptaipb/status/1868511776599617861","1634788663","saptaipb"
"1868586376465408500","Mon Dec 16 09:18:03 +0000 2024","0","Saham big bank tumbang (sebenarnya cuma 3 bank BUMN aja sih kalau $BBCA masih sideways disitu-situ aja) saham big bank yang tumbang terutama BUMN (kecuali $BBRI yang baru bagi dividen interim oke) karena kinerja mereka ternyata emang gak gitu oke di 2024. https://t.co/eNo73PSqCa","1868586376465408500","https://pbs.twimg.com/tweet_video_thumb/Ge6NZfrbsAABLVM.jpg","","in","Indonesia","0","1","0","https://x.com/Mikirduitcom/status/1868586376465408500","1637433701247377410","Mikirduitcom"
"1775627147651997892","Wed Apr 03 20:51:16 +0000 2024","213","Day 36 of drawing Split everyday Split and... Bive? #Regretevator #regretevatorfanart #regretevatorsplit https://t.co/ug0FxTqmez","1775627147651997892","https://pbs.twimg.com/media/GKRLeh-WIAAVCLe.jpg","","en","1 admin","0","0","25","https://x.com/DailySplit/status/1775627147651997892","1651650983628541952","DailySplit"
"1612740594077401090","Tue Jan 10 09:18:15 +0000 2023","1494","WE GOT!! DYABLE!!! BRICKS!!!! its the back of the hannish bookshelf partition!!!!! https://t.co/zXpweQQtSx","1612740594077401090","https://pbs.twimg.com/media/FmGa7TdXwAEDBZZ.jpg","","en","Germany","20","14","409","https://x.com/DividusYliaster/status/1612740594077401090","1294926181","DividusYliaster"
"1103747230312423424","Thu Mar 07 20:00:20 +0000 2019","423","Abberate the first single off my new EP titled Divide is out now on @GudVibrations https://t.co/7wxIopWP0t ig : https://t.co/HXcYI1V40t https://t.co/JrLaY791rJ","1103747230312423424","https://pbs.twimg.com/ext_tw_video_thumb/1103746827936063488/pu/img/RHTnPnEmn28KJnNd.jpg","","en","Southend, England","13","23","72","https://x.com/shadient/status/1103747230312423424","4816259775","shadient"
"1754522174013010149","Mon Feb 05 15:07:38 +0000 2024","360","బూట్లు నాకడంలో బిజీ ఉన్నోడికి విభజన చట్టం.. బిల్లు గురించి ఎట్లా తెలుస్తది! @BRSHarish https://t.co/Yz2C7qKxm9","1754522174013010149","https://pbs.twimg.com/amplify_video_thumb/1754522095172694016/img/cxe009No4p2cWH4Q.jpg","","te","Hounslow, London","0","4","60","https://x.com/NKB_BRS/status/1754522174013010149","955139551311351812","NKB_BRS"
"1612063591364202497","Sun Jan 08 12:28:05 +0000 2023","971","DONT WORRY GUYS. BBB ARE IN SEATING SECTION WHILE PONDIE OPPAR ON STANDING SECTION. YES THEY'RE SEPARATED (for now) #BibleBuild https://t.co/cGYSE6DlVh","1612063591364202497","https://pbs.twimg.com/media/Fl8zSQhagAA34w5.jpg","","en","Thailand","31","8","192","https://x.com/blebiuokami/status/1612063591364202497","1634828910","blebiuokami"
"1873059972986356059","Sat Dec 28 17:34:31 +0000 2024","0","Meratapi floating loss $BBRI sambil menunggu dividen interim dan final https://t.co/smCH4E9cH1","1873059972986356059","https://pbs.twimg.com/media/Gf5x2vXbcAAURZS.jpg","","in","","0","0","0","https://x.com/Leolin175/status/1873059972986356059","1801149076244959232","Leolin175"
"1802041877064999024","Sat Jun 15 18:13:58 +0000 2024","542","How competent is BMC? A (damaged) divider blocking half of Zebra Crossing This is at Marine Drive (Next to Pizza By The Bay) Imagine how bad they can treat suburbs if this is the case with SoBo! #PrivatiseBMC https://t.co/12WSEOf4pI","1802041877064999024","https://pbs.twimg.com/media/GQIjU0KXMAA54SN.jpg","","en","Mumbai, India","8","67","103","https://x.com/RoadsOfMumbai/status/1802041877064999024","4774969895","RoadsOfMumbai"
"1738525491794207134","Sat Dec 23 11:42:32 +0000 2023","454","Ni bukan social anxiety. Ni bodo dik. Tunggu jan baru boleh keluar. Asb dividen ni announce setahun sekali ie bulan dec. And dividen boleh ambik jan. Thru apps or dekat bank. So kalau bulan depan dividen dapat sikit start la bayar loan tu dulu. Tunggu jan 2025 dpt full dividen https://t.co/tA2NcWog7h","1738525491794207134","https://pbs.twimg.com/media/GCB7t8JaIAA-_6j.jpg","","in","","31","40","111","https://x.com/meinmokhtar/status/1738525491794207134","468432710","meinmokhtar"
"1800132402075033639","Mon Jun 10 11:46:24 +0000 2024","233","En daar gaan de volgende afsplitsers van #BBB: twee stuks in Overijssel. https://t.co/HswTSjcTR5","1800132402075033639","","","nl","Waar de politiek is","6","43","53","https://x.com/ChrisAalberts/status/1800132402075033639","19158925","ChrisAalberts"
"1775905262580437204","Thu Apr 04 15:16:23 +0000 2024","0","Gada thr kerjaan tapi dpt Dividen Bbca Bmri bbri mayan buat jajan cilok https://t.co/nIItGxzhvY","1775905262580437204","https://pbs.twimg.com/media/GKVIbG8b0AEf-Ft.jpg","","in","❤️🧡🤍🩷💜","0","0","0","https://x.com/seola_soul/status/1775905262580437204","1383420524831805447","seola_soul"
"1741944209308053984","Mon Jan 01 22:07:17 +0000 2024","811","BPL Split 2 has arrived! ️ Our roadmap for the coming month ⤵️ https://t.co/sQ8316FGSY","1741944209308053984","https://pbs.twimg.com/media/GCyhBpmagAAVb7x.jpg","","en","Black Ops 6","6","20","55","https://x.com/GGBreakingPoint/status/1741944209308053984","1311174125025718272","GGBreakingPoint"
"1590848056479694848","Thu Nov 10 23:25:07 +0000 2022","197","The final few remain of our limited transparent green Divisive vinyl. Order yours now ️ https://t.co/YGzysWyVW1 https://t.co/KPhnUWFV9i","1590848056479694848","https://pbs.twimg.com/media/FhPTmavWAAE03XO.jpg","","en","Chicago, IL","0","3","24","https://x.com/Disturbed/status/1590848056479694848","133860889","Disturbed"
"1785145202388431323","Tue Apr 30 03:12:37 +0000 2024","22","shm! Maaf newbie here mau tanya dividen bbri atau bbca itu per berapa bulan ya? Atau ada tanggal exact nya terimakasih temen2 yg mau jawab","1785145202388431323","","","in","Sukses Finansial","2","9","4","https://x.com/Saham_fess/status/1785145202388431323","1336580251493646343","Saham_fess"
"1598711086550654976","Fri Dec 02 16:10:00 +0000 2022","1698","CONFIRMADO: SPLIT VAI VOLTAR! Bind e Breeze vão tomar um ar e estarão fora temporariamente. Leia mais aqui https://t.co/jwTTVy7Csq https://t.co/HrzhFHCKWN","1598711086550654976","https://pbs.twimg.com/media/Fi-0m4QXEAAjhju.jpg","","pt","","529","221","85","https://x.com/VALORANTBrasil/status/1598711086550654976","1232381893108211712","VALORANTBrasil"
"1868574637258584104","Mon Dec 16 08:31:24 +0000 2024","0","makin-makin ekonomi kita.. porto gw mau gak mau hold dulu nunggu dpt bbri dividen harga balik ke gw beli abis tu cabut https://t.co/U3rfBnDC7f","1868574637258584104","https://pbs.twimg.com/media/Ge6Cud7b0AAjJxC.jpg","","in","Indonesia","0","1","0","https://x.com/palpleo/status/1868574637258584104","1397953686316347393","palpleo"
"1357759212202455047","Fri Feb 05 18:33:16 +0000 2021","736","Joe Biden is the divider in chief -- he's done more to divide America in his first few weeks than Trump did in all four of his years.","1357759212202455047","","","en","USA","6","31","181","https://x.com/ACTBrigitte/status/1357759212202455047","722528529716383744","ACTBrigitte"
"1868567579486519483","Mon Dec 16 08:03:21 +0000 2024","9","BBRI akan membagikan dividen interim Rp 135/saham. Cum date 24 Desember 2024 dan pembayaran 15 Januari 2025. https://t.co/2gA9wvS8z5","1868567579486519483","https://pbs.twimg.com/media/Ge58TQiacAEOLjG.jpg","","in","Indonesia","0","2","5","https://x.com/doktermarket/status/1868567579486519483","311312187","doktermarket"
"1810008576087466073","Sun Jul 07 17:50:47 +0000 2024","243","More proof BBBY is a 368 A1D Divisive Reorganisation. With TWO PLANS: a Liquidation Plan and separate Reorganisation Plan by which several affiliated entities carve out the assets among themselves. This type of reorganisation isn t possible without making shareholders whole.","1810008576087466073","","","en","Tomorrow","1","13","43","https://x.com/SearsReloaded/status/1810008576087466073","1705320054240190464","SearsReloaded"
"1404851261363662850","Tue Jun 15 17:20:16 +0000 2021","507","Splitting is on another level of scary. You re feeling all happy with your partner/favorite person one moment and bam they do something to trigger you and then you feel like you can t be with them anymore","1404851261363662850","","","en","England, United Kingdom","17","4","130","https://x.com/bp_dbitch/status/1404851261363662850","1335262175376650240","bp_dbitch"
"1775344779687080135","Wed Apr 03 02:09:14 +0000 2024","2485"," SPLIT... Yes Bivey? I don't know if i Can survive this digital circus alone Me neither... ITS JUST SO SCARY WITHOUT YOU.. https://t.co/91cHX0WP6Z","1775344779687080135","https://pbs.twimg.com/media/GKNKq0XWUAEZWTu.jpg","","en","Splitsville | she/he MINOR","13","33","508","https://x.com/SPLITSVILEJOKES/status/1775344779687080135","1536145438855860226","SPLITSVILEJOKES"
"1823930130512929194","Thu Aug 15 03:50:04 +0000 2024","195","setoran dividen bri kepada negara di tahun 2023 tercatat sebesar 23 2 triliun maka perusahaan bumn bisa memiliki modal untuk menciptakan social value sehingga ekonomi akan berputar lebih pesat #BRIuntukNegeri klik link lengkapnya disini https://t.co/cNVlMIidOv https://t.co/jXbBbHhcNV","1823930130512929194","https://pbs.twimg.com/media/GU_myB5a4AEfrAv.jpg","","in","","0","269","245","https://x.com/rindubeneran/status/1823930130512929194","1038942409","rindubeneran"
"1792239188777247013","Sun May 19 17:01:35 +0000 2024","0","pembagian dividen bbri","1792239188777247013","","","in","yoon's","0","0","0","https://x.com/ochizic/status/1792239188777247013","1333802592627900420","ochizic"
"1767753220770889902","Wed Mar 13 03:23:05 +0000 2024","0","Saham BBRI Cetak Rekor di Detik Terakhir Hak Perolehan Dividen https://t.co/29EQKrD1lP","1767753220770889902","","","in","Jakarta","0","0","0","https://x.com/BloombergTZ/status/1767753220770889902","1582972008479920129","BloombergTZ"
"1871536175103746118","Tue Dec 24 12:39:30 +0000 2024","8","Tahun depan gw nyambi trading forex keknya. Buat nabung saham tahun ini udh cukup keknya mayan dividen 1x UMR Jogja. Plan trading tahun depan. Dah masuk IPO #RATU $CBDK #HGII gajian masuk #KSIX - Nyicil avg down saham BBRI smpe maret bagi dividen utama","1871536175103746118","","","in","","0","1","0","https://x.com/asuma471/status/1871536175103746118","1506476051697848326","asuma471"
"1601861563778215936","Sun Dec 11 08:48:52 +0000 2022","204","3 years @dividedfor anniversary giveaway ୭̥⋆*｡ RM40 credit (expires in 6 months) 4 winners randomly selected follow us rt this tweet tag 2 friends! ️ ends on 31/12/2022 bonus: fill out the feedback form or drop us a hello ^^ https://t.co/UcIw4gtxPn https://t.co/pc86i5HUL5","1601861563778215936","https://pbs.twimg.com/media/Fjr0mRiaYAA3jRo.jpg","","en","ongoing GO/extra → masterlist","5","98","181","https://x.com/dividedfor/status/1601861563778215936","1213847300922986498","dividedfor"
"1482050687101984772","Fri Jan 14 18:03:13 +0000 2022","890","Americans are not divided a significant majority want the Democrats to fuck off .","1482050687101984772","","","en","","4","12","95","https://x.com/Brick_House04/status/1482050687101984772","2751081982","Brick_House04"
"1478727276288262147","Wed Jan 05 13:57:10 +0000 2022","329","BTCS INC - ANNOUNCED FIRST-EVER DIVIDEND PAYABLE IN BITCOIN BY A NASDAQ-LISTED COMPANY WHICH COMPANY REFERS TO AS A BIVIDEND BTCS INC - INTENDS TO PAY $0.05 PER SHARE IN BITCOIN BASED ON BITCOIN PRICE ON EX-DIVIDEND DATE BTCS INC - INVESTORS WHO DO NOT ELECT TO RECEIVE B ","1478727276288262147","","","en","","32","15","37","https://x.com/tier10k/status/1478727276288262147","2361601055","tier10k"
"1868964461228486739","Tue Dec 17 10:20:25 +0000 2024","75","shm! ADRO bagi dividen lagi yielf interimnya lebih gede dari $BBRI","1868964461228486739","","","in","Sukses Finansial","3","14","6","https://x.com/Saham_fess/status/1868964461228486739","1336580251493646343","Saham_fess"
"1819172562477502616","Fri Aug 02 00:45:12 +0000 2024","3","Pagi. Semalam indeks bursa AS melemah setelah pengumuman data lapangan kerja yang lemah. Dow -1 2% SP -1 37% dan Nasdaq -2 3%. Kemarin IHSG menguat 0 97% ke 7325 dipimpin saham BMRI (+5 5%) BBRI (+1 7%) dan BBCA (+1%). Hari ini cum date dividen interim AKRA (Rp 50).","1819172562477502616","","","in","Indonesia","0","0","1","https://x.com/doktermarket/status/1819172562477502616","311312187","doktermarket"
"1773205140809433384","Thu Mar 28 04:27:04 +0000 2024","0","Dividen BBRI beliin ASII aja deh","1773205140809433384","","","in","masih di tempat yang sama","0","0","0","https://x.com/Roxcka/status/1773205140809433384","1210666630553862144","Roxcka"
"1868900182106292357","Tue Dec 17 06:05:00 +0000 2024","0","PT Bank Rakyat Indonesia (Persero) Tbk (BBRI) akan membagikan #dividen tunai interim untuk tahun buku 2024 sebesar Rp135 per #saham. BBRI pada kuartal III tahun 2024 mencatatkan Laba yang Dapat Diatribusikan Kepada Pemilik Entitas Induk sebesar Rp45.064.752.870.815. #BEI #IDX https://t.co/1et2yYw6L8","1868900182106292357","https://pbs.twimg.com/media/Ge8RvhGbwAAOVc2.jpg","","in","","0","0","0","https://x.com/LumbungSaham/status/1868900182106292357","1079319056761507840","LumbungSaham"
"1285310504551043079","Mon Jul 20 20:27:58 +0000 2020","252","Gg @natusvincere we won we played better as a team today we need to fix some little issues. I can't hit heads since 2-3 weeks but we won that's all matter ! 7-5 ! We finished 2nd of this first split feelsgood ! Also thanks for the support during the first split &lt;3 #BDSPOWER","1285310504551043079","","","en","Paris, France","0","10","10","https://x.com/BriDR6S/status/1285310504551043079","584093418","BriDR6S"
"1853029386724770140","Sun Nov 03 11:00:08 +0000 2024","232","Para quienes dicen que no es momento de dividir a la población: Quienes dividieron fueron los que sabían la que se les venía encima pero solo mandaron a casa a sus trabajadores mientras ponían en riesgo la vida de los demás ciudadanos al no alertarles. Eso es dividir. https://t.co/QcWuoThzXG","1853029386724770140","https://pbs.twimg.com/media/GbdIZsNacAA9dSR.jpg","","es","Bilbao, España ","2","6","98","https://x.com/CristianBilba12/status/1853029386724770140","1250662636330639361","CristianBilba12"
"1511680879663362049","Wed Apr 06 12:23:02 +0000 2022","187"," Divisoria 36 x 36 Acrylic on Canvas 2022 #artph https://t.co/bMHKvcI36d","1511680879663362049","https://pbs.twimg.com/media/FPqRvSvUYAIJe8n.jpg","","en","","0","3","38","https://x.com/dyemosaurus/status/1511680879663362049","1058924449821450242","dyemosaurus"
"1605793963549413376","Thu Dec 22 05:14:49 +0000 2022","229","[TERKINI] PNB umum dividen 4.60 sen seunit untuk ASB dengan jumlah pembayaran agihan pendapatan RM8.9 bln kepada 10.6 juta pemegang unit https://t.co/PrT3zzsstP","1605793963549413376","https://pbs.twimg.com/media/FkjtFHyVsAAWma7.jpg","","in","Kuala Lumpur, Malaysia","29","7","333","https://x.com/bernamadotcom/status/1605793963549413376","106669711","bernamadotcom"
"1869706314194227590","Thu Dec 19 11:28:20 +0000 2024","5","Bagaimana bila mau membagikan Laba 2024 di tahun 2024? Bisa tapi Lap Keuangan yang digunakan biasanya yang Juni atau September. Karena full year baru tahun depan Dividen yang tahun pembagian dan labanya sama disebut Dividen Interim BBCA dan BBRI sering bagi Dividen Interim","1869706326449979467","","Rudiyanto_zh","in","Indonesia","0","1","1","https://x.com/Rudiyanto_zh/status/1869706326449979467","574453228","Rudiyanto_zh"
"1466620926322114562","Fri Dec 03 04:11:44 +0000 2021","535","@revie_03 And of course thank you Divide for all your hard work you will be missed my heart goes to they're family and the team. Rest in peace. https://t.co/ofyjraYikI","1466621147735232514","https://pbs.twimg.com/media/FFp8Jz6VUAMb2Tj.jpg","Syrolander","en","Home","1","20","96","https://x.com/Syrolander/status/1466621147735232514","1325320290000252929","Syrolander"
"1855816347537522809","Mon Nov 11 03:34:31 +0000 2024","5596","bro. the diopter. they fucking split it bro","1855816347537522809","","","en","25 she/it/fae","9","13","458","https://x.com/rosebudlight/status/1855816347537522809","1573266518","rosebudlight"
"1315992630417793024","Tue Oct 13 12:27:47 +0000 2020","1300","Bharat Dynamics Limited (BDL) a Hyderabad based Defence Public Sector Undertaking has paid final dividend of Rs. 35.018 Crore to the Government of India. BDL Chairman and MD presented the cheque for Rs. 35.018 Crore to Raksha Mantri as final dividend payout for FY 2019-20. https://t.co/p6Ff4GRyyz","1315992630417793024","https://pbs.twimg.com/media/EkNYUSCVgAEG9s6.jpg","","en","South Block, New Delhi","2","13","174","https://x.com/DefenceMinIndia/status/1315992630417793024","904959738756177920","DefenceMinIndia"
"1865571237516230921","Sun Dec 08 01:36:58 +0000 2024","973","Razor thin @BryanBattle10 gets the split decision victory #UFC310 https://t.co/GOw9UnFkWV","1865571237516230921","https://pbs.twimg.com/media/GePXHj9XUAAR4dD.jpg","","en","Worldwide","19","152","69","https://x.com/ufc/status/1865571237516230921","6446742","ufc"
"1865570697218789380","Sun Dec 08 01:34:49 +0000 2024","3160","Bryan Battle takes a split decision win #UFC310 https://t.co/XaJQ6wiq2P","1865570697218789380","https://pbs.twimg.com/media/GePWqSKbQAAqrWb.jpg","","en","","10","133","19","https://x.com/SpinninBackfist/status/1865570697218789380","1196915256456597505","SpinninBackfist"
"1729737865263825217","Wed Nov 29 05:43:38 +0000 2023","654","BPCL DELCARES DIVIDNED OF INR 21 PER SHARE #BIGBREAKING","1729737865263825217","","","en","India","3","9","27","https://x.com/REDBOXINDIA/status/1729737865263825217","1092883822473924608","REDBOXINDIA"
"1430807925413486593","Thu Aug 26 08:22:47 +0000 2021","224","VIC - Case Regional / Metro split 26th August 2021 #COVID19Vic https://t.co/itOgQ6u98l","1430807925413486593","https://pbs.twimg.com/media/E9tADFyUUAMG-mW.png","","ro","","19","22","35","https://x.com/dbRaevn/status/1430807925413486593","412184524","dbRaevn"
"1251592582003654658","Sat Apr 18 19:24:59 +0000 2020","1366","Qué puta vergüenza! Mientras el BCE pide a los bancos NO REPATIR DIVIDENDOS para poder absorber deudas y ofrecer créditos la rescatada Bankia se reparte 355 Millones de dividendos. Quien controla el 62% de su accionariado? El gobierno a través del FROB https://t.co/9QHGWSlJCV","1251592582003654658","","","es","","30","59","1141","https://x.com/RaholaOficial/status/1251592582003654658","964605500","RaholaOficial"
"1189794566037262336","Thu Oct 31 06:41:44 +0000 2019","142","JUST OUT! Why splitting the Leave vote is a two way street and how it can be avoided my perspective for @BrexitCentral https://t.co/L3JkV3Bq7A","1189794566037262336","","","en","United Kingdom of GB & NI","7","12","91","https://x.com/TheBluetrot/status/1189794566037262336","620893984","TheBluetrot"
"1130371113635205120","Mon May 20 07:14:09 +0000 2019","233","India is divided between the Bhakt and Kambhakt.","1130371113635205120","","","de","India ","2","4","48","https://x.com/PrinceArihan/status/1130371113635205120","1890327224","PrinceArihan"
"1805993716601012603","Wed Jun 26 16:03:22 +0000 2024","1578","@ShadowofEzra Of course Barack Obama is the Divider In Chief ","1805995279046336720","","ShadowofEzra","en","Satoshi Heights","13","37","380","https://x.com/DeepBlueCrypto/status/1805995279046336720","44628092","DeepBlueCrypto"
"1470364122189598720","Mon Dec 13 12:04:59 +0000 2021","192","Bristol-Myers Squibb hikes dividend by 10.2 percent. $BMY","1470364122189598720","","","en","USA","13","9","33","https://x.com/dividendhike/status/1470364122189598720","2723696479","dividendhike"
"1737500848312266907","Wed Dec 20 15:50:58 +0000 2023","348","Finally justice for Brianna Ghey - what a terrible waste. What kind of unimaginable terror must that poor girl have felt in her last moments? Girl X and Boy Y were callous bigoted &amp; lied to try to get away with pre-meditated murder. They should be named and put away for life. https://t.co/yuUs6uQUnW","1737500848312266907","https://pbs.twimg.com/media/GBzXDm0W8AEZ0Ta.jpg","","en","Doncaster, UK","3","23","33","https://x.com/divisionorderuk/status/1737500848312266907","799720355837464582","divisionorderuk"
"1761057816964407302","Fri Feb 23 15:57:57 +0000 2024","221","️ KOI SE LLEVA EL BIND Split será el Mapa 2 su pick. Os recuerdo que BBL ganó a NAVI este Bind por 13-8 https://t.co/ePsZGBm49z","1761057816964407302","https://pbs.twimg.com/media/GHCIplOXsAAK4Y0.png","","es","León, España","0","1","3","https://x.com/JotaFlx/status/1761057816964407302","312017542","JotaFlx"
"1763460751820242976","Fri Mar 01 07:06:21 +0000 2024","361","Remember: divisive is when you win more votes than all the major parties combined. (This stuff was written before the result was announced and based on the presumption of it being close). https://t.co/LY6tdXgqA0","1763460751820242976","https://pbs.twimg.com/media/GHkSM-PXMAAphT7.jpg","","en","South coast, England","0","22","64","https://x.com/AaronBastani/status/1763460751820242976","63082578","AaronBastani"
"1405803351401394180","Fri Jun 18 08:23:32 +0000 2021","654","Bengal will NEVER be DIVIDED! Shameful comments from @johnbarlabjp. Trying to rip Bengal apart simply because you couldn't find place in our people's hearts is a sorry attempt. #BengalStandsUnited https://t.co/rWRDiJMNvZ","1405803351401394180","","","en","West Bengal, India","37","78","188","https://x.com/ItsYourDev/status/1405803351401394180","2934996163","ItsYourDev"
"1099267926295801856","Sat Feb 23 11:21:11 +0000 2019","154","Andrew Bridgen calls for Anna Soubry and other Tory defectors to face by-elections in their constituencies for their hypocrisy in campaigning for a second Brexit referendum. @mattfrei | #TorySplit https://t.co/jTLyYVyNDL","1099267926295801856","","","en","United Kingdom","5","60","63","https://x.com/LBC/status/1099267926295801856","20973388","LBC"
"1767365855866970537","Tue Mar 12 01:43:50 +0000 2024","2","Pada pekan ini bank BRI &amp; BNI akan membagikan dividen tunai. #ctasaham #chartctasaham #saham #ihsg #analisateknikal #dividen #bank #bbri #bbca #bmri #bbni #bbtn #bumn #finance #yuktradingsaham #belajarsaham #belajartrading #tradingsaham #investasisaham #Rekomendasisaham https://t.co/zllMMxTIRj","1767365855866970537","https://pbs.twimg.com/media/GIbx4Jha4AIz0dK.jpg","","in","Jakarta - Bandung - Bali","0","0","0","https://x.com/andri_zakarias/status/1767365855866970537","85741863","andri_zakarias"
"1863345198811496664","Sun Dec 01 22:11:29 +0000 2024","0","BERITA POPULER: Prediksi Besaran Dividen United Tractor (UNTR) hingga Saham BRI (BBRI) Lagi Murah https://t.co/nAZHhiBtqt","1863345198811496664","","","in","Jakarta, Indonesia","0","0","0","https://x.com/InvestorID/status/1863345198811496664","238091066","InvestorID"
"1848347577751888019","Mon Oct 21 12:56:17 +0000 2024","1","Kita juga bisa kok dapat passive income 30jt/bulan dari dividen. Cukup invest di BBRI 6miliaran. https://t.co/hc6mKXwOK0","1848347577751888019","https://pbs.twimg.com/media/GaamUrMaMAAzkqB.jpg","","in","Ur heart","0","1","0","https://x.com/xariawn/status/1848347577751888019","1142846898971090956","xariawn"
"1773257857909055629","Thu Mar 28 07:56:33 +0000 2024","0","so happy dividen BBRI cair walaupun masih receh tp jd semangat buat lebih rajin invest","1773257857909055629","","","in","","0","2","0","https://x.com/cacicuu___/status/1773257857909055629","1251859026016481280","cacicuu___"
"1869368031966822505","Wed Dec 18 13:04:04 +0000 2024","162","Padahal $BBRI baru aja ada kabar baik bagi2 dividen eh udah ada kabar lain aja shm! https://t.co/pqU4uB9jWH","1869368031966822505","","","in","Sukses Finansial","16","49","17","https://x.com/Saham_fess/status/1869368031966822505","1336580251493646343","Saham_fess"
"1437333657853693952","Mon Sep 13 08:33:43 +0000 2021","185","BPCL in focus -Goes ex divided on Sep 16th -Last day to buy the stock to be eligible for dividend is Sep 15th -Company declared final dividend of Rs58 ( Rs.23 plus Rs.35 special dividend) for FY21 #stock #StockMarket #Nifty #BPCL","1437333657853693952","","","en","Mumbai","0","7","17","https://x.com/EnSaluja/status/1437333657853693952","84845359","EnSaluja"
"1203399533620842501","Sat Dec 07 19:43:01 +0000 2019","342","Britain is divided because Remainers refused to accept the referendum result in 2016 and have worked against it ever since. It is time to deliver a pro-Brexit majority leave the EU as one United Kingdom and unite our country around a great global future.","1203399533620842501","","","en","London UK","6","13","134","https://x.com/BrugesGroup/status/1203399533620842501","253982809","BrugesGroup"
"1766407809569260022","Sat Mar 09 10:16:54 +0000 2024","2","IHSG sepekan ini mencetak rekor tertinggi baru hari Jumat 8 Maret di 7.416 43 meski di tutup di 7.381 90. #ctasaham #chartctasaham #IDX #saham #IHSG #dividen #BBCA #BBRI #BBNI #MAYA #MSKY #TINS #finance #belajarsaham #workshopctasaham #trading #tradingsaham #rekomendasisaham https://t.co/gLdRDTfryL","1766407809569260022","https://pbs.twimg.com/media/GIOKhpAbAAASMIa.jpg","","in","Jakarta - Bandung - Bali","0","0","0","https://x.com/andri_zakarias/status/1766407809569260022","85741863","andri_zakarias"
"1773204797685928263","Thu Mar 28 04:25:42 +0000 2024","0","Pagi2 dapet dividen dari BBRI. Ya mayan lah karena masih belajar juga dan blm seberapa","1773204797685928263","","","in","BDO-CGK","0","0","0","https://x.com/helsinkiie/status/1773204797685928263","877416542895349764","helsinkiie"
"1868884415910494219","Tue Dec 17 05:02:21 +0000 2024","0","BBRI Bagikan Dividen Interim Rp135 per Saham Ini Jadwalnya! https://t.co/DNQC40dFak","1868884415910494219","","","in","","0","0","0","https://x.com/Fortune_IDN/status/1868884415910494219","1380017096390676483","Fortune_IDN"
"1773642129958416394","Fri Mar 29 09:23:31 +0000 2024","0","Abis cutloss FREN sama PNBS tgl 25 Maret langsung dapet ganti Dividen Jumbo dari BBRI sama BMRI kemaren Gimana ga makin cinta sama nabung saham nih?! Aakkkk!!! https://t.co/B6CIkTnmcJ","1773642129958416394","https://pbs.twimg.com/media/GJ0-G_TbEAAToco.jpg","","in","In the place where I belong","0","0","0","https://x.com/JuzzyLiciouss/status/1773642129958416394","91351762","JuzzyLiciouss"
"1868570907398361144","Mon Dec 16 08:16:35 +0000 2024","0","PT Bank Rakyat Indonesia (Persero) Tbk (kode saham:BBRI) dengan bangga mengumumkan pembagian dividen interim kepada para pemegang saham sebagai bagian dari perayaan Hari Ulang Tahun (HUT) ke-129 yang jatuh pada 16 Desember 2024.Kebijakan ini menjadi wujud nyata komitmen BRI untuk https://t.co/Kr3qITLMdQ","1868570907398361144","https://pbs.twimg.com/media/Ge5_VQRbcAEhZLw.jpg","","in","","0","0","0","https://x.com/Metro_TV/status/1868570907398361144","57261519","Metro_TV"
"1847472779014123907","Sat Oct 19 03:00:09 +0000 2024","381","Cross DeBridge to new gains $DBR is now live on #BingX Perpetual and Standard Futures. @deBridgeFinance Start trading: Perpetual: https://t.co/CZMOW1g60h Standard: https://t.co/nLAIgAAM4Y https://t.co/UfyD8yGFD8","1847472779014123907","https://pbs.twimg.com/media/GaOKr1nXwAABx0j.jpg","","en"," 𝔹𝕚𝕟𝕘𝕏","2","42","64","https://x.com/BingXOfficial/status/1847472779014123907","2269758835","BingXOfficial"
"1791780260738183600","Sat May 18 10:37:58 +0000 2024","0","View Saham BBRI BREN ADRO KLBF GOTO &amp; Cuan Dividen 2024 https://t.co/s3twwTun7U https://t.co/CV0jVhHZR1 https://t.co/QP4lwUCeJD #ctasaham #saham #idx #BBRI #BREN #ADRO #KLBF #GOTO #Dividen #tradingsaham #cnbcindonesia #bisnisnews #analisateknikalBBRI #analisateknikalBREN https://t.co/59fOe43NYf","1791780260738183600","https://pbs.twimg.com/media/GN2uphKa0AAMM5O.jpg","","in","Jakarta - Bandung - Bali","0","0","0","https://x.com/andri_zakarias/status/1791780260738183600","85741863","andri_zakarias"
"1773180854140805229","Thu Mar 28 02:50:34 +0000 2024","0","Dividen BBRI sudah masuk ke saldo RDN. cc: mas @arifmuharram","1773180854140805229","","","in","kokogiovanni@gmail.com","0","1","0","https://x.com/KokoGiovanni/status/1773180854140805229","139982550","KokoGiovanni"
"1773336798493659285","Thu Mar 28 13:10:14 +0000 2024","0","Gajian + THR + Bonus kantor + Dividen $BBRI dalam satu hari. Merasa kaya hari ini... ","1773336798493659285","","","in","","0","0","0","https://x.com/rasikucing/status/1773336798493659285","1329433718575034369","rasikucing"
"1829007840851472891","Thu Aug 29 04:07:05 +0000 2024","0","Dirut BRI (BBRI) Pastikan Bagi Dividen Jumbo Lagi di 2025 https://t.co/tz0glvi2Qn","1829007840851472891","","","in","Jakarta Capital Region","0","0","0","https://x.com/idx_channel/status/1829007840851472891","4755284968","idx_channel"
"1872444985850921343","Fri Dec 27 00:50:47 +0000 2024","0","Tak Hanya BBRI &amp; ADRO Emiten Ini juga Bagi Dividen Rp 151/Saham Masuk Cum Date https://t.co/SGOnSQLOEQ via @InvestorID","1872444985850921343","","","in","Jakarta, Indonesia","0","0","0","https://x.com/InvestorID/status/1872444985850921343","238091066","InvestorID"
"1811737419982762138","Fri Jul 12 12:20:36 +0000 2024","0","Setoran Dividen BUMN Meroket BBRI hingga TLKM Masuk Daftar Teratas https://t.co/WUMiNKwyEz https://t.co/4HQ7OxsvTT","1811737419982762138","https://pbs.twimg.com/media/GSSVlR_bMAA2OBw.jpg","","in","Jakarta, Indonesia","0","1","0","https://x.com/Bisniscom/status/1811737419982762138","118646322","Bisniscom"
"1773229893678977073","Thu Mar 28 06:05:26 +0000 2024","0","payout dividen bbri ","1773229893678977073","","","in","","0","0","0","https://x.com/muhaaafif/status/1773229893678977073","852915554","muhaaafif"
"1868531566647156949","Mon Dec 16 05:40:15 +0000 2024","1","dividen interm BBRI up to 20T tapi ytd -25% https://t.co/yYMqufgXv3","1868531566647156949","https://pbs.twimg.com/media/Ge5ZJ-zbsAAufYs.png","","in","","0","0","0","https://x.com/SobatBandar/status/1868531566647156949","1409160713252179975","SobatBandar"
"1868821506685649055","Tue Dec 17 00:52:22 +0000 2024","1","BERITA POPULER: BRI (BBRI) Tebar Dividen Interim hingga Pemicu Melemahnya Saham PANI https://t.co/r5Cmx8GKtu via @InvestorID","1868821506685649055","","","in","Jakarta, Indonesia","0","0","1","https://x.com/InvestorID/status/1868821506685649055","238091066","InvestorID"
"1145045894007545856","Sat Jun 29 19:18:25 +0000 2019","371","@BorisJohnson The nation isn t divided between Brexit and Remain. It s divided between those who accept the result of the 2016 Referendum and those who don t. Democracy only works if the losers consent. Too many didn t.","1145048896575553536","","BorisJohnson","en","London, England","7","105","76","https://x.com/BelindadeLucy/status/1145048896575553536","1124345151642587136","BelindadeLucy"
"1545621760745291776","Sat Jul 09 04:11:58 +0000 2022","465","Falta que llegue la barra y varias cosas más pero acabamos de cortar e instalar este divisor y quedé enamorado. https://t.co/4XRCgFcefY","1545621760745291776","https://pbs.twimg.com/media/FXMmzJnWQAgEuOr.jpg","","es","","1","14","1","https://x.com/Lbaini/status/1545621760745291776","226216564","Lbaini"
"1812634955190792565","Sun Jul 14 23:47:05 +0000 2024","0","Lima BUMN Penyumbang Dividen Tertinggi ke Negara Ada BBRI dan Pertamina https://t.co/eN0WgrQK3p","1812634955190792565","","","in","Jakarta Capital Region","0","0","0","https://x.com/idx_channel/status/1812634955190792565","4755284968","idx_channel"
"1836348461404557443","Wed Sep 18 10:16:05 +0000 2024","0","BBRI Jadi BUMN dengan Setoran Dividen Terbesar ke Negara hingga Rp91 Triliun https://t.co/Vq8n4LmMkW","1836348461404557443","","","in","Jakarta Capital Region","0","0","0","https://x.com/idx_channel/status/1836348461404557443","4755284968","idx_channel"
"1319754706411876352","Fri Oct 23 21:36:56 +0000 2020","533",".@WWEBigE thinks New Day s split will be for the better https://t.co/pManBLFRfQ","1319754706411876352","https://pbs.twimg.com/media/ElC16KGU8AIer1Y.jpg","","en","San Francisco, Calif.","1","3","20","https://x.com/BRWrestling/status/1319754706411876352","216108231","BRWrestling"
"1830432476805902799","Mon Sep 02 02:28:04 +0000 2024","0","Miliki Permodalan Kuat Dirut BRI (BBRI) Sebut Laba Perseroan Layak Dibagi dalam Bentuk Dividen https://t.co/VZaHnrQQ2W","1830432476805902799","","","in","Jakarta Capital Region","0","0","0","https://x.com/idx_channel/status/1830432476805902799","4755284968","idx_channel"
"1421031868233773061","Fri Jul 30 08:56:13 +0000 2021","232","[BREAKING] Bank BCA $BBCA memutuskan untuk melakukan stock split dengan rasio 1:5","1421031868233773061","","","in","Jakarta Capital Region","127","39","162","https://x.com/BigAlphaID/status/1421031868233773061","958566590768926721","BigAlphaID"
"1866389191854317917","Tue Dec 10 07:47:13 +0000 2024","6","Iya tetapi dengan catatan. Kinerja masih terus baik. Contoh kasus pada BBRI setelah bagi dividen belum kembali ke atas 6000. Karena BBRI hingga saat ini belum bisa kembali tumbuh double digit lagi.","1866389191854317917","","","in","kokogiovanni@gmail.com","0","0","1","https://x.com/KokoGiovanni/status/1866389191854317917","139982550","KokoGiovanni"
"1872460179545186658","Fri Dec 27 01:51:10 +0000 2024","0","ADRO Cum Dividen Hari Ini BBRI-AMAR Masuk Ex Date https://t.co/nznJsTLtVE","1872460179545186658","","","in","Jakarta Capital Region","0","0","0","https://x.com/idx_channel/status/1872460179545186658","4755284968","idx_channel"
"1829051512804262132","Thu Aug 29 07:00:37 +0000 2024","0","BRI (BBRI) Janjikan Dividen Tinggi https://t.co/JeAfIbm86O https://t.co/fiRF14ZsWT","1829051512804262132","https://pbs.twimg.com/media/GWIYqI0asAESf4p.jpg","","in","Indonesia","0","0","0","https://x.com/bisnisindo_id/status/1829051512804262132","1330791552583548932","bisnisindo_id"
"1813511377950281878","Wed Jul 17 09:49:40 +0000 2024","869","It s divided in the sense that members want it and the leadership don t and also think the members are scum who should shut up and fuck off ASAP. There s no actual debate going on here there s just a solid wall of Absolutely Fuck You same as there always was. https://t.co/YCHm5n9oVA","1813511377950281878","https://pbs.twimg.com/media/GSri-_FW4AAsNAG.jpg","","en","Fife 4 Life yo","2","8","162","https://x.com/flying_rodent/status/1813511377950281878","91556288","flying_rodent"
"1813179318664896841","Tue Jul 16 11:50:11 +0000 2024","0","Niat BRI (BBRI) Tebar Dividen Optimal https://t.co/ln0i0c9pfq https://t.co/HHetZjJuYx","1813179318664896841","https://pbs.twimg.com/media/GSm0-3QbIAAFjdu.jpg","","in","Indonesia","0","0","0","https://x.com/bisnisindo_id/status/1813179318664896841","1330791552583548932","bisnisindo_id"
"1773350216269230583","Thu Mar 28 14:03:33 +0000 2024","1","dividen bbri telah hadir!! waaaa ","1773350216269230583","","","in","","0","0","0","https://x.com/mmelissas/status/1773350216269230583","1117327618074742785","mmelissas"
"1535363433826238465","Fri Jun 10 20:49:02 +0000 2022","431","$TSLA announced 3-1 stock split as one does when stock is down 34% ytd and down 44% vs Nov peak. Good times.","1535363433826238465","","","en","USA","0","38","28","https://x.com/VickiBryanBondA/status/1535363433826238465","702521357985132544","VickiBryanBondA"
"1838195382729248777","Mon Sep 23 12:35:05 +0000 2024","9","anyway $BBRI hari ini banyak diminati asing. Pembelian asing lumayan; net buy aja lebih dr 1 T rupiah. Banyak yg optimis. shm BBRI ini emang buat tipikal yg Sabar hold; pemanis nya yah Dividen nya... capital gain dapet dividen dapet. tjakkeepp","1838195382729248777","","","in","medan","1","1","2","https://x.com/WOLF_of_IHSG/status/1838195382729248777","1509144342480498691","WOLF_of_IHSG"
"1773197906071167464","Thu Mar 28 03:58:19 +0000 2024","0","alhamdulillah dividen bmri dan bbri hari ini ","1773197906071167464","","","in","love saturn and uranus","0","0","0","https://x.com/cardiovasculaer/status/1773197906071167464","1493865494192947201","cardiovasculaer"
"1819256997503815738","Fri Aug 02 06:20:43 +0000 2024","0","terpantau masih nyangkut di bbri dividen besarmu itu gak nutup merah di sahamku bg","1819256997503815738","","","in","","0","0","0","https://x.com/maujadiorgbner/status/1819256997503815738","1265290505975263232","maujadiorgbner"
"1867858468872589738","Sat Dec 14 09:05:36 +0000 2024","0","penasaran dividen bbri berapa ya","1867858468872589738","","","in","Indonesia","0","0","0","https://x.com/tchouamanny/status/1867858468872589738","2280218270","tchouamanny"
"1194577042907521025","Wed Nov 13 11:25:35 +0000 2019","1381","Going by the divisive press conferences going on in Parliament and the obvious acts of violence that were witnessed in Kibra you would be forgiven if you think that BBI stands for Breaking bridges initiative.What a paradox. BBI is turning out to be agent of division. An oxymoron","1194577042907521025","","","en","Republic of Kenya ","68","635","172","https://x.com/kipmurkomen/status/1194577042907521025","256136003","kipmurkomen"
"1780657081076609031","Wed Apr 17 17:58:25 +0000 2024","0","nooo pls nooo tahan ajaa aku dpt lumayan dr bbri apalagi dividen hehe","1780657081076609031","","","in","","0","2","0","https://x.com/maujadiorgbner/status/1780657081076609031","1265290505975263232","maujadiorgbner"
"1426190648919560196","Fri Aug 13 14:35:22 +0000 2021","324","Building Divvy has been the greatest honor of my life. So proud of the team for all they've accomplished this past year and the opportunities they've created for thousands of families to become homeowners. Here is to continuing the journey - onward! https://t.co/oXGQykM9k6","1426190648919560196","","","en","California","6","15","17","https://x.com/AdenaHefets/status/1426190648919560196","532557617","AdenaHefets"
"1830592655971279077","Mon Sep 02 13:04:34 +0000 2024","0","Target Tinggi Dividen BUMN 2025: BBRI Pertamina BMRI TLKM Cs Jadi Andalan? https://t.co/EHnpPMIvtQ","1830592655971279077","","","in","Jakarta, Indonesia","0","0","1","https://x.com/Bisniscom/status/1830592655971279077","118646322","Bisniscom"
"1868505426192634103","Mon Dec 16 03:56:23 +0000 2024","0","BRI (BBRI) Umumkan Dividen Interim Rp 135/Saham https://t.co/J3EOE9RkRc via @InvestorID","1868505426192634103","","","in","Jakarta, Indonesia","0","0","0","https://x.com/InvestorID/status/1868505426192634103","238091066","InvestorID"
"1868568299820454011","Mon Dec 16 08:06:13 +0000 2024","0","Dividen Interim BRI (BBRI) Melonjak Drastis https://t.co/BehSLWEg8V #HUTBRI129 https://t.co/MQfugTQD1g","1868568299820454011","https://pbs.twimg.com/media/Ge589gybcAAyGGM.jpg","","in","","0","0","0","https://x.com/SolehWagim49957/status/1868568299820454011","1723643029255598080","SolehWagim49957"
"1756098089859916277","Fri Feb 09 23:29:46 +0000 2024","368",".@benshapiro discusses his new series 'Divided States of Biden' on the @MegynKellyShow: This country is in serious and dire trouble and 'Divided States of Biden' is designed to highlight each of these issues from a location where it's actually happening. https://t.co/IS6Y9M8bzw","1756098089859916277","https://pbs.twimg.com/ext_tw_video_thumb/1756095555489411072/pu/img/w0tVB0O052m83sw9.jpg","","en","Nashville, USA","0","22","48","https://x.com/realDailyWire/status/1756098089859916277","4081106480","realDailyWire"
"1139000146157481984","Thu Jun 13 02:42:51 +0000 2019","155","Divi ($DIVI) is now available for trading on Bitrue against XRP and BTC! https://t.co/xsk3Gp46Ai DIVI/XRP: https://t.co/qEajKMAdIT DIVI/BTC: https://t.co/rqa66x1B1u","1139000146157481984","","","en","Decentralized","17","20","90","https://x.com/DiviProject/status/1139000146157481984","883451582473531392","DiviProject"
"1775691282939257083","Thu Apr 04 01:06:07 +0000 2024","1","baru sadar dividen bbri udah cair makasii bisa buat tambahan beli tiket balik :')","1775691282939257083","","","in","OOR's concert","0","1","0","https://x.com/cielsstel/status/1775691282939257083","775275202905186304","cielsstel"
"1871349658876088535","Tue Dec 24 00:18:21 +0000 2024","0","Hari Terakhir Berburu Dividen BRI (BBRI) Rp 135/Saham Harga Sahamnya Mulai Naik https://t.co/JWtprj0WwV via @InvestorID","1871349658876088535","","","in","Jakarta, Indonesia","0","0","0","https://x.com/InvestorID/status/1871349658876088535","238091066","InvestorID"
"1872444830917492986","Fri Dec 27 00:50:10 +0000 2024","0","Dividen BRI (BBRI) Rp 135/Saham Hari Ini Ex Date Ada yang Bilang Begini https://t.co/fOelarlFI7 via @InvestorID","1872444830917492986","","","in","Jakarta, Indonesia","0","0","0","https://x.com/InvestorID/status/1872444830917492986","238091066","InvestorID"
"1529867405345771522","Thu May 26 16:49:47 +0000 2022","386","Banco Products Declares Interim Dividend of 20/- ₹ Per Share Today's Closing Price 127/- 16% Dividend from Today's Closing Price. Record Date to be announced after Approval from Shareholders","1529867405345771522","","","en","Rajasthan, India","0","12","38","https://x.com/ipo_agarwal/status/1529867405345771522","770960437714231296","ipo_agarwal"
"1434638295745585158","Sun Sep 05 22:03:18 +0000 2021","446","(Part 1) AMC - Brazilian Depository Receipts The BDRs have a certificate system called Paridade which is designed to denominate them into splits of shares based on the share price of an underlying security.","1434638295745585158","","","en","Catnip City","20","28","106","https://x.com/CringleKitten/status/1434638295745585158","1391362978398810114","CringleKitten"
"1869754665736495232","Thu Dec 19 14:40:25 +0000 2024","1","Dapet kado natal dari doi uda biasa tapi pernah ga dapet kado natal dari $BBRI? Bener bangeeet! Di penghujung 2024 nanti $BBRI akan bagi-bagi dividen interim sebesar Rp135/saham. Siapa yang nunggu tanggal pembagiannya? https://t.co/yevLonTdm3","1869754665736495232","https://pbs.twimg.com/media/GfKzt9faQAEaL3h.jpg","","in","Jakarta","0","1","0","https://x.com/SekuritasBahana/status/1869754665736495232","1488712320495009792","SekuritasBahana"
"1171821060431368192","Wed Sep 11 16:21:26 +0000 2019","333","काही दिवसांनी भाजप चे विभाजन:- १. भाजप खुर्द (Original) २. भाजप बुद्रुक (Out Siders) असे होऊ नये म्हणजे झाले !!! (WA forward) ","1171821060431368192","","","mr","Mumbai, India","4","10","36","https://x.com/deepakbhatuse/status/1171821060431368192","103625894","deepakbhatuse"
"1868562370366189843","Mon Dec 16 07:42:39 +0000 2024","1","PT Bank Rakyat Indonesia (Persero) Tbk (BBRI) mengumumkan pembagian dividen interim kepada para pemegang saham sebagai bagian dari perayaan Hari Ulang Tahun (HUT) ke-129 yang jatuh pada 16 Desember 2024. Selengkapnya: https://t.co/OjnLeOmC0G #bumn #dividenbri #divideninterim https://t.co/7IUWVAMzdz","1868562370366189843","https://pbs.twimg.com/media/Ge53cC6WIAA-Hvz.jpg","","in","Indonesia","0","0","0","https://x.com/infobanknews/status/1868562370366189843","137900895","infobanknews"
"1872527158134047007","Fri Dec 27 06:17:19 +0000 2024","0","PT Bank Rakyat Indonesia Tbk (BBRI) atau BRI akan membagikan dividen interim tahun buku 2024 senilai Rp 20 4 triliun atau Rp 135/saham. Dan BBRI exdate dividen interim hari ini.","1872527158134047007","","","in","Pekan Baru, Riau","0","0","0","https://x.com/IqbalHanur/status/1872527158134047007","1643179691615096833","IqbalHanur"
"1867353138178753009","Thu Dec 12 23:37:36 +0000 2024","2","#kafeinvestor #BBRI berpotensi bagikan dividen 2x di Q1 2025 https://t.co/T4xm7VMaDX","1867353138178753009","https://pbs.twimg.com/media/GeoryEvbsAQWaAm.jpg","","in","Indonesia","0","0","0","https://x.com/kafeinvestor/status/1867353138178753009","606096303","kafeinvestor"
"1868915739446722720","Tue Dec 17 07:06:49 +0000 2024","2","ndutt bilang saham judi tapi pemerintah dapet berapa triliun itu dari dividen BBRI emang lah asbun","1868915739446722720","","","in","Indonesia","0","0","0","https://x.com/anonninn/status/1868915739446722720","1607351103267704832","anonninn"
"1869412305991303203","Wed Dec 18 16:00:00 +0000 2024","4","Ini buatku sih bagus banget apa lagi polanya udah Falling Wedge dan udah di corrective wave C. Plus ada bagi-bagi dividen interim yang lumayan bentar lagi. Ya udah kita all in $BBRI aja #eh #IYKYK #YTTA","1869412305991303203","","","in","Jakarta Capital Region","0","4","1","https://x.com/syaltout/status/1869412305991303203","54264303","syaltout"
"1396220427148668933","Sat May 22 21:44:25 +0000 2021","330"," Charlie Wyke has just told us to F*** off... The big divvy ","1396220427148668933","","","en","","7","22","18","https://x.com/Boro_Breakdown/status/1396220427148668933","986324444363870208","Boro_Breakdown"
"1851996284724654189","Thu Oct 31 14:34:57 +0000 2024","0","Langsung all in ke BBRI sepanjang hidup cuma ngandelin dividen setahun dua kali itu pun belum capital gain-nya.","1851996284724654189","","","in","papan skor","0","0","0","https://x.com/samektabangun/status/1851996284724654189","97234890","samektabangun"
"1867874069473013761","Sat Dec 14 10:07:36 +0000 2024","1","Apakah bulan Desember tahun 2024 ini BBRI bagi dividen interim seperti tahun lalu??? *Estimasi or perkiraan dividen interim BBRI hitungan dari CNBC Channel https://t.co/xBidHQEGRD #ngertisaham #yuknabungsaham #analisasaham #analisafundamental #analisateknikal #rikopedia https://t.co/uU74Qm0EMS","1867874069473013761","https://pbs.twimg.com/media/GewFkUAbUAA3QKQ.jpg","","in","Kota Surabaya, Jawa Timur","0","0","0","https://x.com/RIKOPEDIA2008/status/1867874069473013761","465464916","RIKOPEDIA2008"
"1863370074062782656","Sun Dec 01 23:50:20 +0000 2024","0","BERITA POPULER: Prediksi Besaran Dividen United Tractor (UNTR) hingga Saham BRI (BBRI) Lagi Murah https://t.co/hJJLLuge5N","1863370074062782656","","","in","ihsgjournal@gmail.com","0","0","0","https://x.com/aldotjahjadi8/status/1863370074062782656","165242082","aldotjahjadi8"
"1344196197670674434","Wed Dec 30 08:18:42 +0000 2020","1930","IEBC just referred to BBI as Burning Bridges Initiative. The admin low-key knows the truth. ","1344196197670674434","","","en","Nairobi, Kenya","9","51","231","https://x.com/BravinYuri/status/1344196197670674434","178677263","BravinYuri"
"1788937484413329433","Fri May 10 14:21:47 +0000 2024","243","$byma hizo split 5:1 eso para los de boca significa que la empresa aumentó la cantidad de acciones lo que hace bajar el precio por acción proporcionalmente. En los próximos días recibirán en su cuenta de @cocoscap las nuevas acciones por lo que su tenencia neta queda igual!","1788937484413329433","","","es","Argentina","4","52","19","https://x.com/arielsbdar/status/1788937484413329433","88215408","arielsbdar"
"1830998499158368571","Tue Sep 03 15:57:15 +0000 2024","247","Spectre Divide is out NOW and completely FREE-TO-PLAY!! One Mind. Two Bodies!! https://t.co/lZnP2ZytL6","1830998499158368571","https://pbs.twimg.com/media/GWj4-73XAAAQXn9.jpg","","en","Breakwater","2","21","30","https://x.com/BopNSwap/status/1830998499158368571","1734322304480604160","BopNSwap"
"1823721859529220597","Wed Aug 14 14:02:29 +0000 2024","388","$800K/YEAR?!?!?!?! I ll give Frye a pass on this one This is ridiculous How do you compete with this??? #OhioState","1823721859529220597","","","en","Columbus, OH","7","92","14","https://x.com/BuckeyeNatty/status/1823721859529220597","1677794266238550018","BuckeyeNatty"
"1741120556697624612","Sat Dec 30 15:34:23 +0000 2023","319"," @bitgertbrise $BRISE is now listed on @LDXFi! #LDX is a fast and simple cross-chain swap/bridge powered by @trycarbonio and $CSIX #Bitgert is a L1 blockchain ecosystem offering unbeatable speed and the lowest fees with top-level security and scalability. #BRISE #CSIX $BNB https://t.co/QZ9wFWHjpE","1741120556697624612","https://pbs.twimg.com/media/GCmz6KiXwAABPaM.jpg","","en","","0","27","103","https://x.com/BNBSwap/status/1741120556697624612","1300649161025400832","BNBSwap"
"1546524768085495808","Mon Jul 11 16:00:12 +0000 2022","398","Dale FAV si lo primero que haces después de dividir la cuenta es: #BdPSmart https://t.co/N8XgDKzWh7","1546524768085495808","https://pbs.twimg.com/tweet_video_thumb/FXZcCeaUcAECdA4.jpg","","es","Ecuador","8","0","21","https://x.com/BancoPacificoEC/status/1546524768085495808","361343242","BancoPacificoEC"
"1778426421607551068","Thu Apr 11 14:14:35 +0000 2024","228","Volvemos a ver cosas interesantes en el mercado $BMY volviendo a bajar de los 50$ $CVS apunto de bajar de 70$ $SBUX acercándose a los 80$ $AMT bajando de 180$ $JNJ por debajo de 150$","1778426421607551068","","","es","","0","24","17","https://x.com/ProfesorDiv/status/1778426421607551068","1351219428969607172","ProfesorDiv"
"1389426651650400257","Tue May 04 06:17:48 +0000 2021","429","Additional Info: Apologize for the inaccurate choice of word it should say the separation will not give economic impacts to the existing shareholders which means they can still receive benefits because BH will still be under HYBE. So no worries. https://t.co/RYHGA3lGg4","1389464258463682562","","almostdita","en","Indonesia","3","5","53","https://x.com/almostdita/status/1389464258463682562","828936912018690049","almostdita"
"1713389255383495166","Sun Oct 15 03:21:43 +0000 2023","328","@drmistercody *Bill Maher voice * New rule: it s now called the DIVIDED Stated of America *people who read Babylon Bee* Omg that s so TWISTED !!! ","1713394693994668402","","drmistercody","en","Boulder, CO","0","2","6","https://x.com/DPak_Chupacabra/status/1713394693994668402","832131798641446913","DPak_Chupacabra"
"1871347817547194454","Tue Dec 24 00:11:02 +0000 2024","1","Hari Terakhir Berburu Dividen BRI (BBRI) Rp 135/Saham Harga Sahamnya Mulai Naik https://t.co/k7b56K1D0t","1871347817547194454","","","in","ihsgjournal@gmail.com","0","0","0","https://x.com/aldotjahjadi8/status/1871347817547194454","165242082","aldotjahjadi8"
"1871347796605059208","Tue Dec 24 00:10:57 +0000 2024","2","Hari ini pembukaan suspensi saham VISI PACK PACK-W FUTR dan FUTR-W. Hari ini cum dividen interim AMAR (Rp 1 4) dan BBRI (Rp 135).","1871347796605059208","","","in","Indonesia","0","0","2","https://x.com/doktermarket/status/1871347796605059208","311312187","doktermarket"
"1868563962503233731","Mon Dec 16 07:48:59 +0000 2024","0","Dividen interim bbri naik 60%....apakah dividen tahun depan juga??? #mimpiitugratis #kapanbbrinaik #gamblingaddiction","1868563962503233731","","","in","Indonesia","0","0","0","https://x.com/SamyangNoMore/status/1868563962503233731","1299272830933069824","SamyangNoMore"
"1648019784137621509","Mon Apr 17 17:45:09 +0000 2023","574","BDS looking very likely to win the split with these performances","1648019784137621509","","","en","Stockholm","1","8","3","https://x.com/Treatz/status/1648019784137621509","1915068812","Treatz"
"1868515296438600160","Mon Dec 16 04:35:36 +0000 2024","1","Mantapp nih sabtu kemarin dibahas Rikopedia senin news dividen interim BBRI langsung keluar. Dividen interim BBRI 135 rupiah per saham. Cum date 24 Desember Channel https://t.co/xBidHQEGRD https://t.co/mzi7GnKEiq","1868515296438600160","https://pbs.twimg.com/media/Ge5MwP0bwAAzPrN.jpg","","in","Kota Surabaya, Jawa Timur","0","0","0","https://x.com/RIKOPEDIA2008/status/1868515296438600160","465464916","RIKOPEDIA2008"
"1871006699076874245","Mon Dec 23 01:35:33 +0000 2024","0","* 24 Desember 2024 : *Cum Dividen Interim BBRI Rp 135*‼️ * 27 Desember 2024 : *Cum Dividen Interim ADRO*‼️","1871006699076874245","","","in","Indonesia","0","0","0","https://x.com/kafeinvestor/status/1871006699076874245","606096303","kafeinvestor"
"1775008733309108382","Tue Apr 02 03:53:54 +0000 2024","0","Dan lagi... BBRI bagi dividen di bulan Ramadhan. Baru ngeh ","1775008733309108382","","","in","Indonesia","0","0","0","https://x.com/NashirotunKh/status/1775008733309108382","454104933","NashirotunKh"
"1773396649001521366","Thu Mar 28 17:08:03 +0000 2024","0","beberapa tahun ini dapet dividen bbri pas bulan puasa trs deh thx y thrnya","1773396649001521366","","","in","","0","0","0","https://x.com/sesendika/status/1773396649001521366","75293631","sesendika"
"1237823860394921986","Thu Mar 12 10:04:54 +0000 2020","179","@Jacob_Rees_Mogg Please stop lying. There is no Brexit dividend. The amount we've saved is far outweighed by the amount we've lost. https://t.co/xeuuxd7hX6","1238043279423406080","https://pbs.twimg.com/tweet_video_thumb/ES5py1LWAAI50PQ.jpg","Jacob_Rees_Mogg","en","UK & EU","3","2","90","https://x.com/BrexitBin/status/1238043279423406080","774510439824822273","BrexitBin"
"1588068088448450560","Thu Nov 03 07:18:31 +0000 2022","214","Si te gustó $BABA en $304 entonces te gustará más en $64. Tremendo split.","1588068088448450560","","","es","Florida, USA","0","16","14","https://x.com/CDividendos/status/1588068088448450560","1190980406264422400","CDividendos"
"1344953598610821121","Fri Jan 01 10:28:20 +0000 2021","198","Jika Bank Rakyat Indonesia dgn BRI-Agro dan BRI-Linknya terbukti meraih dividen tertinggi (Rp.9252 milyar thn 2019) mungkinkah Menteri BUMN menugaskan BRI bantu Pemda mengelola pembangunan pedesaan utk propinsi2 Papua-Papua Barat ?","1344953598610821121","","","in","Jakarta, Indonesia","1","4","34","https://x.com/emilsalim2010/status/1344953598610821121","175802067","emilsalim2010"
"1307663755254218753","Sun Sep 20 16:43:46 +0000 2020","713","@bainjal Correct. No division (vote)was allowed. Basic rights of Oppn MPs snatched. Murder of democracy. And now BJP saying it s a sad for democracy.! Sure is . They ensured it was","1307722128435736577","","bainjal","en","Kolkata, India","8","0","121","https://x.com/derekobrienmp/status/1307722128435736577","120965579","derekobrienmp"
"1774654001814061237","Mon Apr 01 04:29:20 +0000 2024","0","@desmondwira Apakah ada kaitannya dengan dividen BBRI dan BMRI? Investor asing terima dividen dalam bentuk Rupiah ditukarkan dengan Dollar. ","1774655259631288332","","desmondwira","in","kokogiovanni@gmail.com","0","1","0","https://x.com/KokoGiovanni/status/1774655259631288332","139982550","KokoGiovanni"
"1212731258901426176","Thu Jan 02 13:43:58 +0000 2020","630","ASBF TERUSKAN ATAU BERHENTI ? Umum mengetahui bahawa kadar dividen (Hibah) untuk tahun 2019 adalah ; 5.0 sen (5%) &amp; Bonus 0.5 sen (0.5%). Ini thread untuk membantu anda membuat keputusan. Jika 5 tahun akan datang kadar dividen masih sama. https://t.co/o9GY0b8PZQ","1212731258901426176","https://pbs.twimg.com/media/ENR8pJ7VAAIU4_J.jpg","","in","Malaysia","25","14","387","https://x.com/Pelabur_Bijak/status/1212731258901426176","1187948228240494592","Pelabur_Bijak"
"1765746104875012222","Thu Mar 07 14:27:32 +0000 2024","0","Tahun lalu dividen BMRI dan BBRI bisa beli tiket mudik PP Tahun ini bisa ngga ya?","1765746104875012222","","","in","","0","0","0","https://x.com/handikov/status/1765746104875012222","1019018412","handikov"
"1869392803329118465","Wed Dec 18 14:42:30 +0000 2024","0","minggu lala ngobrol2 ama temen jadi buat dapetin 10 juta dividen perbulan harus beli saham BBRI (BRI) seharga 1 7 M pada malam itu (Minggu lalu) udah itu aja","1869392803329118465","","","in","Jakarta Capital Region","0","0","0","https://x.com/stefpurba/status/1869392803329118465","1855175166646706176","stefpurba"
"1428743811455504392","Fri Aug 20 15:40:44 +0000 2021","233","A win for IEBC as the Role of allocation of the Constituencies has been left to them. BBI was a Serious FRAUD.","1428743811455504392","","","en","Nairobi, Kenya","0","2","29","https://x.com/BravinYuri/status/1428743811455504392","178677263","BravinYuri"
"1862069061959774482","Thu Nov 28 09:40:34 +0000 2024","0","Prospek Saham BBRI: Valuasi Menarik Dividen Menggiurkan https://t.co/rktecFhk3n","1862069061959774482","","","in","Jakarta Capital Region, Indonesia","0","0","0","https://x.com/marketupdt/status/1862069061959774482","1362306223849099264","marketupdt"
"1629487160607793155","Sat Feb 25 17:25:36 +0000 2023","487","@GRDecter He s payed through distributions from his ownership. if you own $BX you get payed the same dividend. It is not salary.","1629533081425317888","","GRDecter","en","Santa Monica, CA","2","7","1","https://x.com/GerberKawasaki/status/1629533081425317888","349249475","GerberKawasaki"
"1850011144037204412","Sat Oct 26 03:06:42 +0000 2024","0","Siap-Siap! 5 Emiten Ini Tebar Dividen Ada BBRI Hingga UNVR Yang punya saham di 5 emiten ini siapin kantong besar untuk terima cuan ya https://t.co/0htJiOYZrq","1850011144037204412","","","in","Jakarta Capital Region","0","0","0","https://x.com/CahayaPilaar/status/1850011144037204412","1457406212811550723","CahayaPilaar"
"1868639830839885888","Mon Dec 16 12:50:27 +0000 2024","0","Bisa gitu ya hari ini HUT BRI + promo mekdi + info jadwal pembagian dividen interim BBRI","1868639830839885888","","","in","","0","0","0","https://x.com/Azka_421/status/1868639830839885888","980438767","Azka_421"
"1868802613200011375","Mon Dec 16 23:37:18 +0000 2024","0","Dividen interim BBRI 135 / price 4250 = lumayan sekitar 3% cum date 24 Des / payment 15 Jan 2025 #saham #BBRI","1868802613200011375","","","in","Semarang, IDN","0","0","0","https://x.com/chriswidya/status/1868802613200011375","66724695","chriswidya"
"1850711224968765466","Mon Oct 28 01:28:35 +0000 2024","1064","I hate seeing this tweet because its a fault of the notation its just unclear whats bieng divided because the division symbol is stupid https://t.co/y3exgEgG1s","1850711224968765466","https://pbs.twimg.com/media/Ga8LxJ7XkAAswi1.png","","en","Texas 🤠","17","20","80","https://x.com/ambycomrade/status/1850711224968765466","888541095977680896","ambycomrade"
"1346026759712595968","Mon Jan 04 09:32:42 +0000 2021","183","BBI was actually created to disenfranchise Raila Odinga. But he will not know this because he's surrounded by people who worship him instead of telling him the truth. When he realizes the truth It will be too late. Right now it's equally hard to sell Baba as it is to sell Uhuru.","1346026759712595968","","","en","Nairobi, Kenya","0","8","20","https://x.com/BravinYuri/status/1346026759712595968","178677263","BravinYuri"
"1593755422342668288","Fri Nov 18 23:57:57 +0000 2022","220","The fact that one of these teams isnt gonna qualify for the calling all heroes main event is nuts. https://t.co/wwVDXRznnb","1593755422342668288","https://pbs.twimg.com/media/Fh4oFa-WIAAu5N9.png","","en","","3","8","7","https://x.com/Dividing_by_0/status/1593755422342668288","984772962329997312","Dividing_by_0"
"1773320961825137030","Thu Mar 28 12:07:18 +0000 2024","0","Sumbang Rp6 8 Triliun ke Negara Sri Mulyani: Dividen BRI (BBRI) Naik Tajam #BRIUntukRakyat #reqread https://t.co/m6VP0ALXrz","1773320961825137030","","","in","","0","1","0","https://x.com/andiekasaputr/status/1773320961825137030","1717874421124460544","andiekasaputr"
"1772180556186599617","Mon Mar 25 08:35:44 +0000 2024","0","Prospek IHSG Saham ADRO BBCA BBRI BMRI BBTN BREN MDKA KLBF PTBA SMGR Sektoral Commodity Global Market dari sisi analisa teknikal &amp; astrocycle. Link Youtube: https://t.co/2AY7Zmx6hS #ctasaham #saham #ihsg #AstrocycleCTASaham #dividen #bbca #bmri #bbri #bren #bbtn #mdka #ADRO","1772180556186599617","","","in","Jakarta - Bandung - Bali","0","1","0","https://x.com/andri_zakarias/status/1772180556186599617","85741863","andri_zakarias"
"1390591974302945281","Fri May 07 08:58:57 +0000 2021","396","BBI has not cannot and will not unite Kenyans! It has divided parliament. It cannot prevent Kenyans from disunity. It is a bridge-breaking initiative.","1390591974302945281","","","en","Kenya","8","47","75","https://x.com/ReubenKigame/status/1390591974302945281","802233762","ReubenKigame"
"1768316744224145911","Thu Mar 14 16:42:20 +0000 2024","0","13 Maret 2024 Jadi Cum Date Dividen Saham BBRI Jangan Ketinggalan THR dari BRI #THRDividenBRI #reqread https://t.co/j6oFOVtadS","1768316744224145911","","","in","","0","1","0","https://x.com/bonmtgo/status/1768316744224145911","1177714622","bonmtgo"
"1555676193071935489","Fri Aug 05 23:16:52 +0000 2022","618","@ryancohen I can tell my favorite company that the DTCC has marked GameStops corporate action as a stock SPLIT instead of a stock DIVIDEND. Notifying GameStop and regulatory agencies of this problem is the most important thing we can do!","1555694357428174850","","ryancohen","en","","1","16","52","https://x.com/TendieBaron/status/1555694357428174850","1466163359611555845","TendieBaron"
"1603885243114602497","Fri Dec 16 22:50:15 +0000 2022","309","El BCRA dispone que las entidades financieras no podrán distribuir dividendos más dinero para financiar al Estado. Están llenando los bancos de títulos públicos","1603885243114602497","","","es","Rosario - Santa Fe - Argentina","7","29","111","https://x.com/SalvaDiStefano/status/1603885243114602497","1563294710","SalvaDiStefano"
"1086742099486158848","Sat Jan 19 21:48:01 +0000 2019","5","David Brin: The difference is stunning an average of 4.4% (Dems) annual growth vs. a piddling 2.5% (GOP) and it has been consistent across 70 years. How to explain it? 'Divisive economics': https://t.co/Afy4LcVNl8","1086742099486158848","","","en","USA","1","0","0","https://x.com/philstockworld/status/1086742099486158848","16838276","philstockworld"
"1764598969345397016","Mon Mar 04 10:29:13 +0000 2024","0","BBRI Bagi-Bagi Dividen Hingga Rp48 1 Triliun Intip Potensi Yield-nya! https://t.co/rePl6lA4w0","1764598969345397016","","","in","Indonesia","0","0","0","https://x.com/emtrade_id/status/1764598969345397016","151326877","emtrade_id"
"1446923345396703234","Sat Oct 09 19:39:43 +0000 2021","181","All RBN farmed by @divdotvc will be returned to the DAO and we will come back with a proposal to the DAO for how to appropriate the tokens in a few days. Divergence will be fully divested from @ribbonfinance in the next few hours. I think we can safely put the issue to rest.","1446923346910892035","","juliankoh","en","singapore ","7","8","9","https://x.com/juliankoh/status/1446923346910892035","787784121166733312","juliankoh"
"1264759778397519873","Mon May 25 18:41:28 +0000 2020","221","@Dblue514229 Nobody said nothing bout being divided it s called minding yo goddamn business.","1264989982533521408","","Dblue514229","en","Lenape land ","0","1","1","https://x.com/papabrandun/status/1264989982533521408","1170346894192717826","papabrandun"
"1320632016656805888","Mon Oct 26 07:49:16 +0000 2020","181","@MarthaKarua BBI is a document that was created around self Interest. It's like an avocado. Inside we have the seed( expanded executive) then outside we have the meat and bait( the HELB and the 7year tax holiday).","1320633581312593920","","MarthaKarua","en","Nairobi, Kenya","1","9","18","https://x.com/BravinYuri/status/1320633581312593920","178677263","BravinYuri"
"1438239007490646017","Wed Sep 15 21:24:37 +0000 2021","169","@StephenFarryMP Celebrating partition is not being inclusive. It is celebrating literal division.","1438252437685653507","","StephenFarryUU","en","Dublin Belfast Cork & Donegal","0","1","8","https://x.com/BTriagain/status/1438252437685653507","1231967967673450498","BTriagain"
"1596232481526935552","Sat Nov 26 09:51:59 +0000 2022","255","@joelzicomcg @eliistender10 These don't count due to the leave room for jesus divider","1596441629371813889","","","en","Cymru / they them / 35 / 🏴","1","2","2","https://x.com/siberianpine/status/1596441629371813889","572561537","siberianpine"
"1513956365533954055","Tue Apr 12 19:10:39 +0000 2022","188","One side cooperated with Riots Investigation the other didn t. I ll just end my thoughts there.","1513957789768556544","","Dividing_by_0","en","","0","0","4","https://x.com/Dividing_by_0/status/1513957789768556544","984772962329997312","Dividing_by_0"
"1861454877081178362","Tue Nov 26 17:00:01 +0000 2024","511","By the end of the first BTBV arc: United Separated https://t.co/hBcPCd7bki","1861454877081178362","https://pbs.twimg.com/media/GdU3V7yXQAAK1xf.jpg","","en","delulu land","1","11","40","https://x.com/Bleedforlives/status/1861454877081178362","1184443603768078337","Bleedforlives"
"1554112125135736835","Mon Aug 01 14:29:39 +0000 2022","535","German broker @comdirect says that the DTCC has GameStop's corporate action listed as a STOCK SPLIT instead of a stock DIVIDEND","1554112125135736835","","","en","","7","38","90","https://x.com/TendieBaron/status/1554112125135736835","1466163359611555845","TendieBaron"
"1312956169409814531","Mon Oct 05 03:21:59 +0000 2020","498","This is why I do #TheDivide. This is what I'm passionate about. I realize it infuriates both parties. I realize it's not going to make me friends. But I don't need any friends - I have my dogs. (2/2)","1312956170676527106","","BrandiKruse","en","Seattle","2","46","12","https://x.com/BrandiKruse/status/1312956170676527106","272572385","BrandiKruse"
"1756239659917590552","Sat Feb 10 08:52:18 +0000 2024","248","¿No tienes tiempo de mirar los resultados de las empresas de tu cartera? Tranquilo yo lo hago por ti. Ya he añadido los minutos en los que hablo de cada empresa en el directo de ayer repase los resultados de $BATS $TROW $BAM $BMY $ABBV $CVS $APD $WPC $LEG $KVUE $LYB $ENB $LOG","1756239659917590552","","","es","","0","20","13","https://x.com/ProfesorDiv/status/1756239659917590552","1351219428969607172","ProfesorDiv"
"1371821310146445315","Tue Mar 16 13:51:02 +0000 2021","184","ABC of Divided Stocks $ABBV* $BMO* $COST* $D $ENB $FAST $GIS $HD $IRM* $JNJ* $KO $LMT $MA* $NNN $O* $PEP $QCOM $RY* $STAG* $T $USB* $V* $WMT* $XOM $YUM $ZTO What are your favorites?","1371821310146445315","","","en","","4","20","26","https://x.com/UncommonYield/status/1371821310146445315","1319992063904129031","UncommonYield"
"1356562040047996928","Tue Feb 02 11:16:08 +0000 2021","531","Instead of BBI uniting Kenyans It has divided Kenyans even more. President Uhuru Kenyatta should abandon that ruBBIsh very fast.","1356562040047996928","","","en","Nairobi, Kenya","0","31","54","https://x.com/BravinYuri/status/1356562040047996928","178677263","BravinYuri"
"1459720243908128770","Sun Nov 14 03:10:01 +0000 2021","176","The first step of D9 division is probating on other peoples Founders Day. not my org not my problem doesn t apply in all situations.","1459720243908128770","","","en","","12","3","58","https://x.com/The8thPoodlePTT/status/1459720243908128770","626688150","The8thPoodlePTT"
"1752944668092912063","Thu Feb 01 16:03:58 +0000 2024","423","@tellahaterfucku @DjangoGoddess @essessacheee @thehomegirlebie Nah he did say he wanted it to be split. And that s where INTEGRITY comes in but some folk lack that","1753086798262313453","","tellahaterfucku","en","Tacoma, WA","0","3","3","https://x.com/RAppA_SAnGA/status/1753086798262313453","107317232","RAppA_SAnGA"
"1440825436267696128","Wed Sep 22 23:48:47 +0000 2021","144","The whole division thing is a red herring. Of course we re divided of course we have division - roughly 35% of us want to go one way 35% of us want to go the other way 20% dislikes both ways and 10% thinks it s all bs. No one caused this. No one can fix this.","1440825436267696128","","","en","Ottawa, Ontario","0","19","31","https://x.com/Scribulatora/status/1440825436267696128","896126557","Scribulatora"
"1207188959786221568","Wed Dec 18 06:40:51 +0000 2019","292","Secara Rasmi ASNB mengumumkan Pulangan ASB dividen 5.5% bagi tahun 2019 RM200k = dividen RM11000 RM150k = dividen RM8250 RM100k = dividen RM5500 RM50k = dividen RM2750","1207188959786221568","","","in","🇲🇾 Malaysian ","34","3","317","https://x.com/hafifijawawi/status/1207188959786221568","2152487132","hafifijawawi"
"1171820913366622208","Wed Sep 11 16:20:51 +0000 2019","1518","काही दिवसांनी भाजप चे विभाजन:- १. भाजप खुर्द (Original) २. भाजप बुद्रुक (Out Siders) असे होऊ नये म्हणजे झाले !!! ","1171820913366622208","","","mr","Mumbai ","13","65","196","https://x.com/MiskinSanjay/status/1171820913366622208","2541220915","MiskinSanjay"
"1807593105496871134","Mon Jul 01 01:52:34 +0000 2024","357","Hoje o @cafecomferri falou uma verdade. Se você colocar hoje 500mil em Banco Inter INBR32 e triplicar pode mudar consideravelmente sua vida. E MESMO que tudo desse errado neste preço seria o mesmo que pagar 12..14% ao ano em dividendos. Lembrem disto. Eu talvez nunca venda.","1807593105496871134","","","pt","Miami, FL","2","48","4","https://x.com/de_fr1/status/1807593105496871134","1560583225193504769","de_fr1"
"1573464302727860224","Sat Sep 24 00:08:17 +0000 2022","248","New album DIVISIVE out November 18th! Exclusive vinyl &amp; more available for pre-order now ","1573464302727860224","","","en","Chicago, IL","4","6","26","https://x.com/Disturbed/status/1573464302727860224","133860889","Disturbed"
"1441689688910168067","Sat Sep 25 09:03:01 +0000 2021","77","Communist Do not miss pre-sale ️ 7% is used to purchase BNB which is automatically paid to holders in the form of dividends ️5% is allocated between the repurchase mechanism and the team ️3% is allocated to the locked liquidity pool TG: https://t.co/2RU5BU9wMi #NFA #DYOR https://t.co/m2eObTwOFq","1441689688910168067","https://pbs.twimg.com/media/FAHosCoVEAIxFvO.jpg","","en","MUST DOYR BEFORE BUY","0","15","80","https://x.com/Bsc100x_gems/status/1441689688910168067","1334494488354455553","Bsc100x_gems"
"1865199475553374481","Sat Dec 07 01:22:13 +0000 2024","299","@9mmScorpion It has been divided since the first bullet fired by Bashar s regime at peaceful protesters and now it is time to unite.","1865205136953610749","","9mmScorpion","en","","0","9","2","https://x.com/warfareanalysis/status/1865205136953610749","1621822157717180418","warfareanalysis"
"1482035268278493186","Fri Jan 14 19:13:28 +0000 2022","550","️Split haritasında aldığımız galibiyet ile seride durum 1-1 oluyor. https://t.co/kRUQDj5U2B","1482068364302467075","https://pbs.twimg.com/media/FJFdS7SXMAcZ4lX.jpg","BBL_esports","tr","İstanbul","2","21","3","https://x.com/BBL_esports/status/1482068364302467075","1270392834017890311","BBL_esports"
"1413486318504402947","Fri Jul 09 13:12:54 +0000 2021","269","I ve been approved to be a content creator for @Splitgate I m so hyped!","1413486318504402947","","","en","PNW","0","63","14","https://x.com/BigBryTV/status/1413486318504402947","944766033788682240","BigBryTV"
"1797501929670713585","Mon Jun 03 11:31:34 +0000 2024","201","@AswinTvm3 Delimitation needs to be done irrespective of who forms the government. In a democracy a single vote of Tamilians can't be equal to 2 votes of Bihari. This is unfair undemocratic and cheating with the majority based on economic growth.","1797591955213529225","","AswinTvm3","en","London, England","4","37","11","https://x.com/drupler/status/1797591955213529225","102069822","drupler"
"1319062195779547137","Wed Oct 21 23:45:09 +0000 2020","212","Sometime during the off-season Defiant and Fuel should do a show match but it s just a Logix vs Doha 1v1","1319062195779547137","","","en","","0","2","4","https://x.com/Dividing_by_0/status/1319062195779547137","984772962329997312","Dividing_by_0"
"1439692194139488257","Sun Sep 19 20:45:41 +0000 2021","697","Que DiegoGb y Broken han spliteado? Que locura hermano","1439692194139488257","","","es","España ","0","6","2","https://x.com/Belvid7/status/1439692194139488257","887081639326646273","Belvid7"
