"conversation_id_str","created_at","favorite_count","full_text","id_str","image_url","in_reply_to_screen_name","lang","location","quote_count","reply_count","retweet_count","tweet_url","user_id_str","username"
"1763548450946511087","Fri Mar 01 12:54:50 +0000 2024","88","BRI menggelar RUPST 2024. Kali ini BRI membagikan Rp48 10 triliun atau dividen per saham sebesar Rp319 setara dengan dividend payout ratio kurang lebih 80 04% dari laba atribusi. Dividen yang dibagikan BRI mengalami peningkatan 10 59% dibanding nominal yang dibayarkan tahun https://t.co/DL7kf5SIyI","1763548450946511087","https://pbs.twimg.com/amplify_video_thumb/1763548306142359552/img/u7SLl7HgZl_K2yDs.jpg","","in","Jl Jend Sudirman 44-46 Jakarta","0","56","3","https://x.com/BANKBRI_ID/status/1763548450946511087","1355939492","BANKBRI_ID"
"1816272097133617612","Thu Jul 25 00:39:47 +0000 2024","13","Laba bersih Bank BRI semester pertama 2024 mencapai 29 896 Triliun atau tumbuh 1 1% secara YoY. https://t.co/C1Mpvh7iHz","1816272097133617612","https://pbs.twimg.com/media/GTSxlPKaYAMp07q.jpg","","in","kokogiovanni@gmail.com","0","4","4","https://x.com/KokoGiovanni/status/1816272097133617612","139982550","KokoGiovanni"
"1635936108931608576","Wed Mar 15 09:28:57 +0000 2023","402","Pencapaian yg sangat impresif. Laba bersih Rp 51 triliun adalah laba tertinggi sepanjang sejarah bisnis di tanah air. BRI adalah bank UKM nasabahnya mayoritas kelas rakyat. BRI adalah potret masa depan ekonomi rakyat negri ini. Never bet against UKM Indonesia. https://t.co/271t9OelRD","1635936108931608576","https://pbs.twimg.com/media/FrQDNvxaYAAkHqC.jpg","","in","","33","42","111","https://x.com/Strategi_Bisnis/status/1635936108931608576","190535830","Strategi_Bisnis"
"1196791476757262336","Tue Nov 19 14:26:27 +0000 2019","157","Bank BRI sendiri masih cakep kok. Laba bersihnya masih naik. Ini angka dari laporan keuangan Q2 mereka. Laba naik dari Rp14T menjadi Rp16T. https://t.co/nlhFQM52yH","1196796884578234368","https://pbs.twimg.com/media/EJvga0TVUAE8nMH.png","BigAlphaID","in","Jakarta Capital Region","9","6","77","https://x.com/BigAlphaID/status/1196796884578234368","958566590768926721","BigAlphaID"
"1864878101265813528","Fri Dec 06 03:42:41 +0000 2024","8","10 hari lagi semakin Brilian dan Cemerlang! Kontribusi 10 Perusahaan Anak BRI Group menghasilkan laba sebesar 14 7% hingga September 2024. Terus ikutin fakta-fakta menarik tentang BRI sepanjang 2024 yuk Sobat BRI! #HUT129BRI #BriliandanCemerlang https://t.co/UOMzFISauj","1864878101265813528","https://pbs.twimg.com/amplify_video_thumb/1864878009410555905/img/4txDircamMOXa9xd.jpg","","in","Jl Jend Sudirman 44-46 Jakarta","0","1","1","https://x.com/BANKBRI_ID/status/1864878101265813528","1355939492","BANKBRI_ID"
"1598576962146283520","Fri Dec 02 07:17:02 +0000 2022","397","Kalian mau tahu satu rahasia ga? kondisi perekonomian dunia kan lagi gak baik-baik saja setahun terakhir. Akan tetapi ternyata Bank BRI berhasil mendapatkan laba bersih sebesar Rp.39 31 triliun dalam kurun waktu 9 Bulan. Kok bisa yaa? Sini aku bisikin. A tread #KinerjaBRIQ3","1598576962146283520","","","in","Jakarta Capital Region","6","6","56","https://x.com/calistoogirl/status/1598576962146283520","1530791989800620033","calistoogirl"
"1571091600117317633","Sat Sep 17 11:00:01 +0000 2022","2208","🇱🇧 FLASH I 5 banques ont été braquées hier au #Liban par des épargnants réclamant leur argent qui a été gelé par le gouvernement en raison de la #crise économique. (France 24) #Braquage https://t.co/o4bdQcwkpc","1571091600117317633","https://pbs.twimg.com/ext_tw_video_thumb/1570829643539685379/pu/img/R-kQXBzGgJFsUNFK.jpg","","fr","France","90","48","372","https://x.com/CerfiaFR/status/1571091600117317633","971820228","CerfiaFR"
"1831908770622140858","Fri Sep 06 04:14:20 +0000 2024","3441","Canara bank founded in Karnataka is now refusing service in Kannada. @canarabank you want our business but you do not want to communicate with us in our language? This is result of banking exams in Hindi. #StopHindiImposition. https://t.co/kCh8ckJoWS","1831908770622140858","","","en","","106","351","973","https://x.com/LavanyaBallal/status/1831908770622140858","286520757","LavanyaBallal"
"1866328329043014093","Tue Dec 10 03:45:23 +0000 2024","5","6 hari lagi semakin Brilian dan Cemerlang Capaian membanggakan dan tertinggi sepanjang sejarah BRI catat laba sebesar Rp60 4 Triliun di tahun 2023 yang selanjutnya akan kembali ke negara dan dipergunakan untuk kepentingan rakyat Indonesia. Terus ikutin fakta-fakta menarik https://t.co/9v1u9W0lVr","1866328329043014093","https://pbs.twimg.com/amplify_video_thumb/1866328163154108417/img/0BmvErD9N8oKYPDJ.jpg","","in","Jl Jend Sudirman 44-46 Jakarta","0","15","1","https://x.com/BANKBRI_ID/status/1866328329043014093","1355939492","BANKBRI_ID"
"1646515833982840836","Thu Apr 13 14:09:00 +0000 2023","381","LULA praises BRICS' New Development Bank: The bank frees emerging countries from submission to traditional financial institutions which want to govern us... [showing] that the union of emerging countries is capable of creating social and economic changes relevant to the world. https://t.co/zl6u0ao1uI","1646515833982840836","https://pbs.twimg.com/ext_tw_video_thumb/1646515723551006720/pu/img/bPoTLW-94qniMFKl.jpg","","en","","7","10","122","https://x.com/upholdreality/status/1646515833982840836","1076661635819937797","upholdreality"
"1799025015129776290","Fri Jun 07 10:26:02 +0000 2024","359","Le Président de la République Son Excellence Monsieur Bassirou Diomaye Faye a reçu en audience hier Sidi Ould Tah Président de la Banque Arabe pour le Développement Économique en Afrique (BADEA) et Serge Ekué Président de la Banque Ouest-Africaine de Développement (BOAD) https://t.co/Kf0wdUiaf7","1799025015129776290","https://pbs.twimg.com/media/GPdrtYQWMAAPxo5.jpg","","fr","Canada🇨🇦 🇸🇳","0","0","27","https://x.com/ly_citizen/status/1799025015129776290","1409445799403134980","ly_citizen"
"1091643351516860416","Sat Feb 02 10:23:51 +0000 2019","302","Total profit yg dihasilkan seluruh BUMN Indonesia tahun 2018 adalah sekitar Rp 200 triliun - sebuah pencapaian yg epik. Penyumbang laba terbesar spt biasanya adalah Bank BRI. Laba mrka thn 2018 tembus Rp 32 triliun. Emejing. Disusul laba Bank Mandiri Rp 24 triliun.","1091643351516860416","","","in","","30","20","355","https://x.com/Strategi_Bisnis/status/1091643351516860416","190535830","Strategi_Bisnis"
"1783391744177930550","Thu Apr 25 07:05:00 +0000 2024","0","sangat kagum sekali aku dengan bank bri karena sangat totalitas sekali dalam servicenya sehingga bisa membukukan laba sebanyak 15 98 triliun rupiah #BRIFokusUMKM https://t.co/XpblI4Ts0z","1783391744177930550","https://pbs.twimg.com/media/GL_Tqoja4AAWuin.jpg","","in","","0","0","0","https://x.com/Kdzaa_/status/1783391744177930550","3003063804","Kdzaa_"
"1865012768979435687","Fri Dec 06 12:37:49 +0000 2024","344","Good morning everyone Bernard Arnault added more $LVMH over $3 million worth of share and $81 million in less than 30 days $BABA bought $200 million worth of shares this week $LVMH insiders: https://t.co/uxt70FqaEB","1865012768979435687","https://pbs.twimg.com/media/GeHacuQXgAAymlE.jpg","","en","","0","10","32","https://x.com/BourbonCap/status/1865012768979435687","251912158","BourbonCap"
"1635936108931608576","Wed Mar 15 12:06:43 +0000 2023","9","Laba Bank Mandiri jg naik tajam tahun lalu. Tembus Rp 41 triliun. Ini pertama kali dlm sejarah laba Mandiri bisa lampaui laba bank BCA yg tahun lalu raih laba Rp 40 t. Kinerja bank adalah indikator utama ekonomi. Laba BRI Mandiri x BCA semua melesat kuat. https://t.co/3h206eYAup","1635975812343291910","https://pbs.twimg.com/media/FrQnVL_aAAAIi8L.jpg","Strategi_Bisnis","in","","0","1","16","https://x.com/Strategi_Bisnis/status/1635975812343291910","190535830","Strategi_Bisnis"
"1783332303219081386","Thu Apr 25 03:08:48 +0000 2024","36","Sobat BRI Di tengah gejolak kondisi ekonomi dan geopolitik global BRI mampu membukukan pertumbuhan laba yang positif dimana hingga akhir Triwulan I Tahun 2024 BRI secara konsolidasian berhasil mencetak laba sebesar Rp15 98 triiliun. Melalui pencapaian kinerja ini BRI https://t.co/n0O4bWEk1H","1783332303219081386","https://pbs.twimg.com/media/GL-rRZGa0AAGbm2.jpg","","in","Jl Jend Sudirman 44-46 Jakarta","0","19","2","https://x.com/BANKBRI_ID/status/1783332303219081386","1355939492","BANKBRI_ID"
"1517603240728317952","Fri Apr 22 20:36:22 +0000 2022","1480","Beste Barbera Baarsma Sinds heugenis heb ik een bankrekening gehad bij de Rabobank omdat het bij wet verplicht is een bankrekening te hebben. Het kon me niet zoveel schelen waar ik een rekening had. Nu ligt dat anders. Nu ga ik zoeken naar een andere bank. De ballen! https://t.co/bLuHPkTGvW","1517603240728317952","https://pbs.twimg.com/media/FQ-cGp0XEAMeop0.jpg","","nl","","23","86","343","https://x.com/lanedirt/status/1517603240728317952","1466323931435044871","lanedirt"
"1752842809735045426","Wed Jan 31 23:54:26 +0000 2024","945","Thn 2030an laba 3 RAKSASA bank BCA Mandiri x BRi masing2 akan tembus Rp 200 TRILIUN. Jauhhhhhh tinggalkan sektor lainnya. Knp? Bank = ekonomi RI. Selama gdp naik bank pasti akan jaya. Pelumas mesin ekonomi namanya kredit. Tanpa kredit mesin ekonomi mogok total.","1752842809735045426","","","in","","21","36","222","https://x.com/Strategi_Bisnis/status/1752842809735045426","190535830","Strategi_Bisnis"
"1813170478061687100","Tue Jul 16 11:15:03 +0000 2024","701","UPDATE: Governor of Lagos State Mr @jidesanwoolu arrives at the Official launch of the First Branch of Nova Bank Limited (After Newly Converting to a Commercial Bank) at 18 Kofo Abayomi Street Victoria Island Lagos. This is their first branch as a Commercial Bank. https://t.co/NfECkAQxdg","1813170478061687100","https://pbs.twimg.com/amplify_video_thumb/1813170321651793920/img/UfJtXOF9DDXKZJ19.jpg","","en","Lagos, Nigeria","32","59","168","https://x.com/Mr_JAGs/status/1813170478061687100","903010735105740814","Mr_JAGs"
"1358937908757975041","Tue Feb 09 00:36:59 +0000 2021","295","Laba bank BRI tahun 2020 anjlok 43%. Laba bank Mandiri turun 37%. Penurunan laba yg amat signifikan. Namun laba BCA hanya turun 5% tahun 2020 lalu. Daya resiliensi dan strategi efisiensi BCA sungguh epik.","1358937908757975041","","","in","","34","27","133","https://x.com/Strategi_Bisnis/status/1358937908757975041","190535830","Strategi_Bisnis"
"1755141200498368830","Wed Feb 07 08:07:25 +0000 2024","65","Laba BRI bisa untuk rakyat?? Emang bisa?? Baca lebih lanjut yuk! #BRI #MemberiMaknaIndonesia https://t.co/XRCEiC4aKO","1755141200498368830","https://pbs.twimg.com/media/GFuDnLubQAALlC-.jpg","","in","Jl Jend Sudirman 44-46 Jakarta","0","73","6","https://x.com/BANKBRI_ID/status/1755141200498368830","1355939492","BANKBRI_ID"
"1783484618605506907","Thu Apr 25 13:14:03 +0000 2024","3","PT Bank Rakyat Indonesia Tbk (BRI) mencatat laba periode berjalan yang dapat diatribusikan kepada pemilik entitas induk sepanjang periode kuartal I-2024 senilai Rp 15 98 triliun. Yuk simak informasi selengkapnya disini. #EsensiTV #BeritaTerkini #BRI #Bank #BRImo #keuangan #Fyp https://t.co/XcgN17pcM1","1783484618605506907","https://pbs.twimg.com/ext_tw_video_thumb/1783484114114670592/pu/img/Y6cZaWXzrgU7P05n.jpg","","in","Indonesia","0","0","0","https://x.com/Esensi_TV/status/1783484618605506907","1656562862201122817","Esensi_TV"
"1783388173068050527","Thu Apr 25 06:50:48 +0000 2024","2","mantap nih bank bri bukukan laba dengan nominal rp 15 98 triliun dan bri akan lebih fokus ke pemberdayaan umkm. #BRIFokusUMKM nih beritanya gaes https://t.co/KD5rAh3OkR https://t.co/5PDKaagykq","1783388173068050527","https://pbs.twimg.com/media/GL_eF6UbQAA159Y.jpg","","in","❤ TMG ","0","0","7","https://x.com/gembulll29/status/1783388173068050527","2229939529","gembulll29"
"1864616906550071712","Thu Dec 05 10:24:48 +0000 2024","1","Video: Adu Laba 4 Bank Besar: BRI BCA BNI Mandiri Ini Pemenangnya! https://t.co/mvBj8CGXEM","1864616906550071712","","","in","Jakarta Capital Region","0","0","0","https://x.com/cnbcindonesia/status/1864616906550071712","847372542830444544","cnbcindonesia"
"1709865503408222546","Thu Oct 05 09:37:58 +0000 2023","199","A booked and busy millennial ‍️. I m constantly running between theatre caring for my patients at my private practice and actual running on the promenade. Standard Bank Private Banking gives me 24/7 access to a private banker. #whoyoudoitfor #SBlove @StandardBankZA https://t.co/icIMOPu4jK","1709865503408222546","https://pbs.twimg.com/ext_tw_video_thumb/1709865390308769792/pu/img/sUXsPKgJ5Vw7uTS3.jpg","","en","Cape Town, South Africa","1","1","30","https://x.com/lazyorlaylah/status/1709865503408222546","1364091533268549639","lazyorlaylah"
"1769597956540477781","Mon Mar 18 05:33:25 +0000 2024","0","Adu Laba Bank Raksasa ASEAN BRI Rangking Berapa? https://t.co/zP5Rt4zNCT","1769597956540477781","","","in","Jakarta Capital Region","0","0","0","https://x.com/cnbcindonesia/status/1769597956540477781","847372542830444544","cnbcindonesia"
"1852261575274697126","Fri Nov 01 08:09:07 +0000 2024","0","Adu Laba Big Bank September 2024 : Laba BRI Paling Jumbo! https://t.co/MNvLeUbOaS","1852261575274697126","","","tl","Jakarta Capital Region","0","0","0","https://x.com/cnbcindonesia/status/1852261575274697126","847372542830444544","cnbcindonesia"
"1851918756219646207","Thu Oct 31 09:26:53 +0000 2024","0","Bank BRI Cetak Laba Rp45 36 Trilliun IHSG Tertahan https://t.co/AyI9nuByUb","1851918756219646207","","","in","Indonesia","0","0","0","https://x.com/rmol_id/status/1851918756219646207","990237626","rmol_id"
"1654757085509451781","Sat May 06 07:56:47 +0000 2023","416","$LAMBO is officially listed on LBank! https://t.co/y7buciHHWI More details https://t.co/WUsuEaHkNG https://t.co/mhByNlM7EW","1654757085509451781","https://pbs.twimg.com/media/FvbgrD0aUAAc3cx.jpg","","en","","12","102","155","https://x.com/LamboERC/status/1654757085509451781","1652071533026631690","LamboERC"
"1853993636943519883","Wed Nov 06 02:51:43 +0000 2024","0","10 Bank Pencetak Laba Terbesar Kuartal III/2024: Ada BRI - Mandiri https://t.co/RDi1NAYCBj","1853993636943519883","","","in","Jakarta Capital Region","0","0","0","https://x.com/cnbcindonesia/status/1853993636943519883","847372542830444544","cnbcindonesia"
"1756970153731088749","Mon Feb 12 09:15:02 +0000 2024","4","Bank Mandiri dan BRI Pecahkan Rekor Laba dan Harga Saham Tertinggi Dalam Sejarah https://t.co/m1FvTeyviq #Bisnisperbankan","1756970153731088749","","","in","Jakarta, Indonesia","0","0","2","https://x.com/KontanNews/status/1756970153731088749","43799886","KontanNews"
"1786684896653758804","Sat May 04 09:10:49 +0000 2024","0","Daftar 10 Bank dengan Laba Terbesar di Indonesia BRI Kalahkan BCA https://t.co/3EiE2icPiM","1786684896653758804","","","in","Jakarta Capital Region","0","0","0","https://x.com/cnbcindonesia/status/1786684896653758804","847372542830444544","cnbcindonesia"
"1752569900932218989","Wed Jan 31 05:50:00 +0000 2024","0","hingga akhir desember 2023 bank bri cetak laba rp 60 4 t semakin kuat dan hebat untuk meraih target semangat selalu untuk berikan yang terbaik pasti bisa mencapai laba yang semakin tinggi #LabaUntukRakyat https://t.co/DMBt2gzJyp https://t.co/9LWsOJyvBz","1752569900932218989","https://pbs.twimg.com/media/GFJaViqagAAv6i8.jpg","","in","","0","0","0","https://x.com/Sitimari8/status/1752569900932218989","1398310445971214337","Sitimari8"
"1754091176964280505","Sun Feb 04 10:35:00 +0000 2024","4","Laba Big Bank Indonesia 2023 yang sudah rilis: BRI: Rp 60 triliun BMRI (Mandiri): Rp 55 triliun BCA: Rp 48 triliun apakah pertanda dividen tahun ini akan besar? ","1754091176964280505","","","in","Jakarta","1","0","0","https://x.com/benvaldi/status/1754091176964280505","110059539","benvaldi"
"1753722318017515556","Sat Feb 03 10:09:17 +0000 2024","462","Laba sektor lain jauh tertinggal. Misal di peringkat setelah bank labanya sbb : Astra = Rp 25 triliun Telkom = Rp 24 triliun Adaro = Rp 20 triliun Dibanding laba BRI yg Rp 60T gak ada separonya. Di thn 2030 laba big banks akan makin jauh tinggalkan astra telkom &amp; adaro.","1753722318017515556","","","in","","9","22","86","https://x.com/Strategi_Bisnis/status/1753722318017515556","190535830","Strategi_Bisnis"
"1801177001530913241","Thu Jun 13 08:57:17 +0000 2024","18","Penerima dividen termasuk Bank Mandiri BNI BRI dan publik. Kinerja solid BSI tahun 2023 tercermin dari laba bersih Rp5 7 triliun. Selain dividen 20% laba disisihkan sebagai cadangan wajib sisanya untuk laba ditahan.","1801177008149586313","","bankbsi_id","in","Jakarta, Indonesia","0","1","1","https://x.com/bankbsi_id/status/1801177008149586313","141500996","bankbsi_id"
"1820021838174421247","Sun Aug 04 08:59:55 +0000 2024","0","Missed a Event From #LBank? Dont Worry @LBank_Exchange Got you an Amazing Recap of all events. Wild ride last week! Have fun! #LBankAngel","1820021838174421247","","","en","","0","30","0","https://x.com/nade_zhada/status/1820021838174421247","632261199","nade_zhada"
"1816342056920572191","Thu Jul 25 05:17:49 +0000 2024","55","BRI berhasil tumbuh selektif dan prudent dengan memperoleh Laba Rp29 90 triliun. Segmen UMKM masih mendominasi penyaluran kredit BRI dengan porsi mencapai 81 96% dari total penyaluran kredit BRI atau sekitar Rp1.095 64 triliun. Disamping mendorong pergerakan ekonomi BRI akan https://t.co/hf91ZY1JMG","1816342067439919285","https://pbs.twimg.com/media/GTTxez_aYAUCCXD.jpg","BANKBRI_ID","in","Jl Jend Sudirman 44-46 Jakarta","0","63","1","https://x.com/BANKBRI_ID/status/1816342067439919285","1355939492","BANKBRI_ID"
"1725120372465455552","Thu Nov 16 11:55:22 +0000 2023","1322","Caro amico immaginario se hai un debito di 100 euro con la tua banca ti faranno pagare tutto con gli interessi o ti porteranno via anche il letto. Se invece ti chiami Lapo Elkann imprenditore più che improbabile capace di accumulare debiti per circa 24 milioni allora la https://t.co/li0UyRlVaZ","1725120372465455552","https://pbs.twimg.com/media/F_DbneeW4AAEEtJ.png","","it","Reggio Emilia","41","169","463","https://x.com/pierpi13/status/1725120372465455552","1347561192","pierpi13"
"1833955273591173579","Wed Sep 11 19:46:25 +0000 2024","0","Exciting news fam! #LBank is celebrating its 9th anniversary with a $300K prize pool to boost the #Polkadot ecosystem! Partnering with @Polkadot @PolimecProtocol @Deloitte and @gotem_io it s time to seize these gains! Join the airdrop and lucky draw today! #LBankAngel","1833955273591173579","","","en","","0","28","0","https://x.com/nade_zhada/status/1833955273591173579","632261199","nade_zhada"
"1753278112950042983","Fri Feb 02 04:44:11 +0000 2024","83","Sepanjang tahun 2023 BRI semakin Kuat &amp; Hebat dengan cetak laba Rp60 4 Triliun. Dengan pencapaian ini BRI akan terus berkomitmen menjalankan kontribusi demi negeri dan tentunya masyarakat. #BRI #MemberiMaknaIndonesia #LabaUntukRakyat https://t.co/iN4NQnOXiP","1753278112950042983","https://pbs.twimg.com/amplify_video_thumb/1753277892568715264/img/5v82UpGWe_osageb.jpg","","in","Jl Jend Sudirman 44-46 Jakarta","0","89","7","https://x.com/BANKBRI_ID/status/1753278112950042983","1355939492","BANKBRI_ID"
"1413466125371727877","Fri Jul 09 11:52:39 +0000 2021","680","Lotaogaseee sekarang BCA gak mau kalah ikutan bikin Bank Digital juga? Namanya BLU by BCAdigital Ini entitas yg berbeda dari Bank BCA konvensional. Semua serba digital. Mari kita kupas apa kelebihan dan kekurangannya : https://t.co/bsO5YBopJi","1413466125371727877","https://pbs.twimg.com/media/E52j800VgAUMa-Z.jpg","","in","Jakarta Capital Region","56","28","183","https://x.com/BanyuSadewa/status/1413466125371727877","55108943","BanyuSadewa"
"1753402217275728313","Fri Feb 02 13:02:54 +0000 2024","0","bank Bri kembali memuncaki laba tertinggi https://t.co/fhQLqre69B","1753403621373624513","https://pbs.twimg.com/media/GFVW9DBa4AAsn4r.png","profesor_saham","in","Always in your heart","1","1","0","https://x.com/profesor_saham/status/1753403621373624513","1345898259445817345","profesor_saham"
"1681571556185739265","Wed Jul 19 07:47:55 +0000 2023","171","We are now live! You can supply your ETH to LineaBank on the @LineaBuild mainnet. Bridge https://t.co/UrWkZeLSDW ️ The $LAB rewards will start being distributed in the next few hours. https://t.co/3P5EJZqW05 https://t.co/WCmZcWshod","1681571556185739265","https://pbs.twimg.com/media/F1YkamuaUAEG9PG.jpg","","en","Omnichain","3","7","103","https://x.com/LayerBankFi/status/1681571556185739265","1654002844041904129","LayerBankFi"
"1389105855992254467","Mon May 03 06:33:39 +0000 2021","3502","[IG] 210503 CEO of @Bulgariofficial Jean-Christophe Babin (jc.babin) update with Lisa: https://t.co/aqaYarOCKo 블랙핑크 리사 #LISA #리사 #BLACKPINK #블랙핑크 #LALISA @BLACKPINK https://t.co/WbhoV0dm5p","1389105855992254467","https://pbs.twimg.com/media/E0cYaMmVoAIFamN.jpg","","ko","","108","31","1769","https://x.com/LSNTEAM_/status/1389105855992254467","1307685076080107521","LSNTEAM_"
"1821643166984102368","Thu Aug 08 20:22:30 +0000 2024","3","#LBank have a new #contest Get into #ReadToEarn campaign with Answers! Rules Get Ready! #LBankAngel","1821643166984102368","","","en","","0","30","0","https://x.com/nade_zhada/status/1821643166984102368","632261199","nade_zhada"
"1824868287026528612","Sat Aug 17 17:57:58 +0000 2024","8","Celebrating 9 Years with #LBank! Porsche prizes and endless adventures what more could you ask for? Dive into the excitement and let s make history together! Time to ride the wind and chase those rewards. #LBankTurns9 #Crypto #LBankAngel","1824868287026528612","","","en","","0","33","3","https://x.com/nade_zhada/status/1824868287026528612","632261199","nade_zhada"
"1831828006098366829","Thu Sep 05 22:53:25 +0000 2024","0","Wow I m blown away by the pictures from last week s yacht event with @KaspaCurrency! The networking gourmet bites and drinks on the open sea look absolutely incredible. #LBank truly knows how to throw a spectacular event. #LBank #Kaspa #YachtVibes #LbankAngel","1831828006098366829","","","en","","0","30","0","https://x.com/nade_zhada/status/1831828006098366829","632261199","nade_zhada"
"1485187317132410880","Sun Jan 23 09:47:04 +0000 2022","809","[IG] 220123 CEO of Bulgari Jean-Christophe Babin IG update with #LISA https://t.co/ScS5OcSpnG 블랙핑크 리사 #LISA #리사 #リサ #ลิซ่า @BLACKPINK https://t.co/CiuX0yrtGb","1485187317132410880","https://pbs.twimg.com/media/FJxx-tBakAArSuY.jpg","","ko","LISA MOONLIT FLOOR🌙✨","4","4","332","https://x.com/Lsglobal_/status/1485187317132410880","1259799576145350657","Lsglobal_"
"1816323785420923066","Thu Jul 25 04:05:10 +0000 2024","0","PT Bank Rakyat Indonesia Tbk (BBRI) membukukan laba bersih sebesar Rp 29 9 triliun pada semester I-2024 naik sekitar 1% dari Rp 29 6 triliun pada periode yang sama tahun lalu. Simak selengkapnya: https://t.co/cLKqKZjeML Foto: BRI https://t.co/3TVhc57JaW","1816323785420923066","https://pbs.twimg.com/media/GTTg1dyaYAE5GL_.jpg","","in","Jakarta","0","0","0","https://x.com/BloombergTZ/status/1816323785420923066","1582972008479920129","BloombergTZ"
"1752570168205877674","Wed Jan 31 05:51:03 +0000 2024","1","wah keren banget bank bri semakin kuat dan hebat hingga cetak laba rp 60 4 triliun penasaran kan nih bri ungkap rahasia di balik laba tersebut #LabaUntukRakyat https://t.co/Cd1lHujPRD https://t.co/NnAKfBLXgy","1752570168205877674","https://pbs.twimg.com/media/GFJhR7obkAAibz4.jpg","","in","❤ TMG ","0","0","0","https://x.com/gembulll29/status/1752570168205877674","2229939529","gembulll29"
"1752569942921085023","Wed Jan 31 05:50:10 +0000 2024","79","wih keren nih bri berhasil cetak laba 60 4t loh bener-bener bri makin kesini semakin kuat dan hebat! #LabaUntukRakyat https://t.co/8cGDLUHXTc https://t.co/9bzVtnaFCd","1752569942921085023","https://pbs.twimg.com/media/GFJhEmAa4AAA7Ti.jpg","","in","Surakarta, Jawa Tengah","2","188","62","https://x.com/Onyekcuuu/status/1752569942921085023","1167725565291331584","Onyekcuuu"
"1849332762211463328","Thu Oct 24 06:11:04 +0000 2024","0","Bank Digital Anak Usaha BRI Catat Laba Melesat 130% https://t.co/moBDUZiwec","1849332762211463328","","","in","Jakarta","0","0","0","https://x.com/BloombergTZ/status/1849332762211463328","1582972008479920129","BloombergTZ"
"1851594429913788757","Wed Oct 30 11:58:07 +0000 2024","4","Bank BRI Cetak Laba Bersih Rp45 36 Triliun hingga Akhir Triwulan III 2024 https://t.co/CE5kNdg9Uf","1851594429913788757","","","in","Indonesia","0","0","0","https://x.com/KompasTV/status/1851594429913788757","71436318","KompasTV"
"1863194510525952147","Sun Dec 01 12:12:42 +0000 2024","0","Kalau gw lihat di tiktok tentang keluhan karyawan bank bri gw miris. jangan2 laba bri selama ini di bangun dari kezaliman bank bri kepada karyawannya.","1863194510525952147","","","in","","0","1","0","https://x.com/FafaganFatagan/status/1863194510525952147","1702574302405758976","FafaganFatagan"
"1816338897779188149","Thu Jul 25 05:05:13 +0000 2024","1","Bank BRI Cetak Laba Rp29 90 T di Triwulan II 2024 https://t.co/8XBkOn87A7","1816338897779188149","","","in","Indonesia","0","1","0","https://x.com/KompasTV/status/1816338897779188149","71436318","KompasTV"
"1694690531807572046","Thu Aug 24 12:38:03 +0000 2023","0","20 Emiten dengan Laba Terbesar pada Kuartal II Bank BRI Juara https://t.co/5lnenoawnA","1694690531807572046","","","in","Jakarta","0","0","0","https://x.com/BloombergTZ/status/1694690531807572046","1582972008479920129","BloombergTZ"
"1545427596741148672","Fri Jul 08 15:20:26 +0000 2022","200","Oh you haven't heard? We've partnered up with LHV Bank! With LHV being the biggest financial group in Estonia this partnership will bring EU/SEPA payments to Babb for a more inclusive transparent safer and less costly transaction experience! #getbabb #lhvbank #DeFi https://t.co/2ziMwtbJ8B","1545427596741148672","https://pbs.twimg.com/media/FXJ0sBFWIAELu20.jpg","","en","London","9","30","72","https://x.com/getbabb/status/1545427596741148672","905479844426907649","getbabb"
"1369283523593535497","Tue Mar 09 13:46:46 +0000 2021","1271","It shall not be well with UBA! Worst bank ever!...they made me lose a lot of money today ","1369283523593535497","","","en","Pioneer Cars","17","138","151","https://x.com/Kinglamarr___/status/1369283523593535497","1184956633379737600","Kinglamarr___"
"1809265015515386264","Fri Jul 05 16:36:08 +0000 2024","2370","Don't miss out on a day of sun sand and savings. Enjoy 10% off when you pay with your Absa Card at Labadi Beach Hotel. #AbsaGhana #YourStoryMatters","1809265015515386264","","","en","Ghana","2","13","72","https://x.com/AbsaGhana/status/1809265015515386264","3256216479","AbsaGhana"
"1091643351516860416","Sat Feb 02 10:27:46 +0000 2019","17","Laporan keuangan 2018 sejumlah BUMN belum kelar. Namun laba bank BRI dan Mandiri diatas kemungkinan besar ada diangka tsb. Btw total laba BUMN tahun 2017 adalah Rp 183 triliun. Jadi wajar kalau tahun 2018 bisa tembus Rp 200 triliun. Itu data real ya. Bukan pakai feeling.","1091644338143019010","","Strategi_Bisnis","in","","0","3","6","https://x.com/Strategi_Bisnis/status/1091644338143019010","190535830","Strategi_Bisnis"
"1234819205582721028","Tue Mar 03 12:33:35 +0000 2020","298","Les Nigérians ont #UBA - #Access Bank #FNB Bank; Les Kenyans ont #Equity Bank Les sud-africains ont la #Stanbic Bank... Les Libanais ont la #Sofibanque ; Les indiens on la #Rawbank ; Les belges ont la #BCDC ; Les CONGOLAIS ont quoi déjà ? Retroussons nos manches !! https://t.co/jN7dzFkdfh","1234819205582721028","https://pbs.twimg.com/media/ESL1VUBW4Ag0UnE.jpg","","fr","Congo - DRC","21","158","89","https://x.com/KakelMbumb/status/1234819205582721028","3756465741","KakelMbumb"
"1503694071960784898","Tue Mar 15 11:26:18 +0000 2022","5177","CEO บาบินบอก ถ้าลิซ่าไปพักโรงแรม Bulgari ที่ดูไบเมื่อไหร่ขอแค่บอก ทาง Bulgari ยิ่งกว่ายินดีที่จะต้อนรับลิซ่าสู่บ้านของ Bulgari ที่ดูไบ LISA IN ETERNAL CITY #LalisaRomana https://t.co/GOHkGBQJ0X","1503694071960784898","https://pbs.twimg.com/media/FN4xyNCagAEnhyt.jpg","","th","","61","116","5260","https://x.com/lili_fanboy/status/1503694071960784898","1371474650","lili_fanboy"
"1851836675649081358","Thu Oct 31 04:00:43 +0000 2024","0","BRI dan Bank Mandiri Cetak Laba Rp 87 Triliun https://t.co/4c2BiMknvn #InvestorDaily #investasi #Saham","1851836675649081358","","","in","Jakarta, Indonesia","0","0","0","https://x.com/InvestorID/status/1851836675649081358","238091066","InvestorID"
"1757216264324591672","Tue Feb 13 01:32:59 +0000 2024","7","Apakah bank Mandiri BCA dan BRI terlalu serakah meraup laba? #bank #bca... https://t.co/sYrmlgHU57 via @YouTube","1757216264324591672","","","in","","0","2","0","https://x.com/Strategi_Bisnis/status/1757216264324591672","190535830","Strategi_Bisnis"
"1762902515077759286","Wed Feb 28 18:08:07 +0000 2024","3","Klasemen 10 Bank Peraih Laba Paling Tebal 2023: BRI Jawara BTN Masuk Daftar https://t.co/OKuY8ZJ4NJ","1762902515077759286","","","in","Jakarta, Indonesia","0","0","1","https://x.com/Bisniscom/status/1762902515077759286","118646322","Bisniscom"
"1296836937802645504","Fri Aug 21 15:49:54 +0000 2020","914","Bulgari CEO Jean Christophe Babin มากดฟอล LISA แล้วดีใจมากกกก ระดับ CEO มาฟอลน้องเลยนะ แล้ววันก่อน CEO ประมาณ4-5คน ก็มากดไลค์รูปของน้อง ปังจริงๆเจ้าเด็กกกก #LISA #LALISA #리사 https://t.co/Zg62FoKI7I","1296836937802645504","https://pbs.twimg.com/media/Ef9KUAbU0AoSpxH.jpg","","th","","2","1","783","https://x.com/jayshrewsburyy/status/1296836937802645504","1124198522838851584","jayshrewsburyy"
"1764265262747173268","Sun Mar 03 12:23:11 +0000 2024","12","PT Bank Rakyat Indonesia Tbk (Persero) akan membagikan dividen senilai Rp 48 1 triliun dari laba tahun 2023. https://t.co/PrKMfODI6c","1764265262747173268","","","in","Jakarta","1","1","2","https://x.com/kompascom/status/1764265262747173268","23343960","kompascom"
"1825903036289659260","Tue Aug 20 14:29:42 +0000 2024","0","Dengan laba bersih Rp 60 1 triliun BRI terus memimpin sebagai bank terbesar di Indonesia. #BRIBestBank #BriliandanCemerlang #qrislink https://t.co/30zn6BYRLh","1825903036289659260","https://pbs.twimg.com/media/GVbpINpaMAADb-y.jpg","","in","Indonesia","0","0","0","https://x.com/dominidesu/status/1825903036289659260","1749998636472352768","dominidesu"
"1825901164967375198","Tue Aug 20 14:22:15 +0000 2024","0","BRI berhasil mencatatkan laba bersih Rp 60 1 triliun di tahun 2023 memperkuat posisinya sebagai bank terbesar di Indonesia. #BRIBestBank #BriliandanCemerlang #qrislink https://t.co/mDQ291TzMi","1825901164967375198","https://pbs.twimg.com/media/GVbnbW6boAASBTW.jpg","","in","Indonesia","0","0","0","https://x.com/bolangso/status/1825901164967375198","1749976008747573248","bolangso"
"1708687715850744122","Mon Oct 02 03:37:51 +0000 2023","553","jc . babin CEO เป็นทุกอย่างให้ลิซ่าแล้ว ขอแสดงความยินดี @ lalalalisa_m สำหรับการแสดงที่ไม่ธรรมดาของคุณ . รอคอยที่จะพบคุณในฝรั่งเศสสำหรับโครงการใหม่ของเรา แล้วอิygจะ ประกาศเรื่องสัญญากี่โมง! #LISA #LALISA https://t.co/bI449GuDiW","1708687715850744122","https://pbs.twimg.com/media/F7Z6a2gaUAAcMOm.jpg","","th","","0","2","315","https://x.com/Fighting__68/status/1708687715850744122","975214184353841152","Fighting__68"
"1816332122531192867","Thu Jul 25 04:38:18 +0000 2024","1","PT. Bank Rakyat Indonesia (Persero) Tbk dan entitas perusahaan anak atau BRI Group berhasil mencatatkan kinerja positif dan berkelanjutan hingga akhir Triwulan II 2024. Dengan pertumbuhan yang selektif dan prudent BRI secara konsolidasian berhasil mencetak laba Rp29 90 triliun. https://t.co/B5oc8xHO6p","1816332122531192867","https://pbs.twimg.com/media/GTToXqfbQAAZWHO.jpg","","in","","0","0","0","https://x.com/Metro_TV/status/1816332122531192867","57261519","Metro_TV"
"1103200413820559360","Wed Mar 06 07:47:29 +0000 2019","197","[BTS COLLAB] La banque 'KB Kookmin' a publié le Making Of de leur publicité 'Liiv x BTS' avec les @BTS_twt sur YouTube Full version: https://t.co/2JmuGmtVwl https://t.co/Lfa5LkeHEE","1103200413820559360","","","fr","France","0","1","27","https://x.com/BTSFRANCE_/status/1103200413820559360","846112272078524416","BTSFRANCE_"
"1567849489456578568","Thu Sep 08 12:17:02 +0000 2022","264"," LBank will support the 1.2% tax burn proposal of the Terra Classic (LUNC) community Details: https://t.co/EOHfsSefdB #crypto #LBank https://t.co/IrlZm2jEoc","1567849489456578568","https://pbs.twimg.com/media/FcIezVPXoAIkBGU.jpg","","en","","19","40","105","https://x.com/LBank_Exchange/status/1567849489456578568","913302048564637696","LBank_Exchange"
"1456631186638389254","Fri Nov 05 14:35:12 +0000 2021","731","$DBA #Airdrop 400 lucky winners share 161 $DBA: Follow us and @DafriBank 1️⃣RT &amp; Add $DBA #LBank &amp; @ 3Friends 2️⃣Join: https://t.co/3UkM4ZOx3v 3️⃣Fill in: https://t.co/WpL2ETDxlA ⏰: Nov 11 Trade DBA: https://t.co/mlrlplqaVT #crypto #giveaway https://t.co/HVlatvA1zI","1456631186638389254","https://pbs.twimg.com/media/FDb-WFZWYAM8ghx.jpg","","en","","909","576","500","https://x.com/LBank_Exchange/status/1456631186638389254","913302048564637696","LBank_Exchange"
"1091643351516860416","Sat Feb 02 10:33:28 +0000 2019","20","Tiga bank BUMN besar yakni Bank BRI Bank Mandiri dan BNI memang selalu mampu sumbang laba yg tinggi diantara BUMN lainnya. Trio bank besar yg sahamnya juga lumayan oke jika dikoleksi.","1091645770594320384","","Strategi_Bisnis","in","","3","3","14","https://x.com/Strategi_Bisnis/status/1091645770594320384","190535830","Strategi_Bisnis"
"1784150520648872140","Sat Apr 27 09:20:06 +0000 2024","0","Maksimalkan Ekosistem BRI Laba Kuartal Pertama Bank Raya Capai Rp 9 16 M https://t.co/nrZUCauNAD #TempoBisnis","1784150520648872140","","","in","Indonesia","0","0","0","https://x.com/tempodotco/status/1784150520648872140","18129942","tempodotco"
"1699293408550932873","Wed Sep 06 05:28:14 +0000 2023","506","Bbva banca spagnola porta al 4% il tasso a favore dei depositanti italiani. È la concorrenza che favorisce il cittadino non la tassazione punitiva. Peccato che questa notizia sia stata nascosta.","1699293408550932873","","","it","","5","41","111","https://x.com/DavideGiac/status/1699293408550932873","817413728","DavideGiac"
"1851624662624792851","Wed Oct 30 13:58:15 +0000 2024","0","Daftar 4 Bank Kakap RI Cetak Laba Terbesar di Kuartal III-2024 BRI Tembus Rp45 36 Triliun https://t.co/o0INXcMvnH","1851624662624792851","","","in","Jakarta Pusat, DKI Jakarta","0","0","0","https://x.com/SINDOnews/status/1851624662624792851","231355136","SINDOnews"
"1851515164987896261","Wed Oct 30 06:43:09 +0000 2024","0","Raup Laba Bersih Senilai Rp 45 36 Triliun Bank BRI (BBRI) Gelontorkan Kredit hingga Rp 1.353 Triliun. https://t.co/PQ12t0q1Zk #InvestorDaily #investasi #Saham","1851515164987896261","","","in","Jakarta, Indonesia","0","0","0","https://x.com/InvestorID/status/1851515164987896261","238091066","InvestorID"
"1729839653937897948","Wed Nov 29 12:28:07 +0000 2023","0","Bank Raya memperkuat posisinya sebagai bank digital milik BRI dan komitmen untuk terus mencetak laba secara berkelanjutan https://t.co/YNdDE5Tkhy","1729839653937897948","","","in","Jakarta, Indonesia","0","0","2","https://x.com/InvestorID/status/1729839653937897948","238091066","InvestorID"
"1212690381659426816","Thu Jan 02 11:01:32 +0000 2020","344","دموعك غالية ما تبكي.. يتعمّد مصرف @FransabankGroup النبطيّة اذلال المودعين وجعلهم ينتظرون ساعات طويلة وقد عمد منذ قليل الى رفض دفع الأموال وتم إغلاق الأبواب وتوقيف الأعمال كرمال هيك بكرا الساعة 10:30 صباحاً ضروري نوصّل الرسالة للفرع الرئيسي بالحمرا #لبنان_ينتفض #يسقط_حكم_المصرف https://t.co/mMbZTP2jqq","1212690381659426816","https://pbs.twimg.com/ext_tw_video_thumb/1212690315930480640/pu/img/bd27kclKtbhKABW3.jpg","","ar","","23","17","117","https://x.com/msmasref/status/1212690381659426816","1202283554836758529","msmasref"
"1827935396086563174","Mon Aug 26 05:05:34 +0000 2024","0","Adu Laba 4 Bank Terbesar RI (BRI Mandiri BNI BCA) Semester I/2024 Siapa Paling Moncer? https://t.co/PjT9tVO8PV","1827935396086563174","","","in","Jakarta, Indonesia","1","0","0","https://x.com/Bisniscom/status/1827935396086563174","118646322","Bisniscom"
"1816368057595617521","Thu Jul 25 07:01:06 +0000 2024","5","PT Bank Rakyat Indonesia (Persero) Tbk dan BRI Group mencatat kinerja positif hingga Triwulan II 2024. Dengan pertumbuhan selektif dan prudent BRI mencetak laba Rp29 90 triliun. Disampaikan Direktur Utama BRI Sunarso pada press conference kinerja keuangan di Jakarta (25/7). https://t.co/UWS4wSwwk6","1816368057595617521","https://pbs.twimg.com/media/GTUJGhDbEAA6auC.jpg","","in","","0","0","2","https://x.com/detikcom/status/1816368057595617521","69183155","detikcom"
"1552490454251618304","Thu Jul 28 03:05:42 +0000 2022","186","[BREAKING NEWS] Gak Kaleng-Kaleng! 6 Bulan Laba 24T BRI Group berhasil mencatatkan laba bersih senilai Rp.24 88 triliun atau tumbuh 98 38% year on year (yoy) dengan total aset meningkat 6 37% yoy menjadi Rp.1.652 84 triliun. #BRI #MemberiMaknaIndonesia #NggaKalengKaleng https://t.co/thZoFSIaAO","1552490454251618304","https://pbs.twimg.com/media/FYuN1RTaIAAOFhb.jpg","","in","Jl Jend Sudirman 44-46 Jakarta","24","75","85","https://x.com/BANKBRI_ID/status/1552490454251618304","1355939492","BANKBRI_ID"
"1851581630072434999","Wed Oct 30 11:07:15 +0000 2024","0","Adu Tebal Pertumbuhan Laba Bersih Empat Bank Jumbo BCA BRI Mandiri dan BNI https://t.co/GVYHabAapi https://t.co/0QeE3jRA9I","1851581630072434999","https://pbs.twimg.com/media/GbIjrhCbIAAwaMJ.jpg","","in","Indonesia","0","0","0","https://x.com/bisnisindo_id/status/1851581630072434999","1330791552583548932","bisnisindo_id"
"1829062202663321825","Thu Aug 29 07:43:06 +0000 2024","0","Laba Bank BRI (BBRI) Capai Rp 29 89 Triliun Semester I 2024 https://t.co/ELjqiMVfpv #beritasatu #news #berita","1829062202663321825","","","in","Jakarta","0","0","0","https://x.com/Beritasatu/status/1829062202663321825","154102750","Beritasatu"
"1603101010402185218","Wed Dec 14 18:53:59 +0000 2022","474","LE GANG BANQUE : LA NEF EST-ELLE LE CHEVAL DE TROIE DE L ANTHROPOSOPHIE ? Depuis quelques mois la banque #LaNef a lancé une vaste campagne de communication sur son projet Le Big Banque : une levée de fonds de 30 000 millions d euros sur trois ans... THREAD À RT https://t.co/g5fhkWf1tA","1603101010402185218","https://pbs.twimg.com/media/Fj9Z2YhXEAInVC6.jpg","","fr","","46","18","316","https://x.com/ChocMeta/status/1603101010402185218","1098277484775333888","ChocMeta"
"1757320585590222984","Tue Feb 13 08:27:31 +0000 2024","0","Laba Bank Mandiri dan BRI Tembus Rp 115 5 T Saham Meroket https://t.co/xrbmK9P1ny","1757320585590222984","","","in","Kota Banjar, Jawa Barat","0","0","0","https://x.com/harapanrakyat_/status/1757320585590222984","239873274","harapanrakyat_"
"1825875769865941068","Tue Aug 20 12:41:21 +0000 2024","0","BRI terus menjadi bank terbesar di Indonesia dengan laba bersih Rp 60 1 triliun di tahun 2023. #BRIBestBank #BriliandanCemerlang #qrislink https://t.co/3pDeyyEAl4","1825875769865941068","https://pbs.twimg.com/ext_tw_video_thumb/1825875755659898880/pu/img/96njPDBi9_t1h8sX.jpg","","in","Indonesia","0","0","0","https://x.com/tupikbuhari/status/1825875769865941068","1749997545139609600","tupikbuhari"
"1752543252786651305","Wed Jan 31 04:04:06 +0000 2024","0","Lompatan Laba Bank Jumbo BRI BCA dan BNI sepanjang 2023 https://t.co/wG6Q9gWj5G","1752543252786651305","","","in","Jakarta, Indonesia","0","0","0","https://x.com/Bisniscom/status/1752543252786651305","118646322","Bisniscom"
"1825874795021611370","Tue Aug 20 12:37:28 +0000 2024","0","Dengan laba bersih Rp 60 1 triliun BRI terus menjadi bank terbesar di Indonesia dalam daftar Fortune Indonesia 100. #BRIBestBank #BriliandanCemerlang #qrislink https://t.co/HmMmpZ9rp1","1825874795021611370","https://pbs.twimg.com/ext_tw_video_thumb/1825874780404486144/pu/img/2vjD0gXWrTEzHXwd.jpg","","in","Indonesia","0","0","0","https://x.com/rfquizz/status/1825874795021611370","1749981123478994944","rfquizz"
"1825880768104771917","Tue Aug 20 13:01:12 +0000 2024","0","Dengan laba bersih Rp 60 1 triliun BRI menegaskan posisinya sebagai bank terbesar di Indonesia versi Fortune Indonesia 100. #BRIBestBank #BriliandanCemerlang #qrislink https://t.co/n5ENwEcUBK","1825880768104771917","https://pbs.twimg.com/ext_tw_video_thumb/1825880736869789703/pu/img/JfEEnpOL87F5YKy9.jpg","","in","Indonesia","0","0","0","https://x.com/kevinnfurhil/status/1825880768104771917","1754861858606194689","kevinnfurhil"
"1825879546106884302","Tue Aug 20 12:56:21 +0000 2024","0","Dengan laba bersih Rp 60 1 triliun BRI terus menjadi bank terbesar di Indonesia dalam daftar Fortune Indonesia 100. #BRIBestBank #BriliandanCemerlang #qrislink https://t.co/nnIVBnAX1H","1825879546106884302","https://pbs.twimg.com/ext_tw_video_thumb/1825879525420613632/pu/img/yz4pLx0uJQfbsfIH.jpg","","in","Indonesia","0","0","0","https://x.com/tonirubiantt/status/1825879546106884302","1754856107095609344","tonirubiantt"
"1868907131866693893","Tue Dec 17 06:32:37 +0000 2024","0","Merayakan HUT ke-129 Bank Rakyat Indonesia (BRI) membagikan dividen interim Rp135 per saham dengan total sebesar Rp20 46 triliun. Sebagian besar dividen akan disetorkan ke Pemerintah RI dengan sisanya untuk publik. Hingga Q3 2024 BRI berhasil mencatatkan laba bersih Rp45 36 https://t.co/JFeSrso9aC","1868907131866693893","https://pbs.twimg.com/media/Ge-xIG-bMAAKjFy.jpg","","in","Jakarta - Indonesia","0","0","0","https://x.com/mediaindonesia/status/1868907131866693893","68930552","mediaindonesia"
"1825876641782051296","Tue Aug 20 12:44:49 +0000 2024","0","BRI mencatatkan pertumbuhan pesat dengan laba bersih Rp 60 1 triliun di tahun 2023. BRI terus menjadi bank terdepan di Indonesia. #BRIBestBank #BriliandanCemerlang #qrislink https://t.co/BWRh28oZhe","1825876641782051296","https://pbs.twimg.com/ext_tw_video_thumb/1825876620902813696/pu/img/8V2OEIGuf00VVMdO.jpg","","in","Indonesia","0","0","0","https://x.com/aldiezer/status/1825876641782051296","1752896548814598144","aldiezer"
"1258074184225259520","Wed May 06 16:40:34 +0000 2020","175","BREAKING: Libra Association names HSBC chief legal officer Stuart Levey as CEO https://t.co/KoCxSVu6rZ","1258074184225259520","","","en","New York, NY","26","14","65","https://x.com/TheBlock__/status/1258074184225259520","963767159536209921","TheBlock__"
"1706310919159001395","Mon Sep 25 14:13:19 +0000 2023","281"," @lalalalisa_m estamos muy orgullosos de tenerte viviendo y asociandote con Bulgari El ceo de Bulgari Jean-Christophe Babin actualiza con Lisa vía ig https://t.co/H9o2g6ktA1","1706310919159001395","https://pbs.twimg.com/media/F64Iu6XX0AEs0Zz.jpg","","es","","0","0","40","https://x.com/bunnykjisoo/status/1706310919159001395","1157616062893940737","bunnykjisoo"
"1328723381705977856","Tue Nov 17 15:35:15 +0000 2020","259","Lakshmi Vilas Bank: 93% held by public 7% by promoters. All equity written down. LVB to be delisted effective merger date. Yikes. https://t.co/pMtgT5Lnuu","1328723381705977856","https://pbs.twimg.com/media/EnCSz8gW4AIKgTw.jpg","","en","","8","30","60","https://x.com/menakadoshi/status/1328723381705977856","111416258","menakadoshi"
"1389162668330668032","Mon May 03 10:19:24 +0000 2021","331","Jean-Christophe Babin a Group CEO of Bulgari created an Instagram highlight on his profile called Lalalisa. https://t.co/THehsJSoVT 블랙핑크 리사 #丽莎 #ラリサ #LISA #리사 @BLACKPINK https://t.co/7viR6CAmRb","1389162668330668032","https://pbs.twimg.com/media/E0dMFJmVoAEYNl_.jpg","","en","Home No. 0327 บ้านเลขที่ 0327","2","0","119","https://x.com/LiliesHome_/status/1389162668330668032","1322940866592268288","LiliesHome_"
"1752669359649247468","Wed Jan 31 12:25:13 +0000 2024","0","Pada kinerja 2023 terlihat kinerja Bank Mandiri yang impresif dengan pencapaian laba bersih Rp 60 05 triliun atau berada tipis di bawah BRI https://t.co/SohyizzAJy #InvestorDaily #Keuangan #Investasi","1752669359649247468","","","in","Jakarta, Indonesia","0","0","0","https://x.com/InvestorID/status/1752669359649247468","238091066","InvestorID"
"1666317538152824832","Wed Jun 07 05:33:54 +0000 2023","125","New #listing $HABIBI (HABIBI) has been listed on LBank！@The_Habibiz Trade here: https://t.co/Qj6m5rkdIM ️ Details: https://t.co/SBxtOVyXNq https://t.co/57GmDzeVeX","1666317538152824832","https://pbs.twimg.com/media/Fx_y8r2aEAAQBTn.jpg","","en","","5","39","52","https://x.com/LBank_Exchange/status/1666317538152824832","913302048564637696","LBank_Exchange"
"1582257875640291330","Tue Oct 18 06:30:49 +0000 2022","474"," Upcoming AMA with $WCA team @wcapes_official Speaker: Luca Picasso Representative Time: 19th October 8am (UTC) Venue: https://t.co/3UkM4ZP4T3 Reward: $1 000 GIVEAWAY Join the Campaign: https://t.co/Z12ksvajiS #crypto #LBankAMA https://t.co/O4CdIW1lSD","1582257875640291330","https://pbs.twimg.com/media/FfVPJxQXEAIJODs.jpg","","en","","494","740","405","https://x.com/LBank_Exchange/status/1582257875640291330","913302048564637696","LBank_Exchange"
"1757001632443961575","Mon Feb 12 11:20:07 +0000 2024","1","Dua bank terbesar di Indonesia yakni Bank Mandiri dan Bank Rakyat Indonesia (BRI) mencatatkan rekor laba tertinggi di industri perbankan Tanah Air. Ri... https://t.co/LjvGuBfgw0","1757001632443961575","","","in","","0","0","0","https://x.com/inilahdotcom/status/1757001632443961575","46693036","inilahdotcom"
"1851472847988015437","Wed Oct 30 03:55:00 +0000 2024","0","laba BRI secara bank only tembus Rp41 67 triliun. Realisasi ini naik 6 8 persen dibandingkan periode yang sama tahun sebelumnya Rp39 triliun. Pencapaian yg bagus terlihat kalo pelayanan Bank BRI sangat bagus #BRITerusPerkuatUMKM https://t.co/e45FGi7ISn https://t.co/eNy1oRO89Y","1851472847988015437","https://pbs.twimg.com/media/GbHAXBBbMAAktI2.jpg","","in","Indonesia","0","0","0","https://x.com/mahendra_hin/status/1851472847988015437","768767551924871168","mahendra_hin"
"1864339916307718288","Wed Dec 04 16:04:08 +0000 2024","0","Capaian kinerja BRI dengan laba Rp45 36 triliun dan NPL yang membaik menjadi 2 90 persen semakin menegaskan reputasi BRI sebagai bank yang tangguh. #BRIPrestasi #HUT129BRI #Kaleidoskop2024 #Briliandancemerlang https://t.co/rFNeGNbLGd","1864339916307718288","https://pbs.twimg.com/media/Gd93ReHa0AIPMnu.jpg","","in","Indonesia","0","0","0","https://x.com/nauvalrubiyu/status/1864339916307718288","1754126066858520576","nauvalrubiyu"
"1851575659388436743","Wed Oct 30 10:43:32 +0000 2024","0","Berkat Fundamental Kinerja Bank Rakyat Indonesia yang Kokoh BRI Raup Laba Bersih Rp45 36 Triliun di Q3 2024 https://t.co/D2ziMRyZi8","1851575659388436743","","","in","Jakarta Capital Region","0","0","0","https://x.com/zonajakarta1/status/1851575659388436743","1219947729155047424","zonajakarta1"
"1756944036697366835","Mon Feb 12 07:31:15 +0000 2024","1","Bank Mandiri dan BRI mencatatkan rekor laba tertinggi di industri perbankan dengan laba bersih tembus Rp115 5 triliun. https://t.co/JgTCiXcedy","1756944036697366835","","","in","","0","0","0","https://x.com/kumparan/status/1756944036697366835","759692754985242625","kumparan"
"1389114068347228164","Mon May 03 07:06:17 +0000 2021","205","Bulgari CEO Jean-Christophe Babin (jc.babin) created a solo Instagram highlight for LISA ( 'Lalalisa' ). @BLACKPINK @Bulgariofficial #LISA #LALISA #BLACKPINK https://t.co/cudgWLHU7V","1389114068347228164","https://pbs.twimg.com/media/E0cf3VbVgAcXABk.jpg","","en","India","0","0","81","https://x.com/Lisa12109129/status/1389114068347228164","1299976529112256515","Lisa12109129"
"1826884123245641914","Fri Aug 23 07:28:11 +0000 2024","0","Empat Bank Cetak Laba Tertinggi di Semester I 2024 BRI Juaranya https://t.co/bU7WU99XhK","1826884123245641914","","","in","Jakarta","0","0","0","https://x.com/KATADATAcoid/status/1826884123245641914","552523769","KATADATAcoid"
"1851471340043395203","Wed Oct 30 03:49:00 +0000 2024","0","Laba BRI bank only melonjak jadi Rp41 67 triliun https://t.co/uBOxEekeuU https://t.co/FNO462Wywb #BRITerusPerkuatUMKM","1851471340043395203","https://pbs.twimg.com/media/GbG3NaabcAAGjcy.jpg","","in","","0","0","0","https://x.com/FloresAria9128/status/1851471340043395203","1711551804167921664","FloresAria9128"
"1864334465339936813","Wed Dec 04 15:42:28 +0000 2024","0","Hingga Triwulan III 2024 laba BRI mencapai Rp45 36 triliun memperkuat ketangguhan bank dalam menghadapi berbagai tantangan ekonomi. #BRIPrestasi #HUT129BRI #Kaleidoskop2024 #Briliandancemerlang https://t.co/X8WDpoCacV","1864334465339936813","https://pbs.twimg.com/ext_tw_video_thumb/1864334452106887168/pu/img/tDCmrtx7yEYM22FT.jpg","","in","Indonesia","0","0","0","https://x.com/rfquizz/status/1864334465339936813","1749981123478994944","rfquizz"
"1753623729949843646","Sat Feb 03 03:37:32 +0000 2024","1","Raupan Pendapatan Komisi BRI BNI Bank Mandiri Cs Jadi Penopang Laba 2023 https://t.co/k7Oe277qKG","1753623729949843646","","","in","Jakarta, Indonesia","0","0","0","https://x.com/Bisniscom/status/1753623729949843646","118646322","Bisniscom"
"1816655349111493063","Fri Jul 26 02:02:41 +0000 2024","0","Raih Laba Rp 29 9 Triliun di Semester I-2024 BRI Cetak Realisasi 993 ribu AgenBRILink di 61 Ribu Desa: PT Bank Rakyat Indonesia (BRI/BBRI) berhasil mencetak laba Rp29 90 triliun hingga akhir semester I 2024 salah satunya berkat pertumbuhan penyaluran https://t.co/C6gBjQUw5I https://t.co/0jXfobzJWS","1816655349111493063","https://pbs.twimg.com/media/GTYOacya8AAkT0P.jpg","","in","Pulo Gadung, Indonesia","0","0","0","https://x.com/tvOneNews/status/1816655349111493063","55507370","tvOneNews"
"1442483123069980673","Mon Sep 27 13:35:51 +0000 2021","399"," We needed someone more calm and with perspective on the situation so I think Lisboa is perfect one to be on charge of the situation in the bank. https://t.co/S1v9VzJi39","1442483123069980673","https://pbs.twimg.com/ext_tw_video_thumb/1442483039456542727/pu/img/B1egssHGF5oxuCO8.jpg","","en","Pilipinas | 24 | she/her","71","4","86","https://x.com/alvasdfghklj/status/1442483123069980673","1246696828088680451","alvasdfghklj"
"1225448956064301058","Thu Feb 06 15:59:33 +0000 2020","351","#بلد_العجايب كتاب من اللواء عباس ابراهيم لبنك SGBL يدعو فيه البنك للسماح لأحد المودعين سحب 66341$ #ثوره #لبنان_ينتقض https://t.co/LxzqjCy2p2","1225448956064301058","https://pbs.twimg.com/media/EQGrU2vWoAgfMGw.jpg","","ar","Paris, France","27","69","86","https://x.com/linalf1/status/1225448956064301058","1506156343","linalf1"
"1817588511404695772","Sun Jul 28 15:50:44 +0000 2024","4","Stay up to date with Latest news. Meet @LBank_Exchange channel at #tiktok. All updates are now on Your Fingers. Join now! #Lbank #LbankAngel","1817588511404695772","","","en","","0","39","0","https://x.com/nade_zhada/status/1817588511404695772","632261199","nade_zhada"
"1331564475183362049","Wed Nov 25 11:44:44 +0000 2020","475","Cabinet chaired by PM @narendramodi has approved Scheme of amalgamation of Lakshmi Vilas Bank with Development Bank India Ltd. This will protect 20 lakh depositors and 4 000 employees. #CabinetDecisions https://t.co/QjJFFYhwvo","1331564475183362049","https://pbs.twimg.com/media/EnqqhB-UUAAQebZ.jpg","","en","","2","32","30","https://x.com/PrakashJavdekar/status/1331564475183362049","1072993274","PrakashJavdekar"
"1522115629217628160","Thu May 05 07:27:00 +0000 2022","541","Another day another bank offering #bitcoin to customers! https://t.co/IsNhSvNdtf","1522115629217628160","","","en","FREE NEWSLETTER:","4","76","75","https://x.com/TheCryptoLark/status/1522115629217628160","30325257","TheCryptoLark"
"1390546142459539458","Fri May 07 05:56:50 +0000 2021","746","Reach for the stars @elonmusk has taught me I can live in Mars the South African Reserve Bank has approved our YWBN Mutual Bank license making it the first majority Women Owned Bank in the history of SA I can reach for anything I want. Vuka Darkie tracksuits (071) 010-4890 https://t.co/xmMf0NS8gx","1390546142459539458","https://pbs.twimg.com/media/E0w2Vn-XEAQgQka.jpg","","en","No.22 Voortrekker Ave Edenvale","4","35","100","https://x.com/MissNthabeleng/status/1390546142459539458","121756160","MissNthabeleng"
"1463404187383906308","Wed Nov 24 07:08:41 +0000 2021","1092","Congratulations to our Investment Banking team for being recognised as the Best Investment Bank in South Africa and Mauritius at the EMEA Finance African Banking Awards 2021. Contact us for advisory financing and capital raising solutions: https://t.co/ZUwQA0evW1 https://t.co/UzduiIysw1","1463404187383906308","https://pbs.twimg.com/ext_tw_video_thumb/1463403932848373762/pu/img/samXX3yaUMjwbKYd.jpg","","en","","1","19","29","https://x.com/Absa/status/1463404187383906308","2432320914","Absa"
"1761998656603828523","Mon Feb 26 06:16:30 +0000 2024","1193","You can now stop calling the South African Reserve Bank (SARB)to ask if really YWBN was granted a Mutual Bank licence visit the SARB s website https://t.co/AIxsp1dLga to check for yourself .. In my times I would have written BALOI but I m a Bank CEO now I can t be writing https://t.co/m65HZIFISD","1761998656603828523","https://pbs.twimg.com/media/GHPgbzxXMAIYbV7.jpg","","en","No.22 Voortrekker Ave Edenvale","25","129","309","https://x.com/MissNthabeleng/status/1761998656603828523","121756160","MissNthabeleng"
"1816682354750136790","Fri Jul 26 03:50:00 +0000 2024","0","mantap #BRITumbuhBerkualitas nih tumbuh selektif dan prudent cetak laba rp 2990 triliun pencapaian ini akan memotivasi bank bri terus mendeliver economic value cek lengkapnya disini https://t.co/ZTRjBYMfZI https://t.co/Lt3ZeSeBmb","1816682354750136790","https://pbs.twimg.com/media/GTYdPkmagAIR_KT.jpg","","in","","0","0","3","https://x.com/justreeminder/status/1816682354750136790","1195955338622599168","justreeminder"
"1862426575662166412","Fri Nov 29 09:21:12 +0000 2024","271","UBA to commence full banking operations in France | TheCable https://t.co/GFRiUx51Pe https://t.co/sje4GQmyG8","1862426575662166412","https://pbs.twimg.com/media/GdiqbFGXUAAtjGA.jpg","","en","Nigeria","13","17","75","https://x.com/thecableng/status/1862426575662166412","1954402777","thecableng"
"1782635287849423005","Tue Apr 23 04:59:07 +0000 2024","204"," تتمتع LABUBU بشعبية ضخمة بفضل تأثير ليسا من بلاك بينك، ولكن احذروا من الاحتيال: تحدثت وزيرة مكتب رئيس الوزراء في تايلاند عن مخاوف زيادة عمليات الاحتيال على الزبائن بسبب شعبية لعبة لابوبو الفنية بعد أن شاركت ليسا صورة مع اللعبة، مما أثار جنون شرائها #LLOUD #LALISA #LISA https://t.co/HjLDS23GrO","1782635287849423005","https://pbs.twimg.com/media/GL0xV_wXgAE-o_7.jpg","","ar","Backup: @LiliinArabic","1","3","44","https://x.com/LisainArabic/status/1782635287849423005","3196294664","LisainArabic"
"1834792326981730575","Sat Sep 14 03:12:34 +0000 2024","0","Laba Bank Jumbo: BRI BCA BNI dan Mandiri Berkejaran per Juli 2024 https://t.co/ZURYMeglyF","1834792326981730575","","","in","Jakarta, Indonesia","0","0","0","https://x.com/Bisniscom/status/1834792326981730575","118646322","Bisniscom"
"1807315647954899268","Sun Jun 30 07:30:03 +0000 2024","0","Bank Rakyat Indonesia (BRI) Catat Laba Terbesar di Antara Bank Big Cap Hingga Mei https://t.co/latO8kcckW #BRI","1807315647954899268","","","in","Jakarta, Indonesia","0","0","0","https://x.com/KontanNews/status/1807315647954899268","43799886","KontanNews"
"1114203073172385793","Fri Apr 05 16:28:08 +0000 2019","246","Okay guys ang LSB1 raw eh Legaspi Savings Bank Albay. Wait lang. So si Pulong na taga Davao eh pumunta pa ng Albay para mag-open ng bank account?! lol","1114203073172385793","","","tl","The Hague, The Netherlands","5","27","44","https://x.com/srsasot/status/1114203073172385793","790780606636523520","srsasot"
"1328692108157358081","Tue Nov 17 13:30:59 +0000 2020","1318","The Lakshmi Vilas Bank Ltd. placed under Moratorium https://t.co/wW8DaBygJX","1328692108157358081","","","en","India","124","116","334","https://x.com/RBI/status/1328692108157358081","478432912","RBI"
"1493865233219309569","Wed Feb 16 08:30:00 +0000 2022","1102","Une banque à faire confiance elle est commerciale Privée Congolaise avec son siège social à Lubumbashi et plusieurs branches à travers le pays... Il est temps d'encourager tout ce qui porte l'identité congolaise en premier. https://t.co/H01va5Kbyw","1493865233219309569","https://pbs.twimg.com/media/FLtGgz1WUAM6Iy7.jpg","","fr","EU","23","100","186","https://x.com/benjimk/status/1493865233219309569","245478639","benjimk"
"1841070569430925401","Tue Oct 01 11:00:03 +0000 2024","0","Laba BRI Jadi yang Terbesar Mayoritas KBMI 4 Tumbuh Single Digit di Agustus 2024 https://t.co/DOL8Pw9O7o #bank","1841070569430925401","","","in","Jakarta, Indonesia","0","0","0","https://x.com/KontanNews/status/1841070569430925401","43799886","KontanNews"
"1851472611047588096","Wed Oct 30 03:54:03 +0000 2024","0","Laba bank only BRI naik signifikan hingga Rp41 67 triliun https://t.co/xkIrP2XNHv . https://t.co/rFkzUaPX39 #BRITerusPerkuatUMKM","1851472611047588096","https://pbs.twimg.com/media/GbG5PFjagAAInZk.jpg","","in","","0","0","0","https://x.com/ChristinaA34338/status/1851472611047588096","1711552097496248320","ChristinaA34338"
"1804265996058005654","Fri Jun 21 21:31:49 +0000 2024","748","Today I received the Board members of Nova Bank Limited led by its Chairman Philip Oduoza at the Lagos House Ikeja. During the visit I assured them of our administration's support for their expansion plans and emphasized our dedication to creating an enabling environment https://t.co/8LJxWI0xmy","1804265996058005654","https://pbs.twimg.com/media/GQoKCSaXsAAJBeD.jpg","","en","Lagos | Nigeria","11","62","139","https://x.com/jidesanwoolu/status/1804265996058005654","198084264","jidesanwoolu"
"1331575374958923776","Wed Nov 25 12:28:03 +0000 2020","2063","The Lakshmi Vilas Bank Ltd. branches to operate as DBS Bank India Ltd. branches from November 27 2020 https://t.co/TLfSfhvXOm","1331575374958923776","","","en","India","59","153","295","https://x.com/RBI/status/1331575374958923776","478432912","RBI"
"1694020938696732862","Tue Aug 22 16:17:19 +0000 2023","63","Hey guys Check out @LineaBank $LAB is a money market on @LineaBuild and have raised 390k$ It is backed by @bitgetglobal and also has performed very well on the listing (x5 on tge) and won't stop growing Check link https://t.co/e2ZQjewgYh https://t.co/kmV5RYMFHp","1694020938696732862","https://pbs.twimg.com/media/F4JfDtrXsAcAbNK.jpg","","en","London, England","0","58","47","https://x.com/Diamondxbtee/status/1694020938696732862","32175456","Diamondxbtee"
"1816322133888237841","Thu Jul 25 03:58:37 +0000 2024","0","PT Bank Rakyat Indonesia (Persero) Tbk (BBRI) atau BRI mencatat laba bersih sebesar Rp 29 9 triliun hingga semester I 2024. Nilai tersebut lebih besar dibandingkan semester pertama 2023. #bisnisupdate #update #bisnis #oneliner https://t.co/yPaJPdXxJ4 https://t.co/oZeVgFJ1mr","1816322133888237841","https://pbs.twimg.com/media/GTTfN-yX0AAPIAs.jpg","","in","","0","0","0","https://x.com/kumparan/status/1816322133888237841","759692754985242625","kumparan"
"1851471507228409952","Wed Oct 30 03:49:40 +0000 2024","0","Laba bank only BRI naik signifikan ke Rp41 67 triliun https://t.co/iQfFRwNpsC https://t.co/CwzIipBquu #BRITerusPerkuatUMKM","1851471507228409952","https://pbs.twimg.com/media/GbG3NaabcAAGjcy.jpg","","in","","0","0","0","https://x.com/TracieJerv33565/status/1851471507228409952","1711550715213090816","TracieJerv33565"
"1788154136833237139","Wed May 08 10:29:03 +0000 2024","342","This is a Financial advice: Don t bank with UBA they will steal your money and won t attend to you!","1788154136833237139","","","en","Pioneer Cars","12","44","73","https://x.com/Kinglamarr___/status/1788154136833237139","1184956633379737600","Kinglamarr___"
"1783463276971532335","Thu Apr 25 11:49:15 +0000 2024","2","PT Bank Rakyat Indonesia (Persero) Tbk. (BBRI) telah berhasil membukukan laba bersih konsolidasi yang diatribusikan kepada pemilik sebesar Rp15 98 triliun pada tiga bulan pertama 2024 atau kuartal I/2024. #bankbri #bri #lababri #lababritumbuh #infobank #infobanknews #perbankan https://t.co/Z4MQk2FTja","1783463276971532335","https://pbs.twimg.com/media/GMAiRF4XEAITIqM.jpg","","in","Indonesia","0","0","0","https://x.com/infobanknews/status/1783463276971532335","137900895","infobanknews"
"1851474267004944492","Wed Oct 30 04:00:38 +0000 2024","0","Mengutip laporan keuangan Rabu (30/10/2024) laba BRI secara bank only tembus Rp41 67 triliun. Realisasi ini naik 6 8% dibandingkan periode yang sama tahun sebelumnya Rp39 triliun #BRITerusPerkuatUMKM https://t.co/2Gwtsvcog4 https://t.co/HZVSdqfVer","1851474267004944492","https://pbs.twimg.com/media/GbHCBagagAAtdUJ.jpg","","in","","0","0","0","https://x.com/Bimbimm83/status/1851474267004944492","1533302645381033984","Bimbimm83"
"1851472059320479750","Wed Oct 30 03:51:52 +0000 2024","0","Laba bank only BRI tumbuh 6 8% dari periode yang sama tahun lalu https://t.co/0PNiw4f6va https://t.co/Mqbmi8NIGR #BRITerusPerkuatUMKM","1851472059320479750","https://pbs.twimg.com/media/GbG3NaabcAAGjcy.jpg","","in","","0","0","0","https://x.com/rentz_tash68159/status/1851472059320479750","1711551136593838080","rentz_tash68159"
"1851473322468692216","Wed Oct 30 03:56:53 +0000 2024","0","Mengutip laporan keuangan Rabu (30/10/2024) laba BRI secara bank only tembus Rp41 67 triliun. Realisasi ini naik 6 8% dibandingkan periode yang sama tahun sebelumnya Rp39 triliun. #BRITerusPerkuatUMKM https://t.co/j9X6OCHCSu","1851473322468692216","","","in","Indonesia","0","0","0","https://x.com/suvqle/status/1851473322468692216","767147462675034112","suvqle"
"1851475975269441704","Wed Oct 30 04:07:25 +0000 2024","0","Bank BRI mampu terus menjadi yang terbaik dengan laba yang hebat #BRITerusPerkuatUMKM https://t.co/eO15GRJvPU https://t.co/sbGOorGst0","1851475975269441704","https://pbs.twimg.com/media/GbHDlmwbQAE_Px5.jpg","","in","Indonesia ","0","0","0","https://x.com/JohannesKe18009/status/1851475975269441704","1696914777313013760","JohannesKe18009"
"1816682354007482444","Fri Jul 26 03:50:00 +0000 2024","0","salut banget sama bank bri bisa bisa nya ya laba nya ampe segitu banyak #BRITumbuhBerkualitas banget sih dapet banyak banget penghargaan cek link disni guys https://t.co/5GzKMNoi7B https://t.co/r19AAyWC6I","1816682354007482444","https://pbs.twimg.com/media/GTYjCAzawAAQ2tf.jpg","","in","","0","0","0","https://x.com/bojone_/status/1816682354007482444","768935253771780096","bojone_"
"1702661202948567535","Fri Sep 15 12:30:39 +0000 2023","314","After 11 years working for 3 of the TOP 4 banks in the country (Absa RMB and Nedbank) today I started a different journey and working for a development bank. Cheers to making Africa stronger and united https://t.co/r2GnMG4N5R","1702661202948567535","https://pbs.twimg.com/media/F6EROvIWgAA6QIn.jpg","","en","East Rand","6","29","8","https://x.com/Ckabopha/status/1702661202948567535","171840154","Ckabopha"
"1851473134362444188","Wed Oct 30 03:56:08 +0000 2024","0","BRI bukukan laba bank only Rp41 67 triliun naik 6 8% https://t.co/3kcJMaTrKh . https://t.co/5QD2zx9j33 #BRITerusPerkuatUMKM","1851473134362444188","https://pbs.twimg.com/media/GbG5PFjagAAInZk.jpg","","in","","0","0","0","https://x.com/brandi_pri77243/status/1851473134362444188","1711552018534346752","brandi_pri77243"
"1755547328033743331","Thu Feb 08 11:01:14 +0000 2024","352","Net als onlangs #ING zien we nu ook bij de #Rabobank bijna een verdubbeling van de winst naar ruim 4 miljard euro! Dit kan dankzij de hoge rentes die zij ontvangen maar niet doorvertalen naar hogere rente voor spaarders! Dat vraagt om afroming 1/2 https://t.co/bRd4LbwbzH","1755547328033743331","","","nl","The Netherlands","15","147","79","https://x.com/TomvanderLee/status/1755547328033743331","51998285","TomvanderLee"
"1851474212256694563","Wed Oct 30 04:00:25 +0000 2024","0","Bank only BRI bukukan laba bersih Rp41 67 triliun per Q3 2024 https://t.co/3mYwatdcKk https://t.co/lqLZVx4avv #BRITerusPerkuatUMKM","1851474212256694563","https://pbs.twimg.com/media/GbG5PFjagAAInZk.jpg","","in","","0","0","0","https://x.com/JenniferSm66588/status/1851474212256694563","1711551940243406848","JenniferSm66588"
"1816324817798537402","Thu Jul 25 04:09:16 +0000 2024","0","Direktur Utama Bank Rakyat Indonesia (BRI) Sunarso mengatakan pertumbuhan laba bersih ini ditopang oleh penyaluran kredit yang tumbuh double digit. https://t.co/Jl2RDTRIRd","1816324817798537402","","","in","Jakarta","0","1","0","https://x.com/kompascom/status/1816324817798537402","23343960","kompascom"
"1862407030922678497","Fri Nov 29 08:03:32 +0000 2024","236","UBA a 🇳🇬 Tier 1 bank signed a deal to commence full banking operations in France","1862407030922678497","","","en","","9","9","49","https://x.com/olumidecapital/status/1862407030922678497","39975040","olumidecapital"
"1813289397552349547","Tue Jul 16 19:07:36 +0000 2024","623","I attended the official launch of the inaugural branch of Nova Bank Limited after its recent conversion to a commercial bank. This branch marks Nova Bank Limited's debut as a commercial bank signifying a significant milestone in its operational transition. https://t.co/H1meDwwfE6","1813289397552349547","https://pbs.twimg.com/media/GSoZEU9XoAA4L0d.jpg","","en","Lagos | Nigeria","4","31","107","https://x.com/jidesanwoolu/status/1813289397552349547","198084264","jidesanwoolu"
"1851473435039256788","Wed Oct 30 03:57:20 +0000 2024","0","Kinerja bank only BRI capai laba bersih Rp41 67 triliun https://t.co/Icqqttt6XD https://t.co/BxecI5effW #BRITerusPerkuatUMKM","1851473435039256788","https://pbs.twimg.com/media/GbG5PFjagAAInZk.jpg","","in","","0","0","0","https://x.com/AnitaE17779/status/1851473435039256788","1711551639293718528","AnitaE17779"
"1330217572151795714","Sat Nov 21 18:32:38 +0000 2020","265","#MergeLVBwithPublicSectorBank Merge Lakshmi Vilas Bank with any Public Sector Bank in India. @narendmodi @PMOIndia @nsitharaman @FinMinIndia @DFS_India @DasShaktikanta @DebasishPanda87 @TNMANOHARAN","1330217572151795714","","","en","Chennai, India","102","115","323","https://x.com/LVBOA_Zindabad/status/1330217572151795714","1086549055440732160","LVBOA_Zindabad"
"1851473243963822135","Wed Oct 30 03:56:34 +0000 2024","0","Mengutip laporan keuangan Rabu (30/10/2024) laba BRI secara bank only tembus Rp41 67 triliun. https://t.co/sYuWEU71V3 #BRITerusPerkuatUMKM https://t.co/WfJTeMLEbU","1851473243963822135","https://pbs.twimg.com/media/GbHBGNObQAANQUO.jpg","","in","Indonesia","0","0","0","https://x.com/shsjebeejenej/status/1851473243963822135","1711950602778128384","shsjebeejenej"
"1795866137579737183","Wed May 29 17:13:47 +0000 2024","196","How $HBAR Is Pioneering the Future of Banking with @BANKSOCIALio READ HERE ","1795866137579737183","","","en","Canada","2","11","50","https://x.com/LeviRietveld/status/1795866137579737183","1330280311729647616","LeviRietveld"
"1676138784059187200","Tue Jul 04 08:00:01 +0000 2023","600"," Upcoming AMA with #Linear team @LinearFinance Speaker: Bowser - Operations Manager and Jason - Product Lead Time: July 6 14:00 (UTC) Venue: https://t.co/3UkM4ZP4T3 Reward: 1 000 USDT GIVEAWAY Join the Campaign: https://t.co/2VzPJxhos8 https://t.co/MISRZukv0g","1676138784059187200","https://pbs.twimg.com/media/F0LJVe_aYAAxJAD.jpg","","en","","662","918","532","https://x.com/LBank_Exchange/status/1676138784059187200","913302048564637696","LBank_Exchange"
"1606602776015945730","Sat Dec 24 10:48:45 +0000 2022","136","We are so excited for the AMA with our Global CEO @Allenwei2021 Topic: Recent events In LBank &amp; what s next for 2023 ⏰Time: December 26th at 3:00 PM Dubai Time (UTC+04:00) ️Link to a space: https://t.co/pfcMr4SseG #LBank #Cryptocurency https://t.co/Fv69qHx7yW","1606602776015945730","https://pbs.twimg.com/media/FkvMlX6WIAIxRSd.jpg","","en","","3","54","30","https://x.com/LBank_Exchange/status/1606602776015945730","913302048564637696","LBank_Exchange"
"1851473666334396856","Wed Oct 30 03:58:15 +0000 2024","0","BRI catatkan laba bank only Rp41 67 triliun per Q3 https://t.co/byZXjBWoZf https://t.co/7WYl7ZYvfQ #BRITerusPerkuatUMKM","1851473666334396856","https://pbs.twimg.com/media/GbG5PFjagAAInZk.jpg","","in","","0","0","0","https://x.com/williams_t21176/status/1851473666334396856","1711551534926868480","williams_t21176"
"1783388157955940795","Thu Apr 25 07:34:17 +0000 2024","0","@RoseTale8 wow laba bank bri sebesar ini #BRIFokusUMKM","1783399114841161974","","RoseTale8","in","","0","0","0","https://x.com/awdoit/status/1783399114841161974","874345626154053633","awdoit"
"1851470498322137184","Wed Oct 30 03:45:40 +0000 2024","0","Bank BRI torehkan laba bank only Rp41 67 triliun per September 2024 https://t.co/uQ33YzGxGh https://t.co/R2mPFOpzR2 #BRITerusPerkuatUMKM","1851470498322137184","https://pbs.twimg.com/media/GbG3NaabcAAGjcy.jpg","","in","","0","0","0","https://x.com/DKoellmann70398/status/1851470498322137184","1711555000676257792","DKoellmann70398"
"1684432174395580417","Thu Jul 27 05:15:00 +0000 2023","868"," Upcoming AMA with $DBC team Speaker: Yoon Hwang (COO) Cher Lim (Marketing Manager) Jae Lee (Advisor) Time: July 28 6:00 (UTC) Venue: https://t.co/3UkM4ZOx3v Reward: $2 000 in $DBC GIVEAWAY Join the Campaign: https://t.co/RHE1tvSm9R https://t.co/GkpLAXOB5y","1684432174395580417","https://pbs.twimg.com/media/F2A8CsCaAAEkJej.jpg","","en","","856","1262","823","https://x.com/LBank_Exchange/status/1684432174395580417","913302048564637696","LBank_Exchange"
"1391226383452426246","Sun May 09 02:59:52 +0000 2021","329","Not a bank fan by any means but some like Bank of America and HSBC will be blockbustered by #crypto others like JP Morgan and Citibank will adapt and thrive.","1391226383452426246","","","en","FREE NEWSLETTER:","1","15","24","https://x.com/TheCryptoLark/status/1391226383452426246","30325257","TheCryptoLark"
"1787100463373996235","Sun May 05 12:42:07 +0000 2024","3","PT Bank Rakyat Indonesia (BBRI) mencetak laba Rp 15 98 triliun hingga akhir triwulan I 2024. Capaian tersebut pun membuat BBRI semakin seksi di mata investor. https://t.co/ylprmmx9Hi","1787100463373996235","","","in","Jakarta, Indonesia","1","0","1","https://x.com/detikfinance/status/1787100463373996235","135795460","detikfinance"
"1635936108931608576","Wed Mar 15 09:34:32 +0000 2023","5","Dalam 5 tahun lagi laba bersih bank BRI niscaya akan tembus Rp 100 TRILIUN. Dahsyat sekali.","1635937514874875905","","Strategi_Bisnis","in","","0","1","1","https://x.com/Strategi_Bisnis/status/1635937514874875905","190535830","Strategi_Bisnis"
"1635936108931608576","Wed Mar 15 12:07:24 +0000 2023","11","Bisnis 3 bank raksasa ini ngeri. Labanya semua tembus Rp 40 triliun. Jauhhh meninggalkan laba Telkom Astra dan Adaro. Bahkan PLN dan Pertamina mungkin kalah. Skala ekonomi BRI BCA x Bank Mandiri sangat sulit dikalahkan.","1635975983181479936","","Strategi_Bisnis","in","","1","2","1","https://x.com/Strategi_Bisnis/status/1635975983181479936","190535830","Strategi_Bisnis"
"1246455060021854208","Sat Apr 04 15:10:18 +0000 2020","238","Sucursal microcentro CABA nadie cobrando. Los bancarios no somos el problema. Estamos trabajando #LaBancariaCumple @SergioOPalazzo https://t.co/u2Ms8PsDJr","1246455060021854208","https://pbs.twimg.com/media/EUxMP8kWsAEEZnQ.jpg","","es","Argentina","6","19","113","https://x.com/Lufustufus/status/1246455060021854208","148923650","Lufustufus"
"1851470620628042020","Wed Oct 30 03:46:09 +0000 2024","0","Laba BRI bank only naik 6 8% jadi Rp41 67 triliun https://t.co/3VDL6QaCHq https://t.co/E8KmjrUhFF #BRITerusPerkuatUMKM","1851470620628042020","https://pbs.twimg.com/media/GbG3NaabcAAGjcy.jpg","","in","","0","0","0","https://x.com/ElizabethP21013/status/1851470620628042020","1711555295456231424","ElizabethP21013"
"1816310174937932092","Thu Jul 25 03:11:05 +0000 2024","0","PT Bank Rakyat Indonesia (Persero) Tbk (BBRI) mencatatkan laba bersih sebesar Rp 29 9 triliun hingga semester I 2024. #bisnisupdate #update #bisnis #text https://t.co/M521owtox6","1816310174937932092","","","in","","0","1","0","https://x.com/kumparan/status/1816310174937932092","759692754985242625","kumparan"
"1767853347669721443","Wed Mar 13 10:00:57 +0000 2024","0","Perusahaan pembiayaan PT BRI Multifinance Indonesia (BRI Finance) mencatatkan perolehan laba per 2023 sebesar Rp101 89 miliar. Selengkapnya: https://t.co/flGesOjsb0 #infobank #bank #banking #perbankan #bri #bankbri #bankbumn #bumn #perbankanindonesia #BRIFinane https://t.co/NOnwEYW5K8","1767853347669721443","https://pbs.twimg.com/media/GIitHS7WoAA0slV.jpg","","in","Indonesia","0","0","0","https://x.com/infobanknews/status/1767853347669721443","137900895","infobanknews"
"1816367991186993295","Thu Jul 25 07:00:50 +0000 2024","0","PT Bank Rakyat Indonesia (Persero) Tbk (BBRI) atau BRI pada hari ini (25/7) menyampaikan hasil kinerja keuangan hingga akhir Juni 2024 dengan mencatatkan laba bersih Rp29 90 triliun. Selengkapnya: https://t.co/hEXfJBdbPH #bank #perbankan #bri #bankbri #laba #keuangan https://t.co/cZJ85CYbH5","1816367991186993295","https://pbs.twimg.com/media/GTUI7NMWAAATyIB.jpg","","in","Indonesia","0","0","0","https://x.com/infobanknews/status/1816367991186993295","137900895","infobanknews"
"1851472935774736554","Wed Oct 30 03:55:21 +0000 2024","0","PT Bank Rakyat Indonesia (Persero) Tbk (BBRI) mengantongi laba bersih secara konsolidasi sebesar Rp45 06 triliun hingga September 2024. Laba BRI naik 2 44% dari Rp43 99 triliun dari periode yang sama tahun lalu. #BRITerusPerkuatUMKM https://t.co/SmDq9QnZRl","1851472935774736554","","","in","Indonesia","0","0","0","https://x.com/jostxed/status/1851472935774736554","764876897993920512","jostxed"
"1441017941064130567","Thu Sep 23 12:33:44 +0000 2021","703","Avoid cashing out huge sums of money from banks between Lapaz and Kwashieman. A lot of armed robbers have targeted these banks to rob anyone who comes out from this bank. Robbers on a motorbike shot a man in the legs today and fled with GH¢90 000 at Bank of Africa Kwashieman","1441017941064130567","","","en","Lost","29","35","500","https://x.com/_mioamour/status/1441017941064130567","409304992","_mioamour"
"1640710898963873793","Tue Mar 28 13:42:15 +0000 2023","280","Hello Babbians Our partner @clear_bank has been selected as one of the finalist at the @BritBankAwards - let's show them some love by voting using the link below. ️ Thanks to Clear Bank we are able to bring you Hybrid Babb Accounts (for the first time in the market). -","1640710898963873793","","","en","London","10","20","73","https://x.com/getbabb/status/1640710898963873793","905479844426907649","getbabb"
"1851472347330724252","Wed Oct 30 03:53:00 +0000 2024","0","Bank only BRI catat laba bersih Rp41 67 triliun hingga Q3 https://t.co/BfFGzHwiC0 https://t.co/8606I5lOfR #BRITerusPerkuatUMKM","1851472347330724252","https://pbs.twimg.com/media/GbG5PFjagAAInZk.jpg","","in","","0","0","0","https://x.com/SueJohnson1298/status/1851472347330724252","1711577348498432000","SueJohnson1298"
"1156568587240390659","Wed Jul 31 14:13:33 +0000 2019","523","Bientôt 3 ans depuis Bercy le temps file si vite... ⏳⌛️ #Vendredi20h #Blanka #SaContinue #SaRecommence #EtSaVa #Tz #QLF https://t.co/GhzaDdPo3S","1156568587240390659","https://pbs.twimg.com/media/EAz0_qzWkAQQrWc.jpg","","fr","Corbeil-Essonnes, France","1","8","60","https://x.com/LabalafreQLFoff/status/1156568587240390659","708697093465116673","LabalafreQLFoff"
"1720156067856826532","Thu Nov 02 19:09:00 +0000 2023","497"," BREAKING NEWS: National Bank of Georgia (NBG) 🇬🇪 Selects #Ripple as Key Partner for Digital Lari Pilot Project! Ripple Worlds biggest banks https://t.co/WBL3CqRe0a","1720156067856826532","","","en","Dubai","1","8","115","https://x.com/_Crypto_Barbie/status/1720156067856826532","1492597243953790987","_Crypto_Barbie"
"1834986334265462864","Sat Sep 14 16:03:29 +0000 2024","470","I can officially brag that @CentenaryBank is Our Bank️ This is the Bank that our Catholic parents trusted. They listen to customers and they resolve issues swiftly. Kati @DKamwine alabika atumizza enkoko https://t.co/xur1pPCoLX","1834986334265462864","https://pbs.twimg.com/media/GXcuWKyW8AAW9z2.jpg","","en","Kampala Uganda","2","37","33","https://x.com/GabrielBuule/status/1834986334265462864","399880991","GabrielBuule"
"1196791476757262336","Tue Nov 19 14:19:54 +0000 2019","209","Ini contoh laporan keuangan Q2 Bank BRI yang kami ambil langsung dari website IDX. Perhatikan kalau deposito giro tabungan nasabah di BRI dicatat sebagai liabilitas atau utang. https://t.co/RpkPRpdT1u","1196795237336641538","https://pbs.twimg.com/media/EJve67cUcAAr9gJ.png","BigAlphaID","in","Jakarta Capital Region","3","7","86","https://x.com/BigAlphaID/status/1196795237336641538","958566590768926721","BigAlphaID"
"1484224550913122325","Thu Jan 20 18:01:23 +0000 2022","195","#FounderThread Comme annoncé par la presse hier nous venons de finaliser un tour de #PreSeriesA à hauteur de $4.5M pour nous permettre de servir encore plus de personnes et fluidifier les échanges interAfricains à travers notre technologie notre réseau et notre last smile :)","1484224550913122325","","","fr","Dakar","13","12","59","https://x.com/Khadim_L/status/1484224550913122325","2435994102","Khadim_L"
"1532718203528437761","Fri Jun 03 13:37:50 +0000 2022","817"," @elconfidencial Laporta negocia con Bank of America por 600M€.","1532718203528437761","","","es","📧 contacto@carpetasfcb.com","7","11","42","https://x.com/carpetasFCB/status/1532718203528437761","1307806412513386499","carpetasFCB"
"1290521299672948736","Tue Aug 04 05:33:49 +0000 2020","230","#weneedIBAmandate COC of LVBOA&amp;LVBEU Demand @LVBankLtd to Recall the letter given to @Chairman IBA for withdrawal of mandate on 11th BPS.Restore Mandate &amp;Provision.Implement NEW WAGES &amp; benefits @PMOIndia @nsitharaman_fm @finimin @AIBOC_ @UFBUIndia @ncbe @RBI @CMOTamilNadu","1290521299672948736","","","en","Chennai, India","76","180","331","https://x.com/LVBOA_Zindabad/status/1290521299672948736","1086549055440732160","LVBOA_Zindabad"
"1727029590894244007","Tue Nov 21 18:21:55 +0000 2023","622","UPDATE: Governor of Lagos State Mr @jidesanwoolu today commissioned the Lagos State Building Control Agency (LABSCA) Building. This Building will serve as the Headquarters of LSBCA. LABSCA now has a permanent operational base to effectively discharge its statutory mandate of https://t.co/EnII59Sme5","1727029590894244007","https://pbs.twimg.com/media/F_ekQJWXEAASR-E.jpg","","en","Lagos, Nigeria","4","21","132","https://x.com/Mr_JAGs/status/1727029590894244007","903010735105740814","Mr_JAGs"
"1328734736693399552","Tue Nov 17 16:20:22 +0000 2020","198","Goodbye LVB: Lakshmi Vilas Bank Shut Down To Be Merged With DBS Shareholders Wiped Out https://t.co/gHwgfpIjW5 https://t.co/ybTKGRsIpM","1328734736693399552","https://pbs.twimg.com/media/EnCdM6_VoAEa0TD.jpg","","en","Bangalore, Karnataka, India","7","20","22","https://x.com/deepakshenoy/status/1328734736693399552","8167022","deepakshenoy"
"1762075350475948164","Mon Feb 26 11:21:15 +0000 2024","278","This building in Lahore is still standing for the last 150 years. In 1805 it used to be the largest bank of Western India known as Hindustan Commercial Bank Limited which was founded by Gobind Ram Kahan Chand. It was not a small business but Govind Ram's sons had to leave the https://t.co/cxRiGI5ErU","1762075350475948164","https://pbs.twimg.com/media/GHQmKjtW8AAuPXf.jpg","","en","Bharat (भारत)","0","2","89","https://x.com/RealBababanaras/status/1762075350475948164","1474956502863532036","RealBababanaras"
"1868564329454580102","Mon Dec 16 07:50:27 +0000 2024","0","Bank BRI secara konsolidasian berhasil mencetak laba bersih sebesar Rp 45 36 triliun. maju terus BRI #HUTBRI129 https://t.co/TXk9qhnLv8 https://t.co/zHKiFT6Png","1868564329454580102","https://pbs.twimg.com/media/Ge55WuXa4AAinbx.jpg","","in","","0","0","0","https://x.com/Dewisavitri7/status/1868564329454580102","624674757","Dewisavitri7"
"1456610479753859077","Fri Nov 05 13:12:55 +0000 2021","94","$DBA officially listed on @LBank_Exchange Download App https://t.co/6CpUnR8ivY https://t.co/GOo9IqSwhM","1456610479753859077","https://pbs.twimg.com/media/FDbrgNzWQAc1Ios.jpg","","en","South Africa","8","22","58","https://x.com/DBACurrency/status/1456610479753859077","1289298342128824320","DBACurrency"
"1851473718796828898","Wed Oct 30 03:58:27 +0000 2024","0","Laba bersih BRI bank only naik jadi Rp41 67 triliun https://t.co/AQEEhnj34R https://t.co/359rLtfhM5 #BRITerusPerkuatUMKM","1851473718796828898","https://pbs.twimg.com/media/GbG5PFjagAAInZk.jpg","","in","","0","0","0","https://x.com/HeidiThoma71514/status/1851473718796828898","1711553016489443328","HeidiThoma71514"
"1851471845708730487","Wed Oct 30 03:51:01 +0000 2024","0","Bank only BRI catatkan laba hingga Rp41 67 triliun https://t.co/mUErZr3sVU https://t.co/tsXKdX4H1Q #BRITerusPerkuatUMKM","1851471845708730487","https://pbs.twimg.com/media/GbG3NaabcAAGjcy.jpg","","in","","0","0","0","https://x.com/ChristineK44652/status/1851471845708730487","1711551165589295104","ChristineK44652"
"1844264286782103910","Thu Oct 10 06:30:45 +0000 2024","0","PT Bank Rakyat Indonesia (Persero) Tbk (BBRI) memproyeksikan laba bersih di kuartal III 2024 tetap tumbuh positif di tengah ketidakpastian kondisi ekonomi domestik dan global. Selengkapnya: https://t.co/0TPYNTJWjS #bank #perbankan #bri #lababersih #ekonomi #keuangan #dirutbri https://t.co/CY2tIZL68S","1844264286782103910","https://pbs.twimg.com/media/GZgkc-9WIAcrn1s.jpg","","in","Indonesia","0","0","0","https://x.com/infobanknews/status/1844264286782103910","137900895","infobanknews"
"1752649408045334727","Wed Jan 31 11:05:56 +0000 2024","332","Afriland je les respecte beaucoup Mais c'est la seule banque que je connaisse qui ferme entre 11h et 14h exactement quand la plupart des employés veulent aller à la banque gérer leurs affaires pendant leurs pauses. Pas très customer caring...","1752649408045334727","","","fr","Cameroon, Yaoundé","22","49","76","https://x.com/madibaOlivier/status/1752649408045334727","83646531","madibaOlivier"
"1328987840366055424","Wed Nov 18 09:06:07 +0000 2020","234","The Centre has imposed one-month moratorium on Tamil Nadu based #LakshmiVilasBank. Withdrawal has been capped at ₹25 000. The moratorium was imposed following an application by #RBI owing to serious deterioration in #LVB s financial position. ","1328987840366055424","","","en","Chennai","0","0","2","https://x.com/sri50/status/1328987840366055424","44900754","sri50"
"1178095738435194882","Sat Sep 28 23:54:46 +0000 2019","207","Dr @Swamy39 ji Reserve Bank puts Lakshmi Vilas Bank under PCA framework https://t.co/LHpYGmkEK1 Saturdays development could be a major set back for the proposed merger of Indiabulls Housing Finance with LVB which is awaiting the RBI s nod.","1178095738435194882","","","en","India","3","10","51","https://x.com/i_amdinesh/status/1178095738435194882","48274874","i_amdinesh"
"1535126904751083522","Fri Jun 10 05:09:10 +0000 2022","53","BRI tdk berhenti ikut dlm berkontribusi memberi makna Indonesia. Dapat dilihat bedasarkan total laba BUMN 2021 sebesar Rp126T BRI ikut menyumbang 25 57% yg senilai Rp32 22T. Terimakasih atas dukungan sobat BRI #BRI #MemberiMaknaIndonesia #LabaBersihBUMN1000Persen https://t.co/9irtxGxWLg","1535126904751083522","https://pbs.twimg.com/media/FU3dx-oakAAdkHW.jpg","","in","Jl Jend Sudirman 44-46 Jakarta","3","33","11","https://x.com/BANKBRI_ID/status/1535126904751083522","1355939492","BANKBRI_ID"
"1367871874655350784","Fri Mar 05 16:17:23 +0000 2021","432","Walfadjri confirme le saccage de la banque Atlantique de Mbao. La banque est brûlée. Plusieurs millions emportés.","1367871874655350784","","","fr","","5","5","122","https://x.com/ecris_le_tien/status/1367871874655350784","1068064691954565120","ecris_le_tien"
"1572615726791360515","Wed Sep 21 15:56:21 +0000 2022","1055","#BREAKING: Lebanon s banks will remain shut indefinitely their association said today saying it did not receive adequate guarantees by authorities following spree of hold-ups last week - @reuters","1572615726791360515","","","en","","132","43","444","https://x.com/GebeilyM/status/1572615726791360515","866560944","GebeilyM"
"1851472848012869691","Wed Oct 30 03:55:00 +0000 2024","0","laba BRI secara bank only tembus Rp41 67 triliun. Realisasi ini naik 6 8% dibandingkan periode yang sama tahun sebelumnya Rp39 triliun #BRITerusPerkuatUMKM https://t.co/hRa6zgKQ7C https://t.co/V3C8pNp8t9","1851472848012869691","https://pbs.twimg.com/media/GbG6yttaUAANf_a.jpg","","in","","0","0","0","https://x.com/abdipraja97/status/1851472848012869691","1819703017052295169","abdipraja97"
"1851475565565317542","Wed Oct 30 04:05:48 +0000 2024","0","Mengutip laporan keuangan yang dipublikasi Rabu (30/10/2024) laba BRI secara bank only tembus Rp41 67 triliun. Realisasi ini naik 6 8 persen dibandingkan periode yang sama tahun sebelumnya Rp39 triliun. #BRITerusPerkuatUMKM https://t.co/QxLDBjnTmt","1851475565565317542","","","in","Indonesia","0","0","0","https://x.com/andaragrada/status/1851475565565317542","1735558978128826368","andaragrada"
"1851473353225490700","Wed Oct 30 03:57:00 +0000 2024","0","Laba bank only BRI catat kenaikan jadi Rp41 67 triliun https://t.co/mY0Sz8zual https://t.co/huZpouLJq3 #BRITerusPerkuatUMKM","1851473353225490700","https://pbs.twimg.com/media/GbG5PFjagAAInZk.jpg","","in","","0","0","0","https://x.com/DianaPerez60625/status/1851473353225490700","1711551425149534208","DianaPerez60625"
"1784213500136423565","Sat Apr 27 13:30:22 +0000 2024","0","Maksimalkan Ekosistem BRI Laba Kuartal Pertama Bank Raya Capai Rp 9 16 M https://t.co/2HpcGJw2Wv","1784213500136423565","","","in","Bali","0","0","0","https://x.com/subhi_darajat/status/1784213500136423565","69247882","subhi_darajat"
"1735419418669441492","Thu Dec 14 22:00:06 +0000 2023","153","Dat het lichtpuntje van vandaag nou van de Rabobank zou komen . Rare tijden. https://t.co/d4qeTsXqph","1735419418669441492","","","nl","Nederland","5","60","18","https://x.com/LauraBromet/status/1735419418669441492","19335517","LauraBromet"
"1273685830083784705","Thu Jun 18 18:35:40 +0000 2020","195","MANY PEOPLE HERE ON TWITTER DON'T REALLY KNOW THAT LAND BANK IS A STATE BANK AND THE ANC LOOTED IT DRY. ANC HAS CAME WITH A NEW NAME DEVELOPMENT BANK . THIS IS GOING TO BE A CASH COW FOR THE ANC cadres.","1273685830083784705","","","en","Germiston, South Africa","4","14","80","https://x.com/Lebona_cabonena/status/1273685830083784705","2198470996","Lebona_cabonena"
"1752518661880078691","Wed Jan 31 02:26:24 +0000 2024","0","Secara bank saja bank BRI mencatatkan laba sebesar Rp 53 15 triliun atau naik sebesar 11 12%. Hal ini senada dengan capaian net interest income perusahaan yang meningkat 8 5% secara tahunan menjadi Rp 135 18 triliun.","1752518663620719043","","bareksa","in","Jakarta","0","1","0","https://x.com/bareksa/status/1752518663620719043","920403926","bareksa"
"1301788438853754880","Fri Sep 04 07:45:24 +0000 2020","259","Bankia ha subido esta mañana un 31%. CaixaBank lleva un 12%. Hay gente que sabía de sobra que esto iba a ocurrir incluso antes de De Guindos abriera la boca incluso antes de que empezara la pandemia que hoy han ganado mucho dinero. https://t.co/zTu76HD9PM","1301788438853754880","https://pbs.twimg.com/media/EhDhTkoXkAA9rnJ.jpg","","es","GallegoValenciano en Madrid","5","12","143","https://x.com/EconoCabreado/status/1301788438853754880","399275188","EconoCabreado"
"1303368888311320576","Tue Sep 08 16:25:33 +0000 2020","215","An English high court has ruled that a Lebanese man s case against a top #Lebanon bank can go to trial. @bilalkhalifeh says his savings were seized by Blom Bank. Now he has a chance to get them back. Huge implications for 1000s of people whose $ has effectively been stolen. https://t.co/qZh8a6Xk9m","1303368888311320576","https://pbs.twimg.com/media/EhZ_F1yXsAMnrGs.jpg","","en","","17","5","95","https://x.com/timourazhari/status/1303368888311320576","739463311","timourazhari"
"1851476319214977442","Wed Oct 30 04:08:47 +0000 2024","0","Pertumbuhan pendapatan bunga bersih ini jg dapat menunjukkan peningkatan dalam volume kredit yang disalurkan oleh BRI yang biasanya berkontribusi pada laba bersih bank. Hal ini penting bagi BRI untuk mempertahankan pertumbuhan laba. #BRITerusPerkuatUMKM https://t.co/YmsoxGUOIH","1851476319214977442","","","in","","0","0","0","https://x.com/greatdusz/status/1851476319214977442","1836741186524266496","greatdusz"
"1783211620178473092","Wed Apr 24 19:09:15 +0000 2024","779","Nee nee nee. De @Rabobank is wel een nette bank. Ze zijn ook opgeroepen in het #Sywert proces () en vanzelfsprekend wisten ze als bankier niets van de geldstromen. Ook niet toen de winst verdeeld werd. Daar wisten zij als nette bank niets vanaf https://t.co/SZxZwKzHFV","1783211620178473092","https://pbs.twimg.com/media/GL89g7iWkAA6dEc.jpg","","nl","","14","68","248","https://x.com/DevliegerErik/status/1783211620178473092","1319523041035096065","DevliegerErik"
"1161967305653460993","Thu Aug 15 11:46:08 +0000 2019","190","Ook Rabo veegt vloer aan met rentebeleid ECB https://t.co/RB3YD7x5C1 via @telegraaf Een doodlopende straat waarin je niet meer kunt omkeren .","1161967305653460993","","","nl","The Netherlands","14","38","127","https://x.com/lexhoogduin/status/1161967305653460993","341481789","lexhoogduin"
"1331185434483974144","Tue Nov 24 10:38:34 +0000 2020","895","I was very instrumental in the collapse of Saambou Bank on 10 Feb ' 02. Two other top bank's might loose their banking licenses in the near future. 1) FNB - for discrimination and the CEO Jacque Cilliers is facing charges of fraud. 2) Standard Bank for overcharging clients.","1331185434483974144","","","en","","52","38","361","https://x.com/interrec/status/1331185434483974144","1351106540","interrec"
"1678873287252668418","Tue Jul 11 21:05:58 +0000 2023","556","CANADA S LAURENTIAN BANK HAS MYSTERIOUSLY PUT ITSELF UP FOR SALE LAURENTIAN BANK CONDUCTING A REVIEW OF STRATEGIC OPTIONS $LB","1678873287252668418","","","en","","12","30","97","https://x.com/gurgavin/status/1678873287252668418","109813243","gurgavin"
"1394642040118448130","Tue May 18 13:12:28 +0000 2021","2559","President Laporta has secured a loan from an American investment bank which will allow him to use €100 million ($122m) to settle outstanding payments owed to the players. [espn]","1394642040118448130","","","en","Camp Nou","6","21","127","https://x.com/barcacentre/status/1394642040118448130","897806549464346624","barcacentre"
"1244593331272855554","Mon Mar 30 11:52:33 +0000 2020","437","...to ensure that Lagos continues to remain safe for business. We are indeed happy that the bank decided to make this very bold move to support the healthcare delivery system in Lagos and we sincerely appreciate the timely gesture. (2/2) https://t.co/j965J0d3HV","1244593352508608513","https://pbs.twimg.com/media/EUWvC0JXkAAu2ss.jpg","jidesanwoolu","en","Lagos | Nigeria","6","42","71","https://x.com/jidesanwoolu/status/1244593352508608513","198084264","jidesanwoolu"
"1375461185546502148","Fri Mar 26 14:54:36 +0000 2021","245","Good news: The SA Reserve Bank (SARB) has approved the application for mutual Bank by Nthabeleng Likotsi and her shareholders Nthabeleng is the founder of cooperative Young Women in Business Network (YWBN).","1375461185546502148","","","en","Entrepreneurologist","3","3","48","https://x.com/NdzaviDerrick/status/1375461185546502148","64991683","NdzaviDerrick"
"1328692202273345536","Tue Nov 17 13:31:21 +0000 2020","206","Supersession of the Board of Directors - Appointment of Administrator The Lakshmi Vilas Bank Ltd https://t.co/x8Hc5SdFzj","1328692202273345536","","","en","India","2","30","29","https://x.com/RBI/status/1328692202273345536","478432912","RBI"
"1793186304861110513","Wed May 22 08:05:15 +0000 2024","1259","@tanyakanrl Dana udh bnyk case bobol dll better simpen di seabank atau line bank atau blu bca aja..","1793191381201985788","","tanyakanrl","in","Busan, Republic of Korea","0","9","20","https://x.com/12134Kookminji/status/1793191381201985788","1402887690706509829","12134Kookminji"
"1328742459862446080","Tue Nov 17 16:51:03 +0000 2020","605","Dear Customers LVB has been put under moratorium by RBI and there is a draft scheme of amalgamation with DBS. Equity shareholders run a risk of their value diminishing to zero. Be careful while trading in LVB shares.","1328742459862446080","","","en","Mumbai, India","0","3","34","https://x.com/iiflcapital/status/1328742459862446080","125593434","iiflcapital"
"1145472803233251328","Sun Jun 30 23:22:52 +0000 2019","222","Malaysian Islamic Bank beats UK - only 98% of all activities priced at Riba #islamicbanking #islamicfinance #Riba https://t.co/rJ51Cw9iO0","1145472803233251328","","","en","London","24","9","236","https://x.com/SafdarAlam/status/1145472803233251328","421982151","SafdarAlam"
"1732774906243268960","Thu Dec 07 14:51:45 +0000 2023","1879","As a leading pan-African bank we are proud to be championing eco-friendly practices in real estate. Our recent R4.5bn loan with the International Finance Corporation ( IFC ) introduces the Market Accelerator for Green Construction. #AfricaExpertise","1732774906243268960","","","en","Johannesburg, South Africa","4","45","58","https://x.com/Absa_CIB/status/1732774906243268960","1523337243498356736","Absa_CIB"
"1630504126848151557","Tue Feb 28 09:44:11 +0000 2023","206","South Africa is facing real challenges but it s important that we do not lose sight of the fact there is a real sense of urgency across the board from all stakeholders Senior Banker: Public Sector and Growth Capital Lulama Tlakula explains. #AfricaExpertise #BeyondTheBudget","1630504126848151557","","","en","Johannesburg, South Africa","3","16","14","https://x.com/Absa_CIB/status/1630504126848151557","1523337243498356736","Absa_CIB"
"1331532962827960323","Wed Nov 25 09:39:31 +0000 2020","217","#Cabinet approves Scheme of Amalgamation of Lakshmi Vilas Bank with DBS Bank India Limited; with this there will no further restrictions on the depositors regarding withdrawal of their deposits","1331532962827960323","","","en","New Delhi, India","3","12","48","https://x.com/DG_PIB/status/1331532962827960323","3177530305","DG_PIB"
"1727018715160486060","Tue Nov 21 17:38:42 +0000 2023","291","Governor of Lagos State Mr @jidesanwoolu today commissioned the Lagos State Building Control Agency (LABSCA) Building. This Building will serve as the Headquarters of LSBCA. The Agency was set up to ensure that buildings in Lagos State are designed constructed and maintained https://t.co/DdYvPxAbUY","1727018715160486060","https://pbs.twimg.com/media/F_eaW_OWUAA-UK0.jpg","","en","Lagos, Nigeria","1","1","67","https://x.com/Mr_JAGs/status/1727018715160486060","903010735105740814","Mr_JAGs"
"1235987958672404480","Sat Mar 07 00:24:24 +0000 2020","726","Ahora Balda dice que ING Lion es una banca internacional enlazada con su Agencia en Aruba No hay tal. ING Lion es un tipo de cuenta bancaria que ofrece ING Bélgica. Y solo en Bélgica. Haga clic aquí: https://t.co/WTNoyCTyII https://t.co/V8QrOTiv8r","1236085255292895232","https://pbs.twimg.com/media/ESdzb_3UMAAbtrx.jpg","ecuarauz","es","La Patria Grande","23","30","647","https://x.com/ecuarauz/status/1236085255292895232","235712666","ecuarauz"
"1633973886789246976","Thu Mar 09 23:31:47 +0000 2023","304","The 15th largest bank in the country lost over 60% of its market-cap today &amp; is on the brink of collapse. Some of the biggest companies in tech &amp; crypto have their funds at this bank.","1633973886789246976","","","en","","4","13","65","https://x.com/williamlegate/status/1633973886789246976","38029205","williamlegate"
"1564530850322169859","Tue Aug 30 08:29:56 +0000 2022","311","Michiel Le Roux is Chairman of Capitec Bank. He's also director of Fynbos Ekwiteit which donated R15m to DA. Patrice Motsepe is majority shareholder of Tyme Bank. He's also director of Botho-Botho which donated R10m to ANC. Know who your money is funding.","1564530850322169859","","","en","Court Of Public Opinion","9","26","120","https://x.com/BraHlonisky/status/1564530850322169859","1272952160","BraHlonisky"
"1784493247701926121","Sun Apr 28 08:01:59 +0000 2024","0","Laporan Keuangan Bank BRI (BBRI) Kuartal I-2024 3 Bulan Laba Bersih Rp15 9 Triliun https://t.co/YedsGsUhF5","1784493247701926121","","","in","Jogjakarta","0","0","0","https://x.com/_jogja/status/1784493247701926121","202103783","_jogja"
"1332449398136008704","Fri Nov 27 22:21:06 +0000 2020","221","Tamil Nadu: Lakshmi Vilas Bank Ltd branches operating as DBS Bank India Ltd from Nov 27. It was earlier placed under moratorium withdrawal capped at Rs 25 000. A customer in Madurai says We had a hard time withdrawing Rs 25 000. Govt took quick action I express gratitude. https://t.co/ankBeAUfwh","1332449398136008704","https://pbs.twimg.com/media/En3OPhdUUAABT6l.jpg","","en","India","1","3","24","https://x.com/ANI/status/1332449398136008704","355989081","ANI"
"1851530882202681752","Wed Oct 30 07:45:36 +0000 2024","0","#News #Fundamentalkinerja #BRIcetaklaba Perkuat Fundamental Kinerja BRI Cetak Laba Rp45 36 Triliun: PT Bank Rakyat Indonesia (Persero) Tbk atau BRI kembali mencatatkan kinerja positif di tengah dinamika ekonomi global dan kondisi ekonomi domestik yang https://t.co/8CGxSp5I7D","1851530882202681752","","","in","Makassar, Indonesia","0","0","0","https://x.com/terkinidotid/status/1851530882202681752","123757780","terkinidotid"
"1783495432901198309","Thu Apr 25 13:57:01 +0000 2024","0","Bank BRI cetak laba Rp 15 9 triliun buat kuartal I 2024! Kredit macetnya ternyata bertambah. Harga sahamnya udah turun -9 25% sejak awal Januari buy or bye? $BBRI #investasi #saham #idx #ihsg #kripto #viralvideo https://t.co/3e7gXFY075","1783495432901198309","","","in","","0","0","1","https://x.com/tokokataku/status/1783495432901198309","1748059284284571649","tokokataku"
"1683017373996163073","Sun Jul 23 07:33:05 +0000 2023","353","A briefing from Mr SBY before the most anticipated Indonesia-Thailand match at GOR LavAni #TimnasDay 🇲🇨 #LavAniForever #SEAVLeague2023 https://t.co/8va0Xkoh6F","1683017373996163073","https://pbs.twimg.com/media/F1tHXvUaYAAz45D.jpg","","en","","11","13","61","https://x.com/LavaniForever/status/1683017373996163073","1217344553553784833","LavaniForever"
"1793924468743758238","Fri May 24 08:38:17 +0000 2024","157","De BBB in Den Haag schrapte 15 miljard voor de provincies maar de BBB-gedeputeerde wil meer geld. Tsja.","1793924468743758238","","","nl","Nederland","0","2","45","https://x.com/LauraBromet/status/1793924468743758238","19335517","LauraBromet"
"1195929739493433344","Sun Nov 17 05:00:43 +0000 2019","332","1894 :: First Office of Punjab National Bank at Ganpatrai Road Lahore . Freedom Fighter Lala Lajpat Rai Was Actively Associated With The Management of PNB Bank In Its Formative Years https://t.co/gMBO5iGNru","1195929739493433344","https://pbs.twimg.com/media/EJjLwl6VAAAEeyd.jpg","","en","","2","2","62","https://x.com/IndiaHistorypic/status/1195929739493433344","2312262702","IndiaHistorypic"
"1329015667371114498","Wed Nov 18 10:56:41 +0000 2020","250","Lakshmi Vilas Bank has gone bankrupt potentially harming lakhs of customers. If RBI and Fin Min are just there to watch and let it happen what was the need for regulators in the first place? Yet Another clear instance of usurpation of middle classes savings by money classes.","1329015667371114498","","","en","","7","13","73","https://x.com/TamilRatsaschi/status/1329015667371114498","806445785957089280","TamilRatsaschi"
"1249656079077847042","Mon Apr 13 11:10:01 +0000 2020","507","#RDC Les enquêtes en cours sur la #corruption révèlent que @Rawbank_sa aurait joué un rôle majeur en facilitant des mouvements financiers illicites. Autorité monétaire la BCC s en trouve interpellée pour ouvrir 1 enquête. Il y va de la crédibilité du système bancaire national","1249656079077847042","","","fr","République Démocratique Du Con","14","41","141","https://x.com/LubayaClaudel/status/1249656079077847042","1266291403","LubayaClaudel"
"1494678221018873867","Fri Feb 18 14:20:32 +0000 2022","554","LBC is owned by Ashley Tabor-King who funds a mysterious organisation called Taigh Mor. Taigh Mor claims to promote the efficiency of the armed forces of the Crown &amp; has a dispensation to keep the names of 3 trustees secret.","1494678221018873867","","","en","","10","24","272","https://x.com/Lowkey0nline/status/1494678221018873867","1024352074048434177","Lowkey0nline"
"1633770787067817984","Thu Mar 09 10:04:44 +0000 2023","164","We are proud to have acted as sole Financial Advisor Bookrunner and Mandated Lead Arranger on a cash offer of R2.562 billion to Alviva Holdings Limited. This deal demonstrates our continued support for transformational deals. #AfricaExpertise","1633770787067817984","","","en","Johannesburg, South Africa","1","8","9","https://x.com/Absa_CIB/status/1633770787067817984","1523337243498356736","Absa_CIB"
"1377489717193699335","Thu Apr 01 05:15:15 +0000 2021","171","Raih Triple Poin undian BritAma FSTVL dengan membuka Tabungan BRI BritAma melalui https://t.co/hvcDkWPvUF registrasi e-banking BRI dan pembayaran zakat dan donasi.","1377489717193699335","","","in","Jl Jend Sudirman 44-46 Jakarta","4","18","18","https://x.com/promo_BRI/status/1377489717193699335","1398703135","promo_BRI"
"1331585806767513600","Wed Nov 25 13:09:30 +0000 2020","248","Lakshmi Vilas Bank Ltd. branches to operate as DBS Bank India Ltd. branches from November 27.","1331585806767513600","","","en","Bhubaneswar, India","1","4","2","https://x.com/otvnews/status/1331585806767513600","438152067","otvnews"
"1371321871996715009","Mon Mar 15 04:51:17 +0000 2021","242","One of the banks suggested by @nsitharaman to be privatised is Bank of Maharashtra. Guess who is the BIGGEST WILLFUL DEFAULTER of the bank- Roop Chand Baid of SVLL who gave specialised busses to Modi in 2014 #IndiaAgainstPrivatisation","1371323088906956810","","LavanyaBallal","en","","5","5","169","https://x.com/LavanyaBallal/status/1371323088906956810","286520757","LavanyaBallal"
"1375343835094614016","Fri Mar 26 07:08:17 +0000 2021","266","Nthabeleng Likotsi is poised to be the first woman to own a mutual bank in South Africa. This follows approval by SA Reserve Bank (SARB). She is the founder of cooperative: Young Women in Business Network. Congrats 4 blazing a trail for other women in finance. BEST WISHES GALORE!","1375343835094614016","","","en","Manaleng","2","12","65","https://x.com/LetlapaMphahlel/status/1375343835094614016","331500607","LetlapaMphahlel"
"1779394212452315174","Sun Apr 14 09:46:39 +0000 2024","444","@IndianTechGuide Misleading Post Existing Banks in Lakshadweep 8- Canara Bank (eSyndicate Bank) 1 - State Bank of India 1 - UCO Bank Public Sector Banks already serving.","1779446158991233443","","IndianTechGuide","en","India","1","24","127","https://x.com/idesibanda/status/1779446158991233443","1609823102","idesibanda"
"1775854763164254617","Thu Apr 04 11:55:43 +0000 2024","1921","I lost my brother/cousin this December and labodoti drove from JHB to Durban and parked outside ekhaya while I was running errands/drinking to distract myself. They waited for me to get back and when I said asiyeni futhi they were like nah bro time for family . ️","1775854763164254617","","","en","","4","8","80","https://x.com/bandile_banks/status/1775854763164254617","2876009345","bandile_banks"
"1472534829606608896","Sun Dec 19 11:50:36 +0000 2021","296","Jours de travail ! On est dimanche. L agence de la banque Islamique TOUBA (ancien garage) est ouvert avec un flux important de clients. La particularité de cette ville religieuse est que le jour de repos reste le vendredi journée de prières. Les acteurs éco s adaptent.","1472534829606608896","","","fr","Dakar","1","3","48","https://x.com/MLBara_LO/status/1472534829606608896","2322765745","MLBara_LO"
"1777770611349032983","Tue Apr 09 23:40:52 +0000 2024","1240","@icardo8 Falabella CERRÓ no le dejó el negocio a otro igual que LATAM y se las tomaron. El HSBC le vendió el negocio al Banco Galicia. Abismal diferencia","1777844157463118102","","icardo8","es","Ciudad Autónoma de Buenos Aires, Argentina","0","20","26","https://x.com/sebascaos/status/1777844157463118102","553616410","sebascaos"
"1275039693088845830","Mon Jun 22 13:25:30 +0000 2020","175","@spicymilkyy ก็ทริคการเงินธรรมดาอ่ะ วายจีมันสร้างตึก มันก็เอาเงินคนอื่นมาหมุน ดอกแค่ 2% คุ้มกว่ากู้แบงค์รึควักตังเองตั้งเยอะ LV มาปล่อยกู้ให้ก็วินกันหมดอ่ะ เพราะยิ่งทำให้คอนเนคชั่นสายแฟชั่นเข้มขึ้น ถึงสุดท้ายคืนเงินแต่ LV ก็ยังให้งานYGทั้ง Dior Celine bvlgari มิโนก็เดินแบบให้ LV ปังเหมือนเดิม","1275057327104618503","","KSYFEI","th","","0","2","243","https://x.com/KSYFEI/status/1275057327104618503","735388783718322176","KSYFEI"
"1675064635135778816","Sat Jul 01 09:13:50 +0000 2023","793","@monesaPula_ Di bank charges lala because if you had that money I wouldnt be paying Nedbank an extra R120. That s lunch money.","1675070194807451648","","","en","","20","24","15","https://x.com/CheriFlavour/status/1675070194807451648","270372327","CheriFlavour"
"1228005023340269569","Thu Feb 13 17:16:27 +0000 2020","608","Te aviso BANCOMER @bbva hoy cerraré mis cuentas con tu servicio debido a que el pasado mes de diciembre me enjaretaste un préstamo QUE NO PEDÍ y ahora pretendes cobrarme no sólo el préstamo TAMBIÉN INTERESES. Tenía un excelente historial contigo pero ROBAS dinero de tus clientes","1228005023340269569","","","es","","16","45","424","https://x.com/LAURABARRANCO/status/1228005023340269569","118627815","LAURABARRANCO"
"1310293914507771905","Sun Sep 27 19:03:07 +0000 2020","366","Lebanese banks representatives made a trip to France two weeks ago to defend their point of view only to be described as partners in a Ponzi scheme and facilitators of corrupt money flight by the French president today. Good job guys.","1310293914507771905","","","en","","0","5","44","https://x.com/JadChaaban/status/1310293914507771905","1883256158","JadChaaban"
"1836064234394050955","Tue Sep 17 15:26:40 +0000 2024","774","LabLabee une startup algérienne lève 3.5 millions de dollars pour s étendre aux Etats-Unis 🇺🇸. Fondée par deux algériens à Oran elle forme les entreprises aux technologies Cloud en Algérie 🇩🇿 et en France 🇫🇷. Leurs clients sont AWS Orange ou encore Ooredoo. https://t.co/hU81dKq2md","1836064234394050955","https://pbs.twimg.com/media/GXsCsJHaoAA1FKI.jpg","","fr","El-Djazaïr ","7","18","127","https://x.com/UnionAlgerienne/status/1836064234394050955","1608409029700616192","UnionAlgerienne"
"1396442488144019457","Sun May 23 12:26:48 +0000 2021","178","Another new team in #LaLiga... 🆕 Welcome to #LaLigaSmartBank @ibizaud_en! https://t.co/wdS3WWxFTn","1396442488144019457","https://pbs.twimg.com/media/E2EpCijWEAY2dL8.jpg","","en","","4","1","14","https://x.com/LaLigaEN/status/1396442488144019457","4704552148","LaLigaEN"
"1665615343857827840","Mon Jun 05 07:03:38 +0000 2023","499"," Thanks to lalalalisa_m and bazaarvietnam for this amazing cover and article on our extraordinary @Bulgariofficial ambassador - CEO JC Babin https://t.co/bdkiI0eMpu #LISA #LALISA #MONEY https://t.co/othwaNBL73","1665615343857827840","https://pbs.twimg.com/media/Fx10U88XwAEltPJ.jpg","","en","⬇️PRE-SAVE/ADD/ORDER ALTER EGO","0","1","169","https://x.com/Malik_Manoban/status/1665615343857827840","1026185152941056000","Malik_Manoban"
"1240920756105732096","Fri Mar 20 08:38:58 +0000 2020","218","We appreciate the contribution of 10 Million Birr made by Commercial Bank of Ethiopia to help strengthen efforts in the fight against #COVID19. @combankethiopia","1240920756105732096","","","en","United States","4","10","11","https://x.com/lia_tadesse/status/1240920756105732096","2834781023","lia_tadesse"
"1604087094359388160","Sat Dec 17 12:12:20 +0000 2022","744","Gara-gara Duit Recehan 300Ribu Krediblitas Bank Indonesia Telah Jatuh Karena Ikut Cawe2 Ngurusin Mahar Kawinan. Netizen: Sekalian Aja BI Jadi EO Wedding Party. Engga Ada Otaknya!","1604087094359388160","","","in","Bima Sakti, Bumi, Indonesia","14","103","258","https://x.com/abu_waras/status/1604087094359388160","2905814730","abu_waras"
