"conversation_id_str","created_at","favorite_count","full_text","id_str","image_url","in_reply_to_screen_name","lang","location","quote_count","reply_count","retweet_count","tweet_url","user_id_str","username"
"1698499987087216835","Mon Sep 04 00:55:28 +0000 2023","209","Selamat Hari Pelanggan Nasional Sobat BRI! Kami akan selalu memberikan jasa dan layanan perbankan terbaik. BRI akan selalu beradaptasi dengan memberikan layanan yang menyeluruh kepada masyarakat Indonesia pelayanan digital juga menjadi prioritas untuk dapat mempermudah https://t.co/0hZC0xSp7S","1698499987087216835","https://pbs.twimg.com/amplify_video_thumb/1698498695392604160/img/iimXn6mrEUZNMR_c.jpg","","in","","1","71","36","https://x.com/undefined/status/1698499987087216835","1355939492",
"1836347209241301503","Wed Sep 18 10:11:07 +0000 2024","145","Waspada terhadap semua jenis Modus Palsu tolak dengan tegas #BilangAjaGak bersama @vidialdiano ! Waspada dengan ajakan klik link atau aplikasi sembarangan dari nomor yang tidak dikenal. Ingat segala informasi yang benar hanya ada di website resmi BRI dan call center BRI https://t.co/RNkfAAyFZB","1836347209241301503","https://pbs.twimg.com/ext_tw_video_thumb/1836345292792442880/pu/img/Nhp6ipI7xFxyQ0AF.jpg","","in","","6","376","50","https://x.com/undefined/status/1836347209241301503","1355939492",
"1854840391725728174","Fri Nov 08 11:04:29 +0000 2024","366","Karena dr sejarahnya juga BRI dibangun supaya rakjat bisa nabung ngindarin rentenir ngelola dana masjid dll BRI juga sampai skrg mendukung iklusi dan literasi finansial rakjat dengan kehadiran BRILink layanannya sampai ke desa-desa terpentjil. Dr dulu konsisten memberi https://t.co/w4eVJHaxto","1854842423610089751","https://pbs.twimg.com/media/Gb25WaTa0AA61-E.jpg","senjatanuklir","in","","9","15","17","https://x.com/undefined/status/1854842423610089751","1080481376623722507",
"1854840391725728174","Fri Nov 08 11:00:22 +0000 2024","512","Setelah kita merdeka BRI jadi bank pemerintah pertama di Indonesia. Sampai Juni 2023 BRI punya 7.980 outlet jaringan kantor banyak banget sampe di New York pun ada di TAIPEI JUGAA sumpah w 2 minggu lalu keluar MRT Nanjing Fuxing ngeliat tbtb ada logo BRI kaget bgt https://t.co/KC4i9DNpvN","1854841387101175948","https://pbs.twimg.com/media/Gb24Z80aMAAsR7_.jpg","senjatanuklir","in","","13","9","32","https://x.com/undefined/status/1854841387101175948","1080481376623722507",
"1714147291622420933","Tue Oct 17 05:12:16 +0000 2023","157","Sobat BRI. Yuk selalu terhubung dengan BRI melalui Contact BRI 1500017. Contact BRI juga memiliki Pusat Bantuan via BRImo atau melalui Sabrina 0812-12-14017. Pastikan hanya menghubungi akun media sosial resmi BRI yang sudah terverifikasi. #BRIEdukasi https://t.co/EhgzdnyHK3","1714147291622420933","https://pbs.twimg.com/media/F8nfxz7aIAAls4h.jpg","","in","","0","10","9","https://x.com/undefined/status/1714147291622420933","1355925366",
"1870427472669663321","Sat Dec 21 11:13:55 +0000 2024","3","Seorang Pria merasa kesal dengan pelayanan Pegawai Bank saat ingin menukar uang logam. @bank_indonesia @promo_BRI https://t.co/s26dkQNKLv","1870427472669663321","https://pbs.twimg.com/ext_tw_video_thumb/1870427333532037120/pu/img/Zlx_unz0EtiOE1Wm.jpg","","in","","0","2","2","https://x.com/undefined/status/1870427472669663321","2400850110",
"1721812749842595990","Tue Nov 07 08:52:03 +0000 2023","149","Pendaftaran BRILiaN Future Leader Program (BFLP) General dan IT telah dibuka hingga 14 November 2023 BRI Kembali membuka peluang buat kamu yang ingin meraih mimpimu sebegai Future Leader untuk belajar bertumbuh dan berkontribusi Memberi Makna Indonesia 🇮🇩 Untuk info https://t.co/HM8XxqZO7l","1721812749842595990","https://pbs.twimg.com/media/F-Ubj1xbEAAQbMx.jpg","","in","","1","15","7","https://x.com/undefined/status/1721812749842595990","1355939492",
"1709842642484564021","Thu Oct 05 08:07:07 +0000 2023","156","Sobat BRI. Sekarang pengajuan dan pantau status pengaduan lebih mudah cukup melalui BRImo atau Chat Sabrina di 0812-12-14017. Selamat mencoba sehat dan sukses selalu ya. #BRIEdukasi https://t.co/IUs7RWDumP","1709842642484564021","https://pbs.twimg.com/media/F7qUV9HbAAAQAFV.jpg","","in","","0","4","7","https://x.com/undefined/status/1709842642484564021","1355925366",
"1852229007355580764","Fri Nov 01 05:59:42 +0000 2024","0","Ombudsman RI dan BRI Kolaborasi Perkuat Tata Kelola Pelayanan Publik #OmbudsmanRI #BRI #PelayananPublik #GoodGovernance #Maladministrasi Baca: https://t.co/JsQ4rWmLzZ -BiBiNimerva https://t.co/zOR2L5JYpr","1852229007355580764","https://pbs.twimg.com/media/GbRwdaobAAAd045.jpg","","in","","0","0","0","https://x.com/undefined/status/1852229007355580764","1687094580670615552",
"1881659633707921898","Tue Jan 21 11:06:30 +0000 2025","3","Arti 'Berani Jadi Lebih' bagi BRI adalah berani melangkah maju dengan mengadopsi solusi-solusi terdepan sehingga dapat terus meningkatkan kualitas pelayanan kami. BRI selalu berkomitmen untuk memberikan yang terbaik bagi nasabah. https://t.co/SCwbfjm4Oo","1881659633707921898","https://pbs.twimg.com/media/Ghz_dNkagAAGqPj.jpg","","in","","0","1","0","https://x.com/undefined/status/1881659633707921898","1234697154989568000",
"1868237395185062016","Sun Dec 15 10:11:19 +0000 2024","11","Pilihan aktifitas menunggu pelayanan Bank BRI - Scrolling HP - Media sosial - Baca buku - Main game - Melahirkan","1868237395185062016","","","in","","0","0","5","https://x.com/undefined/status/1868237395185062016","1727958996567347200",
"1711633851599254016","Tue Oct 10 06:44:45 +0000 2023","151","Brand binaan BRI lagi-lagi mejeng di pameran bergengsi Kriyanusa 2023. Menurut Kak Tio pemilik Craftote Gallery &amp; Coffee Rumah BUMN BRI berhasil ngajarin beliau branding marketing keuangan bahkan pinjaman untuk brandnya. Ilmu UMKM apa sih yang pengen kamu pelajari Sobat https://t.co/zqLFZQ14Ti","1711633851599254016","https://pbs.twimg.com/media/F8DxzP0bUAA6_GE.jpg","","in","","0","11","7","https://x.com/undefined/status/1711633851599254016","1355939492",
"1106466293236953088","Fri Mar 15 08:04:56 +0000 2019","290","saya Drg. Brian Khrisna membuka praktek gigi yang melayani berbagai masalah gigi salah satunya: 1. Pemasangan behel. 2. Pemasangan Teralis 3. Pager. 4. Rolling dor. 5. Dan kanopi. https://t.co/d9Fty4okaX","1106466293236953088","https://pbs.twimg.com/media/D1r1M30U0AA_5vU.jpg","","in","","3","51","44","https://x.com/undefined/status/1106466293236953088","775011194",
"1866520635155124296","Tue Dec 10 16:29:32 +0000 2024","2","Dengan semangat untuk terus tumbuh BRI berkomitmen memberikan pelayanan terbaik bagi semua. #BRIPrestasi #HUT129BRI #Kaleidoskop2024 #Briliandancemerlang https://t.co/OMO1nn4DjW","1866520635155124296","https://pbs.twimg.com/media/Gec2oA8awAAEVr3.jpg","","in","","0","0","0","https://x.com/undefined/status/1866520635155124296","1808398593768017920",
"1763503598087151627","Fri Mar 01 09:56:36 +0000 2024","94","Ucapan terima kasih atas pengabdian dan dedikasi yang telah diberikan selama ini untuk BRI kepada Bapak Hendrikus Ivo Dan selamat bertugas serta mengemban amanah baru kepada Bapak Haryo Baskoro Wicaksono sebagai Komisaris. Segenap Insan BRILiaN siap mendukung dan berkarya https://t.co/ikqEKNhJ1K","1763503598087151627","https://pbs.twimg.com/media/GHk5KkzaQAAJn8j.jpg","","in","","0","70","3","https://x.com/undefined/status/1763503598087151627","1355939492",
"1867104233218249125","Thu Dec 12 07:08:32 +0000 2024","1","LAPAS TARAKAN GANDENG BRI UNTUK TINGKATKAN PELAYANAN PUBLIK https://t.co/hoFvjntZ8U","1867104233218249125","https://pbs.twimg.com/media/GelJY-4aEAE3URD.jpg","","in","","0","0","0","https://x.com/undefined/status/1867104233218249125","1420903538809475077",
"1869363744393802165","Wed Dec 18 12:47:02 +0000 2024","0","PT Bank Rakyat Indonesia (Persero) Tbk. (BRI) menegaskan komitmennya untuk terus memberikan pelayanan kepada nasabah selama periode Nataru https://t.co/3iBwzRwrY3","1869363744393802165","","","in","","0","0","0","https://x.com/undefined/status/1869363744393802165","1404018642",
"1883424832471113763","Sun Jan 26 08:00:47 +0000 2025","2","Jends! mau tanya sender kan terhambat pembayaran UKT nya melalui ATM ya baik itu di BNI/BRI karena nomor billing sender ngga terdaftar rencananya sender mau bayar lewat teller tapi pelayanan libur kan nah buat yg belum bayar sampai tanggal 29 apakah belum bisa mengisi KRS?","1883424832471113763","","","in","","0","2","0","https://x.com/undefined/status/1883424832471113763","1855834355165544448",
"1567051790507704320","Tue Sep 06 07:27:15 +0000 2022","342","Sobat BRI. Waspada dan tetap berhati-hati dengan beredarnya informasi HOAX terkait pembaharuan layanan dan perubahan tarif baru BRI. Selalu ingat WhatsApp resmi BRI/Sabrina 0812-12-14017. Pastikan selalu cek kebenaran informasi yang diterima melalui Contact BRI ya. #BRIEdukasi https://t.co/QzucWnt9h9","1567051790507704320","https://pbs.twimg.com/media/Fb9JHemaMAApAca.jpg","","in","","48","989","141","https://x.com/undefined/status/1567051790507704320","1355925366",
"1837013107043873009","Fri Sep 20 06:17:09 +0000 2024","2","kenapa ya kok pelayanan cs/teller BRI itu lama banget ya? beda dari bank lainnya gitu.","1837013107043873009","","","in","","1","8","0","https://x.com/undefined/status/1837013107043873009","273824940",
"1833453768706560029","Tue Sep 10 10:33:37 +0000 2024","0","BERI PELATIHAN PELAYANAN PRIMA KE PETUGAS LAPAS BENGKALIS GANDENG BRI https://t.co/eRdlBttMAP","1833453768706560029","https://pbs.twimg.com/media/GXG8elDbEAE_CY8.jpg","","in","","0","0","0","https://x.com/undefined/status/1833453768706560029","1336936317460963328",
"1836955625034764446","Fri Sep 20 02:28:44 +0000 2024","0","PENGAMANAN AKSI PENYAMPAIAN ASPIRASI OLEH LSM PHI (PEMERHATI HUKUM INDONESIA) PUSAT DI KANTOR BRI CABANG BONDOWOSO Personil pengamanan dari Polres Bondowoso memberikan pelayanan Pengamanan Penyampaian Aspirasi dengan Humanis.Selama penyampaian aspirasi dari awal hingga selesai https://t.co/9moOx7DPjw","1836955625034764446","https://pbs.twimg.com/ext_tw_video_thumb/1836955540280463365/pu/img/dVUmYPS3GEvIoqeC.jpg","","in","","0","0","0","https://x.com/undefined/status/1836955625034764446","1588114181601263616",
"1831260061835911529","Wed Sep 04 09:16:36 +0000 2024","1","Rayakan Hari Pelanggan Nasional 2024 BRI Optimalkan Artificial Intelligence untuk Pelayanan Responsif dan Personal https://t.co/fF0dCSf0nL #Bisnis","1831260061835911529","","","in","","0","1","0","https://x.com/undefined/status/1831260061835911529","47596019",
"1831866445875298689","Fri Sep 06 01:26:09 +0000 2024","0","Virtual Assistant Sabrina langkah BRI menuju pelayanan perbankan yang lebih modern.#BRIkanPelayananTerbaik #BriliandanCemerlang #qrislink https://t.co/4nKky4vn9J","1831866445875298689","https://pbs.twimg.com/media/GWwYz1AWQAAuV9H.jpg","","in","","0","0","0","https://x.com/undefined/status/1831866445875298689","1798989918536134656",
"1870408616651685972","Sat Dec 21 09:58:59 +0000 2024","0","Keren! BRI selalu BRILiaN dalam memberikan pelayanan terbaik! #BrilianFest2024 #HUT129BRI #Kaleidoskop2024 #Briliandancemerlang https://t.co/cbqPeUxHnq","1870408616651685972","https://pbs.twimg.com/media/GfUGuU3bwAEloyM.jpg","","in","","0","0","0","https://x.com/undefined/status/1870408616651685972","1817103689884270592",
"1881233964352106554","Mon Jan 20 06:55:03 +0000 2025","0","OPTIMALKAN PELAYANAN INFORMASI BAPAS KELAS I BANDAR LAMPUNG TERIMA BANTUAN DARI BRI CABANG TANJUNG KARANG https://t.co/Wnohos4ZpO","1881233964352106554","https://pbs.twimg.com/media/Ght8UFGbQAA1WYK.jpg","","in","","0","0","0","https://x.com/undefined/status/1881233964352106554","1240499659048538112",
"1876620838222647540","Tue Jan 07 13:24:08 +0000 2025","0","BRI selalu memberikan pelayanan yang cepat dan terpercaya. #BRIuntukRakyat #BriliandanCemerlang #qrisbri https://t.co/Bw4B7RTu32","1876620838222647540","https://pbs.twimg.com/media/GgsYtMJbQAA3hya.jpg","","in","","0","0","0","https://x.com/undefined/status/1876620838222647540","1817478584237477888",
"1842607692512395611","Sat Oct 05 16:48:02 +0000 2024","0","Terima kasih BRI pelayanan yang luar biasa! #AgenBRILink #5TahunET #BriliandanCemerlang #qrislink https://t.co/7xJxSpr5A2","1842607692512395611","https://pbs.twimg.com/media/GZJB6R6bUAAeB0y.jpg","","in","","0","0","0","https://x.com/undefined/status/1842607692512395611","1817097509745115136",
"1874796789242675707","Thu Jan 02 12:36:01 +0000 2025","0","BRI selalu memberikan pelayanan yang inovatif dan terpercaya! #CapaianBRI #BriliandanCemerlang #qrisbri https://t.co/PdT1J1PUpM","1874796789242675707","https://pbs.twimg.com/media/GgSdvlDbIAAi7zu.jpg","","in","","0","0","0","https://x.com/undefined/status/1874796789242675707","1817103689884270592",
"1869531074671587768","Wed Dec 18 23:51:57 +0000 2024","5","lucunya lagi BRI membebankan biaya notifikasi wa sebesar Rp.750 dan pelayanan yg dikasih begini? gw baru sadar berapa bulan lalu. dan faklahh sebulan bisa bayar ratusan ribu cuma buat bayar notif. kalo transaksi sehari 10x = 7.5k dalam 10 hari 75k dan dalam 1 bulan 225k. https://t.co/qmKmiot9kx","1869531074671587768","https://pbs.twimg.com/media/GfHomZDbAAAG330.jpg","","in","","0","10","0","https://x.com/undefined/status/1869531074671587768","1764883169533378560",
"1866072420291080298","Mon Dec 09 10:48:29 +0000 2024","0","Integritas dan pelayanan prima membuat BRI mendapat penghargaan ini. #BRIPrestasi #HUT129BRI #Kaleidoskop2024 #Briliandancemerlang https://t.co/XtpZMd8GuA","1866072420291080298","https://pbs.twimg.com/media/GeWe-fKbUAAWIWe.jpg","","in","","0","0","0","https://x.com/undefined/status/1866072420291080298","1834066482478870528",
"1866061624916001176","Mon Dec 09 10:05:35 +0000 2024","0","BRI konsisten memberikan pelayanan terbaik! #BRIPrestasi #HUT129BRI #Kaleidoskop2024 #Briliandancemerlang https://t.co/Tei7D5dOV9","1866061624916001176","https://pbs.twimg.com/media/GeWVJz7aMAA21bm.jpg","","in","","0","0","0","https://x.com/undefined/status/1866061624916001176","1817102357244837891",
"1882642903845257375","Fri Jan 24 04:13:40 +0000 2025","0","Tingkatkan Pelayanan Perbankan dan Dukungan Sosial Rutan Pacitan dan BRI Cabang Pacitan Jalin Kerja Sama Strategis https://t.co/kMOKJrVlCc","1882642903845257375","https://pbs.twimg.com/media/GiB9cbtbEAEolHk.jpg","","in","","0","1","0","https://x.com/undefined/status/1882642903845257375","2450510233",
"1882739488948175216","Fri Jan 24 10:37:28 +0000 2025","1","GUA MAU GANTI BANK AJA LAH BRI PELAYANAN KEK SAMPAH","1882739488948175216","","","in","","0","6","0","https://x.com/undefined/status/1882739488948175216","1748923533378596864",
"1863868800267100540","Tue Dec 03 08:52:05 +0000 2024","0","Teruslah memberikan pelayanan terbaik BRI #BRIPrestasi #HUT129BRI #Kaleidoskop2024 #Briliandancemerlang https://t.co/GAeY4mgOeQ","1863868800267100540","https://pbs.twimg.com/media/Gd3KyN4bwAEW4He.jpg","","in","","0","0","0","https://x.com/undefined/status/1863868800267100540","1818240761210806273",
"1875079513476108592","Fri Jan 03 07:19:27 +0000 2025","0","Lama bener pelayanan CS BRI","1875079513476108592","","","in","","0","2","0","https://x.com/undefined/status/1875079513476108592","1502409829616271360",
"1524630592679071745","Thu May 12 06:00:34 +0000 2022","255","Sobat BRI. Waspada dan tetap berhati-hati dengan beredarnya informasi HOAX terkait pembaharuan layanan dan perubahan tarif baru BRI. Selalu jaga kerahasian data pribadi untuk terhindar dari kejahatan perbankan. #BRIEdukasi https://t.co/jh3U7VxdQe","1524630592679071745","https://pbs.twimg.com/media/FSiTM5RVcAAdWut.jpg","","in","","15","74","116","https://x.com/undefined/status/1524630592679071745","1355925366",
"1870102922740281539","Fri Dec 20 13:44:16 +0000 2024","0","Dalam program khitanan massal BRI memberikan pelayanan terbaik untuk kesehatan anak-anak dengan sentuhan hiburan yang menyenangkan #BRIPeduli #HUT129BRI #Kaleidoskop2024 #BriliandanCemerlang https://t.co/6ocnl6Tuzu","1870102922740281539","https://pbs.twimg.com/media/GfPwsnJasAM8f7I.jpg","","in","","0","0","0","https://x.com/undefined/status/1870102922740281539","1754857048960061440",
"1870326149882183967","Sat Dec 21 04:31:17 +0000 2024","0","Kolaborasi Antar Instansi Imigrasi Tual Kolaborasi BRI dan Kantor Pos Tingkatkan Pelayanan PNBP #kemenkumhammaluku #hendrotriprasetyo https://t.co/JMTTiA4DVN","1870326149882183967","https://pbs.twimg.com/media/GfS7tdMa8AAoaFX.png","","in","","0","0","0","https://x.com/undefined/status/1870326149882183967","2911520676",
"1572756611994882048","Thu Sep 22 01:16:11 +0000 2022","4972","Sobat BRI ikutan Pesta Rakyat Simpedes 2022 yuk! Saksikan penampilan musisi tanah air karnaval budaya diskon produk UMKM kompetisi kegiatan sosial dan banyak hadiah menarik dari @bankbri_id di 12 kota. Acara ini juga ditayangkan di Kompas TV dan Youtube BRI lho!","1572756611994882048","","","in","","49","339","365","https://x.com/undefined/status/1572756611994882048","1398703135",
"1860154542475870601","Sat Nov 23 02:52:57 +0000 2024","0","Sangat disayangkan pengusaha muda sekaligus kader Partai Gerindra menjadi korban maladministrasi oleh karyawan dan pimpinan cabang Bank BRI Veteran. Hal ini mencoreng reputasi institusi keuangan yang seharusnya memberikan pelayanan terbaik.#davidrahardja #bankbri #ombudsman","1860154542475870601","","","in","","0","0","0","https://x.com/undefined/status/1860154542475870601","1600663501164277760",
"1776072585798934730","Fri Apr 05 02:21:16 +0000 2024","55","Sobat BRI Dalam rangka Hari Raya Idul Fitri 1445 Hijriah Pekerja atau insan BRILian BRI Group tidak menerima atau memberikan hadiah dalam bentuk apapun. Apabila sobat BRI mengetahui adanya pelanggaran atas komitmen dimaksud mohon dapat menyampaikan informasi pelanggaran https://t.co/AkrEvEnydA","1776072585798934730","https://pbs.twimg.com/media/GKXgmdLbMAA3wub.jpg","","in","","0","36","7","https://x.com/undefined/status/1776072585798934730","1355939492",
"1863884301823287650","Tue Dec 03 09:53:41 +0000 2024","0","Dari layanan digital hingga pelayanan langsung BRI selalu berusaha melampaui ekspektasi nasabah. #BRIPrestasi #HUT129BRI #Kaleidoskop2024 #Briliandancemerlang https://t.co/sASZ8nfUlq","1863884301823287650","https://pbs.twimg.com/media/Gd3Y5NRaoAA9uU-.jpg","","in","","0","0","0","https://x.com/undefined/status/1863884301823287650","1816361401071591424",
"1866412381364179335","Tue Dec 10 09:19:22 +0000 2024","0","Pelayanan terbaik dari hati BRI selalu hadir untuk masyarakat Indonesia. #BRIPrestasi #HUT129BRI #Kaleidoskop2024 #Briliandancemerlang https://t.co/qIIQiink8E","1866412381364179335","https://pbs.twimg.com/media/GebUK3-bMAA6gtv.jpg","","in","","0","0","0","https://x.com/undefined/status/1866412381364179335","1834067197079298049",
"1874795961798803675","Thu Jan 02 12:32:43 +0000 2025","0","BRI terus berinovasi untuk memberikan pelayanan yang lebih baik! #CapaianBRI #BriliandanCemerlang #qrisbri https://t.co/nKpGUSzPzl","1874795961798803675","https://pbs.twimg.com/media/GgSc_embsAEcVze.jpg","","in","","0","0","0","https://x.com/undefined/status/1874795961798803675","1817099963563933697",
"1876606097773167008","Tue Jan 07 12:25:34 +0000 2025","0","BRI selalu berkomitmen memberikan pelayanan terbaik bagi rakyat. #BRIuntukRakyat #BriliandanCemerlang #qrisbri https://t.co/6JEwip7g4k","1876606097773167008","https://pbs.twimg.com/media/GgsLTNSaMAAYJ91.jpg","","in","","0","0","0","https://x.com/undefined/status/1876606097773167008","1817104938096619520",
"1831678819943784722","Thu Sep 05 13:00:36 +0000 2024","0","Nikmati pelayanan cerdas BRI dengan Sabrina Virtual Assistant yang selalu ada untuk Anda. ** #BRIkanPelayananTerbaik #BriliandanCemerlang #qrislink https://t.co/J3kJI42ivf","1831678819943784722","https://pbs.twimg.com/media/GWtuLhIa8AIfOhQ.jpg","","in","","0","0","0","https://x.com/undefined/status/1831678819943784722","1808410703457669120",
"1874810619805020272","Thu Jan 02 13:30:58 +0000 2025","0","BRI terus berusaha untuk meningkatkan pelayanan demi kemajuan bangsa! #CapaianBRI #BriliandanCemerlang #qrisbri https://t.co/Id3UndBYQu","1874810619805020272","https://pbs.twimg.com/media/GgSqUrNaAAAwdCa.jpg","","in","","0","0","0","https://x.com/undefined/status/1874810619805020272","1817474534360203264",
"1829887021235716472","Sat Aug 31 14:20:38 +0000 2024","0","Dedikasi BRI untuk pelayanan masyarakat melampaui aktivitas bisnis perbankan dengan berbagai inisiatif yang mendukung kebutuhan sosial #BRIApresiasiPaskibraka #BriliandanCemerlang #qrislink https://t.co/7B39gZOBD4","1829887021235716472","https://pbs.twimg.com/media/GWUQinGW0AAZtMZ.jpg","","in","","0","0","0","https://x.com/undefined/status/1829887021235716472","1803385765147320325",
"1831678853137494345","Thu Sep 05 13:00:44 +0000 2024","0","Pelayanan lebih responsif dengan Sabrina Virtual Assistant BRI yang selalu siap membantu Anda. ** #BRIkanPelayananTerbaik #BriliandanCemerlang #qrislink https://t.co/m8IpekK0pr","1831678853137494345","https://pbs.twimg.com/media/GWtuNa2W4AAeUBo.jpg","","in","","0","0","0","https://x.com/undefined/status/1831678853137494345","1808410703457669120",
"1876603136351293708","Tue Jan 07 12:13:47 +0000 2025","0","Capaian BRI menunjukkan komitmennya dalam memberikan pelayanan terbaik. #BRIuntukRakyat #BriliandanCemerlang #qrisbri https://t.co/jsA8FRj2H7","1876603136351293708","https://pbs.twimg.com/media/GgsIm5mbAAADkmu.jpg","","in","","0","0","0","https://x.com/undefined/status/1876603136351293708","1817474534360203264",
"1783057158718021984","Wed Apr 24 08:55:28 +0000 2024","112","Hati-hati Sobat BRI BRI terus menghimbau masyarakat agar dapat bijak memanfaatkan sosial media secara positif dan tidak mudah termakan informasi yang belum dapat dipastikan kebenarannya. BRI memastikan hal yang disampaikan dalam video di akun tiktok instagram dan facebook https://t.co/ITopfgdfVw","1783057158718021984","https://pbs.twimg.com/media/GL6xBzoaAAAokLK.jpg","","in","","3","61","14","https://x.com/undefined/status/1783057158718021984","1355939492",
"1869658826603151833","Thu Dec 19 08:19:35 +0000 2024","0","Keamanan transaksi digital adalah komitmen BRI untuk memberikan pelayanan terbaik. #WaspadaHoax https://t.co/k2Jcz1uEzf","1869658826603151833","https://pbs.twimg.com/media/GfJcyeYb0AA-vEm.jpg","","in","","0","0","0","https://x.com/undefined/status/1869658826603151833","1808408362968834048",
"1878744092274008458","Mon Jan 13 10:01:11 +0000 2025","0","BRI terus berupaya memberikan pelayanan terbaik bagi masyarakat melalui AgenBRILink. #BRILinkEffect #BriliandanCemerlang #qrisbri https://t.co/6zoQA5fJoZ","1878744092274008458","https://pbs.twimg.com/media/GhKjx85bsAApoSg.jpg","","in","","0","0","0","https://x.com/undefined/status/1878744092274008458","1817478584237477888",
"1765658335423168581","Thu Mar 07 08:38:46 +0000 2024","33","Presiden Republik Indonesia mengapresiasi kinerja BRI terkait digital banking terbukti AgenBRILink sudah tersebar ke seluruh pelosok negeri dengan jumlah lebih dari 700 ribu AgenBRILink. Inisiasi tersebut akan terus BRI lanjutkan demi menuju inklusi keuangan yang merata. #BRI https://t.co/B7Dy8ckm8A","1765658335423168581","https://pbs.twimg.com/amplify_video_thumb/1765658079914598400/img/bDTquRfEEAb4IAkb.jpg","","in","","1","37","0","https://x.com/undefined/status/1765658335423168581","1355939492",
"1852634145790599432","Sat Nov 02 08:49:35 +0000 2024","0","Demi pelayanan optimal BRI perkuat tim recovery untuk kelola kredit bermasalah #CapaianBRIlian #BriliandanCemerlang #qrisbri https://t.co/88j2WzheId","1852634145790599432","https://pbs.twimg.com/media/GbXg78ebAAAB49i.jpg","","in","","0","0","0","https://x.com/undefined/status/1852634145790599432","1808410703457669120",
"1875119226819936408","Fri Jan 03 09:57:16 +0000 2025","0","BRImo adalah langkah cerdas BRI dalam memberikan pelayanan digital terbaik. #CapaianBRI #BriliandanCemerlang #qrisbri https://t.co/BunJ2wP0Zn","1875119226819936408","https://pbs.twimg.com/media/GgXC_7KbMAASvhk.jpg","","in","","0","0","0","https://x.com/undefined/status/1875119226819936408","1817104938096619520",
"1871896227211829301","Wed Dec 25 12:30:13 +0000 2024","0","Berita hoax hanya akan membingungkan. BRI tetap memberikan pelayanan terbaik. #BasheCumaHoax https://t.co/C8NBhLa8J9","1871896227211829301","https://pbs.twimg.com/media/GfpPsRFaQAAJqmt.jpg","","in","","0","0","0","https://x.com/undefined/status/1871896227211829301","1817480150495477760",
"1870412000536465626","Sat Dec 21 10:12:26 +0000 2024","0","Terus bersemangat dan memberikan pelayanan terbaik BRI! #BrilianFest2024 #HUT129BRI #Kaleidoskop2024 #Briliandancemerlang https://t.co/VPi4pJed67","1870412000536465626","https://pbs.twimg.com/media/GfUJzMGaIAAQmqA.jpg","","in","","0","0","0","https://x.com/undefined/status/1870412000536465626","1818240761210806273",
"1524639072005746688","Thu May 12 06:34:15 +0000 2022","119","Sobat BRI. Hati-hati terhadap informasi palsu (HOAX) yang mengatasnamakan BRI jangan klik Link yang dikirimkan oleh akun palsu. Akun resmi BRI hanya yang bercentang biru (Verified). Selalu jaga kerahasiaan data pribadi untuk terhindar dari kejahatan perbankan. #BRIEdukasi https://t.co/iEV0ISlBdh","1524639072005746688","https://pbs.twimg.com/media/FSibCRbUUAUKiDn.jpg","","in","","2","59","30","https://x.com/undefined/status/1524639072005746688","1355925366",
"1861989674631233845","Thu Nov 28 04:25:07 +0000 2024","0","Rek mau tanya dong pelayanan Bank BRI per hari ini udah bisa kan yaa ? Soalnya mau ganti kartu ATM yang expired takutnya masih tutup. Makasih","1861989674631233845","","","in","","0","2","0","https://x.com/undefined/status/1861989674631233845","1354794475",
"1831864165566443618","Fri Sep 06 01:17:06 +0000 2024","0","Dengan dukungan AI BRI ciptakan pelayanan yang lebih cepat dan responsif bagi semua nasabah.#BRIkanPelayananTerbaik #BriliandanCemerlang #qrislink https://t.co/OexaVWtsk1","1831864165566443618","https://pbs.twimg.com/media/GWwWvR6a8AIfIpk.jpg","","in","","0","0","0","https://x.com/undefined/status/1831864165566443618","1799011004816437248",
"1456630702779211779","Fri Nov 05 14:33:17 +0000 2021","157","Another good news Sobat BRI! BRI berhasil meraih 5 penghargaan dalam ajang The 3rd ASEAN PR Excellence Awards yang diselenggarakan oleh ASEAN PR Network (APRN) #BRI #UntukIndonesiaBrilian #MemberiMaknaIndonesia https://t.co/OWTvC9p3PM","1456630702779211779","https://pbs.twimg.com/media/FDb95ZsVcAIUU4v.jpg","","in","","2","142","12","https://x.com/undefined/status/1456630702779211779","1355939492",
"1876619910513893684","Tue Jan 07 13:20:27 +0000 2025","0","BRI membuktikan bahwa mereka selalu memberikan pelayanan terbaik. #BRIuntukRakyat #BriliandanCemerlang #qrisbri https://t.co/RMbE4iQaX4","1876619910513893684","https://pbs.twimg.com/media/GgsX3LkboAAAsRF.jpg","","in","","0","0","0","https://x.com/undefined/status/1876619910513893684","1817480150495477760",
"1834447957308932146","Fri Sep 13 04:24:10 +0000 2024","0","benar-benar nih BRI pelayanan terbaik 3 Tahun Ultra Mikro #176JutaNasabah https://t.co/piahq08eYg","1834447957308932146","https://pbs.twimg.com/media/GXVEsfsa8AAI38K.jpg","","in","","0","0","0","https://x.com/undefined/status/1834447957308932146","771071574560550912",
"1831689144516669529","Thu Sep 05 13:41:37 +0000 2024","0","Selamat Hari Pelanggan Nasional! BRI terus berinovasi demi memberikan pelayanan yang optimal. #BRIkanPelayananTerbaik #BriliandanCemerlang #qrislink https://t.co/8NQN7urftC","1831689144516669529","https://pbs.twimg.com/media/GWt3iwfW4AAO6ZZ.jpg","","in","","0","0","0","https://x.com/undefined/status/1831689144516669529","1817474534360203264",
"1852242853369647406","Fri Nov 01 06:54:43 +0000 2024","0","Melalui _hybrid bank_ BRI berikan pelayanan finansial di seluruh pelosok. #SatuJutaAgenBRILink #BriliandanCemerlang #qrisbri https://t.co/EINMPsOFvd","1852242853369647406","https://pbs.twimg.com/media/GbR9DxyaYAAZdzy.jpg","","in","","0","0","0","https://x.com/undefined/status/1852242853369647406","1833771422914854912",
"1547967035531206656","Fri Jul 15 15:31:15 +0000 2022","804","Halo sobat BRI sehubungan masih beredarnya kabar bahwa ada perubahan biaya transaksi BRl menjadi Rp150 ribu per bulan bisa dipastikan kalo itu HOAKS ya... tetap waspada !! #BRI #BRIEdukasi #MemberiMaknaIndonesia https://t.co/8OBXD4Nxf6","1547967035531206656","https://pbs.twimg.com/media/FXt7zoOagAA0nW0.jpg","","in","","156","1202","352","https://x.com/undefined/status/1547967035531206656","1355939492",
"1534399886598098944","Wed Jun 08 05:00:15 +0000 2022","188","PENGUMUMAN-PENGUMUMAN Mau berbagi kabar gembira nih seiring komitmen BRI yang terus memberi economic value kepada seluruh stakeholders per 2021 kemarin BRI ikut menyetorkan dana Rp27 09 triliun kepada negara lho. #BRI #MemberiMaknaIndonesia https://t.co/YOY29Driyv","1534399886598098944","https://pbs.twimg.com/media/FUtIj3SWUAgXwum.jpg","","in","","4","66","38","https://x.com/undefined/status/1534399886598098944","1355939492",
"1842158607187730518","Fri Oct 04 11:03:32 +0000 2024","96","129 Tahun Perjalanan BRI perjalanan dengan ide-ide Brilian dan inovasi cemerlang untuk menghadirkan Solusi finansial yang kreatif dan efektif untuk seluruh nasabah dan masyarakat di seluruh Indonesia. #BRI #BriliandanCemerlang #Hut129BRI https://t.co/rBzHBbAZMb","1842158607187730518","https://pbs.twimg.com/amplify_video_thumb/1842158117913833472/img/AKULnbXXp68tzk73.jpg","","in","","0","116","2","https://x.com/undefined/status/1842158607187730518","1355939492",
"1871885574032007466","Wed Dec 25 11:47:53 +0000 2024","0","Jangan terperdaya dengan hoax! BRI tetap konsisten dalam kualitas pelayanan. #BasheCumaHoax https://t.co/LglfzxWerP","1871885574032007466","https://pbs.twimg.com/media/GfpGAZ3bkAA5KvC.jpg","","in","","0","0","0","https://x.com/undefined/status/1871885574032007466","1817104938096619520",
"1586919567548301312","Mon Oct 31 03:14:43 +0000 2022","62","Sobat BRI. Hati-hati terhadap akun palsu yang mengatasnamakan BRI jangan pernah klik Link atau tautan yang dikirimkan oleh akun palsu. Pastikan akun resmi BRI hanya yang bercentang biru (Verified). Berikut daftar akun resmi BRI yang dapat Sobat hubungi. #BRIEdukasi https://t.co/kxGFf66tFQ","1586919567548301312","https://pbs.twimg.com/ext_tw_video_thumb/1586919524858675200/pu/img/J8UqsvvEq8xDANBy.jpg","","in","","0","44","5","https://x.com/undefined/status/1586919567548301312","1355925366",
"1852207531986424276","Fri Nov 01 04:34:22 +0000 2024","0","Candra Utama menegaskan bahwa AgenBRILink mendukung visi jangka panjang BRI untuk pelayanan inklusif di Indonesia https://t.co/msOPRGyXFK #SatuJutaAgenBRILINK","1852207531986424276","https://pbs.twimg.com/media/GbRSljFakAIlHxX.jpg","","in","","0","0","0","https://x.com/undefined/status/1852207531986424276","1719220217509822464",
"1831703391736877103","Thu Sep 05 14:38:14 +0000 2024","0","Hari Pelanggan Nasional jadi momentum bagi BRI untuk terus meningkatkan kualitas pelayanan nasabah.#BRIkanPelayananTerbaik #BriliandanCemerlang #qrislink https://t.co/SjK8ylFpCi","1831703391736877103","https://pbs.twimg.com/ext_tw_video_thumb/1831703376486084608/pu/img/7mucnbTqZMBp2HLR.jpg","","in","","0","0","0","https://x.com/undefined/status/1831703391736877103","1190969012089315328",
"1863884789683724387","Tue Dec 03 09:55:37 +0000 2024","0","Dengan pelayanan terbaik BRI memastikan setiap nasabah merasakan kemudahan dalam bertransaksi. #BRIPrestasi #HUT129BRI #Kaleidoskop2024 #Briliandancemerlang https://t.co/9v1QaO4vGx","1863884789683724387","https://pbs.twimg.com/media/Gd3ZVrqbcAA70Ch.jpg","","in","","0","0","0","https://x.com/undefined/status/1863884789683724387","1816381802053046272",
"1868655676836516218","Mon Dec 16 13:53:25 +0000 2024","0","Sukabumi- Lembaga Pemasyarakatan Kelas IIB Sukabumi menggadeng Bank BRI Sukabumi untuk berbagi pengalaman dalam memberikan pelayanan Senin (16/12/2024). https://t.co/ili9SO6dXD","1868655676836516218","https://pbs.twimg.com/media/Ge7MYU8bkAA_VtD.jpg","","in","","0","0","0","https://x.com/undefined/status/1868655676836516218","2589102692",
"1871898494757474714","Wed Dec 25 12:39:13 +0000 2024","0","Hati-hati dengan berita hoax! BRI tetap berkomitmen untuk memberikan pelayanan terbaik. #BasheCumaHoax https://t.co/4gcqSTjMjd","1871898494757474714","https://pbs.twimg.com/media/GfpRwKpaEAAsN1d.jpg","","in","","0","0","0","https://x.com/undefined/status/1871898494757474714","1817474534360203264",
"1871898226745639209","Wed Dec 25 12:38:10 +0000 2024","0","BRI tetap menjaga kualitas pelayanan meskipun banyak informasi yang tidak benar beredar. #BasheCumaHoax https://t.co/bkdpUXiVCD","1871898226745639209","https://pbs.twimg.com/media/GfpRgvzXIAAiJlI.jpg","","in","","0","0","0","https://x.com/undefined/status/1871898226745639209","1817474534360203264",
"1866427479461945716","Tue Dec 10 10:19:22 +0000 2024","0","Dedikasi kami pada pelayanan terbaik membuahkan hasil! BRI raih Predikat Diamond di Service Quality Awards 2024. #BRIPrestasi #HUT129BRI #Kaleidoskop2024 #Briliandancemerlang https://t.co/sE9qpNjHwS","1866427479461945716","https://pbs.twimg.com/media/Gebh5sJaUAAOlLJ.jpg","","in","","0","0","0","https://x.com/undefined/status/1866427479461945716","1816357464343994373",
"1871884038233022594","Wed Dec 25 11:41:47 +0000 2024","0","Jangan sampai hoax membuatmu ragu dengan BRI yang terus memberikan pelayanan prima. #BasheCumaHoax https://t.co/AKzgL40Rzj","1871884038233022594","https://pbs.twimg.com/media/GfpEnJsbYAAG523.jpg","","in","","0","0","0","https://x.com/undefined/status/1871884038233022594","1817102357244837891",
"1831769090308079854","Thu Sep 05 18:59:18 +0000 2024","0","Dengan tema AI BRI perkuat pelayanan yang lebih personal dan cepat di HPN tahun ini.#BRIkanPelayananTerbaik #BriliandanCemerlang #qrislink https://t.co/lOBrHlZDm4","1831769090308079854","https://pbs.twimg.com/media/GWvARKma8AI8kaX.jpg","","in","","0","0","0","https://x.com/undefined/status/1831769090308079854","1798968651380604928",
"1844673510578479442","Fri Oct 11 09:36:51 +0000 2024","0","BRI berkomitmen pada pelayanan kesehatan masyarakat karena kesehatan itu hak dasar! #BRIPeduli #BriliandanCemerlang #qrisbri https://t.co/fvPVDGmiP7","1844673510578479442","https://pbs.twimg.com/media/GZmYwSIb0AAfYL1.jpg","","in","","0","0","0","https://x.com/undefined/status/1844673510578479442","1805156796430262272",
"1829880307144946000","Sat Aug 31 13:53:57 +0000 2024","0","Dedikasi BRI untuk pelayanan masyarakat melampaui aktivitas bisnis perbankan dengan berbagai inisiatif yang mendukung kebutuhan sosial #BRIApresiasiPaskibraka #BriliandanCemerlang #qrislink https://t.co/vJIgG2lkWe","1829880307144946000","https://pbs.twimg.com/media/GWUKa_2bQAIiPQ9.jpg","","in","","0","0","0","https://x.com/undefined/status/1829880307144946000","1799010216148938752",
"1871884702292095017","Wed Dec 25 11:44:25 +0000 2024","0","BRI selalu berusaha menjaga kualitas pelayanan jadi jangan khawatir dengan isu yang tidak benar. #BasheCumaHoax https://t.co/QsGRaOSwFI","1871884702292095017","https://pbs.twimg.com/media/GfpFNziaQAE178C.jpg","","in","","0","0","0","https://x.com/undefined/status/1871884702292095017","1817103689884270592",
"1876616859921101181","Tue Jan 07 13:08:19 +0000 2025","0","BRI selalu memberikan pelayanan yang sangat memuaskan dan cepat. #BRIuntukRakyat #BriliandanCemerlang #qrisbri https://t.co/Jl4QqjPaw4","1876616859921101181","https://pbs.twimg.com/media/GgsVFmgaEAAxslI.jpg","","in","","0","0","0","https://x.com/undefined/status/1876616859921101181","1818229519221977088",
"1871616364953399700","Tue Dec 24 17:58:09 +0000 2024","0","Terimakasih atas pelayanan luar biasa dari BRI di hari libur. #BRIkanKenyamanan #Briliandancemerlang https://t.co/ZcJprmY2V4","1871616364953399700","https://pbs.twimg.com/media/GflRKeaasAAQG0i.jpg","","in","","0","0","0","https://x.com/undefined/status/1871616364953399700","1818237702070005760",
"1198926209335230464","Mon Nov 25 11:27:37 +0000 2019","168","Selamat hari Guru Sobat BRI! Bicara soal pahlawan tanpa tanda jasa ini yuk kita #BRIApresiasiGuru dengan menuliskan harapan dan terima kasih karena sudah melahirkan siswa-siswi BRILian di Indonesia. Gunakan #BRIApresiasiGuru #UntukIndonesiaBRILian #BankBRI di setiap tweet-mu https://t.co/iWnr40aoQC","1198926209335230464","https://pbs.twimg.com/media/EKNxBj-VUAEndXt.jpg","","in","","3","5","15","https://x.com/undefined/status/1198926209335230464","1398703135",
"1531828847544778752","Wed Jun 01 02:43:51 +0000 2022","128","Sobat BRI. Waspada dan tetap berhati-hati dengan beredarnya informasi HOAX terkait pembaharuan layanan dan perubahan tarif baru BRI. Selalu ingat WhatsApp resmi BRI/Sabrina 0812-12-14017. Pastikan selalu cek kebenaran informasi yang diterima melalui Contact BRI ya. #BRIEdukasi https://t.co/Lm9uZOp7kf","1531828847544778752","https://pbs.twimg.com/media/FUImHvsakAAnaGy.jpg","","in","","13","111","51","https://x.com/undefined/status/1531828847544778752","1355925366",
"1866053238988099588","Mon Dec 09 09:32:16 +0000 2024","0","Penghargaan ini adalah bukti nyata kualitas pelayanan BRI. #BRIPrestasi #HUT129BRI #Kaleidoskop2024 #Briliandancemerlang https://t.co/svXhLWhZMM","1866053238988099588","https://pbs.twimg.com/media/GeWNiBebEAAHC0p.jpg","","in","","0","0","0","https://x.com/undefined/status/1866053238988099588","1841153766965587968",
"1871619444306555198","Tue Dec 24 18:10:23 +0000 2024","0","Suka sekali dengan pelayanan BRI selalu memudahkan di segala situasi. #BRIkanKenyamanan #Briliandancemerlang https://t.co/F9tGKWAmN3","1871619444306555198","https://pbs.twimg.com/media/GflT9xoasAA4SKs.jpg","","in","","0","0","0","https://x.com/undefined/status/1871619444306555198","1818231290094862336",
"1868574391099125856","Mon Dec 16 08:30:25 +0000 2024","0","Upacara peringatan HUT BRI ke-129 berlangsung lancar dan diikuti dengan khidmat penuh antusias oleh Insan BRILiaN. Smoga kedepan BRI bisa lebih baik pelayanan selalu ditingkatkan #HUTBRI129 https://t.co/cqJtaCguVw","1868574391099125856","https://pbs.twimg.com/media/Ge6Cf9OagAAe07U.jpg","","in","","0","0","0","https://x.com/undefined/status/1868574391099125856","767535854256435200",
"1855600893435019345","Sun Nov 10 13:18:23 +0000 2024","0","AgenBRILink bentuk nyata pelayanan inklusif dari BRI untuk semua lapisan masyarakat! #BRILinkPahlawanInklusiKeuangan #BriliandanCemerlang #qrisbri https://t.co/W5rhmAJxyv","1855600893435019345","https://pbs.twimg.com/media/GcBrLQCaIAAzEvU.jpg","","in","","0","0","0","https://x.com/undefined/status/1855600893435019345","1816471307460251648",
"1868572590983524629","Mon Dec 16 08:23:16 +0000 2024","0","Rangkaian acara peringatan HUT ke-129 BRI adalah Upacara Peringatan HUT ke-129 BRI dan Penghargaan Yubilaris. Kita berharap BRI terus memberikan pelayanan terbaik untuk masyarakat #HUTBRI129 https://t.co/U9FFzDbo78","1868572590983524629","https://pbs.twimg.com/media/Ge6At3GaIAAkl7o.jpg","","in","","0","0","0","https://x.com/undefined/status/1868572590983524629","768767551924871168",
"1872973602859172113","Sat Dec 28 11:51:19 +0000 2024","0","selalu puas sama pelayanan BRI ditambah sekarang ada #BRImoFSTVL nabung di BRImo nggak cuma aman tapi juga punya peluang menang undian menarik! semakin banyak tabungan semakin besar peluang menang undian!","1872973602859172113","","","in","","0","0","0","https://x.com/undefined/status/1872973602859172113","1755011848251072512",
"1871897026356781120","Wed Dec 25 12:33:23 +0000 2024","0","Jangan percaya dengan informasi yang tidak jelas. BRI tetap memberikan pelayanan terbaik. #BasheCumaHoax https://t.co/Ooyd9j0SJ4","1871897026356781120","https://pbs.twimg.com/media/GfpQZlebMAAfS1R.jpg","","in","","0","0","0","https://x.com/undefined/status/1871897026356781120","1817476694837710848",
"1872515755763499277","Fri Dec 27 05:32:00 +0000 2024","0","Rutan Rembang menyelenggarakan Seminar Peningkatan Kualitas Pelayanan Publik yang bekerjasama dengan BRI Cabang Rembang. Kegiatan ini merupakan salah satu upaya optimalisasi pelayanan kepada masyarakat maupun warga binaan. https://t.co/c5f1z7RyZh","1872515755763499277","https://pbs.twimg.com/media/GfyDJr_bkAAGD8w.jpg","","in","","0","0","0","https://x.com/undefined/status/1872515755763499277","1205365358632157192",
"1866425301280182411","Tue Dec 10 10:10:42 +0000 2024","0","Komitmen BRI pada pelayanan terbaik diakui! Predikat Diamond di Service Quality Awards 2024 adalah buktinya. #BRIPrestasi #HUT129BRI #Kaleidoskop2024 #Briliandancemerlang https://t.co/KJpPYt1iLs","1866425301280182411","https://pbs.twimg.com/media/Gebf66ma4AAVhzk.jpg","","in","","0","0","0","https://x.com/undefined/status/1866425301280182411","1816373103100059648",
"1875926664842236283","Sun Jan 05 15:25:44 +0000 2025","0","BRI terus bertransformasi untuk memberikan pelayanan terbaik bagi masyarakat. #BRIuntukRakyat #BriliandanCemerlang #qrisbri https://t.co/ucthEZZAhd","1875926664842236283","https://pbs.twimg.com/media/GgihXEPawAAvmCx.jpg","","in","","0","0","0","https://x.com/undefined/status/1875926664842236283","1817099963563933697",
"1876084692434522125","Mon Jan 06 01:53:41 +0000 2025","0","pelayanan mandiri enak banget cepet sopan dan penuh senyum. beda sama bank bri yang jutek dan melotot beda sama bni yg tellernya benga abis dan lalotnya minta ampun https://t.co/JSVMbFgnGx","1876084692434522125","https://pbs.twimg.com/media/Ggkw25ebkAAaNme.jpg","","in","","0","2","0","https://x.com/undefined/status/1876084692434522125","1424636165504659460",
"1871897122343453057","Wed Dec 25 12:33:46 +0000 2024","0","Jangan mudah terjerumus dalam informasi yang tidak benar. BRI selalu menjaga kualitas pelayanan. #BasheCumaHoax https://t.co/J5tgp9oi5O","1871897122343453057","https://pbs.twimg.com/media/GfpQgXobcAA7Igx.jpg","","in","","0","0","0","https://x.com/undefined/status/1871897122343453057","1817476694837710848",
"1876168243716780106","Mon Jan 06 07:25:41 +0000 2025","0","pelayanan BPJS BRI joss Giliran kecamatan ","1876168243716780106","","","in","","0","0","0","https://x.com/undefined/status/1876168243716780106","584753162",
"1871861765417615632","Wed Dec 25 10:13:17 +0000 2024","0","Selama ini BRI selalu memberikan pelayanan terbaik untuk nasabah. Hati-hati dengan informasi yang tidak jelas. #BasheCumaHoax https://t.co/CYG0bHItJD","1871861765417615632","https://pbs.twimg.com/media/GfowWwMakAAEZWX.jpg","","in","","0","0","0","https://x.com/undefined/status/1871861765417615632","1817097509745115136",
"1709815872913846311","Thu Oct 05 06:20:45 +0000 2023","150","Sekarang Sobat BRI nggak perlu khawatir lagi kalo mau hubungi Call Centre BRI tapi nggak punya pulsa Karena BRImo sudah hadirkan Layanan Bebas Pulsa yang akan menjawab nasabah yang membutuhkan bantuan atau informasi seputar produk dan layanan BRI. Hubungi Call Centre BRI di https://t.co/tGNMow5tTB","1709815872913846311","https://pbs.twimg.com/media/F7p8U4naYAA_MIk.jpg","","in","","0","20","11","https://x.com/undefined/status/1709815872913846311","1355939492",
"1816309124432564529","Thu Jul 25 03:06:55 +0000 2024","71","Inspiratif sekali AgenBRILink satu ini! Cara menarik yang digunakan Pak Mukhamadun ini bantu beliau mendapatkan pelanggan-pelanggan setia hingga keuntungan dari counter handphone dan gerai AgenBRILink-nya bisa membawa umroh ke tanah suci loh! #BRI #BRIliandanCemerlang https://t.co/IfFYCF0gF0","1816309124432564529","https://pbs.twimg.com/media/GTTTXgqa0AAHaua.jpg","","in","","0","66","7","https://x.com/undefined/status/1816309124432564529","1355939492",
"1762434787820867799","Tue Feb 27 11:09:32 +0000 2024","63","AgenBRILink menjadi upaya BRI dalam meningkatkan kapabilitas pemberdayaan di perekonomian akar rumput. Semoga tiap tahunnya jumlah AgenBRILink terus meningkat supaya masyarakat bisa jangkau layanan keuangan di seluruh Indonesia. Yuk bisa yuk Indonesia capai inklusi keuangan https://t.co/tmMMQIHzw4","1762434787820867799","https://pbs.twimg.com/media/GHVtFODacAAX1Bi.jpg","","in","","0","42","5","https://x.com/undefined/status/1762434787820867799","1355939492",
"1831656679928426855","Thu Sep 05 11:32:37 +0000 2024","1","Riil. Kemarin ke 2 bank sekaligus buat ganti ATM kadaluwarsa. Di BCA dari turun parkir sampe balik ke parkiran ga sampe 10 menit kelar. Satpamnya yg bantuin ga pake antri lgsg jadi pelayanan petugasnya dari turun parkir sampe balik parkir 1M/10. BRI?","1831656679928426855","","","in","","1","4","1","https://x.com/undefined/status/1831656679928426855","1361151052725166080",
"1716717939964162529","Tue Oct 24 07:27:06 +0000 2023","145","Sobat BRI jika menemukan Fraudster yang mengatasnamakan BRI segera laporkan dengan hubungi Sabrina di nomor 0812-12-14017. Pastikan Sobat hanya menghubungi akun media sosial BRI yang sudah terverifikasi. Sukses dan sehat selalu ya. #BRIEdukasi https://t.co/hdo46Uiro1","1716717939964162529","https://pbs.twimg.com/media/F9MBzrQacAAzMvA.jpg","","in","","0","10","8","https://x.com/undefined/status/1716717939964162529","1355925366",
"1879381218971746423","Wed Jan 15 04:12:54 +0000 2025","0","Tingkatkan Kualitas Pelayanan Lapas Perempuan Kendari Gandeng Bank BRI Cabang Sam Ratulangi Adakan Sosialisasi Budaya Pelayanan Prima Bagi Seluruh Pegawai https://t.co/mvwh1atIay","1879381218971746423","https://pbs.twimg.com/media/GhTnPyOboAAeHdb.jpg","","in","","0","0","0","https://x.com/undefined/status/1879381218971746423","1198763242354462720",
"1869225652014219482","Wed Dec 18 03:38:18 +0000 2024","0","Komitmen BRI Lewat 1 Juta AgenBRILink Berikan Pelayanan kepada Nasabah Hadapi Nataru #BRI #AgenBRILink #Nataru https://t.co/CKraiovqdz","1869225652014219482","","","in","","0","0","0","https://x.com/undefined/status/1869225652014219482","1004853909020553216",
"1870040832440774797","Fri Dec 20 09:37:32 +0000 2024","0","Tingkatkan Pelayanan Prima Bapas Kediri Gandeng BRI Sosialisasikan Budaya pelayanan prima dan komunikasi efektif. https://t.co/Z6FJM3EVZY","1870040832440774797","https://pbs.twimg.com/media/GfO4OOkasAAYF6g.jpg","","in","","0","1","0","https://x.com/undefined/status/1870040832440774797","925171301920129024",
"1718108580732448855","Sat Oct 28 03:33:01 +0000 2023","109","Sobat BRI. Sekarang sudah makin mudah untuk memenuhi kebutuhan di berbagai Merchant pilihan BRI. Tinggal Chat Virtual Agent BRI Sabrina ketik apa yang sedang dibutuhkan lalu kirim Share Location terkini Sabrina akan berikan info untuk memenuhi kebutuhanmu. #BRIEdukasi https://t.co/SNPOjh68Xl","1718108580732448855","https://pbs.twimg.com/media/F9fyl3fbkAAEiuN.jpg","","in","","0","14","7","https://x.com/undefined/status/1718108580732448855","1355925366",
"1712378661553451473","Thu Oct 12 08:04:22 +0000 2023","184","Satu lagi keberhasilan Transformasi Digital yang dilakukan oleh BUMN khususnya BRI. Penguatan layanan digital sangat penting khususnya bagi BRI untuk mempermudah masyarakat dalam mengakses layanan keuangan yang lebih cepat aman dan mudah! Ada yang sudah merasakan manfaatnya https://t.co/Vdt9sJU1Yr","1712378661553451473","https://pbs.twimg.com/amplify_video_thumb/1712375540211224576/img/CSgeDD6acTdu3OJa.jpg","","in","","0","72","9","https://x.com/undefined/status/1712378661553451473","1355939492",
"1869632908807537035","Thu Dec 19 06:36:36 +0000 2024","1","Seburuk itukah pelayanan BRI kepada nasabahnya.. Nunggu lama 1 jam lebih CS nya gak ada orangnya#kacaubangetbri","1869632908807537035","","","in","","0","0","0","https://x.com/undefined/status/1869632908807537035","1142508855768702976",
"1850308870411043078","Sat Oct 26 22:49:46 +0000 2024","0","BRI Life Corner Hadirkan Pelayanan Prima kepada Nasabah #AsuransiBRILife https://t.co/9jBVoDXi9N","1850308870411043078","","","in","","0","0","0","https://x.com/undefined/status/1850308870411043078","79130206",
"1572575716491010048","Wed Sep 21 13:17:22 +0000 2022","77","Sobat BRI. Waspada &amp; tetap berhati-hati dgn beredarnya informasi HOAX pembaruan layanan &amp; perubahan tarif baru BRI. Selalu ingat WhatsApp resmi BRI/Sabrina 08121214017. Info resmi silakan hubungi akun media sosial BRI yg sudah terverifikasi (akun bercentang biru). #BRIEdukasi https://t.co/usy8I8L1jr","1572575716491010048","https://pbs.twimg.com/media/FdLpO2ZacAIGEYk.jpg","","in","","4","55","10","https://x.com/undefined/status/1572575716491010048","1355925366",
"1861947948160205292","Thu Nov 28 01:39:18 +0000 2024","0","September lalu drama bikin bank garansi di bank permata karena sistemnya mereka baru. Sekarang drama bikin bank garansi BRI. Buat biaya yg sama pelayanan Bank Mandiri dan BNI jauh lebih baik","1861947948160205292","","","in","","0","2","0","https://x.com/undefined/status/1861947948160205292","1268498704794660864",
"1532253724147851264","Thu Jun 02 06:52:10 +0000 2022","112","Sobat BRI. Hati-hati terhadap informasi palsu (HOAX) yang mengatasnamakan BRI jangan klik Link yang dikirimkan oleh akun palsu. Akun resmi BRI hanya yang bercentang biru (Verified). Selalu jaga kerahasiaan data pribadi untuk terhindar dari kejahatan perbankan. #BRIEdukasi https://t.co/QsHXxWUcoP","1532253724147851264","https://pbs.twimg.com/media/FUOonL7aIAEAVta.jpg","","in","","6","48","29","https://x.com/undefined/status/1532253724147851264","1355925366",
"1869623177535688996","Thu Dec 19 05:57:56 +0000 2024","0","Mamas: Hay dek tau ga di Bank BRI di Kelapa Gading ada Pemain Bola loh Dek nama Zidane... Tak kusangka dia kerja di BRI dan diberikan pelayanan sepenuh Hati hebat kali ku rasa BRI ini woyy Dede gemes: Kok sepenuh hati Bang? Mamas: ya Kalo sepenuh jiwa dan Raga cuma Cinta ku https://t.co/E76k8MjeO2","1869623177535688996","https://pbs.twimg.com/media/GfI8Xy2bkAANKBx.jpg","","in","","0","0","0","https://x.com/undefined/status/1869623177535688996","1828470478689968129",
"1188674481524359168","Mon Oct 28 04:30:55 +0000 2019","1957","Tenang saja meski kini jelas sudah aku tak punya hak untuk mendampingimu namun aku akan tetap selalu mendoakanmu membantumu tanpa kau tau dan diam-diam memperhatikanmu dari jauh. Hati-hati ya di sana.","1188674481524359168","","","in","","30","31","674","https://x.com/undefined/status/1188674481524359168","775011194",
"1719156268756246741","Tue Oct 31 00:56:09 +0000 2023","144","Sobat BRI. Sekarang pengajuan dan pantau status pengaduan lebih mudah cukup melalui BRImo atau Chat Sabrina di 0812-12-14017. Selamat mencoba sehat dan sukses selalu ya. #BRIEdukasi https://t.co/v9Epbb7OiF","1719156268756246741","https://pbs.twimg.com/media/F9urfG5aYAAXvX6.jpg","","in","","0","11","6","https://x.com/undefined/status/1719156268756246741","1355925366",
"1505816513223475203","Mon Mar 21 08:00:08 +0000 2022","139","SAATNYA KUIS! Ada saldo LinkAja total senilai Rp300 ribu. Sobat BRI tinggal sebutkan pengeluaran apa saja yang termasuk tips keuangan 4-3-2-1 yang jumlahnya 40% 30% 20% dan 10% dari penghasilan kamu. #BRI #MemberiMaknaIndonesia https://t.co/tedSCAiakB","1505816513223475203","https://pbs.twimg.com/media/FOW8IA1aAAQCh-i.jpg","","in","","2","405","78","https://x.com/undefined/status/1505816513223475203","1355939492",
"1566277656550965248","Sun Sep 04 04:11:08 +0000 2022","77","Selamat Hari Pelanggan Nasional 2022. Kami meyakini bahwa kiprah BRI sampai saat ini tdk lepas dr peran besar Nasabah. Kehadiran &amp; dukungan dr para Nasabah menjadi penguat tekad kami untuk trs meningkatkan kualitas layanan dr wkt ke wkt. #BRI #MemberiMaknaIndonesia #HPNBRI2022 https://t.co/utRbNAvUhb","1566277656550965248","https://pbs.twimg.com/ext_tw_video_thumb/1566277562292387840/pu/img/y_mOn55xChk41Tdw.jpg","","in","","0","46","12","https://x.com/undefined/status/1566277656550965248","1355925366",
"1606138185683468288","Fri Dec 23 04:02:38 +0000 2022","38","Sobat BRI. Penuhi kebutuhan dengan transaksi Online dan bayar pakai Ceria. Nikmati kemudahan pengajuan pinjaman digital yang aman karena diawasi oleh OJK lho. Aplikasi Ceria tersedia di BRImo atau unduh melalui PlayStore. Selamat transaksi sehat dan sukses selalu. #BRIEdukasi https://t.co/uWMpj23oFs","1606138185683468288","https://pbs.twimg.com/media/FkomEZvagAA61Yb.jpg","","in","","0","33","4","https://x.com/undefined/status/1606138185683468288","1355925366",
"1715258936931361202","Fri Oct 20 06:49:33 +0000 2023","167","Sobat BRI. Ingin tau lokasi AgenBRILink terdekat? Tanya Sabrina Aja! Cukup ketik Agen BRILink lalu kirim lokasimu saat ini Sabrina akan berikan info untuk lokasi AgenBRILink terdekatmu. Selamat mencoba ya sehat dan sukses selalu. #BRIEdukasi https://t.co/lzKvRlPS1U","1715258936931361202","https://pbs.twimg.com/media/F83SZ-9b0AAM22f.jpg","","in","","0","5","10","https://x.com/undefined/status/1715258936931361202","1355925366",
"1782250935500366072","Mon Apr 22 03:31:50 +0000 2024","93","Another day another achievment BRI mendapatkan penghargaan: Penggunaan Produk Dalam Negeri (P2DN) tahun 2024 kategori BUMN sektor jasa keuangan oleh Kementerian Perindustrian Republik Indonesia Share ke temen kamu yang bangga jadi nasabah BRI #BRI https://t.co/6UY8Vw87c5","1782250935500366072","https://pbs.twimg.com/media/GLvTxo3b0AAvKBe.jpg","","in","","0","21","1","https://x.com/undefined/status/1782250935500366072","1355939492",
"1722522001850650637","Thu Nov 09 07:50:22 +0000 2023","105","Sobat BRI. Sekarang sudah makin mudah untuk memenuhi kebutuhan di berbagai Merchant pilihan BRI. Tinggal Chat Virtual Agent BRI Sabrina ketik apa yang sedang dibutuhkan lalu kirim Share Location terkini Sabrina akan berikan info untuk memenuhi kebutuhanmu. #BRIEdukasi https://t.co/wvo2jNtpI4","1722522001850650637","https://pbs.twimg.com/media/F-egiRUbIAEe6iu.jpg","","in","","0","8","4","https://x.com/undefined/status/1722522001850650637","1355925366",
"1585160628725252097","Wed Oct 26 06:45:19 +0000 2022","70","Sobat BRI. Waspada dan tetap berhati-hati dengan beredarnya informasi HOAX terkait pembaharuan layanan dan perubahan tarif baru BRI. Selalu ingat WhatsApp resmi BRI/Sabrina 0812-12-14017. Pastikan selalu cek kebenaran informasi yang diterima melalui Contact BRI ya. #BRIEdukasi https://t.co/3pfFnktWUK","1585160628725252097","https://pbs.twimg.com/media/Ff-fDTjVUAACDBZ.jpg","","in","","2","65","10","https://x.com/undefined/status/1585160628725252097","1355925366",
"1882341311602409491","Thu Jan 23 08:15:15 +0000 2025","1","Kolaborasi Cerdas Untuk Layanan Perbankan Terbaik Rutan Kelas I Tangerang Gandeng BRI Tingkatkan Pelayanan https://t.co/7gYB8l5Urj","1882341311602409491","https://pbs.twimg.com/media/Gh9qITRaEAAGFQI.jpg","","in","","0","0","0","https://x.com/undefined/status/1882341311602409491","2572210850",
"1456847805083840515","Sat Nov 06 04:55:58 +0000 2021","162","Sobat BRI. Selalu waspada terhadap modus penukaran kartu Debit pada saat transaksi di ATM. Jika mengalami kendala saat transaksi segera hubungi Contact BRI dan jangan mudah percaya pada orang asing yang menawarkan bantuan. Sehat dan sukses selalu ya. #BRIEdukasi https://t.co/H2PASWBJ1H","1456847805083840515","https://pbs.twimg.com/media/FDfDWnBUcAE1s0H.jpg","","in","","0","133","4","https://x.com/undefined/status/1456847805083840515","1355925366",
"1571729463809019904","Mon Sep 19 05:14:40 +0000 2022","67","Sobat BRI. Hati-hati modus penipuan yang menawarkan menjadi Nasabah Prioritas. Pribadi terpilih akan diberikan undangan resmi dari BRI untuk menjadi Nasabah Prioritas. Pastikan Sobat tidak memberikan data rahasia seperti Password PIN atau OTP kepada siapa pun. #BRIEdukasi https://t.co/T8A92EScJo","1571729463809019904","https://pbs.twimg.com/media/Fc_nfpsagAIO_s7.jpg","","in","","0","70","7","https://x.com/undefined/status/1571729463809019904","1355925366",
"1561348981338152960","Sun Aug 21 13:46:20 +0000 2022","80","Sobat BRI. Waspada dan tetap berhati-hati dengan beredarnya informasi HOAX terkait pembaharuan layanan dan perubahan tarif baru BRI. Selalu ingat WhatsApp resmi BRI/Sabrina 0812-12-14017. Pastikan selalu cek kebenaran informasi yang diterima melalui Contact BRI ya. #BRIEdukasi https://t.co/aK4nnXA9Sa","1561348981338152960","https://pbs.twimg.com/media/FasGn7KVsAA1Aej.jpg","","in","","2","69","26","https://x.com/undefined/status/1561348981338152960","1355925366",
"1577173208620376064","Tue Oct 04 05:46:10 +0000 2022","71","Sobat BRI. Hati-hati terhadap akun palsu yang mengatasnamakan BRI jangan pernah klik Link atau tautan yang dikirimkan oleh akun palsu. Pastikan akun resmi BRI hanya yang bercentang biru (Verified). Berikut daftar akun resmi BRI yang dapat Sobat hubungi. #BRIEdukasi https://t.co/7YIhp0ETcZ","1577173208620376064","https://pbs.twimg.com/media/FeM-qxwUAAECQwL.jpg","","in","","0","64","12","https://x.com/undefined/status/1577173208620376064","1355925366",
"1579695371684839424","Tue Oct 11 04:48:20 +0000 2022","68","Sobat BRI. Seluruh informasi terkait BRI bisa didapatkan melalui Contact BRI resmi. Pastikan selalu cek kebenaran informasi yang ditemukan saat Surfing digital agar informasi valid &amp; sesuai. Sehat dan sukses selalu ya. #BRIEdukasi https://t.co/I8pnHFkmAr","1579695371684839424","https://pbs.twimg.com/media/Few0CKQaMAA8-Sq.jpg","","in","","1","55","10","https://x.com/undefined/status/1579695371684839424","1355925366",
"1556130843357491202","Sun Aug 07 04:11:19 +0000 2022","79","Sobat BRI. Manfaatkan fitur BI-Fast untuk transaksi transfer antar Bank dengan lebih mudah dan murah melalui aplikasi BRImo. Transaksi juga bisa dilakukan dengan cara Real Time lho. Selamat mencoba sehat dan sukses selalu ya. #BRIEdukasi https://t.co/BntRDIP67c","1556130843357491202","https://pbs.twimg.com/media/FZh8rNSacAA-gIn.jpg","","in","","0","67","16","https://x.com/undefined/status/1556130843357491202","1355925366",
"1581508618414800896","Sun Oct 16 04:53:32 +0000 2022","76","Sobat BRI. Jika nomor ponsel yang terdaftar dalam layanan Perbankan sudah diganti/tidak aktif segera Update data nomor ponsel terbaru ke kantor BRI terdekat demi keamanan dan kenyamanan transaksi perbankan. Sehat dan sukses selalu ya. #BRIEdukasi https://t.co/Cc8M153TQu","1581508618414800896","https://pbs.twimg.com/media/FfKll-DUcAE8-Zr.jpg","","in","","0","48","17","https://x.com/undefined/status/1581508618414800896","1355925366",
"1882771100863758634","Fri Jan 24 12:43:05 +0000 2025","0","Terus Tingkatkan Kualitas Pelayanan Lapas Purwokerto Selangkah Lebih Maju Bersama Bank BRI https://t.co/sNdao6pZzo","1882771100863758634","https://pbs.twimg.com/media/GiDyVPCaEAEV5_E.jpg","","in","","0","0","0","https://x.com/undefined/status/1882771100863758634","1221667376673914881",
"1455389150656425988","Tue Nov 02 04:19:47 +0000 2021","142","Sobat BRI Special promo Anniversary Alun-Alun Indonesia dengan Kartu BRI dan BRIZZI. Dapatkan diskon hingga 50% berlaku untuk selected items. . Periode program 12 Oktober sampai dengan 2 November 2021. . Info lebih lanjut kunjungi https://t.co/3pDp9hl00h. . #promobri #debitbri https://t.co/8PhhbvDUEB","1455389150656425988","https://pbs.twimg.com/media/FDKUtzpUcAAy3JG.jpg","","in","","0","138","3","https://x.com/undefined/status/1455389150656425988","1398703135",
"1767070736966205624","Mon Mar 11 06:11:08 +0000 2024","47","Rahajeng Nyanggra Rahina Nyepi Caka 1946 Dalam rangka hari Raya Nyepi tahun 2024 BRI memberikan bantuan paket sembako dan perbaikan prasarana rumah ibadah umat Hindu di beberapa titik Kabupaten Karangasem Bali. Semoga bantuan ini bisa bermanfaat untuk sesama #BRI https://t.co/J8iU6qCkA7","1767070736966205624","https://pbs.twimg.com/media/GIXlcJ5W0AAjx-f.jpg","","in","","0","50","0","https://x.com/undefined/status/1767070736966205624","1355939492",
"1852197623475601719","Fri Nov 01 03:55:00 +0000 2024","0","Dalam kuartal pertama tahun 2024 agen ini berhasil mencatatkan 285 juta transaksi finansial mengalami peningkatan 12 8%. Smoga masyarakat bisa maksimal memanfaatkan pelayanan BRI untuk meningkatkan perekonomian #SatuJutaAgenBRILINK https://t.co/03rMemILFm https://t.co/6lgWB2Te7u","1852197623475601719","https://pbs.twimg.com/media/GbROhQtakAIOqMb.jpg","","in","","0","0","0","https://x.com/undefined/status/1852197623475601719","706555797342269440",
"1364778421872586758","Thu Feb 25 03:25:06 +0000 2021","185","Yuk nonton penampilan Raisa Judika Tiara Andini dan Arsy Widianto di acara pengundian #BRITAMAFSTVL live di https://t.co/Rkzyw8SGLC Sabtu 27 Februari 2021 pukul 19:00 WIB! Follow terus Instagram BRI di @bankbri_id dan jangan lupa untuk aktifkan notifikasi kamu ya!","1364778421872586758","","","in","","0","1","20","https://x.com/undefined/status/1364778421872586758","1398703135",
"1243520670228713474","Fri Mar 27 12:50:05 +0000 2020","204","Sebagai garda terdepan dalam melayani nasabah Frontliners BankBRI selalu siap sedia melayani nasabah diseluruh nusantara. Jayalah Frontlinersku Jayalah BankBRI. Sukses &amp; Sehat unt seluruh nasabah BankBRI. #terimakasihfrontlinersBRI #frontlinersBRIsehat #frontlinersBRIpahlawanku https://t.co/vao73Z2bFc","1243520670228713474","https://pbs.twimg.com/media/EUHfcRqU8AM6gzV.jpg","","in","","21","96","170","https://x.com/undefined/status/1243520670228713474","1355925366",
"1460101392400478208","Mon Nov 15 04:24:33 +0000 2021","166","Sobat BRI. Segera hubungi Provider nomor ponsel yang digunakan apabila mengalami akses dan Internet telepon tiba-tiba terblokir. Pastikan untuk selalu menjaga kerahasiaan data perbankan dan waspada terhadap modus SIM Card Swapping. Sehat dan sukses selalu ya. #BRIEdukasi https://t.co/hSXyx5LiAJ","1460101392400478208","https://pbs.twimg.com/media/FENSbHTVEAoJsAD.jpg","","in","","0","176","9","https://x.com/undefined/status/1460101392400478208","1355925366",
"1712349433437036858","Thu Oct 12 06:08:13 +0000 2023","153","Perhatian...perhatian... Sekarang makin mudah menghubungi Contact BRI bebas pulsa. Tinggal klik di BRImo melalui Layanan Bebas Pulsa. Sobat BRI tidak perlu khawatir kehabisan pulsa kalau butuh bantuan atau informasi seputar produk dan layanan BRI. Pastikan Sobat BRI punya https://t.co/MsYCE5q5vh","1712349433437036858","https://pbs.twimg.com/media/F8N8qIYaAAAwybp.jpg","","in","","1","4","8","https://x.com/undefined/status/1712349433437036858","1355925366",
"1765328719449919606","Wed Mar 06 10:48:59 +0000 2024","56","Emang kalo niat baik pasti ada jalannya ya Sobat BRI! Selain mempermudah transaksi orang-orang di sekitarnya Pak Sarip juga bantu memberikan literasi untuk para petani tentang layanan keuangan BRI yang bisa dimanfaatkan. Comment di bawah kalau kamu mau bermanfaat untuk sesama https://t.co/w7gT9qvoO0","1765328719449919606","https://pbs.twimg.com/media/GH-1Fd9bQAAyJKh.jpg","","in","","0","59","4","https://x.com/undefined/status/1765328719449919606","1355939492",
"1714912969266716688","Thu Oct 19 07:54:48 +0000 2023","152","Perhatian...perhatian... Sekarang makin mudah menghubungi Contact BRI bebas pulsa. Tinggal klik di BRImo melalui Layanan Bebas Pulsa. Sobat BRI tidak perlu khawatir kehabisan pulsa kalau butuh bantuan atau informasi seputar produk dan layanan BRI. Pastikan Sobat BRI punya https://t.co/xhvZkhn0D8","1714912969266716688","https://pbs.twimg.com/media/F8yYNYpbgAARC5K.jpg","","in","","0","7","11","https://x.com/undefined/status/1714912969266716688","1355925366",
"1865287416514515057","Thu Dec 12 16:16:04 +0000 2024","1","@Shibanget Hai Sobat BRI. Terima kasih atas masukannya. Hal ini menjadi masukkan bagi kami untuk pelayanan dan kenyamanan Nasabah kedepannya. Sobat BRI laporkan segera jika menemukan aktivitas mencurigakan pada akun perbankanmu. Informasi lebih lanjut hubungi Contact BRI 1500017 ","1867242022202945559","","Shibanget","in","","0","0","0","https://x.com/undefined/status/1867242022202945559","1398703135",
"1869537888037404702","Mon Dec 23 11:04:44 +0000 2024","0","@whahahi Hai Sobat BRI. Tidak perlu khawatir. Kami informasikan pada tanggal 24 Desember 2024 BRI tetap beroperasi ya. Jam operasional layanan kantor BRI sebagai berikut : 1. Jam Pelayanan Kas mulai pukul 08.00 - 15.00 waktu setempat. 2. Jam Pelayanan Nasabah mulai pukul 08.00 - 16.00","1871149941319471468","","whahahi","in","","0","0","0","https://x.com/undefined/status/1871149941319471468","1398703135",
"1825811005466882128","Sat Dec 21 04:38:20 +0000 2024","0","@Lewiatan3 Hai Sobat BRI. Mohon maaf atas ketidaknyamanannya. BRI senantiasa berkomitmen meningkatkan pelayanan demi kenyamanan serta kepuasan nasabah. Agar dapat kami lakukan tindak lanjut mohon sampaikan secara detail kendala yang dialami melalui DM ya. Tks~Naya","1870327923405705483","","Lewiatan3","in","","0","0","0","https://x.com/undefined/status/1870327923405705483","1398703135",
"1873585919380627483","Mon Dec 30 04:24:27 +0000 2024","0","Apa yang menjadi alasan menjadi nasabah BRI? Pelayanan yang begitu ribet di KC masih betah jadi nasabahnya? Kasih alasan coba ;)","1873585919380627483","","","in","","0","2","0","https://x.com/undefined/status/1873585919380627483","79961978",
"1714857467195363620","Thu Oct 19 04:14:15 +0000 2023","302","BRI Peduli melalui aksi tanggap darurat bencana telah menyalurkan bantuan berupa air bersih ke wilayah yang terdampak fenomena El Nino salah satunya ke 16 wilayah Provinsi Jawa Timur. El Nino adalah sebuah fenomena pemanasan Suhu Muka Laut (SML). Pemanasan SML ini meningkatkan https://t.co/DnYF3CBaBK","1714857467195363620","https://pbs.twimg.com/media/F8xlxgVbwAAMKSE.jpg","","in","","0","57","4","https://x.com/undefined/status/1714857467195363620","1355939492",
"1832956507656421863","Mon Sep 09 01:37:40 +0000 2024","0","Review pelayanan bank di domku dari bri bni utomo mandiri bca yg ter-the best emang bca.","1832956507656421863","","","in","","0","4","0","https://x.com/undefined/status/1832956507656421863","1218896656835284994",
"1825846903873077265","Fri Dec 20 23:15:04 +0000 2024","0","@aaoktaliando Hai Sobat BRI. Mohon maaf atas ketidaknyamanan yang dialami. Saldo rekening akan berkurang apabila digunakan transaksi atau karena memiliki angsuran pinjaman tagihan Ceria atau autodebet. Terkait pelayanan kami akan menjadi perhatian bagi kami. Untuk tindak lanjut silakan","1870246569519272193","","aaoktaliando","in","","0","1","0","https://x.com/undefined/status/1870246569519272193","1398703135",
"1560114168082341889","Thu Aug 18 03:59:37 +0000 2022","56","Sobat BRI. Seluruh informasi terkait BRI bisa didapatkan melalui Contact BRI resmi. Pastikan selalu cek kebenaran informasi yang ditemukan saat Surfing digital agar informasi valid &amp; sesuai. Sehat dan sukses selalu ya. #BRIEdukasi https://t.co/Zny9EhlZRi","1560114168082341889","https://pbs.twimg.com/media/FaajaMPaQAImMYW.jpg","","in","","0","49","10","https://x.com/undefined/status/1560114168082341889","1355925366",
"1873546742869930094","Mon Dec 30 02:14:23 +0000 2024","0","@salmainhere Hai Sobat BRI. Mohon maaf atas ketidaknyamanan yang dialami. Kami informasikan waktu pelayanan di customer service BRI akan disesuaikan dengan nomor antrean dan transaksi yang dilakukan nasabah. Hal tersebut akan menjadi perhatian bagi kami untuk meningkatkan kualitas pelayanan","1873553189238194238","","salmainhere","in","","0","0","0","https://x.com/undefined/status/1873553189238194238","1355939492",
"1847431702563745827","Sat Oct 19 00:16:56 +0000 2024","0","Kolaborasi Pelayanan Terbaik Rutan Bangil Kanwil Kemenkumham Jatim Terima Kunjungan Silaturahmi dari Bank BRI Cabang Pasuruan https://t.co/6mxuulMc1I","1847431702563745827","","","in","","0","0","0","https://x.com/undefined/status/1847431702563745827","1562144329942323200",
"1849026907154854301","Wed Oct 23 09:55:42 +0000 2024","95","Dengan fitur reservasi dan pembayaran tiket kapal PELNI melalui AgenBRILink masyarakat di daerah terpencil bisa lebih mudah memesan dan membayar tiket. Langkah ini memperkuat ekosistem inklusif BRI dan mendukung transportasi laut yang lebih efisien. #BRI #BRIliandanCemerlang https://t.co/TI9xDQvVAB","1849026907154854301","https://pbs.twimg.com/media/GakQKwka8AAjeEU.jpg","","in","","0","121","0","https://x.com/undefined/status/1849026907154854301","1355939492",
"1576852311921475585","Mon Oct 03 08:31:02 +0000 2022","66","Sobat BRI. Jual beli rekening menjadi salah satu kejahatan perbankan yang marak saat ini. Pastikan Sobat tidak meminjamkan data diri atau rekening kepada siapa pun. Segera hubungi pihak berwenang jika menemukan aktivitas jual beli rekening. Sukses dan sehat selalu. #BRIEdukasi https://t.co/SwLdXck9Mg","1576852311921475585","https://pbs.twimg.com/media/FeIadrnVQAABKcs.jpg","","in","","0","93","5","https://x.com/undefined/status/1576852311921475585","1355925366",
"1874639583922835524","Fri Jan 03 04:05:49 +0000 2025","0","@JunaidiKhab Hai Sobat BRI. Mohon maaf atas ketidaknyamanan yang dialami. Hal ini akan menjadi perhatian untuk kami dalam meningkatkan pelayanan kepada Nasabah setia BRI. Agar kami dapat menindaklanjuti layanan antrian di kantor BRI tersebut (1)","1875030780793311429","","JunaidiKhab","in","","0","0","0","https://x.com/undefined/status/1875030780793311429","1355939492",
"1882739488948175216","Fri Jan 24 11:48:45 +0000 2025","0","@pvnknava Hai Sobat BRI. Mohon maaf atas ketidaknyamanan yang dialami. Hal tersebut akan menjadi perhatian bagi kami untuk meningkatkan kualitas pelayanan BRI agar menjadi lebih baik. (1)","1882757426925199724","","lunifey","in","","0","0","0","https://x.com/undefined/status/1882757426925199724","1355925366",
"1882987302831751218","Sat Jan 25 03:42:44 +0000 2025","0","@renjanasemata Hai Sobat BRI. Mohon maaf atas ketidaknyamanan yang dialami dan terima kasih atas saran yang diberikan. BRI senantiasa berkomitmen meningkatkan pelayanan demi kenyamanan serta kepuasan nasabah dan hal ini akan menjadi perbaikan untuk pelayanan kami. Guna tindak lanjut kami","1882997505803104360","","renjanasemata","in","","0","0","0","https://x.com/undefined/status/1882997505803104360","1355939492",
"1882986925642146141","Sat Jan 25 03:13:17 +0000 2025","0","@ellaishereee_ Hai Sobat BRI. Mohon maaf atas ketidaknyamanan yang dialami. BRI senantiasa berkomitmen meningkatkan pelayanan demi kenyamanan serta kepuasan nasabah dan hal ini akan menjadi perbaikan untuk pelayanan kami. Guna tindak lanjut kami sudah mengirimkan pesan melalui Instagram DM.","1882990095784952148","","ellaishereee_","in","","0","0","0","https://x.com/undefined/status/1882990095784952148","1355939492",
"1875118614476698016","Fri Jan 03 13:32:03 +0000 2025","0","@fullsunO606 Hai Sobat BRI. Mohon maaf atas kendala transfer yang dialami. BRI senantiasa berkomitmen meningkatkan pelayanan demi kenyamanan serta kepuasan nasabah dan hal ini akan menjadi perbaikan untuk pelayanan kami. Guna memberikan informasi yang sesuai dapat disampaikan apakah","1875173281164083707","","fullsunO606","in","","0","0","0","https://x.com/undefined/status/1875173281164083707","1355939492",
"1723201069927555478","Sat Nov 11 04:48:45 +0000 2023","149","Sobat BRI Sekarang sudah makin mudah banget untuk memenuhi kebutuhan harianmu di berbagai Merchant pilihan BRI. Tinggal Chat Virtual Agent BRI Sabrina ketik apa yang sedang dibutuhkan. Lagi lapar dan mau cari Resto cukup ketik Lapar.. Lagi mau belanja bulanan cukup ketik https://t.co/1czz0kCnrV","1723201069927555478","https://pbs.twimg.com/media/F-oG2W1aQAAisSk.jpg","","in","","0","66","5","https://x.com/undefined/status/1723201069927555478","1355925366",
"1860207097427951786","Sat Nov 23 06:21:47 +0000 2024","0","Bank sebesar BRI harusnya menjadi contoh dalam pelayanan dan profesionalisme. Kalau maladministrasi terus dibiarkan siapa lagi yang berani percaya? #DavidRahardja #BankBRI #Ombudsman","1860207097427951786","","","in","","0","0","0","https://x.com/undefined/status/1860207097427951786","1544087563245195264",
"1535479530491887616","Sat Jun 11 04:30:22 +0000 2022","59","Sobat BRI. Hati-hati modus penipuan yang menawarkan menjadi Nasabah Prioritas. Pribadi terpilih akan diberikan undangan resmi dari BRI untuk menjadi Nasabah Prioritas. Pastikan Sobat tidak memberikan data rahasia seperti Password PIN atau OTP kepada siapa pun. #BRIEdukasi https://t.co/VzRIl2PV6R","1535479530491887616","https://pbs.twimg.com/media/FU8eenzaMAAzgIU.jpg","","in","","1","28","23","https://x.com/undefined/status/1535479530491887616","1355925366",
"1878907817593364543","Tue Jan 14 01:18:47 +0000 2025","0","@BayuElyasEdwar1 Hai Sobat BRI. Mohon maaf atas ketidaknyamanan yang dialami. Kami informasikan pelayanan di kantor BRI dilakukan sesuai dengan antrean yang diterima. Hal tersebut akan menjadi perhatian bagi kami untuk selalu meningkatkan layanan demi kenyamanan nasabah. Agar kami dapat","1878975015275929847","","BayuElyasEdwar1","in","","0","0","0","https://x.com/undefined/status/1878975015275929847","1355925366",
"1881228986854047927","Mon Jan 20 09:24:24 +0000 2025","0","@gummcys Hai Sobat BRI. Mohon maaf atas ketidaknyamanan yang dialami. BRI senantiasa memberikan pelayanan terbaik untuk nasabah. Guna tindak lanjut sudah kami kirimkan pesan melalui DM. Silakan melakukan pengecekan. Tks~Ulin","1881271548830707735","","gummcys","in","","0","0","0","https://x.com/undefined/status/1881271548830707735","1355925366",
"1710171043896471995","Fri Oct 06 05:52:04 +0000 2023","149","Sobat BRI Kamu tau gak sih kenapa BRI selalu mengedepankan agen BRIlink? Nah ini dia peran Agen BRILink untuk BRI dan juga untuk masyarakat Indonesia : -Menyediakan Akses Perbankan -Meningkatkan Keberagaman Layanan -Meningkatkan Inklusi Keuangan -Mempermudah Pembayara https://t.co/xlxpylA3lV","1710171043896471995","https://pbs.twimg.com/media/F7u_Ta3aQAAocIK.jpg","","in","","0","56","12","https://x.com/undefined/status/1710171043896471995","1355939492",
"1873604524214243363","Mon Dec 30 06:33:46 +0000 2024","0","@chalezma Hai Sobat BRI. Mohon maaf atas ketidaknyamanan yang dialami. Bisa ya. BRI selalu terbuka terhadap saran dari nasabah dan berkomitmen untuk terus meningkatkan pelayanan demi kenyamanan serta kepuasan nasabah. Guna tindak lanjut kami sudah mengirimkan pesan pada DM mohon","1873618462649536618","","chalezma","in","","0","0","0","https://x.com/undefined/status/1873618462649536618","1355939492",
"1713022278097916276","Sat Oct 14 02:41:52 +0000 2023","168","Sobat BRI. Yuk gunakan BRIZZI untuk kemudahan transaksi Cashless pembayaran TOL Minimarket transportasi umum dan parkir. Transaksi lebih simpel saatnya pakai BRIZZI. Selamat mencoba sukses &amp; sehat selalu. #BRIEdukasi https://t.co/dFmlBAlDWZ","1713022278097916276","https://pbs.twimg.com/media/F8XgpF-bQAERKj2.jpg","","in","","0","1","7","https://x.com/undefined/status/1713022278097916276","1355925366",
"1841291722137211382","Wed Oct 02 01:38:50 +0000 2024","0","Disuruh CC untuk kontak langsung ke nomor BRI bintaro tapi pas telpon BRI bintaro tidak ada yang angkat sama sekali mantapp pelayanan BRI @BANKBRI_ID ","1841291722137211382","","","in","","0","3","0","https://x.com/undefined/status/1841291722137211382","79462596",
"1872498646924832895","Sat Dec 28 05:02:42 +0000 2024","0","@nyingnying99 Hai Sobat BRI. Saat ini layanan Contact BRI bebas pulsa melalui BRImo sedang dalam pemeliharaan sistem untuk meningkatkan kualitas pelayanan. Mohon maaf atas ketidaknyamanan yang dialami. Jika mengalami kendala dalam bertransaksi maka Sobat BRI bisa: 1. Melakukan pelaporan","1872870771208364449","","nyingnying99","in","","0","0","0","https://x.com/undefined/status/1872870771208364449","1355925366",
"1825123986784862215","Sun Aug 18 10:54:02 +0000 2024","28","Hai Sobat BRI! Dalam rangka menyemarakkan HUT ke-79 RI BRI menyelenggarakan kegiatan bertajuk BRILiaN Independence Week (BIW) 2024 . Melalui kegiatan ini diharapkan dapat menciptakan momen keakraban bagi seluruh Insan BRILiaN sehingga pada akhirnya mampu bersinergi demi https://t.co/TirUZcckqB","1825123986784862215","https://pbs.twimg.com/amplify_video_thumb/1825123683247300608/img/523hjAP7OiYUQRWX.jpg","","in","","0","16","1","https://x.com/undefined/status/1825123986784862215","1355939492",
"1879167775463362694","Tue Jan 14 19:16:18 +0000 2025","0","@hendramulya28 Hai Sobat BRI. Mohon maaf atas ketidaknyamanannya. Kami sampaikan layanan Contact BRI 14017 sudah tidak beroperasi. Namun kami informasikan layanan Contact BRI 1500017 tersedia dan dapat dihubungi 7x24 jam. Dikhawatirkan dalam proses antrian pelayanan sehingga belum berhasil","1879246180388872195","","hendramulya28","in","","0","0","0","https://x.com/undefined/status/1879246180388872195","1355925366",
"1712683220456931666","Fri Oct 13 04:14:34 +0000 2023","153","Sobat BRI. Ingin tau lokasi AgenBRILink terdekat? Chat Sabrina aja! Tinggal ketik lokasi AgenBRILink lalu kirim Share Location terkini Sabrina akan berikan info untuk lokasi AgenBRILink terdekatmu. Selamat mencoba ya sehat dan sukses selalu. #BRIEdukasi https://t.co/dE0AGb1MhK","1712683220456931666","https://pbs.twimg.com/media/F8Sq_aiaIAAA0eA.jpg","","in","","0","3","6","https://x.com/undefined/status/1712683220456931666","1355925366",
"1869626155273494616","Fri Dec 20 02:18:22 +0000 2024","1","@Abukhoir20 Hai. Sobat BRI. Mohon maaf atas ketidaknyamanan yang dialami. Hal ini menjadi perhatian bagi kami guna meningkatkan kualitas pelayanan kami. (1)","1869930310299000886","","Abukhoir20","in","","0","0","0","https://x.com/undefined/status/1869930310299000886","1355925366",
"1869962025193119917","Fri Dec 20 04:30:23 +0000 2024","0","@i_eunoia_ Hai Sobat BRI. Mohon maaf atas ketidaknyamanan yang dialami. Bisa ya. Kami lakukan pengecekan layanan bebas pulsa Contact BRI melalui BRImo saat ini normal dan tersedia 7x24 jam. Dikhawatirkan dalam proses antrian pelayanan sehingga belum berhasil terhubung. Kami sarankan untuk","1869963536157348127","","l_enoya","in","","0","0","0","https://x.com/undefined/status/1869963536157348127","1355925366",
"1852199017507389704","Fri Nov 01 04:00:32 +0000 2024","0","Masyarakat pun sangat terbantu dengan pelayanan Agen BRI #SatuJutaAgenBRILINK","1852199017507389704","","","in","","0","0","0","https://x.com/undefined/status/1852199017507389704","1641756318259372032",
"1882367521266991232","Thu Jan 23 09:59:24 +0000 2025","0","Kolaborasi Cerdas Untuk Layanan Perbankan Terbaik Rutan Kelas I Tangerang Gandeng BRI Tingkatkan Pelayanan https://t.co/kF06wRamX1","1882367521266991232","","","in","","0","0","0","https://x.com/undefined/status/1882367521266991232","1592533264161333248",
"1560489129565388800","Fri Aug 19 04:49:35 +0000 2022","43","Sobat BRI. Mendukung rencana masa depan si kecil bisa dilakukan dengan cara mencari tahu minat dan bakat serta mendukung aktivitas si kecil untuk meningkatkan kreativitasnya. Dukung si kecil untuk #EksplorasiMinatnya bersama tabungan BRI Junio. #BRIEdukasi https://t.co/FPWqu4uTXZ","1560489129565388800","https://pbs.twimg.com/media/Faf4gbFaAAENDgE.jpg","","in","","0","40","5","https://x.com/undefined/status/1560489129565388800","1355925366",
"1535600734825091072","Sat Jun 11 12:31:59 +0000 2022","67","Sobat BRI. Hati-hati terhadap penipuan dengan modus iklan yang mengatasnamakan BRI. Pastikan sobat tidak mudah percaya dan jangan asal klik serta tidak memberikan data rahasia seperti Password PIN mToken dan OTP kepada siapa pun. #BRIEdukasi https://t.co/CRhiFj1Ecu","1535600734825091072","https://pbs.twimg.com/media/FU-Lr1BVUAAiUAX.jpg","","in","","3","24","26","https://x.com/undefined/status/1535600734825091072","1355925366",
"1876114192568369311","Mon Jan 06 05:18:18 +0000 2025","0","@niSanaKamYu Hai Sobat BRI. Mohon maaf atas ketidaknyamanannya. BRI senantiasa berkomitmen meningkatkan pelayanan demi kenyamanan serta kepuasan nasabah dan hal ini akan menjadi perbaikan untuk pelayanan kami. Guna tindak lanjut dapat disampaikan melalui DM apakah sebelumnya pernah","1876136186353156321","","niSanaKamYu","in","","0","0","0","https://x.com/undefined/status/1876136186353156321","1355939492",
"1872453558358216779","Fri Dec 27 01:39:22 +0000 2024","0","@jajananfelix Hai Sobat BRI. Tidak perlu khawatir. Buka ya. Pada hari ini tanggal 27 Desember 2024 kantor BRI beroperasi normal ya. Jam operasional layanan kantor BRI sebagai berikut : 1. Jam Pelayanan Kas mulai pukul 08.00 - 15.00 waktu setempat. 2. Jam Pelayanan Nasabah mulai pukul 08.00 -","1872457210900467842","","jajananfelix","in","","0","1","0","https://x.com/undefined/status/1872457210900467842","1355939492",
"1872100896055959692","Fri Dec 27 01:02:41 +0000 2024","0","@debyrosmalia Hai Sobat BRI. Mohon maaf atas keterlambatan respons kami. Pada hari ini tanggal 27 Desember 2024 kantor BRI beroperasi normal ya. Jam operasional layanan kantor BRI sebagai berikut : 1. Jam Pelayanan Kas mulai pukul 08.00 - 15.00 waktu setempat. 2. Jam Pelayanan Nasabah mulai","1872447980269142264","","debyrosmalia","in","","0","0","0","https://x.com/undefined/status/1872447980269142264","1355939492",
"1868946868274966661","Tue Dec 17 09:10:31 +0000 2024","0","halo @kontakBRI saya ingin mengadukan pelayanan satpam BRI yg sangat kasar &amp; tidak ramah kepada ibu saya yg tadi ingin mengambil dana PIP adik. ibu saya tidak tahu bahwa pencairan dilakukan via brilink. jd tadi merasa kebingungan ketika mengambil di ATM. (1)","1868946868274966661","","","in","","0","4","0","https://x.com/undefined/status/1868946868274966661","1679419561622536193",
"1377489717193699335","Thu Apr 01 05:15:15 +0000 2021","169","Raih Triple Poin undian BritAma FSTVL dengan membuka Tabungan BRI BritAma melalui https://t.co/hvcDkWPvUF registrasi e-banking BRI dan pembayaran zakat dan donasi.","1377489717193699335","","","in","","4","17","18","https://x.com/undefined/status/1377489717193699335","1398703135",
"1875368741808304410","Sun Jan 05 15:55:02 +0000 2025","0","@RorosriS45569 Mohon maaf atas ketidaknyamanan yang dialami. Hal ini menjadi perhatian bagi kami guna meningkatkan kualitas pelayanan nasabah. Terkait perihal tersebut kami sarankan Sobat BRI konfirmasi dengan menghubungi Priority Banking Officer (PBO). Sobat BRI jangan bagikan data pribadi","1875934036314464576","","RorosriS45569","in","","0","1","0","https://x.com/undefined/status/1875934036314464576","1355939492",
"1459888745063149571","Sun Nov 14 14:19:34 +0000 2021","210","Konsisten Hadirkan Layanan Prima Contact Center BRI Raih 14 Penghargaan dari ICCA https://t.co/Yv7z6SOxz0","1459888745063149571","","","in","","13","157","22","https://x.com/undefined/status/1459888745063149571","58880688",
"1783332303219081386","Thu Apr 25 03:08:48 +0000 2024","36","Sobat BRI Di tengah gejolak kondisi ekonomi dan geopolitik global BRI mampu membukukan pertumbuhan laba yang positif dimana hingga akhir Triwulan I Tahun 2024 BRI secara konsolidasian berhasil mencetak laba sebesar Rp15 98 triiliun. Melalui pencapaian kinerja ini BRI https://t.co/n0O4bWEk1H","1783332303219081386","https://pbs.twimg.com/media/GL-rRZGa0AAGbm2.jpg","","in","","0","19","2","https://x.com/undefined/status/1783332303219081386","1355939492",
"1605079455281557504","Tue Dec 20 05:55:37 +0000 2022","622","Sobat BRI buka Tabungan BRI BritAma Bisnis lewat BRImo.Rasakan kemudahan bertransaksi lewat ibbiz limit transaksi lebih besar pencatatan lebih detail dan bebas biaya admin. #BritAmaBisnis #BukaBritAmaJamanNow #TabunganBRI","1605079455281557504","","","in","","1","112","60","https://x.com/undefined/status/1605079455281557504","1398703135",
"1869576720485085224","Thu Dec 19 02:53:19 +0000 2024","0","good bye BRI ternyata emang kureng dari segi pelayanan dan keamanan. gue totally pindah ke bank sebelah sih.","1869576720485085224","","","in","","0","3","0","https://x.com/undefined/status/1869576720485085224","2937616022",
"1871262842676199570","Mon Dec 23 18:33:22 +0000 2024","1","Gue kemaren ke bank BCA buat benerin kartu ATM bapak gue yg lupa sandi dan first time gue kaget sama pelayanan mereka yg ruamah bangett seramah itu. Sepengalaman gue masuk bank BRI gak seramah di BCA sumpah. Gak maksud ngebandingin tp emg bias bgt njir gue jd canggung sendiri","1871262842676199570","","","in","","0","1","0","https://x.com/undefined/status/1871262842676199570","1402413079351025665",
"1459890424479289347","Sun Nov 14 14:26:15 +0000 2021","182","Hadirkan Layanan Prima Contact Center BRI Raih 14 Penghargaan dari ICCA https://t.co/xONDycArGM","1459890424479289347","","","in","","12","136","16","https://x.com/undefined/status/1459890424479289347","2392460208",
"1872452126045241441","Fri Dec 27 10:26:28 +0000 2024","0","@rossv_ Hai Sobat BRI. Mohon maaf atas ketidaknyamanan yang dialami saat mengunjungi kantor BRI. Terkait antrean disesuaikan dengan kebijakan kantor BRI yang dikunjungi dan waktu pelayanan di customer service sesuai dengan transaksi yang dilakukan nasabah. Namun hal tersebut akan","1872589859308843316","","rossv_","in","","0","0","0","https://x.com/undefined/status/1872589859308843316","1355925366",
"1872111842530914423","Thu Dec 26 04:25:03 +0000 2024","0","@endraaaaaaaaa Hai Sobat BRI. Tidak perlu khawatir. Buka ya. Kami informasikan pada tanggal 27 Desember 2024 layanan kantor BRI beroperasi normal dari pukul 08.00-16.00 waktu setempat untuk pelayanan nasabah dan 08.00-15.00 waktu setempat untuk pelayanan Kas. Dapat disampaikan transaksi apa","1872136517495267594","","endraaaaaaaaa","in","","0","0","0","https://x.com/undefined/status/1872136517495267594","1355925366",
"1534474178513887232","Wed Jun 08 09:55:27 +0000 2022","48","Buat sebagian besar masyarakat Agen BRILink adalah penolong untuk mereka. Di pedesaan akses ke Perbankan masih terbatas banget. Agen BRILink hadir untuk membantu kebutuhan Perbankan mereka. https://t.co/c2xqRA1y02","1534474178513887232","https://pbs.twimg.com/media/FUuMIMhVEAAk4GE.jpg","","in","","2","6","7","https://x.com/undefined/status/1534474178513887232","1355939492",
"1871811103237497335","Wed Dec 25 06:58:26 +0000 2024","0","@idoingthingss Salam Sehat Sahabat. Kode VA pembayaran denda RITL BRI 88881 dan Mandiri 89888 + (11 digit noka peserta). Pembayaran Denda Pelayanan dapat melalui : - M-Banking Mandiri - M-Banking BRI - Kantor Pos - Indomaret - Alfamart - Tokopedia - Gojek (Gotagihan). Terima kasih. :) -dias","1871812732556877828","","iamalianated","in","","0","0","0","https://x.com/undefined/status/1871812732556877828","1522337929",
"1592375409970012160","Tue Nov 15 04:34:17 +0000 2022","98","Sobat BRI. Seluruh informasi terkait BRI bisa didapatkan melalui Contact BRI resmi. Pastikan selalu cek kebenaran informasi yang ditemukan saat Surfing digital agar informasi valid &amp; sesuai. Sehat dan sukses selalu ya. #BRIEdukasi https://t.co/GJJJbe2p8Q","1592375409970012160","https://pbs.twimg.com/media/FhlAcdsUoAAquUe.jpg","","in","","0","320","8","https://x.com/undefined/status/1592375409970012160","1355925366",
"1872257209125519678","Thu Dec 26 12:24:38 +0000 2024","0","PT Bank Rakyat Indonesia Tbk (BRI) memastikan tetap memberikan pelayanan perbankan kepada para nasabah di momen libur Natal dan Tahun Baru (Nataru). https://t.co/zQ5XmCiBcn","1872257209125519678","","","in","","0","0","0","https://x.com/undefined/status/1872257209125519678","135795460",
"1207950657837092864","Fri Dec 20 09:07:34 +0000 2019","152","Mau nabung terus dapat asuransi? Dimana lagi selain di Tabungan BRI SIMPEDES dari #bankbri untuk setiap penambahan saldo mencapai Rp 5jt kamu berhak mendapat asuransi Acci Care BRILife yuk jangan sampai ketinggalan. #simpedesbri","1207950657837092864","","","in","","3","18","21","https://x.com/undefined/status/1207950657837092864","1398703135",
"1563772285416140802","Sun Aug 28 06:15:40 +0000 2022","39","Di mana di mana di manaaa. Contact BRI yang asli di manaaaa? Kalo ada kendala atau hal yang tidak dipahami soal produk BRI jangan sampai kamu salah menghubungi contact center BRI ya! Untuk contact center BRI yang resmi bisa kamu cek di gambar di bawah~ https://t.co/kCdxMNS8gU","1563772285416140802","https://pbs.twimg.com/media/FbOijyjUIAAcTJ_.jpg","","in","","0","16","5","https://x.com/undefined/status/1563772285416140802","1355939492",
"1207529942797258752","Thu Dec 19 05:15:47 +0000 2019","209","Dapatkan #promobri dengan ajukan kredit BRIguna di #BRIhut124 oleh #bankbri. Dapatkan Suku bunga spesial Provisi spesial 0 24% Reward member get member s.d Rp 200rb Jangka waktu maks s.d 15 tahun proses yang cepat dan mudah #UntukIndonesiaBRILian.","1207529942797258752","","","in","","1","21","23","https://x.com/undefined/status/1207529942797258752","1398703135",
"1248819228318130177","Sat Apr 11 03:44:40 +0000 2020","177","BRI memberi bantuan ke masyarakat melalui agen Brilink Miris sama keadaan sekarang di masyarakat gara2 pandemi Covid-19 banyak yang kehilangan mata pencaharian karena banyaknya karyawan yang dirumahkan dan usaha2 mikro yang mulai gulung tikar. Alhamdulillah saat ini sudah","1248819228318130177","","","in","","6","94","138","https://x.com/undefined/status/1248819228318130177","356651859",
"1876881787520979145","Thu Jan 09 01:12:18 +0000 2025","0","@LeoBudiSuryanto @Petrahuang @the_daddiess Hai Sobat BRI. Mohon maaf atas ketidaknyamanan yang dialami. BRI senantiasa berkomitmen meningkatkan pelayanan demi kenyamanan serta kepuasan nasabah dan hal ini akan menjadi perbaikan untuk pelayanan kami. Guna tindak lanjut kendala yang disampaikan kami sudah mengirimkan","1877161443008852417","","LeoBudiSuryanto","in","","0","0","0","https://x.com/undefined/status/1877161443008852417","1355925366",
"1207252593400930305","Wed Dec 18 10:53:42 +0000 2019","175","Dalam rangka menyambut HUT 124 tahun Bank BRI maka ada #promobri dari #bankbri yaitu KPR HUT BRI kredit dengan biaya admin mulai Rp 124rb Bunga mulai 6 74% dan voucher BRIZZI hingga Rp 1jt! Seru kan yuk segera ajukan KPR di Kantor Cabang BRI. #UntukIndonesiaBRILian #HUTBRI124","1207252593400930305","","","in","","3","16","23","https://x.com/undefined/status/1207252593400930305","1398703135",
"1868568480083329398","Mon Dec 16 08:06:56 +0000 2024","0","Happy anniversary ke 129 BRI semoga BRI terus memberikan pelayanan terbaik buat masyarakat. #HUTBRI129","1868568480083329398","","","in","","0","0","0","https://x.com/undefined/status/1868568480083329398","1740163128825143296",
"1871751489435431330","Fri Dec 27 09:05:04 +0000 2024","0","@SentenceID @BANKBRI_ID Hai Sobat BRI. Mohon maaf atas ketidaknyamanan atas pelayanan yang diterima. Agar hal ini dapat ditindaklanjuti mohon diinformasikan pelayanan seperti apa yang dialami? Tks~Diva","1872569375955566850","","SentenceID","in","","0","0","0","https://x.com/undefined/status/1872569375955566850","1355925366",
"1851472847988015437","Wed Oct 30 03:55:00 +0000 2024","0","laba BRI secara bank only tembus Rp41 67 triliun. Realisasi ini naik 6 8 persen dibandingkan periode yang sama tahun sebelumnya Rp39 triliun. Pencapaian yg bagus terlihat kalo pelayanan Bank BRI sangat bagus #BRITerusPerkuatUMKM https://t.co/e45FGi7ISn https://t.co/eNy1oRO89Y","1851472847988015437","https://pbs.twimg.com/media/GbHAXBBbMAAktI2.jpg","","in","","0","0","0","https://x.com/undefined/status/1851472847988015437","768767551924871168",
"1868569083014521122","Mon Dec 16 08:09:20 +0000 2024","0","Semoga BRI selalu memberikan pelayanan yang lebih baik buat masyarakat kedepan nya sukses selalu buat BRI #HUTBRI129","1868569083014521122","","","in","","0","0","0","https://x.com/undefined/status/1868569083014521122","1798214555589574657",
"1868569506542727225","Mon Dec 16 08:11:01 +0000 2024","0","Semoga pelayanan BRI semakin baik dan maju lagi #HUTBRI129","1868569506542727225","","","in","","0","0","0","https://x.com/undefined/status/1868569506542727225","733017981249183744",
"1831283705392066698","Wed Sep 04 10:50:33 +0000 2024","0","BRI merayakan Hari Pelanggan Nasional (HPN) dengan mengusung tema Artificial Intelligence Membuat Pelayanan Pelanggan Lebih Responsif dan Personal. https://t.co/sai4iyJvtJ","1831283705392066698","","","in","","0","0","0","https://x.com/undefined/status/1831283705392066698","874558344593195008",
"1881344247540146425","Mon Jan 20 14:13:16 +0000 2025","0","Kerap Terjadi Perampokan Bersenjata Api Agen BRI Link di Dharmasraya Pilih Menutup Pelayanan lebih Awal @BANKBRI_ID https://t.co/MAivm8PJoO #dharmasraya #brilink #perampokan #senpi #kabarterdepan","1881344247540146425","","","in","","0","2","0","https://x.com/undefined/status/1881344247540146425","283305745",
"1870041844295577775","Fri Dec 20 09:41:34 +0000 2024","0","Tingkatkan Pelayanan Publik Imigrasi Tual Gandeng BRI dan Kantor Pos - #MalukuTenggara #MalukuTenggara https://t.co/MV1lVx7aN4","1870041844295577775","","","in","","0","0","0","https://x.com/undefined/status/1870041844295577775","1133436931",
"1864989999772635279","Fri Dec 06 11:07:20 +0000 2024","0","Kayaknya semua bank nyaranin setor tunai di ATM kalau nominalnya dibawah 10jt‍️ gue setor tunai di BRI begitu sama setor cicilan rumah di BTN jg gitu njir bener2 pelayanan bank g kayak dulu lama2 manusia diganti mesin semua","1864989999772635279","","","in","","0","3","0","https://x.com/undefined/status/1864989999772635279","1268923442536910848",
"1852200522490548304","Fri Nov 01 04:06:31 +0000 2024","0","bri selalu memberikan pelayanan yang terbaik untuk masyarakat. #SatuJutaAgenBRILINK","1852200522490548304","","","in","","0","0","0","https://x.com/undefined/status/1852200522490548304","1702962420631949312",
"1874763517276074274","Thu Jan 09 01:00:33 +0000 2025","0","@xygrth @handokotjung Kebanyakan disini atmnya punya mandiri BNI gak ada link jadi ada potongan dan gak semua transaksi via brimo kak apa lagi yang gak cashless intinya pelayanan BRI itu ampun dah gak banget mentingin BRILINK dari pada kenyamanan nasabah.","1877158485487489054","","xygrth","in","","0","1","0","https://x.com/undefined/status/1877158485487489054","1265296700991651840",
"1869579985838837879","Thu Dec 19 08:33:24 +0000 2024","0","@Michaelnur6 @Rakha_boumi Kl pelayanan BRI ya jelas super luama","1869662303773475096","","Michaelnur6","in","","0","0","0","https://x.com/undefined/status/1869662303773475096","70894633",
"1358115796120195075","Sat Feb 06 18:10:13 +0000 2021","164","PT Bank Rakyat Indonesia (Persero) Tbk (BRI) membuka lowongan kerja di seluruh grup anak usahanya. Cek di sini untuk melihat persyaratannya. https://t.co/Zq35PrTRAS","1358115796120195075","","","in","","2","12","52","https://x.com/undefined/status/1358115796120195075","69183155",
"1872460480079634820","Fri Dec 27 01:52:21 +0000 2024","0","Tidak ada memang kalah lama pelayanan CSnya bri.. sessajaki","1872460480079634820","","","in","","0","0","0","https://x.com/undefined/status/1872460480079634820","828118279",
"1825412143799529764","Mon Aug 19 05:59:04 +0000 2024","31","BRI memberikan apresiasi kepada Pasukan Bendera Pusaka (Paskibraka) Nasional dan tenaga pendukung yang telah menyelesaikan tugasnya pada upacara bendera 17 Agustus 2024. Apresiasi diberikan berupa dana bantuan pendidikan bagi setiap anggota Paskibraka dan dana apresiasi kepada https://t.co/DrPfKeQ8nW","1825412143799529764","https://pbs.twimg.com/media/GVUqkn0bIAApTru.jpg","","in","","1","9","2","https://x.com/undefined/status/1825412143799529764","1355939492",
"1715562628293308826","Sat Oct 21 02:56:18 +0000 2023","162","Sobat BRI. Dapatkan berbagai keuntungan &amp; promo berlimpah di Merchant favoritmu dengan Kartu Debit BRI! Bayar belanjaan jadi mudah praktis &amp; lebih aman pake Kartu Debit BRI. Informasi promo BRI kunjungi https://t.co/HhFHROTj36 selamat transaksi ya. #BRIEdukasi https://t.co/YIRbRYPUdX","1715562628293308826","https://pbs.twimg.com/media/F87lVmabYAAKWTs.jpg","","in","","0","6","8","https://x.com/undefined/status/1715562628293308826","1355925366",
"1798292537079423309","Wed Jun 05 09:55:26 +0000 2024","71","BRI kembali mengambil bagian dalam program Relawan Bakti BUMN 2024 lho. Kali ini Insan BRILian pekerja BRI dan karyawan BUMN lainnya ikut berpetualang di Desa BRILiaN Ketapanrame Kab. Mojokerto Jawa Timur. Klik gambar untuk cerita lengkapnya sobat BRI!","1798292537079423309","","","in","","0","84","5","https://x.com/undefined/status/1798292537079423309","1355939492",
"1879734491138416809","Thu Jan 16 03:36:41 +0000 2025","0","sumpah bri lu punya pelayanan minus bgt gw tdi ke bri mau ngurus rek gw gabisa buat transaksi trs dihandle lgsg sm spvnya tapi bisa nya spv lu nanya ke sec trs sec yg nerangin ke gw dan udh gw blg apa yg gw alamin malah spv lu nyolot lah bangsat lu ilham anjg w tandain muke lu","1879734491138416809","","","in","","0","2","0","https://x.com/undefined/status/1879734491138416809","1449983725278662657",
"1800346555268186542","Tue Jun 11 01:57:22 +0000 2024","70","Pemanfaatan AI di BRI utamanya dilakukan untuk meningkatkan operasional sehingga dapat memberikan produk dan layanan nasabah yang lebih personal dan inklusif kepada nasabah. Informasi lengkapnya bisa klik gambar atau kunjungi website BRI ya Sobat BRI!","1800346555268186542","","","in","","0","82","5","https://x.com/undefined/status/1800346555268186542","1355939492",
"1857705272497803771","Sat Nov 16 08:40:26 +0000 2024","0","Kolaborasi Pelayanan Terbaik Rutan Praya Kunjungi BRI Cabang Praya Cek Selengkapnya di : https://t.co/B0CI6yZjq6 @Kemenkumham_RI @KanwilNTB https://t.co/DM08GmvFQc","1857705272497803771","https://pbs.twimg.com/media/GcflF6xaMAIysPI.jpg","","in","","0","0","0","https://x.com/undefined/status/1857705272497803771","1141925894",
"1810637812863226007","Tue Jul 09 11:31:18 +0000 2024","277","2. Bisa apa aja di BRIlink wangmin? Layanan yg dapat ditangani oleh agen BRIlink diantaranya: 1. Transfer uang sesama BRI &amp; antarbank 2. terima uang 3. Topup Brizzi 4. Tarik tunai tanpa kartu / dengan kartu (wajib nasabah BRI) 5. Pembayaran e-commerce 6. Pembayaran tagihan","1810637849915757015","","txtfromkeuangan","in","","1","4","15","https://x.com/undefined/status/1810637849915757015","1590845630037229569",
"1533700085501923328","Mon Jun 06 06:39:56 +0000 2022","12","Sebagai Bank terbesar di Indonesia tentu saja BRI memberikan pengalaman kerja yang luar biasa kepada Insan BRILian. Mulai dari lingkungan kerja yang suportif jenjang karir yang tersedia apresiasi atas capaian kinerja dan pastinya banyak banget orang orang kreatif dan keren.","1533700199029190656","","BANKBRI_ID","in","","0","75","2","https://x.com/undefined/status/1533700199029190656","1355939492",
"1865925083958743099","Mon Dec 09 01:03:01 +0000 2024","0","Halo @kontakBRI bagaimana cara mengadukan pelayanan pada kantor BRI? terlebih pada pegawai yang lambat menangani permasalahan? Lambatnya pelayanan bukan satu dua hari tapi SEMINGGU SEBULAN!","1865925083958743099","","","in","","0","6","0","https://x.com/undefined/status/1865925083958743099","112372094",
"1535079418112405504","Fri Jun 10 02:00:29 +0000 2022","11","Agar kamu terhindar dari kejahatan phising jgn ngasih data pribadi &amp; data perbankanmu ke pihak lain. Jgn bagikan PIN no. rekening no. kartu username &amp; password internet banking serta kode OTP melalui tautan / selain website resmi BRI. #BRI #MemberiMaknaIndonesia #BRIEdukasi","1535079422159900672","","BANKBRI_ID","in","","0","30","2","https://x.com/undefined/status/1535079422159900672","1355939492",
"1534762717751304192","Thu Jun 09 05:02:58 +0000 2022","13","Penasaran gimana cara pesannya? Gampang kok! 1. Registrasi ke KC/KCP BRI terdekat untuk mendapatkan SID &amp; SRE 2. Melakukan pemesanan melalui website SBN Online BRI 3. Lakukan pembayaran 4. Konfirmasi kepemilihkan SBN melalui email. Bagaimana mudah sekali bukan?","1534762960500891653","","BANKBRI_ID","in","","0","12","0","https://x.com/undefined/status/1534762960500891653","1355939492",
"1862416142658339284","Fri Nov 29 08:39:45 +0000 2024","0","Prinsip : Ingin menjadi freelancer yang fast respon untuk klien seperti pelayanan prima dari Bank BRI. Uhuyyyy https://t.co/TpZtGU2Pei","1862416142658339284","","","in","","0","2","0","https://x.com/undefined/status/1862416142658339284","1171955612566966272",
"1535122151245631490","Fri Jun 10 04:51:57 +0000 2022","6","3. Agen Pembayaran Online Jangan sangka akhir-akhir ini kebutuhan bertransaksi online sangat tinggiiii tapi gak jarang pasti ada aja yang merasa kebingungan buat transaksi online. Nah dengan Agen BRILink tentu sangat membantu dan menguntungkan. #BRI #MemberiMaknaIndonesia","1535122574719406082","","BANKBRI_ID","in","","0","28","0","https://x.com/undefined/status/1535122574719406082","1355939492",
"1511526140955217921","Wed Apr 06 02:08:10 +0000 2022","51","Kalau seperti itu artinya Sobat BRI harus cermat untuk mulai mengatur keuangan dengan nabung rutin. Nah di BRI ada BritAma Rencana! Dengan autodebet setiap bulan nggak bakal lagi bikin kamu lupa untuk nabung!","1511526143421476868","","BANKBRI_ID","in","","0","54","2","https://x.com/undefined/status/1511526143421476868","1355939492",
"1530383133647831041","Sat May 28 02:59:22 +0000 2022","132","BRI nggak pernah absen untuk menerima mahasiswa dalam Program Magang Mahasiswa Bersertifikat (PMMB) yang diselenggarakan oleh FHCI BUMN karena selaras dengan nilai yang selalu dibawa BRI Memberi Makna Indonesia.","1530383200442122241","","BANKBRI_ID","in","","0","30","1","https://x.com/undefined/status/1530383200442122241","1355939492",
