"conversation_id_str","created_at","favorite_count","full_text","id_str","image_url","in_reply_to_screen_name","lang","location","quote_count","reply_count","retweet_count","tweet_url","user_id_str","username"
"1834958358430073023","Sat Sep 14 14:12:19 +0000 2024","714","NEW WORK: Custom Fonts for Bank BCA This typeface created with geometric proportions and a rational approach and intended to improve company communication and elevate BCA digital products such as m-Banking and the most prevalent internal social media communications. https://t.co/JD93uN77FX","1834958358430073023","https://pbs.twimg.com/ext_tw_video_thumb/1834958103466622976/pu/img/EYB7lpERIWcmS1Qt.jpg","","en","Indonesia","35","2","168","https://x.com/tokotype/status/1834958358430073023","143082845","tokotype"
"1262764198410375175","Tue May 19 15:17:00 +0000 2020","16506","Mulai dari masuk bank BCA sampe keluar berasa dikasih perhatian banget https://t.co/6gJWCv5xcG","1262764198410375175","https://pbs.twimg.com/ext_tw_video_thumb/1262761516018761728/pu/img/oFuaxeUBk55hDpCr.jpg","","in","indonesia","964","772","5171","https://x.com/mhdarieff_/status/1262764198410375175","1087056602178281473","mhdarieff_"
"1838821264837967991","Wed Sep 25 06:02:07 +0000 2024","6","OPEN TICKETING SERVICE / JASTIP TIKET 2025 SEVENTEEN &lt;RIGHT HERE&gt; WORLD TOUR IN JAKARTA 2024 ️ Fee Jastip 450k IDR ️ Pembayaran menggunakan bank BCA / Mandiri ️ Pengambilan tix H-1 / saat hari H ️ Di urus hingga fisik #SEVENTEEN #SVT_RIGHT_HERE_WORLDTOUR https://t.co/BqeFAwmDoK","1838821264837967991","https://pbs.twimg.com/media/GYTOMfqa4AEB_A8.jpg","","in","","3","1","12","https://x.com/hikefi_id/status/1838821264837967991","1785528720893349888","hikefi_id"
"1839522137872507240","Fri Sep 27 04:27:08 +0000 2024","3","*Asal tau juga Nih Pewaris Bank BCA &amp; Pabrik Rokok Djarum naik kelas Ekonomi bukan seperti si Tukang Pisang yg baru saja bapak moyangnya yg Tukang Mebel tadinya kini diklaim sbg Raja Fir'aun Jawa sudah Berkepala Besar*... https://t.co/wN5dsiM1Pp","1839522137872507240","https://pbs.twimg.com/ext_tw_video_thumb/1839522064476291072/pu/img/5_xAHEryVn-xdTtN.jpg","","in","","0","0","0","https://x.com/MohammadKhafid3/status/1839522137872507240","1610174416020987904","MohammadKhafid3"
"1685552808559542272","Sun Jul 30 07:28:00 +0000 2023","20187","buat yg mau nabung aku sangat merekomendasikan buka rekening TabunganKu! bunganya lebih besar gaada biaya admin dan yang terpenting: dananya gabisa diapa-apain WKWKWK (cuma bisa diambil lewat ATM dan transfer sesama bank BCA aja) https://t.co/B2FDanL3cH","1685552808559542272","https://pbs.twimg.com/media/F2RJItHa0AILmip.jpg","","in","","777","690","3247","https://x.com/elisabetguwanto/status/1685552808559542272","1227757053000601601","elisabetguwanto"
"1839270349105668183","Thu Sep 26 11:46:37 +0000 2024","259","jaga-jaga agar tdk terkena scam -ktp NO SENSOR -selfie sama foto ktp -jangan mau tf selain bank bca karena kl ketipu bakal sulit bikin scammer jera -cek data penjual: linkedin gtc ig personal -pastiin tau institusi mrk kerja/kuliah sblm beli kl scam tinggal laporin/samperin","1839270349105668183","","","in","01","7","12","192","https://x.com/baborcha/status/1839270349105668183","1748739619674603520","baborcha"
"1416702682438332427","Sun Jul 18 10:13:35 +0000 2021","11325","Bank BCA tolong ini dijadiin SOP tambahan utk tim sekuriti Anda https://t.co/toA4V1GGSs","1416702682438332427","https://pbs.twimg.com/ext_tw_video_thumb/1416702628386394120/pu/img/hnkGwB6OJKLzKCFC.jpg","","in","Bogor, Jawa Barat","808","379","3803","https://x.com/b0taktengah/status/1416702682438332427","49877159","b0taktengah"
"1840027406016397541","Sat Sep 28 13:54:54 +0000 2024","0","hati hati Jgn beli produk yg di jual akun ini dan jgn transfer ke rekening atas nama Joko haryanto Bank BCA. ini akun dan rekening penipuan kedok jualan minyak pembesar Otong gede https://t.co/dTKKQA9MYh","1840027406016397541","https://pbs.twimg.com/media/GYkW4UOaMAAnTS7.jpg","","in","Lampung","0","0","0","https://x.com/Wandi67478943/status/1840027406016397541","861454431048441856","Wandi67478943"
"1840770337786765519","Mon Sep 30 15:07:03 +0000 2024","113","Mari berdoa dan berdonasi untuk Khairul Huda melalui: Indonesia (Bank Central Asia - BCA) a.n. Medea Ramadhani Utomo (Ketua PPI NPUST Taiwan) Nomor Rekening: 6305004841 Kode Bank: 014 Mohon sertakan angka 1 diakhir nominal transfer contoh: Rp 50.001 (cont) https://t.co/BQdkA8v74S","1840770337786765519","https://pbs.twimg.com/media/GYu6VxfbkAAh-KK.png","","in","","4","1","49","https://x.com/IISMAfess/status/1840770337786765519","1499958413467344896","IISMAfess"
"1840807767239770177","Mon Sep 30 17:35:46 +0000 2024","0"," haiii yang butuh jasa convert (cv) e-wallet bisa banget di aku yaa! bisa via qris dana shopee gopay ovo atau bank bca &amp; bri. nerima virtual account (va) jugaa!! #zonauang https://t.co/SRmaL0Os7N","1840807767239770177","https://pbs.twimg.com/media/GToRVLeagAA6Al9.jpg","","in","","0","0","0","https://x.com/balletig/status/1840807767239770177","745815582524710913","balletig"
"1615836985846898720","Wed Jan 18 22:22:12 +0000 2023","22993","Lots of reports on Instagram Tiktok Reddit of problems at Bank of America. $BAC Many customers are missing money and not getting answers. sound ... #bankofamerica https://t.co/t1hQPdG2xU","1615836985846898720","https://pbs.twimg.com/ext_tw_video_thumb/1615836616836227074/pu/img/4FoXKrfR4xW8DTIJ.jpg","","en","👉","1576","2110","8813","https://x.com/WallStreetSilv/status/1615836985846898720","1366565625401909249","WallStreetSilv"
"1840873719717318772","Mon Sep 30 21:57:51 +0000 2024","1","*Panti Asuhan Samiyah Amal Insani* 𝐰𝐰𝐰.𝐬𝐚𝐦𝐢𝐲𝐚𝐡𝐚𝐦𝐚𝐥𝐢𝐧𝐬𝐚𝐧𝐢.𝐨𝐫.𝐢𝐝 Jl Binong Jati no 184 Bandung Bank Mandiri (008) 1320027184184 Bank BSI (451) 7153701274 Bank BCA (014) 2801724029 Bank BRI (002) 040701041808506 a.n Herri Permana https://t.co/29mIY5CXhI","1840873719717318772","https://pbs.twimg.com/ext_tw_video_thumb/1840873655364173825/pu/img/VmBoFjfgtHS1_vGq.jpg","","in","","0","0","0","https://x.com/tomahawkriders/status/1840873719717318772","91908083","tomahawkriders"
"1413466125371727877","Fri Jul 09 11:52:39 +0000 2021","588","Lotaogaseee sekarang BCA gak mau kalah ikutan bikin Bank Digital juga? Namanya BLU by BCAdigital Ini entitas yg berbeda dari Bank BCA konvensional. Semua serba digital. Mari kita kupas apa kelebihan dan kekurangannya : https://t.co/bsO5YBopJi","1413466125371727877","https://pbs.twimg.com/media/E52j800VgAUMa-Z.jpg","","in","Jakarta Capital Region","55","26","177","https://x.com/BanyuSadewa/status/1413466125371727877","55108943","BanyuSadewa"
"1304276595646005248","Fri Sep 11 04:32:27 +0000 2020","286","En cenizas quedó parte de la sede del banco BBVA en la Calle 5 víctima de vándalos que rompieron vidrios dañaron los cajeros automáticos e incendiaron una oficina. En total cinco entidades bancarias fueron atacadas y saqueadas en Cali. Video: Bernardo Peña - El País https://t.co/izywxGyMri","1304276595646005248","https://pbs.twimg.com/amplify_video_thumb/1304275659536117762/img/VYviFYbSPfxvrLLr.jpg","","es","Cali, Colombia","52","181","115","https://x.com/elpaiscali/status/1304276595646005248","14050583","elpaiscali"
"1838876276092006727","Wed Sep 25 09:40:43 +0000 2024","0","Program Magang Bakti Bank BCA di buka lagi guys ditutup tanggal 25 Oktober yuk Apply sekarang siapa tau Karir impian kalian ada disini! #loker #magang #bankBCA #lokerBCA #magangBCA #magangbaktibankbca https://t.co/3C73NRPAWz https://t.co/QbzAskq2Sa","1838876276092006727","https://pbs.twimg.com/media/GYUAEZvaMAAu-Gp.png","","in","","0","0","0","https://x.com/Lokerzcom/status/1838876276092006727","1808471994675163136","Lokerzcom"
"1840861214915903935","Mon Sep 30 21:08:09 +0000 2024","0"," haiii yang butuh jasa convert (cv) e-wallet bisa banget di aku yaa! bisa via qris dana shopee gopay ovo atau bank bca &amp; bri. nerima virtual account (va) jugaa!! #zonauang https://t.co/Jn4aNG8olw","1840861214915903935","https://pbs.twimg.com/media/GToRVLeagAA6Al9.jpg","","in","@kedaiharu","0","0","0","https://x.com/lissoxe/status/1840861214915903935","217268601","lissoxe"
"1840269232908714247","Sun Sep 29 05:55:50 +0000 2024","0","Kami membuatkan PT Lengkap hanya 4 5 juta yang terdiri dari: - Cek Nama PT - Pemesanan Nama PT - Akta Pendirian PT - SK Kemenkumham - NIB &amp; Sertifikat Standar - NPWP PT - SKT Pajak - Akun OSS - Free EFIN Pajak - Free Stempel PT - Free Pembukaan Rek PT Bank BCA #peluangusaha https://t.co/8y3pZfnVcC","1840269232908714247","https://pbs.twimg.com/media/GYny9gMasAAob25.jpg","","in","Jakarta Pusat, Indonesia","0","0","0","https://x.com/KoloniOffice/status/1840269232908714247","1100873267500335105","KoloniOffice"
"1788496155212652590","Thu May 09 09:08:06 +0000 2024","499","Selamat Kepada Nasabah BCA di mana pun berada Bank Anda Telah dinobatkan sebagai brand perbankan terkuat di Dunia (The World's Strongest Banking Brand) oleh Brand Finance Untuk Nasabah Bank BUMN/Bank Pembangunan Daerah salam kompak dan tetap Semangat https://t.co/tsSuRVGnSl","1788496155212652590","https://pbs.twimg.com/ext_tw_video_thumb/1788495411722006528/pu/img/HjeVV4s_1NU4BFdb.jpg","","in","Indonesia","4","26","171","https://x.com/Heraloebss/status/1788496155212652590","1251824880967774208","Heraloebss"
"1285159993981849603","Mon Jul 20 10:29:54 +0000 2020","893","Pastikan Anda hanya mengikuti akun resmi Bank BCA di media sosial yang sudah terverifikasi atau memiliki centang biru. #AwasModus jangan pernah memberikan data pribadi seperti nomor kartu ATM dan kode OTP kepada siapapun! Info: https://t.co/AIJP7eNBt4 https://t.co/1G39IMiZ4L","1285159993981849603","https://pbs.twimg.com/ext_tw_video_thumb/1285159760476561408/pu/img/jZn7N9LX38sEo6tR.jpg","","in","","10","20","164","https://x.com/BankBCA/status/1285159993981849603","567255514","BankBCA"
"1840641854506975352","Mon Sep 30 06:36:30 +0000 2024","0"," haiii yang butuh jasa convert (cv) e-wallet bisa banget di aku yaa! bisa via qris dana shopee gopay ovo atau bank bca &amp; bri. nerima virtual account (va) jugaa!! #zonauang https://t.co/SRmaL0Os7N","1840641854506975352","https://pbs.twimg.com/media/GToRVLeagAA6Al9.jpg","","in","","0","0","0","https://x.com/balletig/status/1840641854506975352","745815582524710913","balletig"
"1840385940516405403","Sun Sep 29 13:39:35 +0000 2024","1","#zonauang cari yg bisa bikin qris yang nyambung ke bank bca drop fee ga drop fee ga dilirik","1840385940516405403","","","in","","0","1","0","https://x.com/tasranselkoper/status/1840385940516405403","1687474222413799424","tasranselkoper"
"1840695389365969334","Mon Sep 30 10:09:13 +0000 2024","0"," haiii yang butuh jasa convert (cv) e-wallet bisa banget di aku yaa! bisa via qris dana shopee gopay ovo atau bank bca &amp; bri. nerima virtual account (va) jugaa!! #zonauang https://t.co/Jn4aNG8olw","1840695389365969334","https://pbs.twimg.com/media/GToRVLeagAA6Al9.jpg","","in","@kedaiharu","0","0","0","https://x.com/lissoxe/status/1840695389365969334","217268601","lissoxe"
"1840600007617257819","Mon Sep 30 03:50:13 +0000 2024","37","ya allah aku perlu ke Bank BCA - Grapari - Wtc - kulak barang. tp kemageran ini bener2 gaisaa dilawan","1840600007617257819","","","in","(っ◔◡◔)っ 𝐜𝐮𝐥𝐨𝐛𝐨𝐲𝐨𝐨𝐨 ✦","0","6","2","https://x.com/kaaakei/status/1840600007617257819","1652626204082716672","kaaakei"
"1839302075358044444","Thu Sep 26 13:52:42 +0000 2024","0","Aipda Maulana Bhabinkamtibmas Kel.Jatiasih melaksanakan kegiatan pemantauan keamanan di Bank BCA Jatiasih RT.01/05 Kel.Jatiasih Kec.Jatiasih Kota Bekasi dan beberapa bank lainnya. Tujuan utama dari kegiatan ini adalah utk mengantisipasi gangguan Kamtibmas. https://t.co/wd6Xy2kGPH","1839302075358044444","https://pbs.twimg.com/media/GYaDfStaMAEk8Rk.jpg","","in","Jl. Swatantra IV No.1 Jatiasih","0","0","0","https://x.com/HumasJatiasih/status/1839302075358044444","1594221561703149569","HumasJatiasih"
"1840626781214425434","Mon Sep 30 05:36:36 +0000 2024","0","JASPAY ujian mandiri poltekkes UKT SPP SNBT UTBK formulir pendaftaran tes kesehatan biaya wisuda via bank bca mandiri bni dll #zonauang","1840626781214425434","","","in","up hastag","0","0","0","https://x.com/spendinx/status/1840626781214425434","1819921478017839104","spendinx"
"1839539633232994404","Fri Sep 27 05:36:40 +0000 2024","0","Open untuk bayar ujian mandiri poltekkes UKT SPP SNBT UTBK formulir pendaftaran tes kesehatan biaya wisuda utul via bank bca mandiri bni cimb seabank langsung tf #zonauang","1839539633232994404","","","in","up hastag","0","0","0","https://x.com/spendinx/status/1839539633232994404","1819921478017839104","spendinx"
"1293748485620039681","Thu Aug 13 03:17:30 +0000 2020","2491","BCA ini mobile bankingnya paling terlihat biasa dibandingkan mobile banking bank yang lain. Tapi patut diakui m-BCA paling gampang dan nggak lemot.","1293748485620039681","","","in","Indonesia","285","221","2319","https://x.com/farisandani/status/1293748485620039681","298910828","farisandani"
"1563170228292718592","Fri Aug 26 14:23:19 +0000 2022","262","Bank BCA baru2 ini sempet viral karena kepala layanan-nya jemput kucing liar pake mobil sebab dicariin nasabah Hal2 kecil kaya gini aja bank BCA sangat memperhatikan nasabahnya. Nah dalam dunia pelayanan itu disebut customer delight Apa ya itu? simak~ https://t.co/TJNiiszA8m","1563170228292718592","https://pbs.twimg.com/media/FbF7U06UYAgc2Tn.jpg","","in","","6","5","58","https://x.com/myskill_id/status/1563170228292718592","1299606533764837383","myskill_id"
"1838745181560148016","Wed Sep 25 00:59:48 +0000 2024","0","Sebenernya brp sih potongan bulanan di bank bca???? Sering bgt kaga nentu gtu potongan nya! @BankBCA @XpresiBCA @HaloBCA","1838745181560148016","","","in","","0","1","0","https://x.com/annathayya/status/1838745181560148016","1793040660787785729","annathayya"
"1838973302171459947","Wed Sep 25 16:06:16 +0000 2024","0","Punya dana investasi di bibit segini cukup ya belum termasuk saldo rekening di bank BCA BRI Mandiri BJB Bank Jago dan yg lain nya.. https://t.co/wH8orc52vn","1838973302171459947","https://pbs.twimg.com/media/GYVYeQkXYAAOvqM.jpg","","in","bandung","0","0","0","https://x.com/indraafirmansah/status/1838973302171459947","2893905636","indraafirmansah"
"1837050589865296195","Fri Sep 20 08:46:06 +0000 2024","0","Saya sudah bilang @stclairashley ke JAKSA itu...! Tidak usah Pasang 12 malah ia bilang APA KATA saya Urus saja hidupmu.. !!! waktu itu di Bank BCA. !! Memang dari dulu.... Ia MAUnya sendiri. BARU setelah TIMBUL persoalan disidoarjo.. ia menangis... kurang apa saya.","1837050589865296195","","","in","Gaza  of school children","0","0","0","https://x.com/pemilikspacex/status/1837050589865296195","1796475767687405569","pemilikspacex"
"1443137322464071681","Wed Sep 29 08:55:24 +0000 2021","1168","アメリカ銀行　バンク・オブ・アメリカがコロナを理由に閉鎖しました。 チャットのみの受け付けでーす。 取り付け騒ぎの対策でしょうか？ 破綻に行くからかな？","1443137322464071681","","","ja","","11","12","258","https://x.com/uPf9JYyDt6jissk/status/1443137322464071681","750890241825841152","uPf9JYyDt6jissk"
"1840784535887241217","Mon Sep 30 16:03:28 +0000 2024","0","bedanya bank bca sama yg lain apa?","1840784535887241217","","","in","","0","1","0","https://x.com/Abdiyarizki/status/1840784535887241217","1523160756128256005","Abdiyarizki"
"1840057073914327386","Sat Sep 28 15:52:47 +0000 2024","0","dengan pertimbangan ga punya rekening bca &amp; lebih sering ke cgv kira-kira mending buka rekening blu by bca or line bank ya? bingung bgttttt","1840057073914327386","","","in","she / her","0","3","0","https://x.com/sunshinedreamie/status/1840057073914327386","1324204879582162944","sunshinedreamie"
"1840568413812658576","Mon Sep 30 01:44:40 +0000 2024","0","halo yang mau gestun reg instan fee start 20k aja spaylater via co scan qr link payment gopaylater via co link payment sakti akulaku via bukalapak merchant token tagihan pulsa link payment kredivo hci yup paylater credinex bca jenius allo bank paylater ","1840568413812658576","","","in","@servicebybe on ig • fastresp⬇","0","0","0","https://x.com/bbeautifulwings/status/1840568413812658576","1386043584562884610","bbeautifulwings"
"1722092433943748974","Wed Nov 08 03:23:25 +0000 2023","1206","Bank of America $BAC has a $130 billion unrealized loss on their balance sheet and only has $29 billion in income in the last 12 months. https://t.co/MC6LY3ET2F","1722092433943748974","https://pbs.twimg.com/media/F-YZ73zboAAtMwm.jpg","","en","Grapevine, TX","40","79","322","https://x.com/Malone_Wealth/status/1722092433943748974","1310681238068322304","Malone_Wealth"
"1285159171654991872","Mon Jul 20 10:26:38 +0000 2020","1491"," Dear para admin akun palsu yang ngaku Bank BCA.... Video ini dibuat untuk kalian. Ingat ya akun resmi BCA sudah verified dan ada centang birunya . Share ke teman-teman yang lain supaya mereka terhindar dari modus akun palsu ini. #AwasModus Info https://t.co/6eUtnpXlt5 https://t.co/FE9WqsLP4q","1285159171654991872","https://pbs.twimg.com/ext_tw_video_thumb/1285158901462097920/pu/img/lEJz0Q_p70RG5JIn.jpg","","in","","26","56","491","https://x.com/GoodLifeBCA/status/1285159171654991872","17824435","GoodLifeBCA"
"1840756563780436272","Mon Sep 30 14:12:19 +0000 2024","0","bank bca kok ga buka malem ya? pdhl kan mager bgt kalau harus pagi ke sana","1840756563780436272","","","in","Magelang, Jawa Tengah","0","2","0","https://x.com/zioshall/status/1840756563780436272","1735848041238900736","zioshall"
"1837295357526692014","Sat Sep 21 00:58:43 +0000 2024","1","min aku semalem transfer duit dari seabank ke bank bca kenapa belum masuk ya uang nya? padahal udh kepotong dari saldo seabank nya @SeaBankID #zonauang","1837295357526692014","","","in","","0","8","0","https://x.com/todayshaechi/status/1837295357526692014","1231050823028723713","todayshaechi"
"1835546497204765070","Mon Sep 16 05:09:22 +0000 2024","0","Mochtar Riady menjadi salah satu tokoh kunci dalam kesuksesan BCA bagaimana kisah awal ia bergabung ke Bank BCA? Date: 20 Februari 2016 Source: Erwin Native Group https://t.co/rjpYV54Cpw","1835546497204765070","https://pbs.twimg.com/ext_tw_video_thumb/1835545066255142912/pu/img/fUBc8dlD4eAREbTI.jpg","","in","DKI Jakarta, Indonesia","0","0","0","https://x.com/Olenka_News/status/1835546497204765070","1740205989998313472","Olenka_News"
"1778998390745149788","Sat Apr 13 04:07:23 +0000 2024","3732","BCA emang keren bgt yaa aplikasi myBCA nya canggih aplikasi Halo BCA nya juga memudahkan bgt nelpon CS langsung kesambung ga pake nunggu lama harus pencet2 nomor kaya bank lain trus barusan laporan transaksi cc yg ga dikenal langsung diproses dan bakal di refund https://t.co/BHS2oPVgM8","1778998390745149788","https://pbs.twimg.com/media/GLBFl76agAE-pg9.jpg","","in","Jakarta","188","269","594","https://x.com/Widino/status/1778998390745149788","105714755","Widino"
"1836617413829464514","Thu Sep 19 04:04:48 +0000 2024","4","*Panti Asuhan Samiyah Amal Insani* 𝐰𝐰𝐰.𝐬𝐚𝐦𝐢𝐲𝐚𝐡𝐚𝐦𝐚𝐥𝐢𝐧𝐬𝐚𝐧𝐢.𝐨𝐫.𝐢𝐝 Jl Binong Jati no 184 Bandung Bank Mandiri (008) 1320027184184 Bank BSI (451) 7153701274 Bank BCA (014) 2801724029 Bank BRI (002) 040701041808506 a.n Herri Permana https://t.co/7p0ogrd0L2","1836617413829464514","https://pbs.twimg.com/ext_tw_video_thumb/1836617380027600918/pu/img/9HS5oKU_NhXsjH7r.jpg","","in","","0","1","3","https://x.com/tomahawkriders/status/1836617413829464514","91908083","tomahawkriders"
"1836635665012002902","Thu Sep 19 05:17:20 +0000 2024","1","Bank BCA di luar nalar anjay. Sesi pertama hari ini naiknya sampe 225 poin. Cuan cuaaan. https://t.co/WUXlpmQYpY","1836635665012002902","https://pbs.twimg.com/media/GX0KZgbakAIYn0_.jpg","","in","","0","2","0","https://x.com/Gilangus/status/1836635665012002902","154465334","Gilangus"
"1840475579193364958","Sun Sep 29 19:35:47 +0000 2024","0"," haiii yang butuh jasa convert (cv) e-wallet bisa banget di aku yaa! bisa via qris dana shopee gopay ovo atau bank bca &amp; bri. nerima virtual account (va) jugaa!! #zonauang https://t.co/SRmaL0Os7N","1840475579193364958","https://pbs.twimg.com/media/GToRVLeagAA6Al9.jpg","","in","","0","0","0","https://x.com/balletig/status/1840475579193364958","745815582524710913","balletig"
"1836301041761161596","Wed Sep 18 07:07:39 +0000 2024","0","wts want to sell saldo paypal pribadi avail $4.48 rate 15.000 via bank bca mandiri dana &amp; shopeepay .t cv convert tukar wtb trade jual https://t.co/lX8rq0tfzl","1836301041761161596","https://pbs.twimg.com/media/GXvaEMZasAAYqqh.jpg","","in","Mention or Chat:","0","0","0","https://x.com/O071O/status/1836301041761161596","2499272869","O071O"
"1838105739061322085","Mon Sep 23 06:38:53 +0000 2024","0","Open untuk bayar ujian mandiri poltekkes UKT SPP SNBT UTBK formulir pendaftaran tes kesehatan biaya wisuda utul via bank bca mandiri bni cimb seabank langsung tf #zonauang","1838105739061322085","","","in","up hastag","0","0","0","https://x.com/spendinx/status/1838105739061322085","1819921478017839104","spendinx"
"1568150486238523392","Fri Sep 09 08:13:05 +0000 2022","223","Transfer antar bank dengan Layanan Transfer BI FAST sudah bisa Anda lakukan di BCA mobile. Transaksinya realtime 24/7 dengan biaya admin hanya Rp2.500 jangan lupa untuk meng-update aplikasi BCA mobile Anda ya! Info: https://t.co/FQWzuubvf0 https://t.co/r4c96iZdVl","1568150486238523392","https://pbs.twimg.com/ext_tw_video_thumb/1568150296102313985/pu/img/lemigam9VFn-4Bq9.jpg","","in","","4","36","38","https://x.com/BankBCA/status/1568150486238523392","567255514","BankBCA"
"1678950335019139074","Wed Jul 12 02:12:07 +0000 2023","330","NEWS: Bank of America $BAC is ordered to pay 1/3 of one business day's revenue for stealing from clients. That'll teach them. https://t.co/Od1qOORluW","1678950335019139074","https://pbs.twimg.com/media/F0zUbidXwAIUJDY.jpg","","en","Grapevine, TX","5","21","58","https://x.com/Malone_Wealth/status/1678950335019139074","1310681238068322304","Malone_Wealth"
"1673614339692179457","Tue Jun 27 08:48:47 +0000 2023","46513","Flazz ku meleyot ga bisa lurus. Pergilah aku ke Bank BCA. Begitu masuk langsung dihampiri satpam &amp; CS. Curhat. CS info lum da stok kartu baru jadi ga bisa ganti. Satpam ngasih solusi pake hairdryer dipanasin sambil ditekuk pelan2 hingga kartu ga bengkok lagi. Satpam 1 - CS 0 https://t.co/zzgfBy2Iei","1673614339692179457","https://pbs.twimg.com/media/FznfW6fXwAILIAr.jpg","","in","indonesia","868","827","7618","https://x.com/Lenny_diary/status/1673614339692179457","379008920","Lenny_diary"
"1836972031373627769","Fri Sep 20 03:33:56 +0000 2024","1","Kurs Dolar-Rupiah Hari Ini Bank BCA Jumat 20 September 2024 Dolar pada Rupiah Senilai Rp 15.105 https://t.co/VK9ZApDu72 #berita #kurs #dolar #rupiah #bisnis #bca","1836972031373627769","","","in","Indonesia","0","0","0","https://x.com/romisaputra_3/status/1836972031373627769","1767373840110469120","romisaputra_3"
"1838078950368854425","Mon Sep 23 04:52:26 +0000 2024","1","Kurs Dolar-Rupiah Hari Ini Bank BCA Senin 23 September 2024 Dolar pada Rupiah Senilai Rp 15.165 https://t.co/ULawflk05s #berita #kurs #dolar #rupiah #indonesia","1838078950368854425","","","in","Indonesia","0","0","0","https://x.com/romisaputra_3/status/1838078950368854425","1767373840110469120","romisaputra_3"
"1836594602901671978","Thu Sep 19 02:34:10 +0000 2024","1","Kurs Dolar-Rupiah Hari Ini Bank BCA Kamis 19 September 2024 Dolar pada Rupiah Senilai Rp 15.359 https://t.co/vp5kJmbBvB #berita #bisnis #indonesia #kurs #rupiah #dolar","1836594602901671978","","","in","Indonesia","0","0","0","https://x.com/romisaputra_3/status/1836594602901671978","1767373840110469120","romisaputra_3"
"1835879647420219815","Tue Sep 17 03:13:11 +0000 2024","1","Kurs Dolar-Rupiah Hari Ini Bank BCA Selasa 17 September 2024 Dolar pada Rupiah Senilai Rp 15.377 https://t.co/IfG1yWSSgu #berita #kurs #dolar #rupiah #indonesia","1835879647420219815","","","in","Indonesia","0","0","0","https://x.com/romisaputra_3/status/1835879647420219815","1767373840110469120","romisaputra_3"
"1837352930648658431","Sat Sep 21 04:47:29 +0000 2024","1","Kurs Dolar-Rupiah Hari Ini Bank BCA Sabtu 21 September 2024 Dolar pada Rupiah Senilai Rp 15.160 https://t.co/ekh9fZaJgE #berita #kurs #dolar #rupiah #bisnis #indonesia","1837352930648658431","","","in","Indonesia","0","0","0","https://x.com/romisaputra_3/status/1837352930648658431","1767373840110469120","romisaputra_3"
"1837678939906756658","Sun Sep 22 02:22:56 +0000 2024","1","Kurs Dolar-Rupiah Hari Ini Bank BCA Minggu 22 September 2024 Dolar pada Rupiah Senilai Rp 15.160 https://t.co/hRkwLSQf9Q #berita #dolar #rupiah #indonesia #bankbca #kurs","1837678939906756658","","","in","Indonesia","0","0","0","https://x.com/romisaputra_3/status/1837678939906756658","1767373840110469120","romisaputra_3"
"1836032014291759547","Tue Sep 17 13:18:38 +0000 2024","0","yokkk yang belom dapet rf langsung chat shopee yakkk dan kalo misalnya tujuan rf nya beda tolong tulis ewallet atau bank yg mau di rf aku kalo bank sedia bca","1836032014291759547","","","in","","0","3","0","https://x.com/gestavu_/status/1836032014291759547","1791021413715058688","gestavu_"
"1396753919204741121","Mon May 24 09:04:19 +0000 2021","413","Kini Anda bisa berbelanja sambil buka tabungan di aplikasi BliBli! Tanpa harus pergi ke kantor cabang BCA Anda bisa buka tabungan sambil bersantai di rumah. Yuk cobain buka rekening BCA di Blibli sekarang! Info: https://t.co/9KcaEFnuYp https://t.co/aWB2dFy8Jo","1396753919204741121","https://pbs.twimg.com/ext_tw_video_thumb/1396753103223881728/pu/img/-EeuEFl4KyW_3kzh.jpg","","in","","0","2","9","https://x.com/BankBCA/status/1396753919204741121","567255514","BankBCA"
"1462574104641376260","Mon Nov 22 00:10:14 +0000 2021","207","Pelajaran ttg Branding. Tempo hari BCA akuisisi Bank Royal dan ubah nama jd Bank BCA Digital (100% full digital). Namanya ada BCA. Bank BRI ubah BRI Agro jd bank digital dan ganti nama jd Bank Raya. Nama gak bawa brand BRI. Strategi penamaan bca mungkin lbh efektif. https://t.co/GphJVc3OXH","1462574104641376260","https://pbs.twimg.com/media/FEwbZYbUcAMeYCH.jpg","","in","","5","10","69","https://x.com/Strategi_Bisnis/status/1462574104641376260","190535830","Strategi_Bisnis"
"1123752869516148738","Thu May 02 00:55:37 +0000 2019","759","Our headquarters building is green tonight in support of @unccharlotte and all affected by yesterday s tragedy. We stand with you. #CharlotteStrong https://t.co/BmvYoxXyZi","1123752869516148738","https://pbs.twimg.com/media/D5hfRhjWkAAjZex.jpg","","en","","15","11","179","https://x.com/BankofAmerica/status/1123752869516148738","204881628","BankofAmerica"
"1840309608524714061","Sun Sep 29 08:36:16 +0000 2024","0"," haiii yang butuh jasa convert (cv) e-wallet bisa banget di aku yaa! bisa via qris dana shopee gopay ovo atau bank bca &amp; bri. nerima virtual account (va) jugaa!! #zonauang https://t.co/SRmaL0Os7N","1840309608524714061","https://pbs.twimg.com/media/GToRVLeagAA6Al9.jpg","","in","","0","0","0","https://x.com/balletig/status/1840309608524714061","745815582524710913","balletig"
"1840529430315479273","Sun Sep 29 23:09:46 +0000 2024","0"," haiii yang butuh jasa convert (cv) e-wallet bisa banget di aku yaa! bisa via qris dana shopee gopay ovo atau bank bca &amp; bri. nerima virtual account (va) jugaa!! #zonauang https://t.co/Jn4aNG8olw","1840529430315479273","https://pbs.twimg.com/media/GToRVLeagAA6Al9.jpg","","in","@kedaiharu","0","0","0","https://x.com/lissoxe/status/1840529430315479273","217268601","lissoxe"
"1831505097370505724","Thu Sep 05 03:10:33 +0000 2024","318","@tanyarlfes Salah satu bank digital yang aku pilih dari beberapa pilihan. Meski bunga tabungan gak setinggi yang lain cuma merasa 'aman' aja karena ada nama BCA. Btw kalau tabungannya mencar-mencar coba catat dalam 1 sheet kaya gini. *cuma contoh bukan aset aku. https://t.co/jfFLYgs9VE","1831530328453943770","https://pbs.twimg.com/media/GWrnAWXa8AI4v4w.jpg","tanyarlfes","in","Jakarta, Indonesia","1","2","20","https://x.com/andreqve/status/1831530328453943770","281953234","andreqve"
"1840445428770410987","Sun Sep 29 17:35:58 +0000 2024","0","JASPAY ujian mandiri poltekkes UKT SPP SNBT UTBK formulir pendaftaran tes kesehatan biaya wisuda via bank bca mandiri bni dll #zonauang","1840445428770410987","","","in","up hastag","0","0","0","https://x.com/spendinx/status/1840445428770410987","1819921478017839104","spendinx"
"1839177474640601118","Thu Sep 26 05:37:34 +0000 2024","0","Open untuk bayar ujian mandiri poltekkes UKT SPP SNBT UTBK formulir pendaftaran tes kesehatan biaya wisuda utul via bank bca mandiri bni cimb seabank langsung tf #zonauang","1839177474640601118","","","in","up hastag","0","0","0","https://x.com/spendinx/status/1839177474640601118","1819921478017839104","spendinx"
"1840604963518701886","Mon Sep 30 04:09:54 +0000 2024","1","Halo @PermataBank dan @BankBCA ini gangguan BI-Fast akan sampai berapa lama ya? Saya mau Transfer ke bank BCA gangguan dari pagi tadi @HaloBCA https://t.co/svhD9UqVUc","1840604963518701886","https://pbs.twimg.com/media/GYskdYlagAAbgcd.jpg","","in","DKI Jakarta, Indonesia","2","12","0","https://x.com/Chweee__/status/1840604963518701886","2387135214","Chweee__"
"1839507406759628939","Fri Sep 27 03:28:36 +0000 2024","0","halo yang mau gestun reg instan fee start 20k aja spaylater via co scan qr link payment gopaylater via co link payment sakti akulaku via bukalapak merchant token tagihan pulsa link payment kredivo hci yup paylater credinex bca jenius allo bank paylater ","1839507406759628939","","","in","@servicebybe on ig • fastresp⬇","0","0","0","https://x.com/bbeautifulwings/status/1839507406759628939","1386043584562884610","bbeautifulwings"
"1838129759488004245","Mon Sep 23 08:14:20 +0000 2024","0","SOP Bank BCA cabang Sudirman (Jogja) menyenangkan dari security depan sampai CSnya manggilnya Kak. luv.","1838129759488004245","","","in","Yogyakarta, Indonesia","0","0","0","https://x.com/sijeisme_/status/1838129759488004245","1825362355242569728","sijeisme_"
"1840588385221824695","Mon Sep 30 03:04:02 +0000 2024","0","convert dari spay ke bank bca dongg #zonauang #zonaba #zonajajan","1840588385221824695","","","in","","0","12","0","https://x.com/dddablueu/status/1840588385221824695","1356139046653714432","dddablueu"
"1839935574804967618","Sat Sep 28 07:50:00 +0000 2024","20","katanya bank rakyat indonesia tp nyusahin bejir kenapa lo ga belajar dr bca buset","1839935574804967618","","","in","DKI Jakarta, Indonesia","0","3","0","https://x.com/kukistiramisu/status/1839935574804967618","1399414731291586561","kukistiramisu"
"1840772975748161921","Mon Sep 30 15:17:31 +0000 2024","1","Cc bank negara beneran jelek kursnya selama di jp di bkk pake ini bank dan beneran jelek kursnya. Better line bank or bca deh. Biasanya pake bank negara kalau kepepet doang.","1840772975748161921","","","in","21+","0","1","0","https://x.com/dkcrepes/status/1840772975748161921","1634050039143370758","dkcrepes"
"1839886653432709546","Sat Sep 28 04:35:36 +0000 2024","0","Setelah ribet banget urusan sama bca buat buka rekening mesin edc sekarang dihubungi via email yg ga resmi? Berpuluh tahun pake bca baru skrg kesel banget sampe pengen pindah bank aja @HaloBCA https://t.co/MehjhrfsoW","1839886653432709546","https://pbs.twimg.com/media/GYiXJgqaEAA5sSi.jpg","","in","Jakarta Capital Region","4","16","0","https://x.com/GerhanaUli/status/1839886653432709546","148333087","GerhanaUli"
"1839545434685247646","Fri Sep 27 05:59:43 +0000 2024","0","Apa persamaan berada di ruangan bank bca dan kantor imigrasi ? Ya betul gak ada bedanya.. The vibes the people the stuff..","1839545434685247646","","","in","Madrid, Comunidad de Madrid","0","0","0","https://x.com/Moh4Ridloh/status/1839545434685247646","773690742669795328","Moh4Ridloh"
"1840754497435718027","Mon Sep 30 14:04:06 +0000 2024","1","Di bank bca anjir dpt double 5 star (c1 furina) ","1840754497435718027","","","in","Any pronouns","0","0","0","https://x.com/alnightly/status/1840754497435718027","1761966357619548160","alnightly"
"1838524193379320253","Tue Sep 24 10:21:40 +0000 2024","1","Kalau bwt nabung mending pakai line bank atau blue bca? Pengen mindahin semua tabunganku yg di bibit","1838524193379320253","","","in","","0","4","0","https://x.com/kdoiechuu/status/1838524193379320253","1668165832818696194","kdoiechuu"
"1838476755251700007","Tue Sep 24 07:13:10 +0000 2024","0","ini shopeepay lagi error kah? barusan top up dari bca saldonya gak masuk tapi dari mutasi bank udah kepotong","1838476755251700007","","","in","catalogue ➜","0","10","0","https://x.com/yeionkyu/status/1838476755251700007","1358608530438115329","yeionkyu"
"1838235720907186233","Mon Sep 23 15:15:23 +0000 2024","0","sebagus bagusnya bank kayak bca bsbsnya nasabahnya teledor gini","1838235720907186233","","","in","","0","0","0","https://x.com/pocahontcas/status/1838235720907186233","1051133634457960448","pocahontcas"
"1839655593801629995","Fri Sep 27 13:17:27 +0000 2024","0","mau buka rekening plis saranin plus minusnya bank bank yang umum (bca mandiri bni bsi)","1839655593801629995","","","in","he 20+","3","14","0","https://x.com/Frooogit/status/1839655593801629995","1568964817985368064","Frooogit"
"1840567314833605037","Mon Sep 30 01:40:18 +0000 2024","1","wts want to sell SKZ Stray Kids dominATE Tour in Jakarta VIP B (Dua Tiket Berdampingan) IDR 3.800.000/Ticket | RM 1 215 Tiket ditukerin sampe fisik Payment Transfer Bank BCA or MYR Maybank Boleh DP dlu any questions boleh dm ya #pasarskz #pasarstraykidz","1840567314833605037","","","in","Selangor, Malaysia","0","0","0","https://x.com/pirxly/status/1840567314833605037","1299670039839162369","pirxly"
"1672570393398484992","Sat Jun 24 11:40:31 +0000 2023","4863","Qris dari bank ga bs tapi dari ewallet bs.ini maksudnya gmn si? Bayar dari qris bca ditolak. Mohon pencerahan ci @sylvkartika https://t.co/LouaGxu8Xj","1672570393398484992","https://pbs.twimg.com/media/FzYp5viaQAA2NVd.jpg","","in","Jakarta Capital Region","357","314","602","https://x.com/Adrianussatrio/status/1672570393398484992","360030872","Adrianussatrio"
"1840595452338794803","Mon Sep 30 03:32:07 +0000 2024","0","BCA Life dan Bank BCA Hadirkan Produk Asuransi MyGuard di myBCA: PT Asuransi Jiwa BCA (BCA Life) bekerja sama dengan PT Bank Central Asia Tbk (Bank BCA) dalam memperluas akses digital terhadap MyGuard produk asuransi PT Asuransi Jiwa BCA https://t.co/UdAngGs6bO #TrenAsia https://t.co/yNpFGeES9s","1840595452338794803","https://pbs.twimg.com/media/GYsbz42boAA_IgQ.jpg","","in","Jakarta","0","0","0","https://x.com/trenasiadotcom/status/1840595452338794803","1675698038625673219","trenasiadotcom"
"1840143372109131998","Sat Sep 28 21:35:42 +0000 2024","0"," haiii yang butuh jasa convert (cv) e-wallet bisa banget di aku yaa! bisa via qris dana shopee gopay ovo atau bank bca &amp; bri. nerima virtual account (va) jugaa!! #zonauang https://t.co/SRmaL0Os7N","1840143372109131998","https://pbs.twimg.com/media/GToRVLeagAA6Al9.jpg","","in","","0","0","0","https://x.com/balletig/status/1840143372109131998","745815582524710913","balletig"
"1840083304877588684","Sat Sep 28 17:37:01 +0000 2024","0","JASPAY ujian mandiri poltekkes UKT SPP SNBT UTBK formulir pendaftaran tes kesehatan biaya wisuda via bank bca mandiri bni dll #zonauang","1840083304877588684","","","in","up hastag","0","0","0","https://x.com/spendinx/status/1840083304877588684","1819921478017839104","spendinx"
"1838815070559834195","Wed Sep 25 05:37:31 +0000 2024","0","Open untuk bayar ujian mandiri poltekkes UKT SPP SNBT UTBK formulir pendaftaran tes kesehatan biaya wisuda utul via bank bca mandiri bni cimb seabank langsung tf #zonauang","1838815070559834195","","","in","up hastag","0","0","0","https://x.com/spendinx/status/1838815070559834195","1819921478017839104","spendinx"
"1839187035262951771","Thu Sep 26 06:15:34 +0000 2024","0","Hai aku sudah open yaa avail untuk pencairan kredivo spaylater indodana akulaku gopaylater yup card bca paylater credinex allo bank paylater kartu kredit #zonauang","1839187035262951771","","","in","since Mei 2022 ","0","0","0","https://x.com/urbaenjun1/status/1839187035262951771","1518971781494673408","urbaenjun1"
"1839099492324487232","Thu Sep 26 00:27:42 +0000 2024","0","halo yang mau gestun reg instan fee start 20k aja spaylater via co scan qr link payment gopaylater via co link payment sakti akulaku via bukalapak merchant token tagihan pulsa link payment kredivo hci yup paylater credinex bca jenius allo bank paylater ","1839099492324487232","","","in","@servicebybe on ig • fastresp⬇","0","0","0","https://x.com/bbeautifulwings/status/1839099492324487232","1386043584562884610","bbeautifulwings"
"1838944521071255929","Wed Sep 25 14:11:54 +0000 2024","0","guys kalo buat tabungan better pakai bank apa ya? bca bni mandiri bri?","1838944521071255929","","","in","harukyu enthusiast","0","2","0","https://x.com/hazeglory/status/1838944521071255929","1719781761021034497","hazeglory"
"1840717673858224279","Mon Sep 30 11:37:46 +0000 2024","0","open convert saldo prem fee start 1k non prem start 2k - cv qris gopay ovo spay dana linkaja - transfer va bca seabank - tf ke bank lokal bni jateng bri kalsel dll wa only https://t.co/FVdSXPK3Wb testi https://t.co/gzcETGonFb wtt have want non verif ktp","1840717673858224279","","","in","","0","0","0","https://x.com/edelwexs/status/1840717673858224279","447849673","edelwexs"
"1839538496358511007","Fri Sep 27 05:32:09 +0000 2024","0","masuk bank bca langsung berasa masuk surga","1839538496358511007","","","in","Toronto, Ontario","0","0","0","https://x.com/sappcro/status/1839538496358511007","881347874948169728","sappcro"
"1494746766238912513","Fri Feb 18 18:52:54 +0000 2022","171","Bank stocks still plummeting for the third day in a row. I don t think the gov t attacking peaceful protestors have put any faith in Canadian institutions. I heard Scotiabank won t let people take out money. Not sure if true. #bankruncanada https://t.co/evJwqomhus","1494746766238912513","https://pbs.twimg.com/media/FL5oQn7VcAQT67m.jpg","","en","Canada","7","23","60","https://x.com/buperac/status/1494746766238912513","768160820","buperac"
"1838201024714310096","Mon Sep 23 12:57:31 +0000 2024","0","t. gestun kredivo spaylatter shopee kartu kredit cc indodana tokopediacard bri ceria gopaylatter gopaycicil akulaku spaylatter qr credinex yup card mandiri paylatter allo bank bca paylatter dana cicil dan lain lain","1838201024714310096","","","in","Keuangan service","0","0","0","https://x.com/cerntaurus/status/1838201024714310096","1136565419131564032","cerntaurus"
"1840449288708722993","Sun Sep 29 17:51:18 +0000 2024","0","Pada hari Minggu Tanggal 29 September 2024 dipimpin Panit III Samapta Aiptu Heri Santosa melaksanakan Patroli malam hari di Hotel Cantya Pedagang Kaki Lima Jl. Parangtitis dan Bank BCA Jl. Brigjen Katamso memberikan himbauan kepada warga masyarakat https://t.co/SdR49yZInh","1840449288708722993","","","in","Jl.Sisingamangaraja No.55A Yka","0","0","0","https://x.com/HumasPolsekMG/status/1840449288708722993","1154308056605286400","HumasPolsekMG"
"1466739073096171523","Fri Dec 03 12:00:20 +0000 2021","170","We are excited to announce our strategic partnership with @BCAinvestments BCA (Blockchain Crypto Assets) investments is an investment firm based in the Netherlands established this year Their mission is to support upcoming projects in the blockchain space [1\2] https://t.co/5qNLGAwjtD","1466739073096171523","https://pbs.twimg.com/media/FFrnaa-UcAIvNGp.jpg","","en","Switzerland","4","68","154","https://x.com/JigenLabs/status/1466739073096171523","1382003008205160452","JigenLabs"
"1839894603501273416","Sat Sep 28 05:07:11 +0000 2024","0","Halo aku udah open gestun shopee paylater indodana akulaku tiktok bca paylater cc bank traveloka https://t.co/gZCiZlQ1NP lazada paylater dll. pencairan bisa instan dan reguler sesuai rules #zonauang","1839894603501273416","","","in","Denpasar Selatan, Indonesia","0","0","0","https://x.com/gestunbysoniaa/status/1839894603501273416","1233462755858014214","gestunbysoniaa"
"1838933645413036443","Wed Sep 25 13:28:41 +0000 2024","0","Loker Bank BCA Syariah https://t.co/8GTdYH5tgb","1838933645413036443","","","in","Bandar Lampung, Lampung","0","0","0","https://x.com/infolokerlpg/status/1838933645413036443","944078269875290112","infolokerlpg"
"1837846778735218728","Sun Sep 22 13:29:52 +0000 2024","0","mending buka bank bca bni apa mandiri ya?","1837846778735218728","","","in","dnf","0","3","0","https://x.com/mooneile/status/1837846778735218728","1811786058230845440","mooneile"
"1837832010703736832","Sun Sep 22 12:31:11 +0000 2024","0","Hai @ GoodLifeBCA WASPADA! Jangan sampai tertipu dengan akun sosial media palsu yang mengatasnamakan Bank BCA. Apabila menemukan akun palsu segera laporkan dengan cara : https://t.co/JgyKYNFuWl #DatamuRahasiamu","1837832010703736832","","","in","Merely A Fiction; Uncommited. ","0","1","0","https://x.com/seiraphisc/status/1837832010703736832","1793994876457222144","seiraphisc"
"1840654510223507650","Mon Sep 30 07:26:47 +0000 2024","3","BRI kosong mandiri kosong dana kosong Hana Bank kosong BCA isine 12k kui wae ga hiso ditarik.","1840654510223507650","","","in","watu","1","7","0","https://x.com/adammmmdp_/status/1840654510223507650","1236696044278149120","adammmmdp_"
"1838096645940207756","Mon Sep 23 06:02:45 +0000 2024","0","abis dr bank bca pegawainya wanginya manusia karir banget ","1838096645940207756","","","in","","0","0","0","https://x.com/wiejustfriend/status/1838096645940207756","1371450933150814209","wiejustfriend"
"1838553361525936404","Tue Sep 24 12:17:34 +0000 2024","0","bisa yuk bersikap bodo amat","1838553361525936404","","","in","DKI Jakarta, Indonesia","0","0","0","https://x.com/talisepatubaru/status/1838553361525936404","770795138","talisepatubaru"
"1838332020579291412","Mon Sep 23 21:38:02 +0000 2024","0"," haiii yang butuh jasa convert (cv) e-wallet bisa banget di aku yaa! bisa via qris dana shopee gopay ovo atau bank bca &amp; bri. nerima virtual account (va) jugaa!! #zonauang https://t.co/SRmaL0Os7N","1838332020579291412","https://pbs.twimg.com/media/GToRVLeagAA6Al9.jpg","","in","","0","0","0","https://x.com/balletig/status/1838332020579291412","745815582524710913","balletig"
"1838219771399352523","Mon Sep 23 14:12:00 +0000 2024","0"," haiii yang butuh jasa convert (cv) e-wallet bisa banget di aku yaa! bisa via qris dana shopee gopay ovo atau bank bca &amp; bri. nerima virtual account (va) jugaa!! #zonauang https://t.co/Jn4aNG8olw","1838219771399352523","https://pbs.twimg.com/media/GToRVLeagAA6Al9.jpg","","in","@kedaiharu","0","0","0","https://x.com/lissoxe/status/1838219771399352523","217268601","lissoxe"
"1836344356531507451","Wed Sep 18 09:59:46 +0000 2024","0","Ungguli 66 Bank BCA Kembali Jadi Bank Paling Dipercaya di Dunia Versi Majalah Bergengsi asal Amerika Newsweek https://t.co/YPXABtgXiZ","1836344356531507451","","","in","Jakarta Capital Region","0","0","0","https://x.com/investortrustid/status/1836344356531507451","1677488323655499781","investortrustid"
"1837781322087198815","Sun Sep 22 09:09:46 +0000 2024","0","kira2 bank bca tuh ada fitur kayak dana nabung ga sih? butuh bgt kalau kecampur2 bingung ;'","1837781322087198815","","","in","","0","1","0","https://x.com/pwinkiyy/status/1837781322087198815","1534364963841937408","pwinkiyy"
"1834948217643143665","Sat Sep 14 13:32:01 +0000 2024","0","Kalo mau prioritas ke bank BCA aja sana lah lando","1834948217643143665","","","in","","0","0","0","https://x.com/Amarramadanil/status/1834948217643143665","2910865675","Amarramadanil"
"1836709911360905273","Thu Sep 19 10:12:21 +0000 2024","9","NETIJEN +62 emang ga ada obat *** Saat memasukkan nomor HP tersebut muncul nama lengkap Gibran Rakabuming Raka. Tak hanya itu ketika dicoba untuk mengirim GoPay dengan cara top up melalui virtual account bank BCA pun nama penerima yang muncul adalah Gibran Rakabuming. https://t.co/HR205sBMtj","1836709911360905273","https://pbs.twimg.com/media/GX1N62jaoAAizAX.jpg","","in","Indonesia","0","1","0","https://x.com/iina_surbakti/status/1836709911360905273","992673313141899264","iina_surbakti"
"1836379369461199231","Wed Sep 18 12:18:54 +0000 2024","0","Enak banget nyuru gua suru nelfon laki lo dikira gua cs bank bca yg siap siaga 24 jam melayani ABIS ITU GUA LO DIEMIN KRNA GA NGASIH DUIT KE MAK LO ITU?stop puki.","1836379369461199231","","","in","","0","0","0","https://x.com/kampingwarnaijo/status/1836379369461199231","1516225908805599236","kampingwarnaijo"
"1838161359244239157","Mon Sep 23 10:19:54 +0000 2024","3","nder kamu ngekost di mana? kalo kamu cowok dan dom jakarta kosan tempat aku tinggal ada kamar kosong sebulan 700k (non ac) udah bebas listrik air bukan di gg sempit dan deket jalan raya. plus masih jaksel pula meski pinggiran ","1838161359244239157","","","in","DKI Jakarta, Indonesia","0","1","0","https://x.com/talisepatubaru/status/1838161359244239157","770795138","talisepatubaru"
"1836595473299497072","Thu Sep 19 02:37:37 +0000 2024","0","Kamu punya paylater? Mau dicairin? Gestun Ke @eksperment ajaa bisa spaylater kredivo akulaku lazada paylater allobank paylater flip gopaylater jenius paylater hci yup card cc bank mega bca paylater dll #zonauang","1836595473299497072","","","in","well-come","0","0","0","https://x.com/svbscribe/status/1836595473299497072","565265969","svbscribe"
"1495563925420716033","Mon Feb 21 01:00:00 +0000 2022","341","Terima kasih telah menjadi bagian selama 65 tahun berkarya dan mempercayakan solusi perbankan kepada BCA. Mari saling berkolaborasi dan menciptakan inovasi dalam menyelaraskan People Planet &amp; Profit. BCA akan terus mempersembahkan karya terbaik agar Senantiasa di Sisi Anda. https://t.co/AeEmPWqvqY","1495563925420716033","https://pbs.twimg.com/ext_tw_video_thumb/1495404919007764481/pu/img/6oXlfMpxUEJszWM_.jpg","","in","","5","146","91","https://x.com/BankBCA/status/1495563925420716033","567255514","BankBCA"
"1836013956684722378","Tue Sep 17 12:06:53 +0000 2024","0","[INFO BEASISWA: Bakti BCA] Salam sejahtera warga Teknik Kimia! Program beasiswa pendidikan yang diprakarsai oleh bank BCA dapatkan dana pendidikan (uang saku per bulan + bantuan UKM) serta program pengembangan kompetensi selama 1 tahun. Berikut persyaratan umum https://t.co/thMnlKcfGO","1836013956684722378","https://pbs.twimg.com/media/GXrU9mkaUAAB_zO.jpg","","in","Semarang, Indonesia","0","1","0","https://x.com/HMTKundip/status/1836013956684722378","246126936","HMTKundip"
"1426074062233563140","Fri Aug 13 08:57:59 +0000 2021","511","@beeeemooooo Betul bgt bank yang lain cukup buat nabung aja kalo buat transaksi sehari-hari belum ada yg bisa ngalahin BCA. Lagi depan kasir dadakan isi shopeepay/gopay/ovo cuma itungan detik. Klo dari bank lain keburu ditempeleng customer yg antri dibelakang. https://t.co/1oGLlrlHRU","1426105740935139328","https://pbs.twimg.com/media/E8qLmMBVgAcAse4.jpg","beeeemooooo","in","Jakarta","49","52","102","https://x.com/Widino/status/1426105740935139328","105714755","Widino"
"1836344521329914066","Wed Sep 18 10:00:26 +0000 2024","0","PATROLI KEWILAYAHAN Personil Polsek Cikarang Selatan IPDA Supriyono melakukan patroli dialogis di Bank BCA Lippo Cikarang menyampaikan himbauan kamtibmas. https://t.co/9P84oz5Kf9","1836344521329914066","https://pbs.twimg.com/media/GXwBmxObEAAeEbt.jpg","","in","cikarang selatan","0","0","0","https://x.com/PolsekCikSel/status/1836344521329914066","969217714421026816","PolsekCikSel"
"1838232266667135218","Mon Sep 23 15:01:39 +0000 2024","3","Selamat kepada penerima hadiah yang berhasil mendapatkan mobil &amp; motor impian dari Gebyar Hadiah BCA. Cari namamu di https://t.co/NnMlTcckcf Pengumuman penerima hadiah #GebyarHadiahBCA tersedia di website resmi Bank BCA! Hati-hati modus penipuan yang mengatasnamakan Bank BCA. https://t.co/GFZaA3CIwX","1838232266667135218","https://pbs.twimg.com/media/GYK2gMPbsAAjxeq.jpg","","in","","0","7","0","https://x.com/BankBCA/status/1838232266667135218","567255514","BankBCA"
"1837178325346943134","Fri Sep 20 17:13:40 +0000 2024","0","tiba-tiba jadi termotivasi gini btw makasih insight nya ","1837178325346943134","","","in","DKI Jakarta, Indonesia","0","2","0","https://x.com/talisepatubaru/status/1837178325346943134","770795138","talisepatubaru"
"1389520404344152067","Tue May 04 10:00:55 +0000 2021","572","Ayo kenalan dengan myBCA! Sebuah #LangkahAwal untuk memberikan pengalaman mobile dan internet banking yang lebih baik dan lebih simpel. Saatnya memulai langkah awal ini dan rasakan kemudahan bertransaksi di myBCA! Cek infonya di: https://t.co/JaVq2r2fJN https://t.co/8wi6YhZza2","1389520404344152067","https://pbs.twimg.com/ext_tw_video_thumb/1389520024688156673/pu/img/2FbNBo6GhtuLq2q1.jpg","","in","","9","17","31","https://x.com/BankBCA/status/1389520404344152067","567255514","BankBCA"
"1404710267360063489","Tue Jun 15 08:00:00 +0000 2021","330","#AwasModus penipuan mengatasnamakan BCA baik yang melalui telepon website WA atau DM dengan nomor/akun/tautan yang #SerupaTapiTakSama. Selalu jaga kerahasiaan data pribadi perbankan Anda sebab #DatamuRahasiamu. Yuk simak video berikut! Info: https://t.co/QYa43SHZD3 https://t.co/xiNm69GHUn","1404710267360063489","https://pbs.twimg.com/ext_tw_video_thumb/1404653225182056448/pu/img/ykCsP5nM0JL_X7eg.jpg","","in","","3","1","15","https://x.com/BankBCA/status/1404710267360063489","567255514","BankBCA"
"1837835561593159778","Sun Sep 22 12:45:17 +0000 2024","186"," eh sumpah ada yg tau gak ini kenapa no salty ya kan aku co barang di shopee trs minta tolong kakakku pake transfer bank bca nah udh dibayar tp kok di shopee nya tulisannya blm dibayar ya:( ada yg pernah ngalamin gak? https://t.co/HS75UYoNco","1837835561593159778","https://pbs.twimg.com/media/GYFNs_FXUAAvm6t.jpg","","in","Indonesia","5","38","5","https://x.com/tanyarlfes/status/1837835561593159778","1371650588","tanyarlfes"
"1836041241475354809","Tue Sep 17 13:55:18 +0000 2024","0","Hari ini lagi benci banget sama bank bca. Titik.","1836041241475354809","","","in","","0","0","0","https://x.com/bonitatinob/status/1836041241475354809","119023518","bonitatinob"
"1838230903413494139","Mon Sep 23 14:56:14 +0000 2024","1","Selamat kepada para penerima hadiah yang berhasil mendapatkan mobil serta motor impian dari #GebyarHadiahBCA. Cari namamu di https://t.co/4UuGIEn6ap Ingat pengumuman penerima hadiah hanya di website resmi Bank BCA. Hati-hati dengan modus penipuan yang mengatasnamakan Bank BCA. https://t.co/nWHshyPlQO","1838230903413494139","https://pbs.twimg.com/media/GYK1Q2waIAEJ-eA.jpg","","in","","0","1","0","https://x.com/GoodLifeBCA/status/1838230903413494139","17824435","GoodLifeBCA"
"1765119296035049699","Tue Mar 05 20:56:49 +0000 2024","1593","*midnight thoughts* Kenapa BBCA itu berada di harga premium diatas semua bank lain? apakah karena NIM nya? apakah CAR nya? apakah NPL rendah? apakah asset qualitynya? apakah efisiensi ROA? apakah branding? ato satpam yg baik? (becanda) Kenapa bisa trading di nilai buku https://t.co/URwc18wLll","1765119296035049699","https://pbs.twimg.com/media/GH72ohhaYAAu8rf.jpg","","in","Gotham city","6","56","141","https://x.com/timothyronald22/status/1765119296035049699","1361502222840864768","timothyronald22"
"1483428623839379463","Tue Jan 18 13:18:39 +0000 2022","3206","American Bankers Association: We firmly stand with banks offering #Bitcoin https://t.co/b2TawEjggk","1483428623839379463","https://pbs.twimg.com/media/FJYw-seWUAgmhdb.jpg","","en","Nashville, TN","59","153","526","https://x.com/BitcoinMagazine/status/1483428623839379463","361289499","BitcoinMagazine"
"1281738188239720448","Fri Jul 10 23:52:52 +0000 2020","2710","Gercep jg BCA. Tempo hari akuisisi Bank Royal. Ternyata Royal Bank akan diubah total menjadi Digital Banking by BCA. Fitur2 digital banking akan jauh lebih lengkap dibanding mobile banking. BCA ini raksasa. Tapi tetap lincah kayak start up kalo inovasi. Innovate or die. https://t.co/g6z6kt8NfO","1281738188239720448","https://pbs.twimg.com/media/EcmmFe_U8AE64Ft.jpg","","in","","223","123","1648","https://x.com/Strategi_Bisnis/status/1281738188239720448","190535830","Strategi_Bisnis"
"1396387195133448199","Sun May 23 08:47:05 +0000 2021","34126","Inilah hebatnya BCA. Bank lain kena masalah pengaduan nasabah. BCA diem aja do their usual best orang2 kasih testimoni positif organik soal pengalaman mereka dgn BCA Brand apapun layak meniru komitmen BCA. They re NOT always perfect but they re clearly trying their best.","1396387195133448199","","","in","","2211","1124","7997","https://x.com/aliralira/status/1396387195133448199","252461798","aliralira"
"1814511555704508565","Sat Jul 20 15:04:31 +0000 2024","201","@vankribo Mohon maaf atas ketidaknyamanan yang Bapak/Ibu Pelanggan alami. Pastikan Bapak/Ibu berinteraksi dengan akun resmi Sosial Media BCA yang verified bercentang biru kecuali Twitter dengan centang emas. Nomor WhatsApp resmi Bank BCA yaitu 08111500998 (centang hijau).","1814677777880392029","","vankribo","in","Jakarta - Indonesia","3","4","31","https://x.com/HaloBCA/status/1814677777880392029","620977821","HaloBCA"
"1421031868233773061","Fri Jul 30 08:56:13 +0000 2021","234","[BREAKING] Bank BCA $BBCA memutuskan untuk melakukan stock split dengan rasio 1:5","1421031868233773061","","","in","Jakarta Capital Region","127","39","162","https://x.com/BigAlphaID/status/1421031868233773061","958566590768926721","BigAlphaID"
"1565392484431273984","Thu Sep 01 17:33:46 +0000 2022","238","Bank of America was currupt from the day they were Nations Bank. I banked with them for about 3 months back in the day. They denied me a loan and I closed my account got the loan from a different bank. I said screw them.","1565392484431273984","","","en","USA","2","25","21","https://x.com/N76247476Man/status/1565392484431273984","1019756820087353346","N76247476Man"
"1678766020838985728","Tue Jul 11 13:59:43 +0000 2023","399","BREAKING: Bank of America accused of opening fake accounts &amp; charging junk fees. I don t know which is worse BOA or Wells Fargo. Stay away from these banks!!! Here are some alternatives that also pay way more in interest: ️ Ally 4% ️ Marcus 4.15% ️ Bask Bank 4.85% ️ CIT","1678766020838985728","","","en","Lisbon, Portugal","22","39","113","https://x.com/DelyanneMoney/status/1678766020838985728","1213150641612181504","DelyanneMoney"
"1678807336775991296","Tue Jul 11 16:43:54 +0000 2023","17656","BREAKING: Bank of America $BAC secretly opened credit card accounts in customer names double charged overdraft fees and withheld promised perks from users. It has been fined $150 million over junk fees.","1678807336775991296","","","en","United States","712","870","3658","https://x.com/unusual_whales/status/1678807336775991296","1200616796295847936","unusual_whales"
"1550693956400209921","Sat Jul 23 07:30:42 +0000 2022","469","@mediocrickey BCA Digital? BCA Blu kan? Bukan BCA biasa? berarti yg saldonya 0 ga beban dong. Bukan nasabah BCA tp emg BCA tuh keunggulannya saldonya bisa sampe 0 bahkan minus bank lain mana bisa ","1550745201450266624","","","in","bekasi-jakarta","7","43","17","https://x.com/sparklelle/status/1550745201450266624","491939425","sparklelle"
"1473289223767797766","Tue Dec 21 13:48:17 +0000 2021","3788","BREAKING: Belgium's biggest bank KBC is gauging customer interest in #Bitcoin and 'crypto' with an eye on launching new services.","1473289223767797766","","","en","Bitcoin.Archive.Channel@gmail","22","119","448","https://x.com/BTC_Archive/status/1473289223767797766","970994516357472257","BTC_Archive"
"1587673660378476544","Wed Nov 02 05:11:12 +0000 2022","225","Layanan transfer antar bank dengan BI Fast kini telah tersedia di BCA mobile myBCA KlikBCA dan ATM BCA dengan biaya transfer hanya Rp2.500! Sudah pernah coba belum? Yuk share pengalaman Anda di kolom komentar! Info: https://t.co/0mzSMoQJX5 https://t.co/Sy0gwGpYbe","1587673660378476544","https://pbs.twimg.com/media/FgiMpLaagAEtjvU.jpg","","in","","7","100","78","https://x.com/BankBCA/status/1587673660378476544","567255514","BankBCA"
"1566274858530381824","Sun Sep 04 04:00:00 +0000 2022","657","Segenap keluarga besar BCA mengucapkan terima kasih kepada pelanggan yang setia bersama. Semoga BCA senantiasa menjadi partner dalam memenuhi kebutuhan perbankan dan transaksi Anda. Selamat Hari Pelanggan Nasional! #BCABlueWaves #BCAHPN2022 #StrongerThroughYourPatronage https://t.co/FnbmUU4ro4","1566274858530381824","https://pbs.twimg.com/ext_tw_video_thumb/1565654851329335296/pu/img/_QeHDJg-qHCrS9Nu.jpg","","in","","1","139","223","https://x.com/BankBCA/status/1566274858530381824","567255514","BankBCA"
"1444679211550056448","Sun Oct 03 15:02:19 +0000 2021","346","One of the largest banks in the US Bank of America or bofa is one of the major institutions that shorted stonks. People are closing their accounts. I know what I'm doing Monday. #CitadelScandal #KenGriffinLied #MarketManipulation #AMC #GME #BOFA","1444679211550056448","","","en","California, USA","7","22","111","https://x.com/OrbitofA/status/1444679211550056448","1023935010070351872","OrbitofA"
"1447134811701739525","Sun Oct 10 09:40:00 +0000 2021","173","Now Bank of America is that Nigerian Prince the Bank of America warns you about - $BAC #Banksters 🇺🇸 https://t.co/15mnCC1gR3","1447134811701739525","","","en","The Interwebs","2","2","27","https://x.com/YourAnonNews/status/1447134811701739525","279390084","YourAnonNews"
"1364555927681200130","Wed Feb 24 12:41:00 +0000 2021","847","#Bitcoin is being integrated into the banking platform of a leading Swiss private bank Bordier &amp; Cie SCmA - founded in 1844.","1364555927681200130","","","en","Bitcoin.Archive.Channel@gmail","3","18","131","https://x.com/BTC_Archive/status/1364555927681200130","970994516357472257","BTC_Archive"
"1667196112871260160","Fri Jun 09 15:45:02 +0000 2023","292","Bank of America $BAC says it is bullish on stocks per CNBC.","1667196112871260160","","","en","United States","18","67","42","https://x.com/unusual_whales/status/1667196112871260160","1200616796295847936","unusual_whales"
"1396387195133448199","Sun May 23 11:59:45 +0000 2021","216","@udisyh @aliralira Pasca kejadian begitu sadar bhw itu bkn temanku aku telp ke call center BCA. Lalu mrk minta beberapa dokumen yg disebut di atas. Aku kirim esok harinya via email yg mereka berikan. Semuanya online. Aku gak dtg ke kantor BCA sama sekali.","1396435681702858758","","","in","Jakarta, Indonesia","0","3","1","https://x.com/erliyani/status/1396435681702858758","66589577","erliyani"
"1635971856929894411","Wed Mar 15 11:51:00 +0000 2023","1789","Bank of America $BAC has gotten more than $15 billion in new deposits since the collapse of Silicon Valley Bank.","1635971856929894411","","","en","United States","54","93","285","https://x.com/unusual_whales/status/1635971856929894411","1200616796295847936","unusual_whales"
"1674724709232156673","Fri Jun 30 10:21:00 +0000 2023","955","Bank of America $BAC is nursing at least $100 billion in paper loss after big bet in bond market three years ago per FT.","1674724709232156673","","","en","United States","22","53","166","https://x.com/unusual_whales/status/1674724709232156673","1200616796295847936","unusual_whales"
"1840228136669393062","Sun Sep 29 03:12:32 +0000 2024","1","OPEN JASA CHECKOUT CO WEVERSE MEMBERSHIP 264K Seventeen / CARAT MEMBERSHIP bersih inc fee dll akun buyer Fullpay Only Shopay/Gopay BCA/Hana(Line Bank/Seabank *Harga fluktuatif tergantung rate. More info DM aja yaa https://t.co/XZRLpYrJJB","1840228136669393062","https://pbs.twimg.com/media/GYnNvPcasAE85Z2.jpg","","in","없음","0","1","3","https://x.com/ongshwa98/status/1840228136669393062","289201879","ongshwa98"
"1839701842332410071","Fri Sep 27 16:21:13 +0000 2024","0","cv dari bank bca ke bri dong plsss buat bayar tokped salah pencet #zonaba #zonabu","1839701842332410071","","","in","","0","0","0","https://x.com/laladumpacc/status/1839701842332410071","1159788441405513728","laladumpacc"
"1838524276724695230","Tue Sep 24 10:22:00 +0000 2024","0","Apapun transaksinya AstraPay solusinya! Cukup 1 aplikasi untuk berbagai kebutuhan! Yuk top-up saldonya via Virtual Account Bank BCA #SemuaPRIMA","1838524276724695230","","","in","Jakarta","0","0","0","https://x.com/jaringanprima/status/1838524276724695230","170666404","jaringanprima"
"1839122720791081317","Thu Sep 26 02:00:00 +0000 2024","0","ges ada AU baru awokwok","1839122720791081317","","","in","DKI Jakarta, Indonesia","0","0","0","https://x.com/talisepatubaru/status/1839122720791081317","770795138","talisepatubaru"
"1777237383907291504","Mon Apr 08 07:29:46 +0000 2024","4856","Ibu Norisa. Alumnus Komunikasi UI. Senior Vice President Marketing Comm Bank BCA. Ibu Norisa inilah figur sentral dibalik iklan2 digital yg brilian dari Bank BCA termasuk seri iklan Dono Kasih No yg viral itu. Karirnya dimulai dari Account Executive sblm jadi SVP andalan. https://t.co/EfWN0LSiuJ","1777237383907291504","https://pbs.twimg.com/media/GKoD-p5aoAAtb0U.jpg","","in","","157","68","749","https://x.com/Strategi_Bisnis/status/1777237383907291504","190535830","Strategi_Bisnis"
"1839706045012423129","Fri Sep 27 16:37:55 +0000 2024","24","ngadepin orang yang mood swing begitu Allahu Akbar kuat2 dah tahan emosi kek capek banget busettt","1839706045012423129","","","in","DKI Jakarta, Indonesia","0","1","2","https://x.com/talisepatubaru/status/1839706045012423129","770795138","talisepatubaru"
"1839571288966463710","Sat Sep 28 02:43:01 +0000 2024","13","@IAmShall_ @anggaandinata Ada jalan tengahnya namanya L2 dan AVS. Prosesnya off chain lalu datanya di settle di blockchain dan bisa diverifikasi pakai teknologi ZK. Ibarat bank BCA semua prosesnya off chain setiap 24 jam sekali datanya disimpan di Ethereum yg sudah dienkripsi dan bisa tervalidasi","1839858319969923227","","IAmShall_","in","Arbitrum","0","1","1","https://x.com/yanzero_/status/1839858319969923227","14119874","yanzero_"
"1840046930514325850","Sat Sep 28 15:12:29 +0000 2024","0","sebelah kantor padahal ada atm tapi kita lebih milih ada yang punya cash gocap gak? tartun dong can relate","1840046930514325850","","","in","DKI Jakarta, Indonesia","0","0","0","https://x.com/talisepatubaru/status/1840046930514325850","770795138","talisepatubaru"
"1745717986974113845","Fri Jan 12 08:02:56 +0000 2024","51","Persaingan Seru Bank BCA vs Bank Mandiri - Blog Strategi + Manajemen https://t.co/s4kVOMHwpY","1745717986974113845","","","in","","0","1","20","https://x.com/Strategi_Bisnis/status/1745717986974113845","190535830","Strategi_Bisnis"
"1838959223100805284","Wed Sep 25 15:10:19 +0000 2024","1","makin kepo pengen nyobain woeeeee mana di aeon ada lagi ","1838959223100805284","","","in","DKI Jakarta, Indonesia","0","1","0","https://x.com/talisepatubaru/status/1838959223100805284","770795138","talisepatubaru"
"1725487646280204569","Fri Nov 17 12:19:09 +0000 2023","102","Namun bank BCA mayoritas masih punya Grup Djarum. Mandiri x BRI x BNI dan BTN mayoritas punya pemerintah.","1725488742964793770","","Strategi_Bisnis","in","","2","2","10","https://x.com/Strategi_Bisnis/status/1725488742964793770","190535830","Strategi_Bisnis"
"1837128448705446219","Fri Sep 20 13:55:29 +0000 2024","0","#Lowongan Pegawai Bank BCA Syariah Dibuka Sampai 30 September 2024 (Semua Jurusan | Seluruh Indonesia). Syarat Lokasi &amp; Cara Melamar Baca Di: https://t.co/kavzTPafVd https://t.co/GK95j2H5yN","1837128448705446219","https://pbs.twimg.com/media/GX7KkIiaUAEBPJ2.jpg","","in","Indonesia","0","0","0","https://x.com/twitlowongan/status/1837128448705446219","67523537","twitlowongan"
"1840629340096340476","Mon Sep 30 05:46:46 +0000 2024","0","iya lagi kadang pas brangkat kerja kebetulan tiap hari jalan kaki. sering papasan sama orang yang lagi jogging pagi seketika mikir kerja apa ya jam segini masih bisa olahraga ","1840629340096340476","","","in","DKI Jakarta, Indonesia","0","0","0","https://x.com/talisepatubaru/status/1840629340096340476","770795138","talisepatubaru"
"1757216264324591672","Tue Feb 13 01:32:59 +0000 2024","7","Apakah bank Mandiri BCA dan BRI terlalu serakah meraup laba? #bank #bca... https://t.co/sYrmlgHU57 via @YouTube","1757216264324591672","","","in","","0","2","0","https://x.com/Strategi_Bisnis/status/1757216264324591672","190535830","Strategi_Bisnis"
"1838750955732636011","Wed Sep 25 01:22:44 +0000 2024","0","#Lowongan Development Program Bank BCA Pendaftaran Dibuka Mulai 25 September 2024 (Terbuka Untuk Fresh Graduate/Berpengalaman). Syarat Lokasi &amp; Cara Melamar Baca Di: https://t.co/j0Gu9A6Q0C https://t.co/wO1WuJm8J7","1838750955732636011","https://pbs.twimg.com/media/GYSOMpAaoAAbifC.jpg","","in","Indonesia","0","0","0","https://x.com/twitlowongan/status/1838750955732636011","67523537","twitlowongan"
"1840785635533361285","Mon Sep 30 16:07:50 +0000 2024","0"," haiii yang butuh jasa convert (cv) e-wallet bisa banget di aku yaa! bisa via qris dana shopee gopay ovo atau bank bca &amp; bri. nerima virtual account (va) jugaa!! #zonauang https://t.co/BFdLFXZwYM","1840785635533361285","https://pbs.twimg.com/media/GToRVLeagAA6Al9.jpg","","in","","0","0","0","https://x.com/aimarilis/status/1840785635533361285","1366418126","aimarilis"
"1840579820918370326","Mon Sep 30 02:30:00 +0000 2024","1","Pembayaran Pajak Kendaraan bisa di ATM Bank Bjb BNI dan BCA. . #samsatjabar #bapendajabar","1840579820918370326","","","in","Jl. Soekarno Hatta No. 528 Bdg","0","0","0","https://x.com/bapenda_jabar/status/1840579820918370326","2148210799","bapenda_jabar"
"1428754900129779716","Fri Aug 20 16:24:47 +0000 2021","2738","Sejauh ini sudah pernah pakai setidaknya 7 bank. Dan dari 7 itu yang dari awal bikin sampai sekarang bener-bener nggak pernah ada masalah dari soal PIN ganti ATM sms banking mobile banking internet banking moota dsb itu cuma BCA. Bener-bener cuma BCA.","1428754900129779716","","","in","Mertoyudan - Ngaglik","292","237","852","https://x.com/AgusMagelangan/status/1428754900129779716","71281076","AgusMagelangan"
"1840344363274289240","Sun Sep 29 10:58:29 +0000 2024","0","@dailyofruby Hai @dailyofruby. Mohon menunggu kami akan balas DM kamu ya. Pastikan hanya berinteraksi dengan akun resmi Social Media BCA yang verified bercentang biru kecuali X (Twitter) dengan centang emas. Nomor WhatsApp resmi Bank BCA yaitu 08111500998 (centang biru).","1840345396322975996","","dailyofruby","in","","0","0","0","https://x.com/XpresiBCA/status/1840345396322975996","351429302","XpresiBCA"
"1752842809735045426","Wed Jan 31 23:54:26 +0000 2024","954","Thn 2030an laba 3 RAKSASA bank BCA Mandiri x BRi masing2 akan tembus Rp 200 TRILIUN. Jauhhhhhh tinggalkan sektor lainnya. Knp? Bank = ekonomi RI. Selama gdp naik bank pasti akan jaya. Pelumas mesin ekonomi namanya kredit. Tanpa kredit mesin ekonomi mogok total.","1752842809735045426","","","in","","21","36","225","https://x.com/Strategi_Bisnis/status/1752842809735045426","190535830","Strategi_Bisnis"
"1710477668049899755","Sat Oct 07 12:37:29 +0000 2023","9","Kalau perusahaannya sdh TBK atau go public kita bisa bandingkan profit margin mrka. Yg lebih tinggi artinya lbh efisien atau bisa jg lbh punya strategi profit yg jitu. Yg kiri Bank Mandiri. Profit margin 37%. Yg kanan BCA. Profit Margin 49%. https://t.co/WjrLG1p23V","1710635456709472568","https://pbs.twimg.com/media/F71l4TNboAAnCJX.jpg","Strategi_Bisnis","in","","0","1","2","https://x.com/Strategi_Bisnis/status/1710635456709472568","190535830","Strategi_Bisnis"
"1729812069887676839","Wed Nov 29 10:47:49 +0000 2023","25","Selain Astra company yg HR management-nya bagus antara lain : - Unilever - Bank BRI - Sinar Mas - BCA oke juga - Danone","1729814413878644870","","Strategi_Bisnis","in","","2","7","7","https://x.com/Strategi_Bisnis/status/1729814413878644870","190535830","Strategi_Bisnis"
"1777237383907291504","Mon Apr 08 07:44:29 +0000 2024","111","SVP atau Senior Vice President itu hanya 1 level dibawah Direksi (atau C Level). Gaji SVP di Bank BCA sekitaran Rp 150an juta per bulan. Dengan bonus tahunan 10 sd 15 kali gaji. Gaji pasaran SVP di bank2 besar lainnya memang segitu.","1777241086236471627","","Strategi_Bisnis","in","","35","5","21","https://x.com/Strategi_Bisnis/status/1777241086236471627","190535830","Strategi_Bisnis"
"1840598764832407997","Mon Sep 30 04:13:50 +0000 2024","1","@HndraGnwn Informasi yang kami dapatkan dari Samsat Soekarno Hatta untuk pembayaran di Samsat Kota Bandung III Soekarno hatta bisa melalui Cash QRIS Debit dan juga transfer. Namun untuk Bank BCA belum bisa melalui Debit namun bisa melakukan pembayaran melalui QRIS","1840605951931654192","","HndraGnwn","in","Bandung, West Java, Indonesia","0","0","0","https://x.com/PRFMnews/status/1840605951931654192","150589950","PRFMnews"
"1839161265601855549","Thu Sep 26 11:20:19 +0000 2024","0","@parispartridge_ @parispartridge_ di EDC Bank BCA/ Bank lain tdk dpt dilakukan dan hanya bisa dilakukan di EDC Bank Mandiri (EDC on us) ya. (2)","1839263730892419425","","mandiricare","in","Jakarta","0","1","0","https://x.com/mandiricare/status/1839263730892419425","589600174","mandiricare"
"1396363555012702215","Sun May 23 07:13:09 +0000 2021","13935","Admin @bankmandiri reply dgn 9 twit thdp thread ini tp tersebar2 shg susah dibaca. Gw bikin thread baru utk kumpulkan 9 reply tsb. Kesimpulan gw Bank Mandiri ga transparan &amp; lepas tanggung jawab. Sbg pengguna Bank Mandiri sejak 18 tahun lalu gw nanti akan ganti ke BCA.","1396363555012702215","","","in","Zihuatanejo ","1095","573","6503","https://x.com/thedufresne/status/1396363555012702215","70120802","thedufresne"
"1836687892284162114","Wed Sep 25 08:25:41 +0000 2024","0","@chikohrl1 Hai Kak @chikohrl1. Untuk keamanan di Bank BCA Digital pasti terjamin selama Kakak tidak memberikan kode OTP PIN password dan data yang bersifat rahasia lainnya ke orang lain. Bank BCA Digital juga sudah terdaftar di OJK dan LPS ya Kak.","1838857393180152103","","chikohrl1","in","","0","0","0","https://x.com/blubybcadigital/status/1838857393180152103","1295566743893504003","blubybcadigital"
"1840724963231486113","Mon Sep 30 12:33:44 +0000 2024","0","@archiefii Hai Kak @archiefii. Maaf ya saat ini tidak ada kendala Kak. Minblu sarankan Kakak bisa mencoba secara berkala untuk transfer BI-FAST ke Bank BCA ya. ","1840731757785842012","","archiefii","in","","0","1","0","https://x.com/blubybcadigital/status/1840731757785842012","1295566743893504003","blubybcadigital"
"1395680877179412485","Fri May 21 10:00:26 +0000 2021","592","#AwasModus penipu yang mengakses data perbankan dari nomor telepon yang sudah tidak digunakan lagi. Segera mungkin melakukan pengkinian data di cabang BCA atau hubungi Halo BCA khususnya nomor ponsel yang digunakan untuk menerima kode otorisasi perbankan! #DatamuRahasiamu https://t.co/r4xBYagEFn","1395680877179412485","https://pbs.twimg.com/media/E15wpB3VoAw8Ceo.jpg","","in","","2","9","61","https://x.com/BankBCA/status/1395680877179412485","567255514","BankBCA"
"1357559292140937216","Fri Feb 05 05:18:52 +0000 2021","246","Super happy I moved to close my @BankofAmerica accounts over a week ago. Bad enough they lead in developing the new Stakeholder scorecard for the WEF. What they did after the Capitol breach is a disgusting violation of customer privacy. Find a credit union &amp; bank local.","1357559292140937216","","","en","Georgia","4","25","83","https://x.com/ScotsFyre/status/1357559292140937216","2604459826","ScotsFyre"
"1781307671481827403","Fri Apr 19 13:05:14 +0000 2024","5","Case study : kinerja Bank BCA yg gemilang misalnya krn didukung oleh sistem pengelolaan HR yg prima. Demikian jg kinerja Astra International yg solid karena mereka punya Astra HR Practices kelas dunia dan jg punya Corporate University yg ekselen.","1781308072268570985","","Strategi_Bisnis","in","","0","1","1","https://x.com/Strategi_Bisnis/status/1781308072268570985","190535830","Strategi_Bisnis"
"1840733572803756068","Mon Sep 30 13:11:44 +0000 2024","0","@dintulsss Boleh tahu Anda melakukan autodebet apa pada rekening kamu?","1840741317472858408","","dintulsss","in","","0","1","0","https://x.com/BankBCA/status/1840741317472858408","567255514","BankBCA"
"1838834476459405484","Wed Sep 25 06:54:37 +0000 2024","1","Speaking abt cc pernah sampai kaget liat rewards poin dari bank BCA ternyata banyak dipake lah buat jajan dan ngemil ","1838834476459405484","","","in","","0","0","0","https://x.com/zoelkarnainz/status/1838834476459405484","743002195","zoelkarnainz"
"1771199868666540273","Fri Mar 22 15:38:50 +0000 2024","260","Qué vergüenza la atención que se da a los clientes en la sucursal del Banco BBVA de Av Santa Fe y Anchorena. Una sola caja más de 1 hora de espera para hacer un trámite bancario gente grande esperando y ni el gerente estaba. No vuelvo más. Si pueden evitarlo no vayan. RT","1771199868666540273","","","es","ciudad de Buenos Aires","5","42","230","https://x.com/mrvictorica/status/1771199868666540273","1377974911","mrvictorica"
"1840768703027347960","Mon Sep 30 15:24:42 +0000 2024","0","@yomimomo1973 Selamat malam @yomimomo1973. Bisa informasikan detail kendala yang Anda alami?","1840774779844067448","","yomimomo1973","in","","0","0","0","https://x.com/BankBCA/status/1840774779844067448","567255514","BankBCA"
"1337190759301320704","Fri Dec 11 00:21:35 +0000 2020","239","¿Les ha pasado? Que llegas al cualquier banco BCP Bbva Interbank etc... Y sus trabajadores te atienden como si te estuvieran haciendo el favor de ver tus cuentas y decirte cuanto debes. Pienso dos cosas: están aburridos de su trabajo o creen que son dueños del banco.","1337190759301320704","","","es","Peru","3","26","28","https://x.com/CcantoBuendia/status/1337190759301320704","940452974","CcantoBuendia"
"1840786713893093518","Mon Sep 30 17:17:46 +0000 2024","0","@MikEZzZZ Selamat pagi @MikEZzZZ. Turut prihatin untuk kendala yang terjadi. Kami sarankan Anda bisa menghubungi layanan Halo BCA 1500888 menggunakan aplikasi haloBCA pada fitur Call (bebas pulsa) agar dibantu pengecekan data dan pembuatan pelaporan lebih lanjut.","1840803237089460312","","MikEZzZZ","in","","0","0","0","https://x.com/BankBCA/status/1840803237089460312","567255514","BankBCA"
"1745866111198134471","Fri Jan 12 17:51:32 +0000 2024","251","Bank of America's $BAC fourth-quarter profit shrank as the lender took $2.1 billion in charges to refill a government deposit insurance fund per Reuters.","1745866111198134471","","","en","United States","2","28","36","https://x.com/unusual_whales/status/1745866111198134471","1200616796295847936","unusual_whales"
"1833769445392556373","Mon Sep 30 12:19:51 +0000 2024","0","@JohanbapakRT Selamat malam @JohanbapakRT. Terima kasih kembali semoga transaksi Anda selalu berjalan lancar ya. ","1840728264089985473","","JohanbapakRT","in","","0","0","0","https://x.com/BankBCA/status/1840728264089985473","567255514","BankBCA"
"1426426962512252931","Sat Aug 14 08:31:16 +0000 2021","363","@mere_twat Jujur ane peke beberapa mbanking. Dan yg paling user friendly cuman BCA..ga ruwet anti ribet~ Ga di dunia nyata ga di dunia maya BCA adalah bank terkece asololey indehoy tukturutuktuktuk sejauh ini.. Best pokoknya ","1426461408267423749","","regenerade","in","Kota Malang, Jawa Timur","6","8","41","https://x.com/aariieefiiaanii/status/1426461408267423749","59037341","aariieefiiaanii"
"1840342357826326891","Mon Sep 30 11:15:13 +0000 2024","0","@riiean_ Setelah berhasil Anda bisa ke fitur Reset Password yang terdapat di layar login myBCA untuk pembuatan password BCA ID baru. (2/2)","1840711996532285479","","riiean_","in","","0","0","0","https://x.com/BankBCA/status/1840711996532285479","567255514","BankBCA"
"1614131808253132804","Sat Jan 14 05:26:26 +0000 2023","413","so @BankofAmerica closed my account with pending items on my account just out the blue closed my account. I promise it s the worse bank ever they will reverse all your automated payments and charge back all your deposits to charge fees for returns to you .","1614131808253132804","","","en","","7","127","63","https://x.com/Jayecane/status/1614131808253132804","35837162","Jayecane"
"1840596221247025171","Mon Sep 30 04:07:52 +0000 2024","0","@yourgemini2 Apabila tidak melakukan video call selama kurun waktu tersebut maka data yang telah dimasukkan akan hilang dan harus melakukan proses pembukaan rekening online dari awal. (3/3)","1840604452237308294","","yourgemini2","in","","0","0","0","https://x.com/BankBCA/status/1840604452237308294","567255514","BankBCA"
"1840604963518701886","Mon Sep 30 04:24:20 +0000 2024","0","@Chweee__ Selamat siang @Chweee__. Turut prihatin atas kendala yang terjadi. Terkait hal tersebut Anda bisa konfirmasi ke bank pengirim ya karena jika Rekening BCA sebagai penerima dana maka bersifat pasif sehingga hanya dapat menunggu dana dikirim oleh bank pengirim.","1840608595647602707","","Chweee__","in","","0","0","0","https://x.com/BankBCA/status/1840608595647602707","567255514","BankBCA"
"1840664587848531993","Mon Sep 30 08:12:48 +0000 2024","0","@antopinguin Selamat sore @antopinguin. Terima kasih kembali. Semoga transaksi yang Anda lakukan selalu berjalan dengan lancar. ️","1840666089707241476","","antopinguin","in","","0","0","0","https://x.com/BankBCA/status/1840666089707241476","567255514","BankBCA"
"1840342357826326891","Mon Sep 30 11:15:10 +0000 2024","0","@riiean_ Selamat malam @riiean_. Jika yang Anda maksud BCA ID myBCA terblokir Anda bisa menghubungi Halo BCA 1500888 atau melalui aplikasi haloBCA pada fitur Call (tanpa pulsa) agar dibantu reset. (1/2)","1840711983185998254","","riiean_","in","","0","0","0","https://x.com/BankBCA/status/1840711983185998254","567255514","BankBCA"
"1840735857092755657","Mon Sep 30 12:54:07 +0000 2024","0","@daffrockie Selamat malam @daffrockie. Bisa informasikan secara jelas dan detail terkait kendala yang Anda alami pada fasilitas apa?","1840736887528632465","","daffrockie","in","","0","0","0","https://x.com/BankBCA/status/1840736887528632465","567255514","BankBCA"
"1840733572803756068","Mon Sep 30 13:25:29 +0000 2024","0","@dintulsss Terkait hal tersebut Anda bisa konfirmasi langsung dengan menghubungi Halo BCA 1500888 atau melalui aplikasi haloBCA pada layanan BCA Finance pukul 08:30-19:00 WIB atau WhatsApp ASTARI di nomor 08111027780 pukul 08:30-17:30 WIB ya.","1840744781049413793","","dintulsss","in","","0","0","0","https://x.com/BankBCA/status/1840744781049413793","567255514","BankBCA"
"1839430052255268876","Thu Sep 26 22:39:37 +0000 2024","0","@MHS_Net Hai @MHS_Net. Tetap selalu waspada terhadap segala bentuk modus penipuan yang mengatasnamakan Bank BCA atau lainnya. (1/3)","1839434681089146958","","MHS_Net","in","","0","0","0","https://x.com/GoodLifeBCA/status/1839434681089146958","17824435","GoodLifeBCA"
"1840596221247025171","Mon Sep 30 04:07:18 +0000 2024","0","@yourgemini2 Selamat siang @yourgemini2. Untuk proses video call dengan customer service dimohon untuk memastikan koneksi internet dalam keadaan stabil dan layanan tersedia setiap hari dari pukul 06:00-22:00 WIB melalui BCA mobile dan jam 06:00 21:00 WIB melalui myBCA. (1/3)","1840604308586561892","","yourgemini2","in","","0","1","0","https://x.com/BankBCA/status/1840604308586561892","567255514","BankBCA"
"1822981624025501703","Mon Sep 30 11:02:55 +0000 2024","0","@wirasenjaya Selamat malam @wirasenjaya. Mohon maaf sudah membuat Anda merasa tidak nyaman. BCA senantiasa selalu menjaga kerahasiaan dan keamanan data setiap nasabah. Boleh informasikan lebih detail kendala yang Anda alami?","1840708902402597276","","wirasenjaya","in","","0","0","0","https://x.com/BankBCA/status/1840708902402597276","567255514","BankBCA"
"1372231721366749185","Wed Mar 17 17:01:51 +0000 2021","159","It s obvious that @BankOfAmerica is using Covid as an excuse to close the vast majority of branches on Long Island. I bet they re saving a shitload of money by denying customers service. Other banks like Chase are opened. BoA is a garbage company.","1372231721366749185","","","en","35th & 7th Ave, NYC","1","23","6","https://x.com/CompoundBoss/status/1372231721366749185","1174708184126300160","CompoundBoss"
"1840596221247025171","Mon Sep 30 04:07:32 +0000 2024","0","@yourgemini2 Apabila proses video call belum dilakukan maka proses video call dapat dilakukan atau dilanjutkan dalam kurun waktu 7 hari setelah memberikan pernyataan dan persetujuan. (2/3)","1840604368166633573","","yourgemini2","in","","0","0","0","https://x.com/BankBCA/status/1840604368166633573","567255514","BankBCA"
"1840286808585974263","Sun Sep 29 07:11:10 +0000 2024","1","@pe_jaya Salam. Terkait tata cara pembayaran dengan menyertakan Nomor JKN-KIS. Selain itu Sahabat dapat menggunakan Nomor VA (Virtual Acccount): 88888 diikuti dengan 11 digit akhir dari Nomor Peserta JKN-KIS untuk Bank BCA. (1/2)","1840288191838032304","","pe_jaya","in","Indonesia","0","1","0","https://x.com/BPJSKesehatanRI/status/1840288191838032304","1522337929","BPJSKesehatanRI"
"1398784449287004160","Sat May 29 23:32:55 +0000 2021","152"," We do not lend against #cryptocurrencies and do not bank companies whose primary business is cryptocurrency or the facilitation of cryptocurrency trading and investment said BofA. #bitcoin https://t.co/3viWevAEeg","1398784449287004160","","","en","World Wide","3","43","35","https://x.com/BTCTN/status/1398784449287004160","3367334171","BTCTN"
"1840596221247025171","Mon Sep 30 04:16:18 +0000 2024","0","@yourgemini2 Pastikan pada saat melakukan proses video call jaringan internet yang Anda gunakan dalam kondisi baik dan stabil serta nomor handphone yang ingin digunakan berada di slot SIM 1 dan tidak disarankan menggunakan WiFi terlebih dahulu. Anda bisa mencoba kembali secara berkala ya.","1840606574227964054","","yourgemini2","in","","0","0","0","https://x.com/BankBCA/status/1840606574227964054","567255514","BankBCA"
"1840733572803756068","Mon Sep 30 12:57:33 +0000 2024","0","@dintulsss Selamat malam @dintulsss. Terkait hal tersebut boleh informasikan secara detail kendala yang Anda maksud ingin nonaktifkan autodebet pembayaran tagihan pada kartu kredit atau yang lainnya agar dapat kami bantu sesuai dengan kebutuhan Anda.","1840737750309552455","","dintulsss","in","","0","1","0","https://x.com/BankBCA/status/1840737750309552455","567255514","BankBCA"
"1749879148619944359","Tue Jan 23 19:37:54 +0000 2024","293","Bank of America $BAC has announced layoffs of around 20 bankers in Asia becoming the first major bank to downsize in 2024 as China and Hong Kong markets continue to underperform per Reuters.","1749879148619944359","","","en","United States","4","35","53","https://x.com/unusual_whales/status/1749879148619944359","1200616796295847936","unusual_whales"
"1839306875202056276","Thu Sep 26 14:37:43 +0000 2024","0","@MHS_Net Hai @MHS_Net. Tetap waspada selalu terhadap segala bentuk modus penipuan yang mengatasnamakan Bank BCA atau lainnya. Untuk keamanan data perbankan jangan pernah menekan link yang diberikan oleh akun palsu yang mengatasnamakan Bank BCA (1/2)","1839313406287032358","","MHS_Net","in","","0","0","0","https://x.com/GoodLifeBCA/status/1839313406287032358","17824435","GoodLifeBCA"
"1840641523949752669","Mon Sep 30 06:55:51 +0000 2024","0","@madeogratias Selamat siang @madeogratias. Mohon maaf atas ketidaknyamanannya. Terkait kendala transaksi yang Anda alami kami sarankan Anda bisa menghubungi layanan Halo BCA 1500888 menggunakan aplikasi haloBCA pada fitur Call (bebas pulsa) agar dibantu pengecekan lebih lanjut ya.","1840646726744670258","","madeogratias","in","","0","0","0","https://x.com/BankBCA/status/1840646726744670258","567255514","BankBCA"
"1836193889579077857","Wed Sep 18 00:01:52 +0000 2024","0","Blue Light Patrol Unit Unit Samapta Polsek Kuta Utara Sambangi Kantor Bank BCA. Selasa (17/9) pukul 22.00 Wita. https://t.co/cPDnzjYlqe","1836193889579077857","https://pbs.twimg.com/media/GXt4mlMakAAaDAW.jpg","","in","","0","0","0","https://x.com/PolsekAbs/status/1836193889579077857","1395319893243817987","PolsekAbs"
"1838167957463327150","Mon Sep 23 10:46:07 +0000 2024","0","HLooo! butuh convert? Di @sinnapreqnar bisa! cv all ewallet prem + nonprem cv bank bca bri mandiri avail va cv topup paypal usd https://t.co/DD5867VVGJ [fsr on wassap] proofs testi bisa cek di bio/pinned yaa! #zonauang #zonaba #zonabu https://t.co/RZhS9JG5cd","1838167957463327150","https://pbs.twimg.com/media/GYJ8A4obcAAwwFu.jpg","","in","Order? whatsapp for fsr! 💌","0","0","0","https://x.com/sinnapreqnar/status/1838167957463327150","1550862652012118016","sinnapreqnar"
"1836016273739976728","Tue Sep 17 12:16:05 +0000 2024","0","Transfer bank (bca) ke dana tuh bisa ga si guys?","1836016273739976728","","","in","heejake - fanacc","0","7","0","https://x.com/heemustang/status/1836016273739976728","1687807620130959361","heemustang"
"1837843564530979095","Sun Sep 22 13:17:05 +0000 2024","0","gua panik banget takut 38 punya emak gua melayang padahal udah bayar lewat transfer bank bca tp kok di shopee nya blm dibayar tulisannya ternyata lagi error plis @shopeeID harus segera ditangani itu duit emak gua nyet bukan duit gua","1837843564530979095","","","in","","1","6","0","https://x.com/chauu_03/status/1837843564530979095","1361689524389089281","chauu_03"
"1837671516458430849","Sun Sep 22 01:53:26 +0000 2024","0","masih bayar tagihan pake atm jadul? mobile bank bca ga sebagus itu kah? mending pindah ke livin/brimo/wondr ","1837671516458430849","","","in","","0","1","0","https://x.com/genitCat/status/1837671516458430849","1175288540403359744","genitCat"
"1836735967946051716","Thu Sep 19 11:55:54 +0000 2024","0","Anggota Unit Patroli Polsek Gedongtengen Polresta Yogyakarta melaksanakan sambang dialogis di kawasan obyek vital Bank di BCA Jl Margo Utomo Yogyakarta sampaikan pesan kamtibmas kepada security juru parkir maupun nasabah situasi aman Rabu 18/09 malam https://t.co/naCVhjuG6g","1836735967946051716","","","in","","0","0","0","https://x.com/gedongtengen/status/1836735967946051716","1171586410421178369","gedongtengen"
"1836175618792394826","Tue Sep 17 22:49:16 +0000 2024","0","Blue Light Patrol Unit Unit Samapta Polsek Kuta Utara Sambangi Kantor Bank BCA https://t.co/izOEPd6bcG","1836175618792394826","https://pbs.twimg.com/media/GXtn_nlakAEwI1r.jpg","","in","","0","0","0","https://x.com/polsekkutautara/status/1836175618792394826","1246362936068587520","polsekkutautara"
"1833849955163013353","Wed Sep 11 12:47:55 +0000 2024","1","udah telpon sama aja gaada solusi!!! saatnya pindah bank #bca @HaloBCA","1833849955163013353","","","in","Semarang, Central Java","4","14","0","https://x.com/womancruuush/status/1833849955163013353","874839138","womancruuush"
"1833350219301548202","Tue Sep 10 03:42:08 +0000 2024","0","Pengambilan KTM Bagi Mahasiswa FILKOM UB Angkatan 2023 BANK BCA. #Informasi #Pengumuman https://t.co/VbiU8Gkp1z","1833350219301548202","","","in","Kota Malang, Indonesia","0","1","0","https://x.com/filkomUB/status/1833350219301548202","754713020","filkomUB"
"1833336060707062139","Tue Sep 10 02:45:53 +0000 2024","0","Mau cv gopay ke bank bca dong sebut fee yaa. Yang stay di dm #zonauang #zonajajan","1833336060707062139","","","in","","0","19","0","https://x.com/chhocobi/status/1833336060707062139","1246610491306176514","chhocobi"
"1836234127034716225","Wed Sep 18 02:41:46 +0000 2024","0","angzayy jadi cair... mohon maaf Ditkeu UGM Kemahasiswaan UGM dan Bank BCA yang sudah saya repotkan kemarin ","1836234127034716225","","","in","","0","2","0","https://x.com/equeess/status/1836234127034716225","1216875174328291328","equeess"
"1835993601387770311","Tue Sep 17 10:46:00 +0000 2024","0","Apapun transaksinya AstraPay solusinya! Cukup 1 aplikasi untuk berbagai kebutuhan! Yuk top-up saldonya via Virtual Account Bank BCA #SemuaPRIMA","1835993601387770311","","","in","Jakarta","0","0","0","https://x.com/jaringanprima/status/1835993601387770311","170666404","jaringanprima"
"1836618631805030824","Thu Sep 19 04:09:39 +0000 2024","0","Patroli mobile personil Unit Samapta Polsek Kelapa Dua pemantauan Bank BCA di Gading Serpong. Antisipasi terjadinya gangguan keamanan dan ketertiban serta menyampaikan imbauan kamtibmas kepada security. #Patroli #PolsekKelapaDua #PolresTangerangSelatan #PoldaMetroJaya https://t.co/D5WpLIuF0O","1836618631805030824","https://pbs.twimg.com/media/GXz66ZpakAAobpv.jpg","","in","","0","0","0","https://x.com/PolsekKelapaDua/status/1836618631805030824","1184042886326714368","PolsekKelapaDua"
"1837896268280222059","Sun Sep 22 16:46:31 +0000 2024","0","untuk jodohku nanti mau lampu mati aku oke remang2 pake lampu tumblr juga oke tapi plis jangan terang menyala silau soalnya pake kipas slimutnya buat kamu kalo pake ac bagi dikit ya hehe. mau di pinggir atau deket tembok aku oke. harus ada guling ","1837896268280222059","","","in","DKI Jakarta, Indonesia","0","0","0","https://x.com/talisepatubaru/status/1837896268280222059","770795138","talisepatubaru"
"1836981489571090863","Fri Sep 20 04:11:31 +0000 2024","1"," haiii yang butuh jasa convert (cv) e-wallet bisa banget di aku yaa! bisa via qris dana shopee gopay ovo atau bank bca &amp; bri. nerima virtual account (va) jugaa!! #zonauang https://t.co/BFdLFXZwYM","1836981489571090863","https://pbs.twimg.com/media/GToRVLeagAA6Al9.jpg","","in","","0","0","0","https://x.com/aimarilis/status/1836981489571090863","1366418126","aimarilis"
"1837014480766783800","Fri Sep 20 06:22:36 +0000 2024","0","BCA Kembali Jadi Bank Paling Dipercaya di Dunia Versi Majalah Newsweek https://t.co/lqkqZEUizj https://t.co/7KzvKe9i0T","1837014480766783800","https://pbs.twimg.com/media/GX5i73nbIAAdmW8.jpg","","in","Indonesia","0","0","0","https://x.com/bisnisindo_id/status/1837014480766783800","1330791552583548932","bisnisindo_id"
"1838030523123253537","Mon Sep 23 01:40:00 +0000 2024","2","Pembayaran Pajak Kendaraan bisa di ATM Bank Bjb BNI dan BCA. . #samsatjabar #bapendajabar","1838030523123253537","","","in","Jl. Soekarno Hatta No. 528 Bdg","0","0","0","https://x.com/bapenda_jabar/status/1838030523123253537","2148210799","bapenda_jabar"
"1836731062782767304","Thu Sep 19 11:36:24 +0000 2024","1","convert saldo spay ke bank bca 73rb kena fee berapa? sekarang ya #zonauang #zonaba","1836731062782767304","","","in","","0","11","0","https://x.com/gugkye/status/1836731062782767304","1129634348670439424","gugkye"
"1837866419427717369","Sun Sep 22 15:19:44 +0000 2024","0","@Bakwan_ Halo @Bakwan_. Tentu boleh dong kami tunggu DM dari kamu ya. Pastikan hanya berinteraksi dengan akun resmi Social Media BCA yang verified bercentang biru kecuali X (Twitter) dengan centang emas. Nomor WhatsApp resmi Bank BCA yaitu 08111500998 (centang biru).","1837874429764030775","","Bakwan_","in","","0","1","0","https://x.com/GoodLifeBCA/status/1837874429764030775","17824435","GoodLifeBCA"
"1837133459690578417","Sat Sep 21 05:27:13 +0000 2024","1","@dyxhhhl Hai Kak @dyxhhhl. blu adalah aplikasi mobile banking milik BCA Digital. BCA Digital merupakan anak perusahaan BCA bagian dari BCA Group dan sudah beda bank dengan Bank BCA Kak. Jadi nggak masalah jika Kakak ingin buka rekening blu walaupun belum memiliki rekening BCA ya.","1837362928489746570","","dyxhhhl","in","","0","0","0","https://x.com/blubybcadigital/status/1837362928489746570","1295566743893504003","blubybcadigital"
"1838222175796629965","Mon Sep 23 14:21:33 +0000 2024","0","Bank BCA Umumkan Penerima Hadiah Program Gebyar Hadiah BCA Senilai Miliaran Rupiah https://t.co/rRN2ALqVzR","1838222175796629965","","","in","Jakarta Capital Region","0","0","0","https://x.com/idx_channel/status/1838222175796629965","4755284968","idx_channel"
"1837108584536232003","Fri Sep 20 12:36:33 +0000 2024","0","Bank Mandiri hingga BCA menyambut baik langkah Bank Indonesia yang memangkas suku bunga acuan. https://t.co/rwkdgAmJ16","1837108584536232003","","","in","Jakarta Capital Region, Indone","0","0","0","https://x.com/validnewsid/status/1837108584536232003","874558344593195008","validnewsid"
"1838158170897957016","Mon Sep 23 10:07:13 +0000 2024","81","MER-C dan Kitabisa Lakukan Kerjasama Pengadaan Kendaraan Operasional untuk RS Indonesia di Gaza Utara Palestina Dukungan dan Donasi: Bank Central Asia (BCA) 686.0153678 Bank Mandiri 124.000.8111.925 Bank Syariah Indonesia (BSI) 700.1352.061 Bank Mega Syariah https://t.co/WeDOtNt2mJ","1838158170897957016","https://pbs.twimg.com/amplify_video_thumb/1838157730739343360/img/2dlIiIMUwZRBnG4k.jpg","","in","Jakarta, Indonesia","1","0","58","https://x.com/mercindonesia/status/1838158170897957016","193663043","mercindonesia"
"1115752001839742981","Tue Apr 09 23:03:01 +0000 2019","198","Hemos sido calificados como un Banco #AAA por PCR - Pacific Credit Rating. Este logro ha sido obtenido gracias al esfuerzo que ponemos día a día por brindar todo el respaldo y el servicio que merecen nuestros clientes. #BancoBolivariano https://t.co/shTEkqtVbj","1115752001839742981","https://pbs.twimg.com/media/D3vyhUFXsAAf1V2.jpg","","es","Ecuador","4","9","38","https://x.com/BcoBolivariano/status/1115752001839742981","252884601","BcoBolivariano"
"1837822051195015456","Sun Sep 22 12:36:57 +0000 2024","0","@fajarnasrudin07 Pastikan Anda berinteraksi dengan akun resmi Bank BCA yang verified (centang biru). Nomor WhatsApp resmi Bank BCA yaitu 08111500998. Namun mohon maaf untuk link tersebut tidak bisa kami buka.","1837833463938060444","","fajarnasrudin07","in","","0","0","0","https://x.com/KartuKreditBCA/status/1837833463938060444","198556824","KartuKreditBCA"
"1837148918817378560","Sat Sep 21 02:27:03 +0000 2024","0","@alohabey Selamat pagi @alohabey. Dengan senang hati kami akan segera membalas DM Anda. Pastikan hanya berinteraksi dengan akun resmi Social Media BCA yang verified bercentang biru kecuali X (Twitter) dengan centang emas. Nomor WhatsApp resmi Bank BCA yaitu 08111500998 (centang biru).","1837317587639882012","","alohabey","in","","0","0","0","https://x.com/KartuKreditBCA/status/1837317587639882012","198556824","KartuKreditBCA"
"1838523229486616843","Wed Sep 25 03:10:32 +0000 2024","0","@CHONX_B Selamat pagi @CHONX_B. Kami akan segera membalas DM yang Anda kirimkan ya. Pastikan hanya berinteraksi dengan akun resmi Social Media Bank BCA yang verified bercentang biru kecuali X (Twitter) dengan centang emas. Nomor WhatsApp resmi Bank BCA yaitu 08111500998 (centang biru).","1838778083270365241","","CHONX_B","in","","0","0","0","https://x.com/KartuKreditBCA/status/1838778083270365241","198556824","KartuKreditBCA"
"1254803610967441414","Mon Apr 27 16:04:28 +0000 2020","839","Sálganse apenas puedan de @BCPComunica es el peor banco q existe. Te obliga a salir de tu casa para sacar tu AFP y sino te da como sulución que reclames y cito si eres persona vulnerable en 15 días puede estar en tu cuenta. Señores @BCPComunica hoy TODOS somos vulnerables.","1254803610967441414","","","es","Lima","26","109","252","https://x.com/paolamiglio/status/1254803610967441414","57969832","paolamiglio"
"1565233438038192128","Thu Sep 01 07:01:46 +0000 2022","204","Per hari ini layanan Aplikasi Info BCA berhenti beroperasi. Dapatkan info promo terbaru BCA pengajuan Kartu Kredit BCA cabang BCA terdekat pengecekan Reward BCA hingga cara menghubungi Halo BCA di website resmi BCA: https://t.co/hYuLdGNc52. Info: https://t.co/tF0rHpOtIP https://t.co/plhEckIpNL","1565233438038192128","https://pbs.twimg.com/media/FbjSJgGVQAII3v8.jpg","","in","","2","64","132","https://x.com/BankBCA/status/1565233438038192128","567255514","BankBCA"
"1838914292160270688","Thu Sep 26 15:00:00 +0000 2024","0","@ElissaDhini Halo @ElissaDhini. Pantengin terus informasi terbaru dari akun resmi sosial media Bank BCA yang verified bercentang biru kecuali Twitter dengan centang emas. Nomor WhatsApp resmi Bank BCA yaitu 08111500998 (centang biru).","1839319015556264114","","ElissaDhini","in","","0","0","0","https://x.com/GoodLifeBCA/status/1839319015556264114","17824435","GoodLifeBCA"
"1801832252994949273","Mon Sep 30 12:09:43 +0000 2024","0","@turboaccount Halo @turboaccount. Kami sudah membalas pesan kamu melalui DM ya. Pastikan kamu selalu berinteraksi dengan akun resmi Bank BCA yang sudah terverifikasi.","1840725710312525964","","turboaccount","in","","0","0","0","https://x.com/GoodLifeBCA/status/1840725710312525964","17824435","GoodLifeBCA"
"1839430052255268876","Thu Sep 26 22:39:50 +0000 2024","0","@MHS_Net Pastikan hanya berinteraksi dengan akun resmi Sosial Media BCA yang verified bercentang biru kecuali X (Twitter) dengan centang emas. Nomor WhatsApp resmi Bank BCA yaitu 08111500998 (centang biru). (3/3)","1839434733060829429","","MHS_Net","in","","0","0","0","https://x.com/GoodLifeBCA/status/1839434733060829429","17824435","GoodLifeBCA"
"1838254282489180270","Mon Sep 23 16:29:08 +0000 2024","0","Memang tapi coba mindsetnya dibuat kayak gini. Selama bertransaksi menggunakan bank swasta/bumn yg terdaftar LPS jangan panik. Apalagi sekelas BCA itu bank swasta terbaik. Biar gak gampang percaya sama yang suka nyamber di twit.","1838254282489180270","","","in","Di segelas cokelat hangat 💕","0","0","0","https://x.com/haloOCTA/status/1838254282489180270","1051433545409781760","haloOCTA"
"1753755377433497779","Sat Feb 03 12:20:39 +0000 2024","737","Dominasi 3 bank (bri bca mandiri) kuasai sktar 90% pasar bank RI. Fenomena ini mengkonfirmasi 3 prinsip klasik : - Pareto Effect : big players akan kuasai min 80% market - Mathew Effect : yg besar makin mudah menangkan kompetisi - Winers Take All : yg besar kuasai semuanya","1753755377433497779","","","in","","4","6","174","https://x.com/Strategi_Bisnis/status/1753755377433497779","190535830","Strategi_Bisnis"
"1582081094123651073","Mon Oct 17 18:48:21 +0000 2022","220","Bank of America $BAC CEO Moynihan: bank s credit quality is strong and delinquencies are low.","1582081094123651073","","","en","United States","9","96","24","https://x.com/unusual_whales/status/1582081094123651073","1200616796295847936","unusual_whales"
"1839430052255268876","Thu Sep 26 22:39:43 +0000 2024","0","@MHS_Net Untuk keamanan data perbankan jangan pernah menekan link yang diberikan oleh akun palsu yang mengatasnamakan Bank BCA ataupun orang lain serta jangan pernah informasikan nomor kartu ATM PIN kode CVV/CVC dan kode OTP kepada siapapun. (2/3)","1839434707563643200","","MHS_Net","in","","0","0","0","https://x.com/GoodLifeBCA/status/1839434707563643200","17824435","GoodLifeBCA"
"1722402880257409225","Wed Nov 08 23:57:02 +0000 2023","346","Bg yg sdh pakai BCA Mobile Banking ada baiknya migrasi ke MyBCA (sama2 mobile banking dari bca tapi jauh lbh bagus x modern). Tampaknya BCA sengaja gak promo myBCA besar2an demi jaga loyalitas pemakai app lama (yg sebenarnya sdh terasa agak jadul). https://t.co/IAk0NZC4bK . https://t.co/NtiC7fo2Tx","1722402880257409225","https://pbs.twimg.com/media/F-c0SpyakAAwAus.jpg","","in","","19","65","87","https://x.com/Strategi_Bisnis/status/1722402880257409225","190535830","Strategi_Bisnis"
"1701617903718604954","Tue Sep 12 15:24:57 +0000 2023","1639","Lo del banco @bbva es realmente un desastre. No funciona nada. Ni la app. Ni su res. Las transferencias no se hacen. Y encima de eso como no se pueden hacer de manera virtual lo obligan a uno a pagar el costo por ventanilla. Era un gran banco. Lastima.","1701617903718604954","","","es","Colombia","37","302","504","https://x.com/MJDuzan/status/1701617903718604954","174443391","MJDuzan"
"1547658597856817159","Thu Jul 14 19:05:38 +0000 2022","211","The Office of the Comptroller of the Currency (OCC) assessed a $125 million civil money penalty against Bank of America $BAC for violations of law and unsafe or unsound practices.","1547658597856817159","","","en","United States","6","25","32","https://x.com/unusual_whales/status/1547658597856817159","1200616796295847936","unusual_whales"
"1687104707024875521","Thu Aug 03 14:14:41 +0000 2023","521","Bank of America is spying on their customers for the federal government. If you do your banking with BOA dump them immediately.","1687104707024875521","","","en","USA","8","58","143","https://x.com/ACTBrigitte/status/1687104707024875521","722528529716383744","ACTBrigitte"
"1443676771627438092","Thu Sep 30 20:38:59 +0000 2021","333","Hablando de bancos never forget cuando BAC (Aquí decimos nombre) me cobró como casi $300.00 para cancelar una tarjeta de crédito porque me habían metido en un plan de alivio financiero sin decirme y lo peor del caso el MISMO BANCO me sobregiró mi tarjeta sin decirme también.","1443676771627438092","","","es","Panamá","9","26","91","https://x.com/TheBunnyHero11/status/1443676771627438092","80465728","TheBunnyHero11"
"1146072723594108934","Tue Jul 02 15:06:44 +0000 2019","393",".@BankofAmerica s virtue signaling &amp; pandering to the AOC crowd will do them exactly zero good next time the Left has BOA in their crosshairs. But alienating a bunch of us (I m a customer) who might otherwise defend them seems like a good business move! https://t.co/q8nMDs73nr","1146072723594108934","","","en","Washington, DC","6","48","77","https://x.com/guypbenson/status/1146072723594108934","16193222","guypbenson"
"1491771332987658241","Thu Feb 10 13:49:36 +0000 2022","239","César Bona trabaja para ABANCA y va dando conferencias con su fundación llamadas Humanizar la educación . ABANCA un banco rescatado con dinero público famoso por ejecutar desahucios sin miramientos por los ERE a sus empleados y denunciada últimamente por comisiones abusivas.","1491771332987658241","","","es","","1","9","75","https://x.com/PascualGil1/status/1491771332987658241","823740128","PascualGil1"
"1819051020699443679","Thu Aug 01 16:42:14 +0000 2024","502","UBS has sued Bank of America $BAC for $200 million on Wednesday saying the second-largest U.S. bank refused to cover its legal costs related to risky mortgages issued before the 2008 global financial crisis.","1819051020699443679","","","en","United States","10","50","91","https://x.com/unusual_whales/status/1819051020699443679","1200616796295847936","unusual_whales"
"1555469015694606337","Fri Aug 05 08:21:27 +0000 2022","256","Waspada kepada pihak yang menawarkan Anda bantuan untuk menjadi anggota BCA Prioritas. Selalu pastikan akun dan infonya dari pihak resmi BCA. Hindari klik link yang diberikan pelaku serta jangan pernah kasih data pribadi perbankan Anda! Selengkapnya: https://t.co/9Ij2elaZBq https://t.co/8IJ68RV2Fj","1555469015694606337","https://pbs.twimg.com/media/FZYie50akAAAeRw.jpg","","in","","1","61","119","https://x.com/BankBCA/status/1555469015694606337","567255514","BankBCA"
"1551587309467979776","Mon Jul 25 15:16:56 +0000 2022","668","#BBVA Bancomer es famoso por su incapacidad de asumir responsabilidad alguna en casos así. Su servicio de atención al público es prácticamente nulo. Nos consta. Una pena lo que le pasó a esa señorita pero seguro que no es la única y seguro tampoco el único banco donde pasa.","1551587309467979776","","","es","México","9","43","318","https://x.com/AccionCivilMX/status/1551587309467979776","1470940169658380289","AccionCivilMX"
"1299807792111513600","Sat Aug 29 20:35:01 +0000 2020","320","La Estafa de Andorra. Documental completo. El banco BPA fue cerrado por los gobiernos 🇪🇦 estadounidense y andorrano en los esfuerzos de 🇪🇦 por destruir el Movimiento Independentista de Catalunya. Prisión para inocentes y robo de ahorros de toda la vida. https://t.co/sdb7bvKq4i https://t.co/kd0zsflpdW","1299807792111513600","https://pbs.twimg.com/media/EgnYTCaX0AUx3QS.jpg","","es","La meva Costa Brava, Catalunya","6","15","384","https://x.com/pancracieta/status/1299807792111513600","2766936789","pancracieta"
"1635827502596644864","Wed Mar 15 02:17:23 +0000 2023","251","Bank of America mopped up more than $15 billion in new deposits in a matter of days emerging as one of the big winners after the collapse of three smaller banks https://t.co/iS15Jh9mwH","1635827502596644864","","","en","New York and the World","15","13","115","https://x.com/business/status/1635827502596644864","34713362","business"
"1744260352236286394","Mon Jan 08 07:30:49 +0000 2024","599","Bank of America (BofA) Türk bankaları için değerlemelerin cazip olduğunu anlatan yeni bir rapor yayınladı.. Bofa raporunda Akbank Garanti Yapı Kredi ve İş Bankası için AL tavsiyesi verdi. #BofA kamu bankalarından ise uzak duruyor...","1744260352236286394","","","tr","İstanbul, Türkiye","8","41","27","https://x.com/barisesen/status/1744260352236286394","205251013","barisesen"
"1300090636453007360","Sun Aug 30 15:18:56 +0000 2020","250","A ver ignorantes. El BPA (Banca Privada d'Andorra) fue acusada de blanqueo de capitales por el Departamento del Tesoro de EEUU. El gobierno andorrano intervino la entidad poco después. Relacionarlo con el Prusés o el Emérito es de perturbados mentales.","1300090636453007360","","","es","","1","10","66","https://x.com/AttFinch10/status/1300090636453007360","872179483515777025","AttFinch10"
"1788876425639903690","Fri May 10 10:19:10 +0000 2024","520","Yo sé que os va a dar igual que vais a decir que es mentira y blablabla... pero las cajas de ahorro NO SON BANCOS PÚBLICOS. El último banco público que tuvimos se llamaba Argentaria y se privatizó para que se la quedara el BBV. https://t.co/pFxrhC3wGN https://t.co/5BJGcJ6qX3","1788876425639903690","https://pbs.twimg.com/media/GNNdgyyXgAAwHci.png","","es","GallegoValenciano en Madrid","9","63","231","https://x.com/EconoCabreado/status/1788876425639903690","399275188","EconoCabreado"
"1745565067943289230","Thu Jan 11 21:55:24 +0000 2024","1395","Por otro lado el BNA tiene un ROE (rentabilidad sobre patrimonio) más que abultado de 27 6% a oct 2023 superior a otros bancos privados: -BBVA (18 2%) -Macro (16 8%) -Santander (19 57%) -HSBC (20%) Puede ir a ver el propio reporte del BCRA sobre entidades financieras de","1745565093612458061","","Juli_Strada","es","Buenos Aires, Argentina","6","15","495","https://x.com/Juli_Strada/status/1745565093612458061","3187616987","Juli_Strada"
"1314146768565616643","Thu Oct 08 10:12:59 +0000 2020","380","Kepada para netizen jadilah #GenerasiAntiModus. Ingat akun resmi bank BCA itu sudah verified dan ada centang birunya. Jangan pernah kasih data pribadi ke siapapun. Share ke temanmu yang lain agar mereka terhindar dari modus akun palsu ini. Info lanjut di https://t.co/xHGlw5qScC","1314146768565616643","","","in","","11","26","156","https://x.com/BankBCA/status/1314146768565616643","567255514","BankBCA"
"1749961226187104728","Wed Jan 24 01:04:07 +0000 2024","1501","BANCO NACIÓN (BNA) Quieren apropiarse del 20% de los depósitos del sistema que maneja el BNA. Son $13 billones de pesos. Tiene sucursales en todo el país y afuera también. Brinda servicios financieros esenciales. De cada 10 pesos que presta 8 son a pymes. Gana plata: $700 mil https://t.co/TQATAf3Ie9","1749961242750415249","https://pbs.twimg.com/media/GEkTvZvXAAAwOIi.jpg","Juli_Strada","es","Buenos Aires, Argentina","22","23","818","https://x.com/Juli_Strada/status/1749961242750415249","3187616987","Juli_Strada"
"1532692028966027265","Fri Jun 03 11:53:50 +0000 2022","1464","Bank of America est l'un des principaux financiers qui propose de meilleures conditions que CVC pour le business audiovisuel. (ARA) ","1532692028966027265","","","fr","Camp Nou","5","12","61","https://x.com/ActualiteBarca/status/1532692028966027265","873692750880940032","ActualiteBarca"
"1333163169007742977","Mon Nov 30 00:50:12 +0000 2020","187","@IaconiBiagio @EmmaKump Ma voi non state bene. La caverna di Alì Babà La BANCA PIU' GRANDE DEL MONDO (ICBC of China) vale 280 miliardi TUTTA. Con 160 miliardi compri TUTTA Bank of America. Con 37 miliardi ti porti a casa TUTTA BANCA INTESA.","1333211695209213953","","ilnomece","it","Italia","0","24","48","https://x.com/borghi_claudio/status/1333211695209213953","337767301","borghi_claudio"
