"conversation_id_str","created_at","favorite_count","full_text","id_str","image_url","in_reply_to_screen_name","lang","location","quote_count","reply_count","retweet_count","tweet_url","user_id_str","username"
"1413466125371727877","Fri Jul 09 11:52:39 +0000 2021","681","Lotaogaseee sekarang BCA gak mau kalah ikutan bikin Bank Digital juga? Namanya BLU by BCAdigital Ini entitas yg berbeda dari Bank BCA konvensional. Semua serba digital. Mari kita kupas apa kelebihan dan kekurangannya : https://t.co/bsO5YBopJi","1413466125371727877","https://pbs.twimg.com/media/E52j800VgAUMa-Z.jpg","","in","Jakarta Capital Region","56","28","183","https://x.com/BanyuSadewa/status/1413466125371727877","55108943","BanyuSadewa"
"1782988579721089526","Wed Apr 24 04:22:58 +0000 2024","3354","Kita punya cara membuat bukti bakti yang akan terus tumbuh. BCA selalu mengupayakan melalui aktivitas bagi kebaikan putra-putri bangsa masyarakat dan alam. Bakti BCA menggandeng @nicsap &amp; kita semua membuat lebih banyak jejak #BuktiBaktiBCA ke penjuru nusantara. https://t.co/Z5csp3HkDu","1782988579721089526","https://pbs.twimg.com/media/GL5yTQvbUAAeOlm.jpg","","in","","124","73","322","https://x.com/BankBCA/status/1782988579721089526","567255514","BankBCA"
"1615836985846898720","Wed Jan 18 22:22:12 +0000 2023","22638","Lots of reports on Instagram Tiktok Reddit of problems at Bank of America. $BAC Many customers are missing money and not getting answers. sound ... #bankofamerica https://t.co/t1hQPdG2xU","1615836985846898720","https://pbs.twimg.com/ext_tw_video_thumb/1615836616836227074/pu/img/4FoXKrfR4xW8DTIJ.jpg","","en","👉","1576","2082","8673","https://x.com/WallStreetMav/status/1615836985846898720","1366565625401909249","WallStreetMav"
"1834958358430073023","Sat Sep 14 14:12:19 +0000 2024","812","NEW WORK: Custom Fonts for Bank BCA This typeface created with geometric proportions and a rational approach and intended to improve company communication and elevate BCA digital products such as m-Banking and the most prevalent internal social media communications. https://t.co/JD93uN77FX","1834958358430073023","https://pbs.twimg.com/ext_tw_video_thumb/1834958103466622976/pu/img/EYB7lpERIWcmS1Qt.jpg","","en","Indonesia","38","2","172","https://x.com/tokotype/status/1834958358430073023","143082845","tokotype"
"1704153550807293997","Tue Sep 19 15:20:42 +0000 2023","259","UPDATE: Climate activists have swarmed @BankofAmerica s other entrance. BoA is a leading funder of the Mountain Valley Pipeline a bankroller to Amazon destruction and ConocoPhillips the company behind the Willow Project. #ClimateShutdown #EndFossilFuels https://t.co/HgvTzTXBYy","1704153550807293997","https://pbs.twimg.com/ext_tw_video_thumb/1704153425452109824/pu/img/kDIbUDmAMBaN332j.jpg","","en","New York City & Long Island","6","16","90","https://x.com/nychange/status/1704153550807293997","97071323","nychange"
"1566274858530381824","Sun Sep 04 04:00:00 +0000 2022","651","Segenap keluarga besar BCA mengucapkan terima kasih kepada pelanggan yang setia bersama. Semoga BCA senantiasa menjadi partner dalam memenuhi kebutuhan perbankan dan transaksi Anda. Selamat Hari Pelanggan Nasional! #BCABlueWaves #BCAHPN2022 #StrongerThroughYourPatronage https://t.co/FnbmUU4ro4","1566274858530381824","https://pbs.twimg.com/ext_tw_video_thumb/1565654851329335296/pu/img/_QeHDJg-qHCrS9Nu.jpg","","in","","1","139","222","https://x.com/BankBCA/status/1566274858530381824","567255514","BankBCA"
"1874069043596132699","Tue Dec 31 12:24:13 +0000 2024","238"," 2024 akan segera berakhir namun perjuangan untuk kemanusiaan tidak boleh berhenti sampai detak jantung terakhir - dr. Taufiq Nugroho SpB. FINACS. FICS - Donation Account: Bank Central Asia (BCA) 686.0153678 Bank Mandiri 124.000.8111.925 Bank Syariah https://t.co/vOgJDuzn87","1874069043596132699","https://pbs.twimg.com/amplify_video_thumb/1874068822350848002/img/aelBIvKdIs3S-Z1B.jpg","","in","Jakarta, Indonesia","2","2","182","https://x.com/mercindonesia/status/1874069043596132699","193663043","mercindonesia"
"1123752869516148738","Thu May 02 00:55:37 +0000 2019","738","Our headquarters building is green tonight in support of @unccharlotte and all affected by yesterday s tragedy. We stand with you. #CharlotteStrong https://t.co/BmvYoxXyZi","1123752869516148738","https://pbs.twimg.com/media/D5hfRhjWkAAjZex.jpg","","en","","15","11","179","https://x.com/BankofAmerica/status/1123752869516148738","204881628","BankofAmerica"
"1285159171654991872","Mon Jul 20 10:26:38 +0000 2020","1476"," Dear para admin akun palsu yang ngaku Bank BCA.... Video ini dibuat untuk kalian. Ingat ya akun resmi BCA sudah verified dan ada centang birunya . Share ke teman-teman yang lain supaya mereka terhindar dari modus akun palsu ini. #AwasModus Info https://t.co/6eUtnpXlt5 https://t.co/FE9WqsLP4q","1285159171654991872","https://pbs.twimg.com/ext_tw_video_thumb/1285158901462097920/pu/img/lEJz0Q_p70RG5JIn.jpg","","in","","26","56","489","https://x.com/GoodLifeBCA/status/1285159171654991872","17824435","GoodLifeBCA"
"1304276595646005248","Fri Sep 11 04:32:27 +0000 2020","282","En cenizas quedó parte de la sede del banco BBVA en la Calle 5 víctima de vándalos que rompieron vidrios dañaron los cajeros automáticos e incendiaron una oficina. En total cinco entidades bancarias fueron atacadas y saqueadas en Cali. Video: Bernardo Peña - El País https://t.co/izywxGyMri","1304276595646005248","https://pbs.twimg.com/amplify_video_thumb/1304275659536117762/img/VYviFYbSPfxvrLLr.jpg","","es","Cali, Colombia","52","177","114","https://x.com/elpaiscali/status/1304276595646005248","14050583","elpaiscali"
"1831505097370505724","Thu Sep 05 03:10:33 +0000 2024","382","@tanyarlfes Salah satu bank digital yang aku pilih dari beberapa pilihan. Meski bunga tabungan gak setinggi yang lain cuma merasa 'aman' aja karena ada nama BCA. Btw kalau tabungannya mencar-mencar coba catat dalam 1 sheet kaya gini. *cuma contoh bukan aset aku. https://t.co/jfFLYgs9VE","1831530328453943770","https://pbs.twimg.com/media/GWrnAWXa8AI4v4w.jpg","tanyarlfes","in","Jakarta, Indonesia","1","2","28","https://x.com/andreqve/status/1831530328453943770","281953234","andreqve"
"1678950335019139074","Wed Jul 12 02:12:07 +0000 2023","325","NEWS: Bank of America $BAC is ordered to pay 1/3 of one business day's revenue for stealing from clients. That'll teach them. https://t.co/Od1qOORluW","1678950335019139074","https://pbs.twimg.com/media/F0zUbidXwAIUJDY.jpg","","en","MOASS, TX","5","20","55","https://x.com/Malone_Wealth/status/1678950335019139074","1310681238068322304","Malone_Wealth"
"1389520404344152067","Tue May 04 10:00:55 +0000 2021","570","Ayo kenalan dengan myBCA! Sebuah #LangkahAwal untuk memberikan pengalaman mobile dan internet banking yang lebih baik dan lebih simpel. Saatnya memulai langkah awal ini dan rasakan kemudahan bertransaksi di myBCA! Cek infonya di: https://t.co/JaVq2r2fJN https://t.co/8wi6YhZza2","1389520404344152067","https://pbs.twimg.com/ext_tw_video_thumb/1389520024688156673/pu/img/2FbNBo6GhtuLq2q1.jpg","","in","","9","17","31","https://x.com/BankBCA/status/1389520404344152067","567255514","BankBCA"
"1404710267360063489","Tue Jun 15 08:00:00 +0000 2021","329","#AwasModus penipuan mengatasnamakan BCA baik yang melalui telepon website WA atau DM dengan nomor/akun/tautan yang #SerupaTapiTakSama. Selalu jaga kerahasiaan data pribadi perbankan Anda sebab #DatamuRahasiamu. Yuk simak video berikut! Info: https://t.co/QYa43SHZD3 https://t.co/xiNm69GHUn","1404710267360063489","https://pbs.twimg.com/ext_tw_video_thumb/1404653225182056448/pu/img/ykCsP5nM0JL_X7eg.jpg","","in","","3","1","15","https://x.com/BankBCA/status/1404710267360063489","567255514","BankBCA"
"1281738188239720448","Fri Jul 10 23:52:52 +0000 2020","2694","Gercep jg BCA. Tempo hari akuisisi Bank Royal. Ternyata Royal Bank akan diubah total menjadi Digital Banking by BCA. Fitur2 digital banking akan jauh lebih lengkap dibanding mobile banking. BCA ini raksasa. Tapi tetap lincah kayak start up kalo inovasi. Innovate or die. https://t.co/g6z6kt8NfO","1281738188239720448","https://pbs.twimg.com/media/EcmmFe_U8AE64Ft.jpg","","in","","223","123","1641","https://x.com/Strategi_Bisnis/status/1281738188239720448","190535830","Strategi_Bisnis"
"1285159993981849603","Mon Jul 20 10:29:54 +0000 2020","881","Pastikan Anda hanya mengikuti akun resmi Bank BCA di media sosial yang sudah terverifikasi atau memiliki centang biru. #AwasModus jangan pernah memberikan data pribadi seperti nomor kartu ATM dan kode OTP kepada siapapun! Info: https://t.co/AIJP7eNBt4 https://t.co/1G39IMiZ4L","1285159993981849603","https://pbs.twimg.com/ext_tw_video_thumb/1285159760476561408/pu/img/jZn7N9LX38sEo6tR.jpg","","in","","10","20","162","https://x.com/BankBCA/status/1285159993981849603","567255514","BankBCA"
"1483428623839379463","Tue Jan 18 13:18:39 +0000 2022","3166","American Bankers Association: We firmly stand with banks offering #Bitcoin https://t.co/b2TawEjggk","1483428623839379463","https://pbs.twimg.com/media/FJYw-seWUAgmhdb.jpg","","en","Nashville, TN","59","149","518","https://x.com/BitcoinMagazine/status/1483428623839379463","361289499","BitcoinMagazine"
"1788496155212652590","Thu May 09 09:08:06 +0000 2024","491","Selamat Kepada Nasabah BCA di mana pun berada Bank Anda Telah dinobatkan sebagai brand perbankan terkuat di Dunia (The World's Strongest Banking Brand) oleh Brand Finance Untuk Nasabah Bank BUMN/Bank Pembangunan Daerah salam kompak dan tetap Semangat https://t.co/tsSuRVGnSl","1788496155212652590","https://pbs.twimg.com/ext_tw_video_thumb/1788495411722006528/pu/img/HjeVV4s_1NU4BFdb.jpg","","in","I N D O N E S I A","4","26","165","https://x.com/Heraloebss/status/1788496155212652590","1251824880967774208","Heraloebss"
"1426074062233563140","Fri Aug 13 08:57:59 +0000 2021","513","@beeeemooooo Betul bgt bank yang lain cukup buat nabung aja kalo buat transaksi sehari-hari belum ada yg bisa ngalahin BCA. Lagi depan kasir dadakan isi shopeepay/gopay/ovo cuma itungan detik. Klo dari bank lain keburu ditempeleng customer yg antri dibelakang. https://t.co/1oGLlrlHRU","1426105740935139328","https://pbs.twimg.com/media/E8qLmMBVgAcAse4.jpg","beeeemooooo","in","Jakarta","49","52","101","https://x.com/Widino/status/1426105740935139328","105714755","Widino"
"1849792143701016813","Fri Oct 25 12:36:29 +0000 2024","375","Dibalik Bank nomor 1 di Indonesia ada mindset Learning Organization Hari ini kembali ngisi training buat MDP dan WMP BCA di BCA Learning Institute Ini Training center BCA tapi udah kayak kampus. 2 Gedung 10 Lantai. Bisa ada 2000-3000 orang pegawai yang dilatih setiap hari https://t.co/SHTSoWNhpL","1849792143701016813","https://pbs.twimg.com/media/GavIFR5bkAEXWGh.jpg","","in","","4","10","63","https://x.com/MFaizGhifari/status/1849792143701016813","348988180","MFaizGhifari"
"1603555844708532224","Fri Dec 16 01:01:20 +0000 2022","3093","#AwasModus penipuan mengatasnamakan BCA! Selalu jaga data pribadi perbankan Anda! #TolakDenganAnggun siapa pun yang meminta Nomor Kartu ATM PIN Kode OTP atau Kode CVV/CVC. Menjaga kerahasiaan dan terhindar dari penipuan dimulai dari diri sendiri! Info: https://t.co/GO0qpH08C2 https://t.co/kpY0Y19olw","1603555844708532224","https://pbs.twimg.com/amplify_video_thumb/1603555515174641664/img/biILGw0CRAKkmCUN.jpg","","in","","310","222","354","https://x.com/BankBCA/status/1603555844708532224","567255514","BankBCA"
"1098786220652425216","Fri Feb 22 03:27:04 +0000 2019","2130","Hari ini #BCAExpoversary2019 resmi dibuka. Sudah siap untuk datang dan ikut meramaikan BCA Expoversary 2019 buat #DapetinLebihnya? https://t.co/iXRADRtfaK","1098786220652425216","https://pbs.twimg.com/media/Dz-rhzDV4AA9-Oc.jpg","","in","","20","53","260","https://x.com/BankBCA/status/1098786220652425216","567255514","BankBCA"
"1778998390745149788","Sat Apr 13 04:07:23 +0000 2024","3703","BCA emang keren bgt yaa aplikasi myBCA nya canggih aplikasi Halo BCA nya juga memudahkan bgt nelpon CS langsung kesambung ga pake nunggu lama harus pencet2 nomor kaya bank lain trus barusan laporan transaksi cc yg ga dikenal langsung diproses dan bakal di refund https://t.co/BHS2oPVgM8","1778998390745149788","https://pbs.twimg.com/media/GLBFl76agAE-pg9.jpg","","in","Jakarta","189","269","588","https://x.com/Widino/status/1778998390745149788","105714755","Widino"
"1568150486238523392","Fri Sep 09 08:13:05 +0000 2022","223","Transfer antar bank dengan Layanan Transfer BI FAST sudah bisa Anda lakukan di BCA mobile. Transaksinya realtime 24/7 dengan biaya admin hanya Rp2.500 jangan lupa untuk meng-update aplikasi BCA mobile Anda ya! Info: https://t.co/FQWzuubvf0 https://t.co/r4c96iZdVl","1568150486238523392","https://pbs.twimg.com/ext_tw_video_thumb/1568150296102313985/pu/img/lemigam9VFn-4Bq9.jpg","","in","","4","36","37","https://x.com/BankBCA/status/1568150486238523392","567255514","BankBCA"
"1462574104641376260","Mon Nov 22 00:10:14 +0000 2021","205","Pelajaran ttg Branding. Tempo hari BCA akuisisi Bank Royal dan ubah nama jd Bank BCA Digital (100% full digital). Namanya ada BCA. Bank BRI ubah BRI Agro jd bank digital dan ganti nama jd Bank Raya. Nama gak bawa brand BRI. Strategi penamaan bca mungkin lbh efektif. https://t.co/GphJVc3OXH","1462574104641376260","https://pbs.twimg.com/media/FEwbZYbUcAMeYCH.jpg","","in","","5","10","69","https://x.com/Strategi_Bisnis/status/1462574104641376260","190535830","Strategi_Bisnis"
"1466739073096171523","Fri Dec 03 12:00:20 +0000 2021","168","We are excited to announce our strategic partnership with @BCAinvestments BCA (Blockchain Crypto Assets) investments is an investment firm based in the Netherlands established this year Their mission is to support upcoming projects in the blockchain space [1\2] https://t.co/5qNLGAwjtD","1466739073096171523","https://pbs.twimg.com/media/FFrnaa-UcAIvNGp.jpg","","en","Switzerland","4","67","153","https://x.com/JigenLabs/status/1466739073096171523","1382003008205160452","JigenLabs"
"1874002473591201881","Tue Dec 31 07:59:41 +0000 2024","229","MER-C dan Kementerian Kesehatan Palestina di Gaza Tandatangani MoU terkait Dukungan Untuk Poliklinik di Khan Younis Donation Account: Bank Central Asia (BCA) 686.0153678 Bank Mandiri 124.000.8111.925 Bank Syariah Indonesia (BSI) 700.1352.061 Bank Mega https://t.co/4kXJWCPPCp","1874002473591201881","https://pbs.twimg.com/amplify_video_thumb/1874002291772317697/img/Z9ArM1nlBTof1w9x.jpg","","in","Jakarta, Indonesia","2","0","141","https://x.com/mercindonesia/status/1874002473591201881","193663043","mercindonesia"
"1841635256694383030","Thu Oct 03 00:23:55 +0000 2024","221","Tin nóng - Bank of America ngừng hoạt động: Khách hàng báo cáo ngừng hoạt động trên diện rộng số dư tài khoản hiển thị bằng 0. Như vậy basel3 chính thức có hiệu lực và k còn là thuyết âm mưu. Tất cả muốn tồn tại phải chuyển QFS và thông qua #pinetwork. https://t.co/btKdCpwZyy","1841635256694383030","https://pbs.twimg.com/media/GY7Nf3RbAAAT3OX.jpg","","vi","Việt Nam","2","10","23","https://x.com/hoanggcp2/status/1841635256694383030","1719401959038570497","hoanggcp2"
"1874008861616509398","Tue Dec 31 08:25:04 +0000 2024","0","-busi! 002 butuh cōnvert? Di @ sinnapreqnar bisa! cv all ewallēt prem + nonprēm cv bank sēabank supērbank bca bri mandiri avail va virtual accoūnt cv tōpup päypal usd https://t.co/oqlbeGMRBp","1874008861616509398","https://pbs.twimg.com/media/GaetMFabEAIh_u6.jpg","","lv","-busi!","0","1","0","https://x.com/breadfess/status/1874008861616509398","1820751020617875456","breadfess"
"1722092433943748974","Wed Nov 08 03:23:25 +0000 2023","1190","Bank of America $BAC has a $130 billion unrealized loss on their balance sheet and only has $29 billion in income in the last 12 months. https://t.co/MC6LY3ET2F","1722092433943748974","https://pbs.twimg.com/media/F-YZ73zboAAtMwm.jpg","","en","MOASS, TX","41","77","317","https://x.com/Malone_Wealth/status/1722092433943748974","1310681238068322304","Malone_Wealth"
"1115752001839742981","Tue Apr 09 23:03:01 +0000 2019","198","Hemos sido calificados como un Banco #AAA por PCR - Pacific Credit Rating. Este logro ha sido obtenido gracias al esfuerzo que ponemos día a día por brindar todo el respaldo y el servicio que merecen nuestros clientes. #BancoBolivariano https://t.co/shTEkqtVbj","1115752001839742981","https://pbs.twimg.com/media/D3vyhUFXsAAf1V2.jpg","","es","Ecuador","4","8","38","https://x.com/BcoBolivariano/status/1115752001839742981","252884601","BcoBolivariano"
"1872602019934183440","Fri Dec 27 11:14:47 +0000 2024","221","MER-C Kembali Bagikan Makanan untuk Ribuan Warga Gaza (20-22 Desember 2024) Donation Account: Bank Central Asia (BCA) 686.0153678 Bank Mandiri 124.000.8111.925 Bank Syariah Indonesia (BSI) 700.1352.061 Bank Mega Syariah (BMS) 1000.209.400 Bank Muamalat https://t.co/uAWKmN7Uld","1872602019934183440","https://pbs.twimg.com/amplify_video_thumb/1872601874295300096/img/lqGqUsZqHCdrs1Mt.jpg","","in","Jakarta, Indonesia","0","1","156","https://x.com/mercindonesia/status/1872602019934183440","193663043","mercindonesia"
"1565233438038192128","Thu Sep 01 07:01:46 +0000 2022","204","Per hari ini layanan Aplikasi Info BCA berhenti beroperasi. Dapatkan info promo terbaru BCA pengajuan Kartu Kredit BCA cabang BCA terdekat pengecekan Reward BCA hingga cara menghubungi Halo BCA di website resmi BCA: https://t.co/hYuLdGNc52. Info: https://t.co/tF0rHpOtIP https://t.co/plhEckIpNL","1565233438038192128","https://pbs.twimg.com/media/FbjSJgGVQAII3v8.jpg","","in","","2","64","130","https://x.com/BankBCA/status/1565233438038192128","567255514","BankBCA"
"1841588159911514342","Wed Oct 02 21:16:47 +0000 2024","2694","Abd nin en büyük ikinci bankası Bank of America da yaşanan sorunlar nedeniyle tüm müşteriler şuan bakiyelerini 0$ olarak görüyor. Önceden olsa bu habere bitcoin bi coşku atağı verirdi. Yaşlandın bitcoinnn https://t.co/SmZVKN6iUO","1841588159911514342","https://pbs.twimg.com/amplify_video_thumb/1841588096401391616/img/KmFa7Ag1CztI6WCv.jpg","","tr","🇹🇷","4","99","100","https://x.com/Selcoin/status/1841588159911514342","185640900","Selcoin"
"1862694898304229536","Sat Nov 30 05:45:27 +0000 2024","3876","@Ichavarma_ BCA paling susah paling ribet paling pelit. Kartu kredit limitnya kecil mau ambil KUR di BCA syaratnya ribet. Kalo bank lain bisa lah nego. Tapi itu yg bikin BCA jadi aman. Kalo bisa ambil KPR pake BCA berarti developernya lolos test ribetnya BCA.","1862734668011037008","","Ichavarma_","in","Banyumas, Jawa Tengah","48","29","405","https://x.com/kecapasinabc/status/1862734668011037008","1224971411078303744","kecapasinabc"
"1144113402006167552","Thu Jun 27 05:21:06 +0000 2019","4646","Bank of America will end its association with companies that provide prisoner and immigrant detention services at both the state and federal levels. The move comes amid growing public concern about the nation's border policies. https://t.co/H8Cor9K5mk","1144113402006167552","","","en","","423","1016","1067","https://x.com/CNN/status/1144113402006167552","759251","CNN"
"1765119296035049699","Tue Mar 05 20:56:49 +0000 2024","1577","*midnight thoughts* Kenapa BBCA itu berada di harga premium diatas semua bank lain? apakah karena NIM nya? apakah CAR nya? apakah NPL rendah? apakah asset qualitynya? apakah efisiensi ROA? apakah branding? ato satpam yg baik? (becanda) Kenapa bisa trading di nilai buku https://t.co/URwc18wLll","1765119296035049699","https://pbs.twimg.com/media/GH72ohhaYAAu8rf.jpg","","in","Middle Earth","6","57","140","https://x.com/timothyronald22/status/1765119296035049699","1361502222840864768","timothyronald22"
"1338928618165121024","Tue Dec 15 19:27:13 +0000 2020","327","Excited to see the work that @BankofAmerica is doing with so many organizations on a local level. The resources they are providing to @ACCFB in my community of California are important &amp; offer support &amp; stability to those in need. #BofALocalStories #ad https://t.co/XNsYuZ79kh https://t.co/a8ZimjRFBw","1338928618165121024","https://pbs.twimg.com/ext_tw_video_thumb/1338928558526386180/pu/img/4R0OJFQQ_UKXucwI.jpg","","en","Manhattan, NY","23","0","31","https://x.com/andyyto/status/1338928618165121024","47575446","andyyto"
"1395680877179412485","Fri May 21 10:00:26 +0000 2021","592","#AwasModus penipu yang mengakses data perbankan dari nomor telepon yang sudah tidak digunakan lagi. Segera mungkin melakukan pengkinian data di cabang BCA atau hubungi Halo BCA khususnya nomor ponsel yang digunakan untuk menerima kode otorisasi perbankan! #DatamuRahasiamu https://t.co/r4xBYagEFn","1395680877179412485","https://pbs.twimg.com/media/E15wpB3VoAw8Ceo.jpg","","in","","1","9","61","https://x.com/BankBCA/status/1395680877179412485","567255514","BankBCA"
"1873954765803020683","Tue Dec 31 04:50:07 +0000 2024","0","-busi! 001 butuh cōnvert? Di @ sinnapreqnar bisa! cv all ewallēt prem + nonprēm cv bank sēabank supērbank bca bri mandiri avail va virtual accoūnt cv tōpup päypal usd https://t.co/oqlbeGMRBp","1873954765803020683","https://pbs.twimg.com/media/GaetMFabEAIh_u6.jpg","","lv","-busi!","0","1","0","https://x.com/breadfess/status/1873954765803020683","1820751020617875456","breadfess"
"1614131808253132804","Sat Jan 14 05:26:26 +0000 2023","400","so @BankofAmerica closed my account with pending items on my account just out the blue closed my account. I promise it s the worse bank ever they will reverse all your automated payments and charge back all your deposits to charge fees for returns to you .","1614131808253132804","","","en","","7","123","61","https://x.com/Jayecane/status/1614131808253132804","35837162","Jayecane"
"1295246480882765825","Mon Aug 17 06:30:00 +0000 2020","506","Melalui persembahan lagu ini keluarga besar BCA berkomitmen mendukung dan berdoa untuk Indonesia. Mari bersama bergenggaman erat berbuat lebih giat dan bersikap bijak. Karena kami percaya #IndonesiaKuat. Dirgahayu Indonesia #IndonesiaMaju! https://t.co/1rkEEQQMFL","1295246480882765825","","","in","","15","80","60","https://x.com/BankBCA/status/1295246480882765825","567255514","BankBCA"
"1861496143705686493","Tue Nov 26 19:44:00 +0000 2024","7592","Hace 2 semanas me robaron $780.000 desde @BancoBci con 2 transacciones a las 3:20 de la mañana estando yo en mi casa con mi pass y mi tarjeta. Hoy me responden que no es fraude y que nadie me va a responder. Valen callampa salganse de esa mierda de banco.","1861496143705686493","","","es","Santiago, Chile","34","386","1726","https://x.com/diegobrowne/status/1861496143705686493","343021549","diegobrowne"
"1873188687477178684","Sun Dec 29 02:05:59 +0000 2024","10","Karna fomo jd req blu yg garuda Skrg bingung ngapain ada 2 kartu ya Padahal masih ada BCA yg paspor sama xpresi Belom lagi debit bank lain hadeuuh terlalu impulsif bjir https://t.co/Qck521tBsE","1873188687477178684","https://pbs.twimg.com/media/Gf7nLthaEAAlAQR.jpg","","in","Jakarta Capital Region","0","2","0","https://x.com/DeGogoMas/status/1873188687477178684","1277683736","DeGogoMas"
"1396753919204741121","Mon May 24 09:04:19 +0000 2021","412","Kini Anda bisa berbelanja sambil buka tabungan di aplikasi BliBli! Tanpa harus pergi ke kantor cabang BCA Anda bisa buka tabungan sambil bersantai di rumah. Yuk cobain buka rekening BCA di Blibli sekarang! Info: https://t.co/9KcaEFnuYp https://t.co/aWB2dFy8Jo","1396753919204741121","https://pbs.twimg.com/ext_tw_video_thumb/1396753103223881728/pu/img/-EeuEFl4KyW_3kzh.jpg","","in","","0","2","9","https://x.com/BankBCA/status/1396753919204741121","567255514","BankBCA"
"1398784449287004160","Sat May 29 23:32:55 +0000 2021","149"," We do not lend against #cryptocurrencies and do not bank companies whose primary business is cryptocurrency or the facilitation of cryptocurrency trading and investment said BofA. #bitcoin https://t.co/3viWevAEeg","1398784449287004160","","","en","Global","3","42","34","https://x.com/BTCTN/status/1398784449287004160","3367334171","BTCTN"
"1144735001889693698","Fri Jun 28 22:31:07 +0000 2019","561","Bank of America will end its association with companies that provide prisoner and immigrant detention services at both the state and federal levels. The move comes amid growing public concern about the nation's border policies. https://t.co/TEXGx875ll","1144735001889693698","","","en","","13","67","145","https://x.com/CNN/status/1144735001889693698","759251","CNN"
"1145104929155104769","Sat Jun 29 23:01:04 +0000 2019","1011","Bank of America will end its association with companies that provide prisoner and immigrant detention services at both the state and federal levels. The move comes amid growing public concern about the nation's border policies. https://t.co/sZRwaIhB8L","1145104929155104769","","","en","","27","132","251","https://x.com/CNN/status/1145104929155104769","759251","CNN"
"1841580773247156487","Wed Oct 02 20:47:25 +0000 2024","449","Bank Of America nın sistemleri çöktü. Müşteriler bakiyelerinin sıfırlandığını belirtiyor. -CNN https://t.co/l8DektX0dN","1841580773247156487","https://pbs.twimg.com/media/GY6b85ZWcAEGw81.jpg","","tr","","37","92","33","https://x.com/kap_haber/status/1841580773247156487","1327614235728338944","kap_haber"
"1144920535622737920","Sat Jun 29 10:48:21 +0000 2019","1177","Bank of America will end its association with companies that provide prisoner and immigrant detention services at both the state and federal levels. The move comes amid growing public concern about the nation's border policies. https://t.co/vec2P7RDrs","1144920535622737920","","","en","","28","103","233","https://x.com/CNN/status/1144920535622737920","759251","CNN"
"1144863337349636097","Sat Jun 29 07:01:04 +0000 2019","314","Bank of America will end its association with companies that provide prisoner and immigrant detention services at both the state and federal levels. The move comes amid growing public concern about the nation's border policies. https://t.co/auPRnq3R0N","1144863337349636097","","","en","","8","33","84","https://x.com/CNN/status/1144863337349636097","759251","CNN"
"1587673660378476544","Wed Nov 02 05:11:12 +0000 2022","222","Layanan transfer antar bank dengan BI Fast kini telah tersedia di BCA mobile myBCA KlikBCA dan ATM BCA dengan biaya transfer hanya Rp2.500! Sudah pernah coba belum? Yuk share pengalaman Anda di kolom komentar! Info: https://t.co/0mzSMoQJX5 https://t.co/Sy0gwGpYbe","1587673660378476544","https://pbs.twimg.com/media/FgiMpLaagAEtjvU.jpg","","in","","7","98","77","https://x.com/BankBCA/status/1587673660378476544","567255514","BankBCA"
"1777237383907291504","Mon Apr 08 07:29:46 +0000 2024","4812","Ibu Norisa. Alumnus Komunikasi UI. Senior Vice President Marketing Comm Bank BCA. Ibu Norisa inilah figur sentral dibalik iklan2 digital yg brilian dari Bank BCA termasuk seri iklan Dono Kasih No yg viral itu. Karirnya dimulai dari Account Executive sblm jadi SVP andalan. https://t.co/EfWN0LSiuJ","1777237383907291504","https://pbs.twimg.com/media/GKoD-p5aoAAtb0U.jpg","","in","","157","68","738","https://x.com/Strategi_Bisnis/status/1777237383907291504","190535830","Strategi_Bisnis"
"1841566095053926418","Wed Oct 02 19:49:06 +0000 2024","2449","CNN International: Bank Of America nın sistemleri çöktü. Müşteriler bakiyelerinin sıfırlandığını belirtiyor Bunlar daha iyi günlerimiz. Hele bir dijital paraya geçelim ","1841566095053926418","","","tr","İstanbul, Türkiye","19","43","656","https://x.com/yazarmuratakan/status/1841566095053926418","707554993721774085","yazarmuratakan"
"1568555008353763330","Sat Sep 10 11:00:30 +0000 2022","400","With Bankika the sky isn t the limit. The convenience of digital banking and access to unsecured loans of up to KES 4 Milli this is the bank that sets you up in life. So go forth why? #BecauseYouCan with Bankika. Open an account at a KCB Branch today https://t.co/jR6eTwXo2d https://t.co/aeFQhLDE1m","1568555008353763330","https://pbs.twimg.com/media/FcPLM3cXEAUAfUB.jpg","","en","East Africa","1","38","20","https://x.com/KCBGroup/status/1568555008353763330","200988657","KCBGroup"
"1144082501524185089","Thu Jun 27 03:18:19 +0000 2019","1612","Bank of America will no longer do business with companies that run detention centers - thank you @BankofAmerica for this decision. Support NGO s feeding and providing aid to those immigrants in need of American empathy in a true moment of need! https://t.co/yUZHAUafDF","1144082501524185089","","","en","Washington, DC and the world","13","29","250","https://x.com/chefjoseandres/status/1144082501524185089","73206956","chefjoseandres"
"1144936099086778368","Sat Jun 29 11:50:12 +0000 2019","176","Bank of America will end its association with companies that provide prisoner and immigrant detention services at both the state and federal levels. The move comes amid growing public concern about US border policies. https://t.co/h71Uakzs4K","1144936099086778368","","","en","Everywhere","3","10","48","https://x.com/cnni/status/1144936099086778368","2097571","cnni"
"1872332812277494153","Thu Dec 26 17:25:03 +0000 2024","9","HATI-HATI ORANG MISKIN LAGI CARI MAKAN NIH NIPU ORANG BANYAK KALO ADA NOMER REKENING ATAS NAMA INI M SHAFRY NAUFAL AL ASYRO 3151664863 BANK BCA Nomer rekening PENIPU ya kawan hati-hati dan selalu waspada https://t.co/gEklh09wzq","1872332812277494153","https://pbs.twimg.com/media/Gfvcw18bwAAn1a4.jpg","","in","","0","10","1","https://x.com/AsengCihua80304/status/1872332812277494153","1697696360848670720","AsengCihua80304"
"1753755377433497779","Sat Feb 03 12:20:39 +0000 2024","729","Dominasi 3 bank (bri bca mandiri) kuasai sktar 90% pasar bank RI. Fenomena ini mengkonfirmasi 3 prinsip klasik : - Pareto Effect : big players akan kuasai min 80% market - Mathew Effect : yg besar makin mudah menangkan kompetisi - Winers Take All : yg besar kuasai semuanya","1753755377433497779","","","in","","4","6","171","https://x.com/Strategi_Bisnis/status/1753755377433497779","190535830","Strategi_Bisnis"
"1563170228292718592","Fri Aug 26 14:23:19 +0000 2022","260","Bank BCA baru2 ini sempet viral karena kepala layanan-nya jemput kucing liar pake mobil sebab dicariin nasabah Hal2 kecil kaya gini aja bank BCA sangat memperhatikan nasabahnya. Nah dalam dunia pelayanan itu disebut customer delight Apa ya itu? simak~ https://t.co/TJNiiszA8m","1563170228292718592","https://pbs.twimg.com/media/FbF7U06UYAgc2Tn.jpg","","in","","6","5","59","https://x.com/myskill_id/status/1563170228292718592","1299606533764837383","myskill_id"
"1873646477647499682","Mon Dec 30 08:25:05 +0000 2024","0","-busi! 002 butuh cōnvert? Di @ sinnapreqnar bisa! cv all ewallēt prem + nonprēm cv bank sēabank supērbank bca bri mandiri avail va virtual accoūnt cv tōpup päypal usd https://t.co/oqlbeGMRBp","1873646477647499682","https://pbs.twimg.com/media/GaetMFabEAIh_u6.jpg","","lv","-busi!","0","1","0","https://x.com/breadfess/status/1873646477647499682","1820751020617875456","breadfess"
"1396387195133448199","Sun May 23 08:47:05 +0000 2021","33890","Inilah hebatnya BCA. Bank lain kena masalah pengaduan nasabah. BCA diem aja do their usual best orang2 kasih testimoni positif organik soal pengalaman mereka dgn BCA Brand apapun layak meniru komitmen BCA. They re NOT always perfect but they re clearly trying their best.","1396387195133448199","","","in","","2211","1117","7935","https://x.com/aliralira/status/1396387195133448199","252461798","aliralira"
"1722402880257409225","Wed Nov 08 23:57:02 +0000 2023","346","Bg yg sdh pakai BCA Mobile Banking ada baiknya migrasi ke MyBCA (sama2 mobile banking dari bca tapi jauh lbh bagus x modern). Tampaknya BCA sengaja gak promo myBCA besar2an demi jaga loyalitas pemakai app lama (yg sebenarnya sdh terasa agak jadul). https://t.co/IAk0NZC4bK . https://t.co/NtiC7fo2Tx","1722402880257409225","https://pbs.twimg.com/media/F-c0SpyakAAwAus.jpg","","in","","19","62","85","https://x.com/Strategi_Bisnis/status/1722402880257409225","190535830","Strategi_Bisnis"
"1421031868233773061","Fri Jul 30 08:56:13 +0000 2021","232","[BREAKING] Bank BCA $BBCA memutuskan untuk melakukan stock split dengan rasio 1:5","1421031868233773061","","","in","Jakarta Capital Region","127","39","162","https://x.com/BigAlphaID/status/1421031868233773061","958566590768926721","BigAlphaID"
"1752842809735045426","Wed Jan 31 23:54:26 +0000 2024","945","Thn 2030an laba 3 RAKSASA bank BCA Mandiri x BRi masing2 akan tembus Rp 200 TRILIUN. Jauhhhhhh tinggalkan sektor lainnya. Knp? Bank = ekonomi RI. Selama gdp naik bank pasti akan jaya. Pelumas mesin ekonomi namanya kredit. Tanpa kredit mesin ekonomi mogok total.","1752842809735045426","","","in","","21","36","222","https://x.com/Strategi_Bisnis/status/1752842809735045426","190535830","Strategi_Bisnis"
"1701617903718604954","Tue Sep 12 15:24:57 +0000 2023","1615","Lo del banco @bbva es realmente un desastre. No funciona nada. Ni la app. Ni su res. Las transferencias no se hacen. Y encima de eso como no se pueden hacer de manera virtual lo obligan a uno a pagar el costo por ventanilla. Era un gran banco. Lastima.","1701617903718604954","","","es","Colombia","37","300","502","https://x.com/MJDuzan/status/1701617903718604954","174443391","MJDuzan"
"1874009223862141146","Tue Dec 31 08:26:31 +0000 2024","0","halo @jeniushelp @JeniusConnect skrg transfer antar bank ada biayanya? td saya coba BRI Mandiri BCA semua ada biayanya kecuali CIMB baru no fee. apakah kendalanya di bank yg dituju atau gimana ya? terima kasih https://t.co/lQ3UBbgGMG","1874009223862141146","https://pbs.twimg.com/media/GgHRdDNbkAAl1ks.jpg","","in","","0","2","0","https://x.com/leyehleye/status/1874009223862141146","68342673","leyehleye"
"1230566019820736515","Thu Feb 20 18:52:56 +0000 2020","1464","Pameran akbar HUT BCA ke-63. Dapatkan bunga spesial KPR &amp; KKB BCA dan diskon hingga 63% di lebih dari 200 tenant travel fashion lifestyle dan F&amp;B. Raih kesempatan mendapatkan motor dan gadget dengan ikutan Lelang Reward BCA ","1230566019820736515","","","in","","13","33","157","https://x.com/BankBCA/status/1230566019820736515","567255514","BankBCA"
"1460385406466215940","Mon Nov 15 23:13:08 +0000 2021","694","If you bank with Bank of America chances are they ve been using your hard earned money to short $AMC stock. - Article by @FNez_Blogger - https://t.co/FU8Bh6RUVJ","1460385406466215940","","","en","🌍","16","32","246","https://x.com/BruceLLP/status/1460385406466215940","1352119085564268546","BruceLLP"
"1447134811701739525","Sun Oct 10 09:40:00 +0000 2021","167","Now Bank of America is that Nigerian Prince the Bank of America warns you about - $BAC #Banksters 🇺🇸 https://t.co/15mnCC1gR3","1447134811701739525","","","en","The Interwebs","2","2","27","https://x.com/YourAnonNews/status/1447134811701739525","279390084","YourAnonNews"
"1299807792111513600","Sat Aug 29 20:35:01 +0000 2020","309","La Estafa de Andorra. Documental completo. El banco BPA fue cerrado por los gobiernos 🇪🇦 estadounidense y andorrano en los esfuerzos de 🇪🇦 por destruir el Movimiento Independentista de Catalunya. Prisión para inocentes y robo de ahorros de toda la vida. https://t.co/sdb7bvKq4i https://t.co/kd0zsflpdW","1299807792111513600","https://pbs.twimg.com/media/EgnYTCaX0AUx3QS.jpg","","es","La meva Costa Brava, Catalunya","6","15","375","https://x.com/pancracieta/status/1299807792111513600","2766936789","pancracieta"
"1101165131071778816","Thu Feb 28 17:00:00 +0000 2019","725","Di #BCAxBBW 2019 kamu boleh kok belanja semampunya. Kalo mampunya di cicil juga boleh. Soalnya ada cicilan Kartu Kredit BCA 0%! :p","1101165131071778816","","","in","","22","25","90","https://x.com/BankBCA/status/1101165131071778816","567255514","BankBCA"
"1873987521736302732","Tue Dec 31 07:00:16 +0000 2024","1"," Info Penting! Ini dua cara mudah untuk mengakses myBCA. Kalo kamu tim myBCA website atau aplikasi? #myBCA Info lengkap: https://t.co/dXakW4IJdh https://t.co/yj3sqVEy7L","1873987521736302732","https://pbs.twimg.com/media/GgG9q34bYAQ1qjj.jpg","","in","","0","3","0","https://x.com/BankBCA/status/1873987521736302732","567255514","BankBCA"
"1814511555704508565","Sat Jul 20 15:04:31 +0000 2024","201","@vankribo Mohon maaf atas ketidaknyamanan yang Bapak/Ibu Pelanggan alami. Pastikan Bapak/Ibu berinteraksi dengan akun resmi Sosial Media BCA yang verified bercentang biru kecuali Twitter dengan centang emas. Nomor WhatsApp resmi Bank BCA yaitu 08111500998 (centang hijau).","1814677777880392029","","vankribo","in","Jakarta - Indonesia","3","4","31","https://x.com/HaloBCA/status/1814677777880392029","620977821","HaloBCA"
"1858744512887009764","Tue Nov 19 05:30:00 +0000 2024","21","Persaingan Seru Bank BCA vs Bank Mandiri : Siapa yang akan Jadi Pemenang?","1858744512887009764","","","in","","0","5","8","https://x.com/Strategi_Bisnis/status/1858744512887009764","190535830","Strategi_Bisnis"
"1871186499300950392","Mon Dec 23 13:30:01 +0000 2024","7","Our incredible DofE Bronze students made a huge donation of food and essential items to the Oldham Food Bank! ️ @OldhamFoodbank The effort and dedication put into this project has been truly brilliant. A massive thank you to everyone at BCA who donated! https://t.co/LJIslNHmBh","1871186499300950392","https://pbs.twimg.com/media/Gfec7ZyWMAAFhRN.jpg","","en","Oldham","0","0","1","https://x.com/BrianClarkeAcad/status/1871186499300950392","1315923191173386240","BrianClarkeAcad"
"1570327971130638336","Thu Sep 15 08:25:38 +0000 2022","207","Bapak dapat telepon katanya dari BCA nawarin naik limit kartu kredit tapi dimintain data pribadi seperti masa berlaku kartu CVV OTP. Untungnya si Ibu yang lagi sakit menyadarkan kalau itu modus penipuan. Seperti apa ceritanya? yuk #CariTahuBiarAman di video ini.","1570327971130638336","","","in","","4","14","24","https://x.com/BankBCA/status/1570327971130638336","567255514","BankBCA"
"1873752095817601451","Mon Dec 30 15:24:46 +0000 2024","0","Susah utk login mendapatkan notifikasi sms kalo bisa dipermudah. Krn bank BCA adalah bank nasional terbaik masa mempersulit nasabah?? @HaloBCA @XpresiBCA @BankBCA","1873752095817601451","","","in","","0","5","0","https://x.com/hainuki1970/status/1873752095817601451","1807176464304898049","hainuki1970"
"1873736143671636212","Mon Dec 30 14:21:23 +0000 2024","1","apakah bank BCA nanti bakal bangkrut kalao Indonesia bubar apa mungkin ini yg jadi alasan orang orang enggan mau untuk Indonesia bubar ini ya bank BCA kalo gak ada Jawa nasib nya aduh kasian","1873736143671636212","","","in","Banyumas, jawa tengah, jawa","0","0","0","https://x.com/Jawao01/status/1873736143671636212","1847240155809398784","Jawao01"
"1873597402894000153","Mon Dec 30 05:10:05 +0000 2024","0","-busi! 001 butuh cōnvert? Di @ sinnapreqnar bisa! cv all ewallēt prem + nonprēm cv bank sēabank supērbank bca bri mandiri avail va virtual accoūnt cv tōpup päypal usd https://t.co/oqlbeGMRBp","1873597402894000153","https://pbs.twimg.com/media/GaetMFabEAIh_u6.jpg","","lv","-busi!","0","1","0","https://x.com/breadfess/status/1873597402894000153","1820751020617875456","breadfess"
"1710477668049899755","Sat Oct 07 12:37:29 +0000 2023","8","Kalau perusahaannya sdh TBK atau go public kita bisa bandingkan profit margin mrka. Yg lebih tinggi artinya lbh efisien atau bisa jg lbh punya strategi profit yg jitu. Yg kiri Bank Mandiri. Profit margin 37%. Yg kanan BCA. Profit Margin 49%. https://t.co/WjrLG1p23V","1710635456709472568","https://pbs.twimg.com/media/F71l4TNboAAnCJX.jpg","Strategi_Bisnis","in","","0","1","2","https://x.com/Strategi_Bisnis/status/1710635456709472568","190535830","Strategi_Bisnis"
"1473289223767797766","Tue Dec 21 13:48:17 +0000 2021","3743","BREAKING: Belgium's biggest bank KBC is gauging customer interest in #Bitcoin and 'crypto' with an eye on launching new services.","1473289223767797766","","","en","Bitcoin.Archive.Channel@gmail","22","117","438","https://x.com/BTC_Archive/status/1473289223767797766","970994516357472257","BTC_Archive"
"1846192636245471528","Tue Oct 15 14:13:19 +0000 2024","337"," ニュース速報 $BAC(バンク・オブ・アメリカ） 連邦準備制度は現在、バンク・オブ・アメリカの「強気な」収益を可能にする収益を見越して、バンク・オブ・アメリカを支援している。 収益を上げた後もBTFP流動性の流出は続き、すぐに底をつきます。 大手銀行がもうすぐ潰れるだろう 。 $SPY","1846192636245471528","","","ja","","2","1","60","https://x.com/PaPaPa80755851/status/1846192636245471528","1463277982236114944","PaPaPa80755851"
"1146072723594108934","Tue Jul 02 15:06:44 +0000 2019","390",".@BankofAmerica s virtue signaling &amp; pandering to the AOC crowd will do them exactly zero good next time the Left has BOA in their crosshairs. But alienating a bunch of us (I m a customer) who might otherwise defend them seems like a good business move! https://t.co/q8nMDs73nr","1146072723594108934","","","en","Washington, DC","6","47","73","https://x.com/guypbenson/status/1146072723594108934","16193222","guypbenson"
"1582013931328970754","Mon Oct 17 14:21:28 +0000 2022","191","Bank of America CEO - First 2 weeks of October spend +10% year on year not just driven by price - significant capacity for further borrowing - deposits multiples of 2019 c-card balances 12% below. delinquencies 40% below hard to look at this and say fncl conditions too tight https://t.co/66syn14IJh","1582013931328970754","https://pbs.twimg.com/media/FfRwUQmXwAA2jc-.png","","en","The Blockchain","7","12","25","https://x.com/goodalexander/status/1582013931328970754","22110973","goodalexander"
"1364555927681200130","Wed Feb 24 12:41:00 +0000 2021","842","#Bitcoin is being integrated into the banking platform of a leading Swiss private bank Bordier &amp; Cie SCmA - founded in 1844.","1364555927681200130","","","en","Bitcoin.Archive.Channel@gmail","3","17","128","https://x.com/BTC_Archive/status/1364555927681200130","970994516357472257","BTC_Archive"
"1745717986974113845","Fri Jan 12 08:02:56 +0000 2024","50","Persaingan Seru Bank BCA vs Bank Mandiri - Blog Strategi + Manajemen https://t.co/s4kVOMHwpY","1745717986974113845","","","in","","0","1","19","https://x.com/Strategi_Bisnis/status/1745717986974113845","190535830","Strategi_Bisnis"
"1749961226187104728","Wed Jan 24 01:04:07 +0000 2024","1479","BANCO NACIÓN (BNA) Quieren apropiarse del 20% de los depósitos del sistema que maneja el BNA. Son $13 billones de pesos. Tiene sucursales en todo el país y afuera también. Brinda servicios financieros esenciales. De cada 10 pesos que presta 8 son a pymes. Gana plata: $700 mil https://t.co/TQATAf3Ie9","1749961242750415249","https://pbs.twimg.com/media/GEkTvZvXAAAwOIi.jpg","Juli_Strada","es","Buenos Aires, Argentina","22","23","807","https://x.com/Juli_Strada/status/1749961242750415249","3187616987","Juli_Strada"
"1771199868666540273","Fri Mar 22 15:38:50 +0000 2024","257","Qué vergüenza la atención que se da a los clientes en la sucursal del Banco BBVA de Av Santa Fe y Anchorena. Una sola caja más de 1 hora de espera para hacer un trámite bancario gente grande esperando y ni el gerente estaba. No vuelvo más. Si pueden evitarlo no vayan. RT","1771199868666540273","","","es","ciudad de Buenos Aires","5","42","228","https://x.com/mrvictorica/status/1771199868666540273","1377974911","mrvictorica"
"1873007301910782038","Sat Dec 28 14:05:14 +0000 2024","1","Saya setuju 100% untuk daerah yg ga ada Bank BCA / Damkar . Lain tidak","1873007301910782038","","","in","your mind, hopefully","0","0","0","https://x.com/Apramdit/status/1873007301910782038","536821740","Apramdit"
"1873029953450562028","Sat Dec 28 20:13:22 +0000 2024","109","@worksfess Buat yg lg nyari lowongan di bank bank BCA buka loker tuh batas lamaran sampai tgl 31 desember nanti. Bisa buat lulusan SMA/SMK juga ada magang bakti. Lebih lengkap cek di https://t.co/ZpFwivd5sV","1873099945429090668","","worksfess","in","","0","3","8","https://x.com/estblllaaa/status/1873099945429090668","1286709307367514114","estblllaaa"
"1843194259580834279","Mon Oct 07 07:38:51 +0000 2024","396","速報 偶然にも$BAC(バンク・オブ・アメリカ）に大規模な障害が発生し、顧客に残高が0ドルであると表示された数日後、英国の銀行にも障害が発生しました。 イングランド銀行は先週、市場に394億7000万ドルの流動性を注入した。 銀行は崩壊寸前です 。 $SPY","1843194259580834279","","","ja","","2","1","84","https://x.com/PaPaPa80755851/status/1843194259580834279","1463277982236114944","PaPaPa80755851"
"1551587309467979776","Mon Jul 25 15:16:56 +0000 2022","661","#BBVA Bancomer es famoso por su incapacidad de asumir responsabilidad alguna en casos así. Su servicio de atención al público es prácticamente nulo. Nos consta. Una pena lo que le pasó a esa señorita pero seguro que no es la única y seguro tampoco el único banco donde pasa.","1551587309467979776","","","es","México","9","43","312","https://x.com/AccionCivilMX/status/1551587309467979776","1470940169658380289","AccionCivilMX"
"1356646877949796354","Tue Feb 02 16:53:15 +0000 2021","379","La banca online del @BCPComunica es una broma de vergüenza y eso que tienen más cajeros es otra broma la mayoría no funcionan. Todo es broma con ellos. Fatal ","1356646877949796354","","","es","Instagram : @tatianaastengob","6","25","33","https://x.com/TatianaAstengoB/status/1356646877949796354","840548023","TatianaAstengoB"
"1788876425639903690","Fri May 10 10:19:10 +0000 2024","484","Yo sé que os va a dar igual que vais a decir que es mentira y blablabla... pero las cajas de ahorro NO SON BANCOS PÚBLICOS. El último banco público que tuvimos se llamaba Argentaria y se privatizó para que se la quedara el BBV. https://t.co/pFxrhC3wGN https://t.co/5BJGcJ6qX3","1788876425639903690","https://pbs.twimg.com/media/GNNdgyyXgAAwHci.png","","es","GallegoValenciano en Madrid","8","63","214","https://x.com/EconoCabreado/status/1788876425639903690","399275188","EconoCabreado"
"1555469015694606337","Fri Aug 05 08:21:27 +0000 2022","244","Waspada kepada pihak yang menawarkan Anda bantuan untuk menjadi anggota BCA Prioritas. Selalu pastikan akun dan infonya dari pihak resmi BCA. Hindari klik link yang diberikan pelaku serta jangan pernah kasih data pribadi perbankan Anda! Selengkapnya: https://t.co/9Ij2elaZBq https://t.co/8IJ68RV2Fj","1555469015694606337","https://pbs.twimg.com/media/FZYie50akAAAeRw.jpg","","in","","1","60","119","https://x.com/BankBCA/status/1555469015694606337","567255514","BankBCA"
"1872936601845969395","Sat Dec 28 09:24:18 +0000 2024","1","Ketentuan Terbaru Saldo Minimum BCA BRI BNI dan Bank Mandiri https://t.co/qXqTIYlbAC","1872936601845969395","","","in","Jakarta Capital Region","0","0","0","https://x.com/cnbcindonesia/status/1872936601845969395","847372542830444544","cnbcindonesia"
"1372231721366749185","Wed Mar 17 17:01:51 +0000 2021","156","It s obvious that @BankOfAmerica is using Covid as an excuse to close the vast majority of branches on Long Island. I bet they re saving a shitload of money by denying customers service. Other banks like Chase are opened. BoA is a garbage company.","1372231721366749185","","","en","35th & 7th Ave, NYC","1","23","6","https://x.com/CompoundBoss/status/1372231721366749185","1174708184126300160","CompoundBoss"
"1635827502596644864","Wed Mar 15 02:17:23 +0000 2023","244","Bank of America mopped up more than $15 billion in new deposits in a matter of days emerging as one of the big winners after the collapse of three smaller banks https://t.co/iS15Jh9mwH","1635827502596644864","","","en","New York and the World","14","13","111","https://x.com/business/status/1635827502596644864","34713362","business"
"1426426962512252931","Sat Aug 14 08:31:16 +0000 2021","361","@mere_twat Jujur ane peke beberapa mbanking. Dan yg paling user friendly cuman BCA..ga ruwet anti ribet~ Ga di dunia nyata ga di dunia maya BCA adalah bank terkece asololey indehoy tukturutuktuktuk sejauh ini.. Best pokoknya ","1426461408267423749","","regenerade","in","Kota Malang, Jawa Timur","6","8","41","https://x.com/aariieefiiaanii/status/1426461408267423749","59037341","aariieefiiaanii"
"1872576936016298472","Fri Dec 27 09:35:07 +0000 2024","3"," gais hari senin besok tgl 30 des bank bca masih buka ngga sih? apa udah tutup? tolong infonya","1872576936016298472","","","in","","0","7","0","https://x.com/convomf/status/1872576936016298472","1314975287294083073","convomf"
"1198826802279530498","Mon Nov 25 04:52:37 +0000 2019","621","El riesgo reputacional del banco #Scotiabank #BBVA debe estar al tope al conocerse que en una de sus gerencias tiene a un abusador de mujeres quien a vista y paciencia de toda la gente que lo rodea comete el delito de agresión física. Creo que ese banco no es bueno...","1198826802279530498","","","es","Far Far Away","68","61","1119","https://x.com/el_hallatola/status/1198826802279530498","233042115","el_hallatola"
"1756490314406359216","Sun Feb 11 01:28:19 +0000 2024","9","Blog Strategi + Manajemen - Sajian renyah tentang business strategy dan management skills https://t.co/s4kVOMHwpY","1756490314406359216","","","in","","0","2","0","https://x.com/Strategi_Bisnis/status/1756490314406359216","190535830","Strategi_Bisnis"
"1550693956400209921","Sat Jul 23 07:30:42 +0000 2022","466","@mediocrickey BCA Digital? BCA Blu kan? Bukan BCA biasa? berarti yg saldonya 0 ga beban dong. Bukan nasabah BCA tp emg BCA tuh keunggulannya saldonya bisa sampe 0 bahkan minus bank lain mana bisa ","1550745201450266624","","","in","bekasi-jakarta","6","43","17","https://x.com/sparklelle/status/1550745201450266624","491939425","sparklelle"
"1169968448870305793","Fri Sep 06 13:39:49 +0000 2019","1474","BCAmobile: Shytty interface mobile banking app that works like a charm and serve the purpose well https://t.co/lal36gHoQ1","1169968448870305793","https://pbs.twimg.com/media/EDyQGKEU0AASwUP.jpg","","en","jakarta","380","125","2148","https://x.com/ialexs/status/1169968448870305793","14756900","ialexs"
"1757216264324591672","Tue Feb 13 01:32:59 +0000 2024","7","Apakah bank Mandiri BCA dan BRI terlalu serakah meraup laba? #bank #bca... https://t.co/sYrmlgHU57 via @YouTube","1757216264324591672","","","in","","0","2","0","https://x.com/Strategi_Bisnis/status/1757216264324591672","190535830","Strategi_Bisnis"
"1532692028966027265","Fri Jun 03 11:53:50 +0000 2022","1455","Bank of America est l'un des principaux financiers qui propose de meilleures conditions que CVC pour le business audiovisuel. (ARA) ","1532692028966027265","","","fr","Camp Nou","5","12","61","https://x.com/ActualiteBarca/status/1532692028966027265","873692750880940032","ActualiteBarca"
"1254803610967441414","Mon Apr 27 16:04:28 +0000 2020","831","Sálganse apenas puedan de @BCPComunica es el peor banco q existe. Te obliga a salir de tu casa para sacar tu AFP y sino te da como sulución que reclames y cito si eres persona vulnerable en 15 días puede estar en tu cuenta. Señores @BCPComunica hoy TODOS somos vulnerables.","1254803610967441414","","","es","Lima","26","109","247","https://x.com/paolamiglio/status/1254803610967441414","57969832","paolamiglio"
"1396448014328221701","Sun May 23 12:48:46 +0000 2021","238","Fun fact ttg BCA. Mobile appsnya masih model jadul tulisan gede2 gak ada fitur2 canggih. Kenawhy? Krn mereka nyadar sebagian besar nasabah mereka itu orang2 lama yang kalau dikasih yang ribet2 pasti puyeng makenya. Itulah perwujudan dari customer comes first.","1396448014328221701","","","in","Indonesiaku tercinta","13","10","96","https://x.com/kozirama/status/1396448014328221701","53360203","kozirama"
"1777237383907291504","Mon Apr 08 07:44:29 +0000 2024","114","SVP atau Senior Vice President itu hanya 1 level dibawah Direksi (atau C Level). Gaji SVP di Bank BCA sekitaran Rp 150an juta per bulan. Dengan bonus tahunan 10 sd 15 kali gaji. Gaji pasaran SVP di bank2 besar lainnya memang segitu.","1777241086236471627","","Strategi_Bisnis","in","","35","5","21","https://x.com/Strategi_Bisnis/status/1777241086236471627","190535830","Strategi_Bisnis"
"1678766020838985728","Tue Jul 11 13:59:43 +0000 2023","363","BREAKING: Bank of America accused of opening fake accounts &amp; charging junk fees. I don t know which is worse BOA or Wells Fargo. Stay away from these banks!!! Here are some alternatives that also pay way more in interest: ️ Ally 4% ️ Marcus 4.15% ️ Bask Bank 4.85% ️ CIT","1678766020838985728","","","en","Lisbon, Portugal","22","36","102","https://x.com/DelyanneMoney/status/1678766020838985728","1213150641612181504","DelyanneMoney"
"1635971856929894411","Wed Mar 15 11:51:00 +0000 2023","1762","Bank of America $BAC has gotten more than $15 billion in new deposits since the collapse of Silicon Valley Bank.","1635971856929894411","","","en","United States","54","93","277","https://x.com/unusual_whales/status/1635971856929894411","1200616796295847936","unusual_whales"
"1424686902049873921","Mon Aug 09 11:00:01 +0000 2021","1489","Think Bankika think zero operating balance zero maintenance fees convenience affordability and flexibility to scale your dreams while you re still a youngin'! Youᵗʰ can Bankika.","1424686902049873921","","","en","East Africa","3","44","75","https://x.com/KCBGroup/status/1424686902049873921","200988657","KCBGroup"
"1841552957667791211","Wed Oct 02 18:56:54 +0000 2024","3799","There is reportedly a major Bank of America $BAC outage with people's balances showing zero or not being able to access their accounts for the last hour.","1841552957667791211","","","en","United States","150","293","676","https://x.com/unusual_whales/status/1841552957667791211","1200616796295847936","unusual_whales"
"1314146768565616643","Thu Oct 08 10:12:59 +0000 2020","377","Kepada para netizen jadilah #GenerasiAntiModus. Ingat akun resmi bank BCA itu sudah verified dan ada centang birunya. Jangan pernah kasih data pribadi ke siapapun. Share ke temanmu yang lain agar mereka terhindar dari modus akun palsu ini. Info lanjut di https://t.co/xHGlw5qScC","1314146768565616643","","","in","","11","26","156","https://x.com/BankBCA/status/1314146768565616643","567255514","BankBCA"
"1444679211550056448","Sun Oct 03 15:02:19 +0000 2021","340","One of the largest banks in the US Bank of America or bofa is one of the major institutions that shorted stonks. People are closing their accounts. I know what I'm doing Monday. #CitadelScandal #KenGriffinLied #MarketManipulation #AMC #GME #BOFA","1444679211550056448","","","en","California, USA","7","21","109","https://x.com/OrbitofA/status/1444679211550056448","1023935010070351872","OrbitofA"
"1873939147892932694","Tue Dec 31 03:48:03 +0000 2024","0","OPEN TF WON &amp; CO WEB KR ○ Rate &lt;100k 11.11 fee 4k &gt;100k 11.11 fee 5k &gt;1jt no fee co web/scan 11.13 fee 10k co wv 11.13 fee 7k proses fast BNI BCA MANDIRI LINE BANK SEABANK BLU SPAY DANA QRIS DM/KKT/WA https://t.co/2E2uMbBwkH","1873939147892932694","","","en","❗️REFUND WON=TF WON DISINI+TNC","1","0","1","https://x.com/preciousjefff/status/1873939147892932694","1303921987773898752","preciousjefff"
"1871448842627060198","Tue Dec 24 06:52:28 +0000 2024","0","Katanya karena sopan. Satpam Bank BCA kata gue mah lebih sopan dan gag korup","1871448842627060198","","","in","semarang","0","0","0","https://x.com/AnaBinafsi08/status/1871448842627060198","531027884","AnaBinafsi08"
"1872187613781922296","Thu Dec 26 07:48:05 +0000 2024","0","GESTUN PAYLATER CC JANGAN SAMPAI SALAH JASA [Spaylater Gopaylater Kredivo Yup IndoDana Bca Paylater Allo Bank Paylater CreditCard Traveloka TiketCom dll] #ZonaUang ~ Satset cair bisa sama faluy ya bisa sung wa link dibio profile https://t.co/zsngCOWoEI","1872187613781922296","https://pbs.twimg.com/media/GftYtUPbIAArSGO.jpg","","in","fast respon di wa yaa 🫶🏻 ","0","0","0","https://x.com/f4luy/status/1872187613781922296","1277395134812835841","f4luy"
"1871601703654707350","Tue Dec 24 16:59:53 +0000 2024","2","#zonauang wtt want to tradee bni to bca PLSSSS PAKE KODE VIRTUAL LGI WAR SHOPEE TAPI SALAH PAKE BANK BCA","1871601703654707350","","","in","","0","4","0","https://x.com/lizzeyl/status/1871601703654707350","1853744307116941312","lizzeyl"
"1357559292140937216","Fri Feb 05 05:18:52 +0000 2021","244","Super happy I moved to close my @BankofAmerica accounts over a week ago. Bad enough they lead in developing the new Stakeholder scorecard for the WEF. What they did after the Capitol breach is a disgusting violation of customer privacy. Find a credit union &amp; bank local.","1357559292140937216","","","en","Georgia","4","25","84","https://x.com/ScotsFyre/status/1357559292140937216","2604459826","ScotsFyre"
"1749879148619944359","Tue Jan 23 19:37:54 +0000 2024","290","Bank of America $BAC has announced layoffs of around 20 bankers in Asia becoming the first major bank to downsize in 2024 as China and Hong Kong markets continue to underperform per Reuters.","1749879148619944359","","","en","United States","4","35","47","https://x.com/unusual_whales/status/1749879148619944359","1200616796295847936","unusual_whales"
"1792605694790713520","Mon May 20 17:43:17 +0000 2024","349","@mtchlttstrw ya ampun sama ka bank satu itu emang banyak kasus ibuku juga kena di bank itu setelah kejadian ibu ga mau nyimpem uang disana lagi. Sejauh ini bank swasta(bca) aman &amp; minim penipuan","1792612072448196744","","mtchlttstrw","in","","4","6","9","https://x.com/tkminions/status/1792612072448196744","1264655847134646272","tkminions"
"1870812981594103954","Sun Dec 22 12:45:47 +0000 2024","0","mauu gestun cc creditcard bank manapun bca cimb jenius mandiri honest availl yuks!! mau instan cair hitungan menit juga bolee trunsted 1000% POLL SINCE 2022 #zonauang","1870812981594103954","","","in","","0","0","0","https://x.com/cherizshes/status/1870812981594103954","752814945885097984","cherizshes"
"1873345937248235879","Sun Dec 29 12:30:51 +0000 2024","2","Kurs Dolar-Rupiah Hari Ini Bank BCA Minggu 29 Desember 2024 Dolar pada Rupiah Senilai Rp 16.185 https://t.co/3S3gsl3rgb #berita #bca #dolar #rupiah #kurs #bisnis","1873345937248235879","","","in","Indonesia","0","0","0","https://x.com/romisaputra_3/status/1873345937248235879","1767373840110469120","romisaputra_3"
"1873954786267324465","Tue Dec 31 04:50:12 +0000 2024","1","Kurs Dolar-Rupiah Hari Ini Bank BCA Selasa 31 Desember 2024 Dolar pada Rupiah Senilai Rp 16.123 https://t.co/gwSJrTPRfv #berita #kurs #dolar #bisnis #rupiah #jakarta","1873954786267324465","","","in","Indonesia","0","0","0","https://x.com/romisaputra_3/status/1873954786267324465","1767373840110469120","romisaputra_3"
"1874032080310722756","Tue Dec 31 09:57:20 +0000 2024","6","#SobatTS Mulai 1 Januari 2025 bisa membayar menggunakan Kartu Uang Elektronik dari Bank BCA (Flazz) dan Bank Mandiri (e-money) sebagai pembayaran non tunai (cashless). Semakin mudah dan hemat @mbakITASMG @Dishubkotasmg #InfoTS #TransSemarang #TerusBerbenah https://t.co/wKKiPHnrUj","1874032080310722756","https://pbs.twimg.com/media/GgHmPt6bYAAwXrg.jpg","","in","Semarang, Jawa Tengah","2","4","1","https://x.com/Transsemarang/status/1874032080310722756","2364832423","Transsemarang"
"1873969265558380781","Tue Dec 31 06:19:11 +0000 2024","0","@cairinbyyiee @SeaBankID Hai Sobat SeaBank sebelumnya MinSea mohon maaf untuk ketidaknyamanannya. Apabila kamu melakukan transfer dari Bank BCA Digital ke SeaBank belum masuk MinSea sarankan kamu untuk konfirmasi ke pihak bank pengirim dana atau Bank BCA Digital untuk dilakukan pengecekan lebih lanjut ","1873977181317255230","","cairinbyyiee","in","","0","0","0","https://x.com/seabankcare/status/1873977181317255230","1690973435000930304","seabankcare"
"1873950809219891238","Tue Dec 31 05:45:18 +0000 2024","0","@spaceofdae Jika BCA sebagai penerima dana maka bersifat pasif silakan Bapak/Ibu Pelanggan konfirmasi ke bank pengirim dana. Tks ^Lora","1873968655740133686","","spaceofdae","in","Jakarta - Indonesia","0","0","0","https://x.com/HaloBCA/status/1873968655740133686","620977821","HaloBCA"
"1873660851057811626","Mon Dec 30 09:22:12 +0000 2024","1","Kurs Dolar-Rupiah Hari Ini Bank BCA Senin 30 Desember 2024 Dolar pada Rupiah Senilai Rp 16.149 https://t.co/eeC9gDI2wZ #berita #kurs #dolar #rupiah #bca","1873660851057811626","","","in","Indonesia","0","0","0","https://x.com/romisaputra_3/status/1873660851057811626","1767373840110469120","romisaputra_3"
"1582081094123651073","Mon Oct 17 18:48:21 +0000 2022","217","Bank of America $BAC CEO Moynihan: bank s credit quality is strong and delinquencies are low.","1582081094123651073","","","en","United States","9","93","24","https://x.com/unusual_whales/status/1582081094123651073","1200616796295847936","unusual_whales"
"1674724709232156673","Fri Jun 30 10:21:00 +0000 2023","942","Bank of America $BAC is nursing at least $100 billion in paper loss after big bet in bond market three years ago per FT.","1674724709232156673","","","en","United States","22","52","163","https://x.com/unusual_whales/status/1674724709232156673","1200616796295847936","unusual_whales"
"1443676771627438092","Thu Sep 30 20:38:59 +0000 2021","327","Hablando de bancos never forget cuando BAC (Aquí decimos nombre) me cobró como casi $300.00 para cancelar una tarjeta de crédito porque me habían metido en un plan de alivio financiero sin decirme y lo peor del caso el MISMO BANCO me sobregiró mi tarjeta sin decirme también.","1443676771627438092","","","es","Panamá","9","26","92","https://x.com/TheBunnyHero11/status/1443676771627438092","80465728","TheBunnyHero11"
"1873990999602847814","Tue Dec 31 08:02:22 +0000 2024","1","@threeafs Jika yang dimaksud transaksi dari BCA ke bank lain maka mengenai hasil transfer belum masuk kami informasikan bahwa transaksi transfer ke bank lain yang terhubung jaringan PRIMA melalui fasilitas ATM maupun m-BCA bersifat online.","1874003149536846197","","threeafs","in","Jakarta - Indonesia","0","0","0","https://x.com/HaloBCA/status/1874003149536846197","620977821","HaloBCA"
"1874056982275260918","Tue Dec 31 12:41:50 +0000 2024","0","@putriarmb Jika yang dimaksud Ibu @putriarmb transaksi dari BCA ke bank lain mengenai hasil transfer belum masuk kami informasikan bahwa transaksi transfer ke bank lain yang terhubung jaringan PRIMA melalui fasilitas ATM maupun m-BCA bersifat online.","1874073477088764029","","putriarmb","in","Jakarta - Indonesia","0","0","0","https://x.com/HaloBCA/status/1874073477088764029","620977821","HaloBCA"
"1872860313147809816","Sat Dec 28 04:21:09 +0000 2024","0","Pak Gibran duit abang aku hilang 2 juta itu Abang aku transfer di Alfamart ke bank BCA tapi duit nya ga masuk ke rekening hilang ga tau kemana uangnya udah seminggu lebih @gibran_tweet","1872860313147809816","","","in","","0","0","0","https://x.com/frengki_16/status/1872860313147809816","1681687795893702657","frengki_16"
"1873983251607683110","Tue Dec 31 07:34:40 +0000 2024","0","@matminat Sangat disayangkan atas kendala yang Bapak/Ibu Pelanggan alami. Pastikan Bapak/Ibu berinteraksi dengan akun resmi Sosial Media BCA yang verified bercentang biru kecuali X (Twitter) dengan centang emas. Nomor WhatsApp resmi Bank BCA yaitu 08111500998 (centang biru).","1873996178339357158","","matminat","in","Jakarta - Indonesia","0","0","0","https://x.com/HaloBCA/status/1873996178339357158","620977821","HaloBCA"
"1745866111198134471","Fri Jan 12 17:51:32 +0000 2024","247","Bank of America's $BAC fourth-quarter profit shrank as the lender took $2.1 billion in charges to refill a government deposit insurance fund per Reuters.","1745866111198134471","","","en","United States","2","28","34","https://x.com/unusual_whales/status/1745866111198134471","1200616796295847936","unusual_whales"
"1777237383907291504","Mon Apr 08 07:40:51 +0000 2024","39","Laba Bank BCA tahun lalu Rp 48 triliun. Divisi Marcomm yg dipimpin ibu Norisa pasti punya peran sangat besar dalam pencapaian laba yg impresif tsb.","1777240173799157799","","Strategi_Bisnis","in","","0","2","1","https://x.com/Strategi_Bisnis/status/1777240173799157799","190535830","Strategi_Bisnis"
"1101165131826814976","Thu Feb 28 17:00:00 +0000 2019","739","Diskon 50% Voucher Big Bad Wolf dengan redeem reward BCA. Reward bisa dituker dari jam 09:00 s/d 21:00 di booth BCA Hall 7 &amp; Hall 9 ICE BSD. Oh iya persediaannya terbatas. Cuma buat 150orang/hari. Jadi siapa yang cepat dia yang dapat! :p #BCAxBBW","1101165131826814976","","","in","","28","22","122","https://x.com/BankBCA/status/1101165131826814976","567255514","BankBCA"
"1872656864699351341","Fri Dec 27 14:52:43 +0000 2024","0","If you're Malaysian or from Philippines and need help for payment to purchase items/tickets from ina website you can reach me Proxy. PHP/Peso &amp; Myr to IDR Rupiah you can send from Malaysian bank gcash BPI etc. Available to BCA BRI Mandiri etc #zonauang","1872656864699351341","","","en","Some posts using the scheduled","0","1","0","https://x.com/owriwon/status/1872656864699351341","2686589736","owriwon"
"1547658597856817159","Thu Jul 14 19:05:38 +0000 2022","209","The Office of the Comptroller of the Currency (OCC) assessed a $125 million civil money penalty against Bank of America $BAC for violations of law and unsafe or unsound practices.","1547658597856817159","","","en","United States","6","23","30","https://x.com/unusual_whales/status/1547658597856817159","1200616796295847936","unusual_whales"
"1874056982275260918","Tue Dec 31 12:17:08 +0000 2024","0","@putriarmb Kami turut prihatin atas kendala yang Ibu @putriarmb alami. Mohon dapat informasikan yang dimaksud melakukan transaksi transfer ke sesama BCA atau bank lain agar kami dapat informasikan sesuai kebutuhan. :) Tks ^Heybi","1874067262040309785","","putriarmb","in","Jakarta - Indonesia","0","1","0","https://x.com/HaloBCA/status/1874067262040309785","620977821","HaloBCA"
"1443137322464071681","Wed Sep 29 08:55:24 +0000 2021","1161","アメリカ銀行　バンク・オブ・アメリカがコロナを理由に閉鎖しました。 チャットのみの受け付けでーす。 取り付け騒ぎの対策でしょうか？ 破綻に行くからかな？","1443137322464071681","","","ja","","11","12","254","https://x.com/uPf9JYyDt6jissk/status/1443137322464071681","750890241825841152","uPf9JYyDt6jissk"
"1873982702518677877","Tue Dec 31 07:33:37 +0000 2024","0","@bisagilabisa Mohon maaf atas ketidaknyamanan yang Bapak/Ibu Pelanggan alami. Akun tersebut merupakan akun palsu yang mengatasnamakan BCA. Mohon tetap selalu terhadap segala bentuk modus penipuan yang mengatasnamakan Bank BCA. Untuk keamanan data perbankan jangan pernah","1873995913863323809","","bisagilabisa","in","Jakarta - Indonesia","0","0","0","https://x.com/HaloBCA/status/1873995913863323809","620977821","HaloBCA"
"1873982702518677877","Tue Dec 31 07:33:44 +0000 2024","0","@bisagilabisa menekan link yang diberikan oleh akun palsu yang mengatasnamakan Bank BCA ataupun orang lain serta jangan pernah informasikan nomor kartu ATM PIN kode CVV/CVC dan kode OTP kepada siapapun. Pastikan Bapak/Ibu berinteraksi dengan akun resmi Sosial Media BCA yang verified","1873995940958441926","","bisagilabisa","in","Jakarta - Indonesia","0","0","0","https://x.com/HaloBCA/status/1873995940958441926","620977821","HaloBCA"
"1873985291830387056","Tue Dec 31 07:40:27 +0000 2024","0","@baiiput Mohon maaf atas ketidaknyamanannya. Pastikan Bapak/Ibu Pelanggan berinteraksi dengan akun resmi Sosial Media BCA yang verified bercentang biru kecuali Twitter dengan centang emas. Nomor WhatsApp resmi Bank BCA yaitu 08111500998 (centang biru).","1873997634551337016","","baiiput","in","Jakarta - Indonesia","0","0","0","https://x.com/HaloBCA/status/1873997634551337016","620977821","HaloBCA"
"1873917999847227851","Tue Dec 31 02:24:01 +0000 2024","0","open tf won santai 5-30 menit ⬇️100k won rate 11.12 fee 4k ⬆️100k won rate 11.12 fee 5k co weverse : 11.14 + 7k co web kr lain : 11.14 + 10k ganti alamat dikenakan fee 3k ⭕ spay dana gopay bri bca bni hana bank ‼️mt after dm‼️ ‼️fast ke wa di bio‼️","1873917999847227851","","","in","","0","0","0","https://x.com/barbarraq/status/1873917999847227851","1682629298187030529","barbarraq"
"1873346130295296452","Sun Dec 29 12:31:37 +0000 2024","0","Chigo Flip ~ Promo spesial Menggunakan bank BCA BLU dan OCTO https://t.co/aaDS4iNCTy","1873346130295296452","https://pbs.twimg.com/media/Gf92X8taQAAeAYQ.jpg","","in","","0","1","0","https://x.com/diskon_suka/status/1873346130295296452","1214520958469296129","diskon_suka"
"1873623941241356374","Mon Dec 30 06:55:32 +0000 2024","0","pelayanan terbaik tetep BANK BCA.","1873623941241356374","","","in","","0","0","0","https://x.com/chillscago/status/1873623941241356374","1262396124633214979","chillscago"
"1443978714849628162","Fri Oct 01 16:38:48 +0000 2021","684","Bank of America is trending. Good time to remind you all that BOA is a criminal enterprise that sold toxic securities forced customers to buy credit card services they didn't need and defrauded Fannie and Freddie. Basically a typical bank.","1443978714849628162","","","en","Hellscape America","10","34","169","https://x.com/anthonyzenkus/status/1443978714849628162","17384585","anthonyzenkus"
"1777237383907291504","Mon Apr 08 07:35:15 +0000 2024","85","Posisi SVP Marcomm sangat berperan penting bagi semua strategi komunikasi pemasaran bank BCA. SVP Marcomm yg menentukan arah komunikasi pemasaran BCA pada semua channel : digital TV dan beragam media billboard.","1777238762650816822","","Strategi_Bisnis","in","","1","1","1","https://x.com/Strategi_Bisnis/status/1777238762650816822","190535830","Strategi_Bisnis"
"1745565067943289230","Thu Jan 11 21:55:24 +0000 2024","1372","Por otro lado el BNA tiene un ROE (rentabilidad sobre patrimonio) más que abultado de 27 6% a oct 2023 superior a otros bancos privados: -BBVA (18 2%) -Macro (16 8%) -Santander (19 57%) -HSBC (20%) Puede ir a ver el propio reporte del BCRA sobre entidades financieras de","1745565093612458061","","Juli_Strada","es","Buenos Aires, Argentina","6","15","490","https://x.com/Juli_Strada/status/1745565093612458061","3187616987","Juli_Strada"
"1872517647172288586","Fri Dec 27 05:39:31 +0000 2024","11","Ganti kartu ATM expired di bank besar anu bisa 30 menit sendiri. Formnya masih manual Ke BCA diarahin satpamnya pake mesin CS online cuma 5 menit sat-set-sat-set kelar ","1872517647172288586","","","in","Singapore-Surabaya","0","3","1","https://x.com/stephaniezen/status/1872517647172288586","58402448","stephaniezen"
"1874064491354403163","Tue Dec 31 12:06:07 +0000 2024","7","SCAMMER SKY-NANI FRIENOMENON FANCON BANGKOK @DamnYinwar AHMAD ULI NUHA Bank : BCA 0902433137 Phone : 085745432199 Ticket price 6000 thb day 1 section D2 Seat DA-35 He will ask down payment 500000 idr #SkyNaniFancon #สกายนานิ #skynani #hirunkit_ #skywongravee wts https://t.co/XwNmG9Rrgz","1874064491354403163","https://pbs.twimg.com/media/GgIDt8dbYAIeG0j.jpg","","en","","1","0","9","https://x.com/ravly14/status/1874064491354403163","599107538","ravly14"
"1874162193182404931","Tue Dec 31 18:34:21 +0000 2024","0","I looooove Bank BCA. Ini fitur e-statements bener2 193830383% berguna bgt buat tarik2 data finansial aplg buat apply visa","1874162193182404931","","","in","Coney Island, Northern Ireland","0","0","0","https://x.com/mxrchya/status/1874162193182404931","59715764","mxrchya"
"1491771332987658241","Thu Feb 10 13:49:36 +0000 2022","224","César Bona trabaja para ABANCA y va dando conferencias con su fundación llamadas Humanizar la educación . ABANCA un banco rescatado con dinero público famoso por ejecutar desahucios sin miramientos por los ERE a sus empleados y denunciada últimamente por comisiones abusivas.","1491771332987658241","","","es","","1","9","74","https://x.com/PascualGil1/status/1491771332987658241","823740128","PascualGil1"
"1781307671481827403","Fri Apr 19 13:05:14 +0000 2024","5","Case study : kinerja Bank BCA yg gemilang misalnya krn didukung oleh sistem pengelolaan HR yg prima. Demikian jg kinerja Astra International yg solid karena mereka punya Astra HR Practices kelas dunia dan jg punya Corporate University yg ekselen.","1781308072268570985","","Strategi_Bisnis","in","","0","1","1","https://x.com/Strategi_Bisnis/status/1781308072268570985","190535830","Strategi_Bisnis"
"1873592930507931832","Mon Dec 30 04:52:18 +0000 2024","12","[Status] Investigating: Penarikan dana selama libur tahun baru Selama libur tahun baru pada tanggal 1 Januari 2025 penarikan dana berikut akan diproses 24/7 seperti biasa: - Penarikan ke bank BCA BNI BRI CIMB Mandiri dan Danamon https://t.co/kDsvudgR7Y","1873592930507931832","","","in","Support base on the moon","1","38","5","https://x.com/LunoHelp/status/1873592930507931832","1028990874867453952","LunoHelp"
"1872526622160769076","Fri Dec 27 06:15:11 +0000 2024","1","Dalam rangka menjaga keamanan dan ketertiban masyarakat (Kamtibmas) selama libur Natal dan Tahun Baru (Nataru) anggota Bhabinkamtibmas Kel.Jatiasih Aipda Maulana melakukan kegiatan monitoring wilayah di kawasan Bank BCA RT.01/05 Kel.Jatiasih Kec.Jatiasih. Jum'at (27/12) https://t.co/ZMNE9q9QRU","1872526622160769076","https://pbs.twimg.com/media/GfyNCTXbMAIy-Kh.jpg","","in","Jl. Swatantra IV No.1 Jatiasih","0","0","0","https://x.com/HumasJatiasih/status/1872526622160769076","1594221561703149569","HumasJatiasih"
"1871923453575737767","Wed Dec 25 14:18:24 +0000 2024","0","wtb jasa cv dari qris ke bank BCA nominal 100k drop fee #zonauang #zonaBA #zonajajan #zonaba","1871923453575737767","","","in","","0","0","0","https://x.com/oreoreoii/status/1871923453575737767","1632351213751779328","oreoreoii"
"1867462310761312703","Tue Dec 31 09:41:46 +0000 2024","0","@puthrawrrr Hai Kak @puthrawrrr. Dengan senang hati minblu infoin. Tidak bisa ya Kak karena Bank BCA dengan Bank BCA Digital berbeda. Jika belum memiliki rekening blu maka Kakak bisa membuka rekening langsung melalui aplikasi blu ya. ","1874028162801426828","","puthrawrrr","in","","0","0","0","https://x.com/blubybcadigital/status/1874028162801426828","1295566743893504003","blubybcadigital"
"1337190759301320704","Fri Dec 11 00:21:35 +0000 2020","237","¿Les ha pasado? Que llegas al cualquier banco BCP Bbva Interbank etc... Y sus trabajadores te atienden como si te estuvieran haciendo el favor de ver tus cuentas y decirte cuanto debes. Pienso dos cosas: están aburridos de su trabajo o creen que son dueños del banco.","1337190759301320704","","","es","Peru","3","26","27","https://x.com/CcantoBuendia/status/1337190759301320704","940452974","CcantoBuendia"
"1873687406467297560","Mon Dec 30 11:07:43 +0000 2024","4","Jual kuota telkomsel/bulan Kuota Tsel Full Internet + all Jaringan 15gb+2gb= 45 k 30gb+4gb= 65 k 50gb= 90 k 72gb= 110 k 100gb= 145 k All payment e-wallet bank bca jenius mandiri dan bank jago tag. #zonauang #zonajajan #zonaBU #zonaBA #zonacuan #wts","1873687406467297560","","","in","","1","2","0","https://x.com/keepithalall/status/1873687406467297560","263630606","keepithalall"
"1873604395235266730","Mon Dec 30 05:37:52 +0000 2024","0","staff bank bca ternyata sama aja kek staff bank lain wkwkwk security nya doang yg superior","1873604395235266730","","","in","","0","0","0","https://x.com/alfinismus/status/1873604395235266730","1753419729107378176","alfinismus"
"1300090636453007360","Sun Aug 30 15:18:56 +0000 2020","246","A ver ignorantes. El BPA (Banca Privada d'Andorra) fue acusada de blanqueo de capitales por el Departamento del Tesoro de EEUU. El gobierno andorrano intervino la entidad poco después. Relacionarlo con el Prusés o el Emérito es de perturbados mentales.","1300090636453007360","","","es","","1","9","67","https://x.com/AttFinch10/status/1300090636453007360","872179483515777025","AttFinch10"
"1503976652224618497","Wed Mar 16 06:09:11 +0000 2022","29","Always by your side atau always on their side ya @BankBCA? Mengutip Global Coal Exit List BCA tercatat masih memberikan pembiayaan pada sektor #batubara antara Oktober 2018 hingga Oktober 2020.","1503976652224618497","","","in","","33","97","145","https://x.com/bersihkan_indo/status/1503976652224618497","1252109670245752832","bersihkan_indo"
"1873772683521130872","Mon Dec 30 16:46:35 +0000 2024","1","Baikkkkkk tapi juyeon agak galak tapi ramah seperti satpam bank BCA ","1873772683521130872","","","in"," 김태영's girlboss","0","1","0","https://x.com/umjioe/status/1873772683521130872","1727212014035206144","umjioe"
"1873914663970410952","Tue Dec 31 02:10:46 +0000 2024","0","kenapa teller bank bca perempuan semua","1873914663970410952","","","in","he/them","0","0","0","https://x.com/urcuntasaur/status/1873914663970410952","1409808505503031302","urcuntasaur"
"1858744512887009764","Tue Nov 19 06:27:10 +0000 2024","1","Laba bersih Bank Mandiri 2023 = Rp 55 triliun. Rekor. Laba bersih BCA 2023 = Rp 48 triliun.","1858758899471708383","","Strategi_Bisnis","in","","0","1","0","https://x.com/Strategi_Bisnis/status/1858758899471708383","190535830","Strategi_Bisnis"
"1863833070870434017","Tue Dec 24 17:51:40 +0000 2024","0","@mutjuras2 Selamat pagi Marzuki Ismail. Terima kasih kembali. Jangan lupa selalu gunakan fasilitas Bank BCA untuk kemudahan bertransaksi Anda setiap waktu.","1871614734694539554","","mutjuras2","in","","0","0","0","https://x.com/KartuKreditBCA/status/1871614734694539554","198556824","KartuKreditBCA"
"1874050668706881946","Tue Dec 31 12:09:51 +0000 2024","0","@syabyylaa Pastikan SIM card yang terdaftar m-BCA berada pada slot SIM 1 serta gunakan jaringan internet yang berasal dari nomor handphone tersebut (tidak menggunakan WiFi) dengan jaringan yang kuat dan stabil ya. (2/2)","1874065427770597676","","syabyylaa","in","","0","0","0","https://x.com/BankBCA/status/1874065427770597676","567255514","BankBCA"
"1874067291081728188","Tue Dec 31 12:42:12 +0000 2024","0","@mojiate1978 berada pada slot SIM 1 serta gunakan jaringan internet yang berasal dari nomor handphone tersebut (tidak menggunakan WiFi) dengan jaringan yang kuat dan stabil ya. (2/2)","1874073571183808551","","mojiate1978","in","","0","0","0","https://x.com/BankBCA/status/1874073571183808551","567255514","BankBCA"
"1874073958137639396","Tue Dec 31 12:56:01 +0000 2024","0","@yomimomo1973 Selamat malam @yomimomo1973. Pastikan jaringan yang digunakan dalam keadaan stabil seta aplikasi yang digunakan sudah versi terbaru ya.","1874077045879431602","","yomimomo1973","in","","0","0","0","https://x.com/BankBCA/status/1874077045879431602","567255514","BankBCA"
"623704040380088322","Tue Dec 31 08:08:21 +0000 2024","0","@C00KIESHAZELNUT Nomor WhatsApp resmi Bank BCA yaitu 08111500998 (centang biru). Akun resmi Sosial Media BCA dapat Bapak/Ibu cek pada link: https://t.co/WLUYTTGPED ya. Tks ^Groho","1874004652204974574","","C00KIESHAZELNUT","in","Jakarta - Indonesia","0","0","0","https://x.com/HaloBCA/status/1874004652204974574","620977821","HaloBCA"
"1874066331596951769","Tue Dec 31 12:40:07 +0000 2024","0","@mojiate1978 Selamat malam @mojiate1978. Terkait kendala yang Anda alami untuk cek keberhasilan transaksi Anda dapat hubungi Halo BCA 1500888 melalui telepon atau bisa menggunakan aplikasi haloBCA pada fitur Call (tidak dikenakan pulsa reguler namun menggunakan data internet).","1874073045947867439","","mojiate1978","in","","0","0","0","https://x.com/BankBCA/status/1874073045947867439","567255514","BankBCA"
"1874126025522897307","Tue Dec 31 16:24:24 +0000 2024","2","@zoewaku1975 Selamat malam @zoewaku1975. Saat ini tidak ada kendala pada aplikasi BCA mobile lampu indikator merah dapat disebabkan oleh jaringan. Pastikan SIM card yang terdaftar m-BCA berada pada slot SIM 1 serta gunakan jaringan internet yang berasal dari nomor handphone tersebut (1/2)","1874129490374516772","","zoewaku1975","in","","0","0","0","https://x.com/BankBCA/status/1874129490374516772","567255514","BankBCA"
"1873987521736302732","Tue Dec 31 08:14:10 +0000 2024","0","@vanillahanun Selamat sore @vanillahanun. Mohon maaf atas ketidaknyamanannya. Saat ini terdapat kendala fasilitas myBCA namun kendala tersebut sedang dalam proses penanganan pihak analis BCA. Kami sarankan Anda dapat mencoba akses kembali secara berkala.","1874006118160318541","","vanillahanun","in","","0","0","0","https://x.com/BankBCA/status/1874006118160318541","567255514","BankBCA"
"1874067291081728188","Tue Dec 31 12:42:04 +0000 2024","0","@mojiate1978 Selamat malam @mojiate1978. Mohon maaf sudah membuat Anda merasa tidak nyaman. Saat ini tidak ada kendala pada aplikasi BCA mobile lampu indikator merah dapat disebabkan oleh jaringan. Pastikan SIM card yang terdaftar m-BCA (1/2)","1874073535930654977","","mojiate1978","in","","0","0","0","https://x.com/BankBCA/status/1874073535930654977","567255514","BankBCA"
"1873980622374658171","Tue Dec 31 07:12:09 +0000 2024","0","@abcdilala BCA tidak memberikan gimmick hadiah apapun. Jaga selalu data rahasia pribadi Anda seperti PIN dan pastikan pembukaan rekening yang dilakukan menggunakan data pemilik rekening sendiri. (2/2)","1873990512841285633","","abcdilala","in","","0","0","0","https://x.com/BankBCA/status/1873990512841285633","567255514","BankBCA"
"1874050668706881946","Tue Dec 31 12:09:42 +0000 2024","0","@syabyylaa Selamat malam @syabyylaa. Mohon maaf sudah membuat kamu merasa tidak nyaman. Saat ini tidak ada kendala pada aplikasi BCA mobile lampu indikator merah dapat disebabkan oleh jaringan. (1/2)","1874065393251475779","","syabyylaa","in","","0","0","0","https://x.com/BankBCA/status/1874065393251475779","567255514","BankBCA"
"1873980622374658171","Tue Dec 31 08:23:15 +0000 2024","0","@abcdilala melakukan pembukaan rekening melalui tenaga pemasar yang menggunakan aplikasi video interaktif secara online dengan pihak BCA. BCA tidak memberikan gimmick hadiah apapun. (2/2)","1874008402281808064","","abcdilala","in","","0","0","0","https://x.com/BankBCA/status/1874008402281808064","567255514","BankBCA"
"1874074456295092595","Tue Dec 31 12:57:50 +0000 2024","0","@yomimomo1973 Jika yang Anda maksud hapus inbox di BCA mobile maka untuk saat ini button Edit pada inbox BCA mobile sudah dihapus dan jika Anda ingin hapus inbox maka Anda bisa melakukan provisioning ulang pada menu About dan memilih hapus inbox . (1/2)","1874077506032271503","","yomimomo1973","in","","0","0","0","https://x.com/BankBCA/status/1874077506032271503","567255514","BankBCA"
"1873980622374658171","Tue Dec 31 07:11:43 +0000 2024","0","@abcdilala Selamat siang @abcdilala. Saat ini BCA tidak memiliki program pembukaan rekening melalui Funding Officer yang merupakan layanan bagi nasabah untuk melakukan pembukaan rekening melalui tenaga pemasar yang menggunakan aplikasi video interaktif secara online dengan pihak BCA. (1/2)","1873990401239244980","","abcdilala","in","","0","1","0","https://x.com/BankBCA/status/1873990401239244980","567255514","BankBCA"
"1874146915623076009","Tue Dec 31 17:42:06 +0000 2024","0","@lorenokta Selamat pagi @lorenokta. Saat ini tidak ada kendala transaksi di BCA Bisa kirimkan tampilan gambar kendala yang Anda alami melalui DM? (1/2)","1874149044840485211","","lorenokta","in","","0","0","0","https://x.com/BankBCA/status/1874149044840485211","567255514","BankBCA"
"1874144568775762172","Tue Dec 31 17:41:14 +0000 2024","0","@xyzouniell kecuali X (Twitter) dengan centang emas. Nomor WhatsApp resmi Bank BCA yaitu 08111500998 (centang biru). Akun resmi Sosial Media BCA dapat Bapak/Ibu cek pada link: https://t.co/WLUYTTGPED ya. Tks ^Leon","1874148826577330631","","xyzouniell","in","Jakarta - Indonesia","0","0","0","https://x.com/HaloBCA/status/1874148826577330631","620977821","HaloBCA"
"1874126025522897307","Tue Dec 31 16:24:28 +0000 2024","0","@zoewaku1975 (tidak menggunakan WiFi) dengan jaringan yang kuat dan stabil ya. (2/2)","1874129507093012695","","zoewaku1975","in","","0","0","0","https://x.com/BankBCA/status/1874129507093012695","567255514","BankBCA"
"1874074456295092595","Tue Dec 31 12:58:08 +0000 2024","0","@yomimomo1973 Sebagai catatan hapus inbox pada proses provisioning akan menghapus semua inbox di BCA mobile. (2/2)","1874077581940867452","","yomimomo1973","in","","0","0","0","https://x.com/BankBCA/status/1874077581940867452","567255514","BankBCA"
"1874112524771352908","Tue Dec 31 17:11:23 +0000 2024","1","@KRIPIKPISANG15 bercentang biru kecuali X (Twitter) dengan centang emas. Nomor WhatsApp resmi Bank BCA yaitu 08111500998 (centang biru). Akun resmi Sosial Media BCA dapat Bapak/Ibu cek pada link: https://t.co/WLUYTTGPED ya. Tks ^Dares","1874141313115054435","","KRIPIKPISANG15","in","Jakarta - Indonesia","0","0","0","https://x.com/HaloBCA/status/1874141313115054435","620977821","HaloBCA"
"1874074807811400031","Tue Dec 31 12:58:33 +0000 2024","0","@yomimomo1973 Terkail hal tersebut sudah menjadi ketentuan ya. ","1874077686995574990","","yomimomo1973","in","","0","0","0","https://x.com/BankBCA/status/1874077686995574990","567255514","BankBCA"
"1874146915623076009","Tue Dec 31 17:42:20 +0000 2024","0","@lorenokta Pastikan hanya berinteraksi dengan akun resmi Media Sosial BCA yang verified bercentang biru kecuali X (Twitter) dengan centang emas. Nomor WhatsApp resmi Bank BCA yaitu 08111500998 (centang biru). (2/2)","1874149101170024688","","lorenokta","in","","0","0","0","https://x.com/BankBCA/status/1874149101170024688","567255514","BankBCA"
"1873275310491484620","Sun Dec 29 07:50:12 +0000 2024","0","WASPADA!!! Orang² tuna Reza-Nirwana - Etek Jemakir - Bujang San - Elvera STIE Lembah Dempo masih menyandera Edwansyah GP &amp; membajak bank BCA - BNI - BRI - BTN - Mandiri - Sumsel Babel cab Pagaralam Jarai untuk penggelapan suplai kas - pencurian kliring - pencetakan uang ilegal.","1873275310491484620","","","in","Indonesia","0","0","0","https://x.com/GueGantengh/status/1873275310491484620","293329708","GueGantengh"
"1873196650967253074","Sun Dec 29 02:37:38 +0000 2024","4","Menunggu banget ada Fitur: muncul notif di handphone jika ada uang masuk baik dari sesama BCA ataupun bank lain. Asli bakalan memudahkan banget buat seller online shop.","1873196650967253074","","","in","","0","5","0","https://x.com/adawiyahriwan/status/1873196650967253074","49948469","adawiyahriwan"
"1873943169261592670","Tue Dec 31 04:04:02 +0000 2024","0","cv dari bank BRI ke bank BCA bisa egk sii?? aku ingin menghindari biaya admin yg gede #zonauang","1873943169261592670","","","in","君と観た　未来と同じ","0","19","0","https://x.com/y2ssara/status/1873943169261592670","1431617035755089924","y2ssara"
"1874008845162602573","Tue Dec 31 08:25:00 +0000 2024","0","31 Desember OPEN TRANSFER WON ⬇️ 100K won rate 11.11 fee 4K ⬆️ 100K won rate 11.11 fee 5K CO Web kr 11.13 FEE 10K Weverse fee 7K Bisa pake wh kita/wh sendiri https://t.co/OgLU4HPj3k BCA/BNI/JENIUS/MANDIRI/HANA BANK/SEABANK/DANA/SHOPEEPAY","1874008845162602573","","","in","Bekasi, Jawa Barat","0","0","1","https://x.com/flowershine_kr/status/1874008845162602573","1161564336298479617","flowershine_kr"
"1873404008666366229","Sun Dec 29 17:09:16 +0000 2024","0","@dspiiin Tentu bisa Kak dan tidak menjadi masalah ya karena blu dan Bank BCA sudah bank yang berbeda. Kakak cukup lanjutkan saja pembukaan rekening sampai berhasil ya.","1873416004279447568","","danbaksoo","in","DKI Jakarta, Indonesia","0","0","0","https://x.com/haloblu/status/1873416004279447568","1282169334559674372","haloblu"
"1872187448203374980","Thu Dec 26 07:47:25 +0000 2024","0","bukan ngilang sih lebih tau bank bca aja","1872187448203374980","","","in","","0","0","0","https://x.com/titikkomatiga/status/1872187448203374980","1367059733224452098","titikkomatiga"
"1873597344404603132","Mon Dec 30 05:09:51 +0000 2024","0","[OPEN] TF WON ⭐Transfer Won⭐ Under 100k 11.11 fee 4k Up 100k 11.11 fee 5k Up 1jt won 11.11 no fee Fast Respon ‼KKT/WA/LINE‼ Via: dana spay mandiri bca line bank seabank qris","1873597344404603132","","","en","Tangerang Selatan","0","0","1","https://x.com/goottygo/status/1873597344404603132","1319108845910716416","goottygo"
"1873220067074425008","Sun Dec 29 04:10:41 +0000 2024","0","open gestun kredivo allo bank yup paylater bca jenius paylater cc credinec etc via scan qr bisa lgsg cair fee murce dijamin trusted #zonauang","1873220067074425008","","","in","@servicebybe on ig • fastresp⬇","0","0","0","https://x.com/bbeautifulwings/status/1873220067074425008","1386043584562884610","bbeautifulwings"
"1678807336775991296","Tue Jul 11 16:43:54 +0000 2023","17242","BREAKING: Bank of America $BAC secretly opened credit card accounts in customer names double charged overdraft fees and withheld promised perks from users. It has been fined $150 million over junk fees.","1678807336775991296","","","en","United States","712","850","3569","https://x.com/unusual_whales/status/1678807336775991296","1200616796295847936","unusual_whales"
"1841570815697121503","Wed Oct 02 20:07:51 +0000 2024","241","https://t.co/2Ikz0uX3Yd 速報： バンク・オブ・アメリカがダウン：顧客が広範囲にわたる障害を報告 CNNが伝えています。","1841570815697121503","","","ja","Japan","1","4","86","https://x.com/sawayama0410/status/1841570815697121503","76575124","sawayama0410"
"1819051020699443679","Thu Aug 01 16:42:14 +0000 2024","492","UBS has sued Bank of America $BAC for $200 million on Wednesday saying the second-largest U.S. bank refused to cover its legal costs related to risky mortgages issued before the 2008 global financial crisis.","1819051020699443679","","","en","United States","9","49","87","https://x.com/unusual_whales/status/1819051020699443679","1200616796295847936","unusual_whales"
"1871518136895447479","Tue Dec 24 11:27:49 +0000 2024","3","Nasabah bank bca dibegal.........","1871518136895447479","","","in","","0","1","0","https://x.com/bbttrcup/status/1871518136895447479","1065387549428899840","bbttrcup"
"1873918482246754751","Tue Dec 31 02:25:56 +0000 2024","1","di bank mandiri dtng jam 8 disuruh pulang udh full di bca dtng jam 9 langsung dilayani ga sampe 5 mnit anjir beda bgtt","1873918482246754751","","","in","surga","0","1","0","https://x.com/oryzasativq/status/1873918482246754751","1074135879138988035","oryzasativq"
"1871051689572303320","Mon Dec 23 15:17:03 +0000 2024","459","@el_jastip @innovacommunity gue sempet ikut BCA training dan biaya admin spt ini TIDAK BOLEH dibebankan ke konsumen. kalo ketahuan EDC nya bisa ditarik bank","1871213438271369563","","el_jastip","in","에스파 SYNK","7","11","37","https://x.com/ningningyizhu/status/1871213438271369563","1465289720259223552","ningningyizhu"
"1871744873868767401","Wed Dec 25 02:28:47 +0000 2024","0","Halo @bankbsi_id ini ATM mu bukannya ATM Bersama ya ada tulisannya tuh d mesin tapi kenapa ambil uang dengan kartu ATM bank BRI kena charge 7.500? Ambil ATM BCA aja ngga sampe segitu beneran BSI ini bank syariah?","1871744873868767401","","","in","","2","12","0","https://x.com/rusdiharis/status/1871744873868767401","123276251","rusdiharis"
"1872528544666141136","Fri Dec 27 06:22:49 +0000 2024","0","BHABINKAMTIBMAS LAKUKAN MONITORING WILAYAH DI JATIASIH BEKASI Dalam rangka menjaga Kamtibmas selama libur Nataru Bhabinkamtibmas Kel. Jatiasih lakukan monitoring wilayah di kawasan Bank BCA RT.01/05 Kel. Jatiasih (27/12) #polisibaik #divishumaspoldametrojaya https://t.co/njHgI22NUA","1872528544666141136","https://pbs.twimg.com/media/GfyOyIiaIAAnlG1.jpg","","in","","0","0","0","https://x.com/Humastrobkskota/status/1872528544666141136","1186458088682868736","Humastrobkskota"
"1872622369753444783","Fri Dec 27 12:35:39 +0000 2024","0","bank bca hari sabtu besok tgl 28 des untuk daerah cibubur buka ngga? @HaloBCA","1872622369753444783","","","in","","0","9","0","https://x.com/shintasnz/status/1872622369753444783","1008721433399197702","shintasnz"
"1873897892605554974","Tue Dec 31 01:04:07 +0000 2024","0","open jasa tf won co weverse mercari tf won toss link rate 11.09 &lt; 100k won fee 4k &gt; 100k won fee 5k co weverse (no war) rate 11.11 fee 7k co mercari rate 109 fee start 15k WA 1 : https://t.co/oVlupq7mJr bca blu line bank seabank dana spay qris","1873897892605554974","","","en","Karawang, Jawa Barat","1","1","1","https://x.com/peachiesid2/status/1873897892605554974","1406507571700133896","peachiesid2"
"1872460498429694331","Fri Dec 27 01:52:26 +0000 2024","0","Purwokerto biar weekend pulang ke rumah alias deket ke Cilacap hehe","1872460498429694331","","","in","DKI Jakarta, Indonesia","0","0","0","https://x.com/talisepatubaru/status/1872460498429694331","770795138","talisepatubaru"
"1874011957352947759","Tue Dec 31 08:37:22 +0000 2024","0","Bagaimana cara menjadi anak pemilik bank BCA???","1874011957352947759","","","in","kokotiam","0","0","0","https://x.com/jidatais/status/1874011957352947759","1739930578391363584","jidatais"
"1873348944392241172","Sun Dec 29 12:42:48 +0000 2024","1","/kle bank BC4 buka gak ya hari selasa tgl 31 desember? kalo kita udah punya no rek bca trus bikin dengan nomor berbeda bisa kan ya?","1873348944392241172","","","in","Plat DK","1","7","0","https://x.com/TimpalBali/status/1873348944392241172","1219905404009795584","TimpalBali"
"1873295291350450642","Sun Dec 29 09:09:36 +0000 2024","1","Personil sambang ke bank bca jl krakatau antisipasi gangguan kamtibmas dalam rangka menciptakan kamtibmas yang aman &amp; kondusif di wilayah polsek medan timur. #untungadapolisi #divisihumaspolri #polripresisi #poldasumut #polrestabesmedan #polsekmedantimur https://t.co/tJFAITH7aF","1873295291350450642","https://pbs.twimg.com/media/Gf9IIxUbwAATSYa.jpg","","in","Medan Timur, Indonesia","0","0","0","https://x.com/polsekmedantim1/status/1873295291350450642","1140849123366539265","polsekmedantim1"
"1873274177148555484","Mon Dec 30 00:22:46 +0000 2024","0","@luviessun Guna tindak lanjut mohon kesediaannya melakukan konfirmasi ke pihak bank pengirim (Bank BCA) yang digunakan transaksi terlebih dahulu serta melaporkan kepada pihak kepolisian. (2)","1873525096490680607","","luviessun","in","Jl Jend Sudirman 44-46 Jakarta","0","0","0","https://x.com/kontakBRI/status/1873525096490680607","1355925366","kontakBRI"
"1873609794982216131","Mon Dec 30 05:59:19 +0000 2024","0","Cepet bgt udh mau ganti kalender aja ya dpt dua kalender dari customer sama dari bank bagusan dari bca tp yg dari customer lucu jg ada notesnya. Tapi yg dari bca ada gambar pacar aku https://t.co/vDF63wFpQP","1873609794982216131","https://pbs.twimg.com/media/GgBmJlLaUAEyags.jpg","","in","Metropolitan City","0","1","0","https://x.com/zhoezhoey/status/1873609794982216131","1312038960315604997","zhoezhoey"
"1871938550280880465","Wed Dec 25 15:18:23 +0000 2024","0","hai aku lg butuh paypal jadi aku open cv saldo paypal lagiiii rate 15.100 no minimal max $1000 transaksi f&amp;f only no g&amp;s bisa tf ke all bank &amp; e-wallet (dari bca jadi fee antar bank dan antar ewallet berlaku yaa) proofs check #.testimonci azaa ada banyak bgt #zonauangᅠ","1871938550280880465","","","in","22","0","1","1","https://x.com/monciella/status/1871938550280880465","1249251151867809793","monciella"
"1873037570235613555","Sat Dec 28 16:33:12 +0000 2024","0","@eraita1978 Halo @eraita1978. Mohon maaf sudah membuat kamu merasa tidak nyaman. Jika mengalami kendala bisa kirimkan tampilan gambar kendala yang kamu alami melalui DM? Pastikan kamu selalu berinteraksi dengan akun resmi Bank BCA yang sudah terverifikasi.","1873044538237079636","","eraita1978","in","","0","0","0","https://x.com/XpresiBCA/status/1873044538237079636","351429302","XpresiBCA"
"1871669775182844181","Tue Dec 24 21:30:23 +0000 2024","384","bank of Americaといえば、シルバーの価格操作ですね！ 「通貨監督庁（OCC）は23日、銀行秘密法（BSA）および制裁遵守プログラムに関連する不備を理由に、バンク・オブ・アメリカ銀行に対して業務停止命令を発令した」 https://t.co/gP0YiGFEie https://t.co/JDkKbiTwl7","1871669775182844181","https://pbs.twimg.com/media/GfmBvgta0AA_dlu.jpg","","ja","日本🇯🇵🗾","7","0","100","https://x.com/aki79486036/status/1871669775182844181","1241812296717848576","aki79486036"
"1866685238438662580","Sat Dec 28 10:35:47 +0000 2024","0","@riskirizkiriski Halo @riskirizkiriski. Kami belum menerima DM kamu ya. Pastikan hanya berinteraksi dengan akun resmi Social Media BCA yang verified bercentang biru kecuali X (Twitter) dengan centang emas. Nomor WhatsApp resmi Bank BCA yaitu 08111500998 (centang biru).","1872954593614938486","","riskirizkiriski","in","","0","0","0","https://x.com/XpresiBCA/status/1872954593614938486","351429302","XpresiBCA"
"1873955963222581417","Tue Dec 31 05:04:33 +0000 2024","746","@irwndfrry Kalo kaitannya sama holding justru BBCA adalah usaha diversifikasi dari rokok &amp; beruntungnya usaha banking ini thriving. Justru venture lain di holding yg perlu dilihat Lagipula BBCA udah KBMI 4 satu di antara 4 pengisi di level ini. Sisanya Himbara.","1873958400541024339","","irwndfrry","in","Flensburg","1","2","28","https://x.com/duc_of_nowhere/status/1873958400541024339","1795636356536008704","duc_of_nowhere"
"1873014216426438971","Sat Dec 28 14:40:01 +0000 2024","0","@diveinmunich Halo @diveinmunich. Kami sudah balas DM kamu ya. Pastikan hanya berinteraksi dengan akun resmi Social Media BCA yang verified bercentang biru kecuali X (Twitter) dengan centang emas. Nomor WhatsApp resmi Bank BCA yaitu 08111500998 (centang biru).","1873016058325680626","","diveinmunich","in","","0","0","0","https://x.com/XpresiBCA/status/1873016058325680626","351429302","XpresiBCA"
"1873034227178193294","Sat Dec 28 16:04:53 +0000 2024","0","@daffrockie Pastikan hanya berinteraksi dengan akun resmi Media Sosial BCA yang verified bercentang biru kecuali X (Twitter) dengan centang emas. Nomor WhatsApp resmi Bank BCA yaitu 08111500998 (centang biru). (2/2)","1873037414731792707","","daffrockie","in","","0","0","0","https://x.com/XpresiBCA/status/1873037414731792707","351429302","XpresiBCA"
"1872912189977444767","Sat Dec 28 10:37:06 +0000 2024","0","@berkulyeah Pastikan hanya berinteraksi dengan akun resmi Social Media BCA yang verified bercentang biru kecuali X (Twitter) dengan centang emas. Nomor WhatsApp resmi Bank BCA yaitu 08111500998 (centang biru). (3/3)","1872954925812232679","","berkulyeah","in","","0","0","0","https://x.com/XpresiBCA/status/1872954925812232679","351429302","XpresiBCA"
"1874061431613861889","Tue Dec 31 12:28:42 +0000 2024","0","@annathayya kecuali X (Twitter) dengan centang emas. Nomor WhatsApp resmi Bank BCA yaitu 08111500998 (centang biru). (2/2)","1874070171373232343","","annathayya","in","","0","0","0","https://x.com/XpresiBCA/status/1874070171373232343","351429302","XpresiBCA"
"1873986781181538447","Tue Dec 31 06:57:20 +0000 2024","0","Bank bca sama bank dki lemot bgt","1873986781181538447","","","in","DKI Jakarta, Indonesia","0","1","0","https://x.com/silverquinee/status/1873986781181538447","1173846577","silverquinee"
"1874075659246723251","Tue Dec 31 13:27:17 +0000 2024","0","@hainuki1970 Halo hainuki1970. Untuk saat ini tidak ada kendala untuk akses fasilitas BCA. Jika kamu mengalami kendala bisa kirimkan tampilan gambar kendala yang kamu alami melalui DM? Pastikan kamu selalu berinteraksi dengan akun resmi Bank BCA yang sudah terverifikasi.","1874084916109173074","","hainuki1970","in","","0","0","0","https://x.com/XpresiBCA/status/1874084916109173074","351429302","XpresiBCA"
"1874038259711696907","Tue Dec 31 10:21:53 +0000 2024","0","Anggota Unit Patroli Polsek. Gedongtengen Polresta Yogyakarta melaksanakan sambang dan himbauan kamtibmas di kawasan obyek vital Bank BCA Margoutomo Yogya sampaikan pesan kamtibmas kepada security jukir maupun pengunjung situasi aman Senin 30/12/2024 https://t.co/ZNWcjvwXbw","1874038259711696907","","","in","","0","0","0","https://x.com/gedongtengen/status/1874038259711696907","1171586410421178369","gedongtengen"
"1872674248231448957","Fri Dec 27 16:01:48 +0000 2024","0","WTF u did again @Sunhun_DD? Repot about us again eventhough we asked bca bank account of ony adya rowana since this afternoon?! WTH u are still repost our privacy informations below!In Japan this spread of privacy informations are forbidden.U want me &amp; @DayanaWiraP26 reporting?!","1872674248231448957","","","en","ÜT: -6.236955,106.853217","0","3","1","https://x.com/RanieFelia/status/1872674248231448957","35471873","RanieFelia"
"1873966954693943452","Tue Dec 31 05:38:33 +0000 2024","0","Habis dr BCA ke bank plat merah tuh beda banget yaa","1873966954693943452","","","in","Jakarta-Indonesia","0","1","0","https://x.com/ratnadewime/status/1873966954693943452","49690620","ratnadewime"
"1873917367857934742","Tue Dec 31 02:21:30 +0000 2024","0","SELAMAT KEPADA MEMBER DENSUSTOTO YANG SUDAH JP PROVIDER: PRAGMATIC PLAY GAME: SLOT MANIA 15000X TOTAL WD: RP. 6.020.000 BANK: BCA #buktijpdensustoto #densustoto #slotmania15000x #pragmaticplay https://t.co/a9z2edPBln","1873917367857934742","https://pbs.twimg.com/media/GgF9zHvbYAAML5G.jpg","","in","","0","0","0","https://x.com/DensusToto/status/1873917367857934742","1108191104","DensusToto"
"1873662131939475742","Mon Dec 30 09:27:17 +0000 2024","0","Anggota Unit Patroli Polsek Gedongtengen PolrestaYogya laksanakan sambang dialogis dikawasan obyekvital Bank BCA Margoutomo Yogya sampaikanpesan kamtibmas kepada security juru parkir&amp;nasabah antisipasi kejahatan maupun gangguan keamanan Senin (30/12)siang https://t.co/FiIEfVW45d","1873662131939475742","","","in","","0","0","0","https://x.com/gedongtengen/status/1873662131939475742","1171586410421178369","gedongtengen"
"1874063395760324967","Tue Dec 31 12:01:46 +0000 2024","0","Banyak saya ada screenshot lebih dri 1 saya pakai bank bukan hanya BCA. Malah BCA bank paling nyusahin!!! @XpresiBCA @HaloBCA @BankBCA","1874063395760324967","","","in","","0","0","0","https://x.com/annathayya/status/1874063395760324967","1793040660787785729","annathayya"
"1873550005799366712","Mon Dec 30 02:01:44 +0000 2024","0","Hadeeeehhhh asliiiiii deh Repot banget ATM ilang pas mudik. Pliss atuhlah bank bank lain kenapa ga kayak Bank BCA yg sat set ganti kartu ATM tinggal bawa KTP ajaaaaaa... Masa lagi mudik bawa2 buku tabungan ya ngapain ","1873550005799366712","","","in","Semarang, Jawa Tengah","0","1","0","https://x.com/dustysparkling/status/1873550005799366712","66230605","dustysparkling"
"1873916266236547235","Tue Dec 31 02:17:08 +0000 2024","0","SELAMAT KEPADA MEMBER DENSUSTOTO YANG SUDAH JP PROVIDER: PGSOFT GAME: MAHJONG WAYS 2 TOTAL WD: RP. 8.000.000 BANK: BCA #buktijpdensustoto #densustoto #mahjongways2 #pgsoft https://t.co/CCfOYN3Hyx","1873916266236547235","https://pbs.twimg.com/media/GgF85bKbYAISaEO.jpg","","in","","0","0","0","https://x.com/DensusToto/status/1873916266236547235","1108191104","DensusToto"
"1873328805957566815","Sun Dec 29 11:22:46 +0000 2024","0","Pada hari Minggu tanggal 29 Desember 2024 dipimpin Panit I Samapta Aiptu Nugroho melaksanakan giat Patroli dialogis dengan warga di Pasar Telo dan ATM Bank BCA Jl. Brigjen Katamso sampaikan himbauan Kamtibmas agar selalu tingkatkan kewaspadaan https://t.co/SBnlEvZ8j1","1873328805957566815","","","in","Jl.Sisingamangaraja No.55A Yka","0","0","0","https://x.com/HumasPolsekMG/status/1873328805957566815","1154308056605286400","HumasPolsekMG"
