"conversation_id_str","created_at","favorite_count","full_text","id_str","image_url","in_reply_to_screen_name","lang","location","quote_count","reply_count","retweet_count","tweet_url","user_id_str","username"
"1768169974450008479","Thu Mar 14 06:59:07 +0000 2024","29","$BBCA memutuskan membagi dividen tunai Rp270 per saham atau Rp33 28 T Dividen tunai tsb sudah termasuk dividen interim tunai sebesar Rp42 5 per saham yang telah dibayarkan di Des 2023 Alhasil sisa nilai dividen per saham yang akan ditebar BCA sebesar Rp227 5 per saham https://t.co/01TrLTLpvZ","1768169974450008479","https://pbs.twimg.com/media/GInNOJJbQAA8kjX.jpg","","in","Any City","3","0","3","https://x.com/desmondwira/status/1768169974450008479","201965045","desmondwira"
"1873727127230845049","Mon Dec 30 13:45:33 +0000 2024","96","BBCA mempertahankan konsistensi harga sahamnya selalu naik setiap tahun selama 16 tahun terakhir. Ditambah dividen tunai 2 kali setahun. https://t.co/4HAYPhJDp0","1873727127230845049","https://pbs.twimg.com/media/GgDQ07sacAE3gMY.jpg","","in","Indonesia","3","2","20","https://x.com/doktermarket/status/1873727127230845049","311312187","doktermarket"
"1722733218980303220","Thu Nov 09 21:49:40 +0000 2023","332","Not Olivia saying she hates the group being separated but she s one of the reason why they re split wtf! #BBUK https://t.co/zoRwaMSbSU","1722733218980303220","https://pbs.twimg.com/ext_tw_video_thumb/1684656989320720384/pu/img/HD0TD_wirCGtkuDE.jpg","","en","","0","0","11","https://x.com/ShamRUOkay/status/1722733218980303220","49691259","ShamRUOkay"
"1856542096007803216","Wed Nov 13 03:38:23 +0000 2024","5","BBCA bagi dividen interim setara yield 0 48 % Kecil amat Gak papa Gas masuk https://t.co/AFGHVYNqdS","1856542096007803216","https://pbs.twimg.com/media/GcPDMdlasAAL_4J.jpg","","in","jakarta selatan","0","3","1","https://x.com/saptaipb/status/1856542096007803216","1634788663","saptaipb"
"1510586190860279813","Sun Apr 03 11:53:07 +0000 2022","653","The Split is back! Check the full recap on my Instagram-Account @barry_atsma to get ready for some️&amp;&amp;️‍&amp;️‍. Tomorrow Monday April 4th @BBCOne #TheSplit @sisterglobal https://t.co/jdzWZH10CN","1510586190860279813","https://pbs.twimg.com/ext_tw_video_thumb/1510585918608089091/pu/img/D1U0agozcHtt4uHz.jpg","","en","Utrecht","10","28","37","https://x.com/barryatsma/status/1510586190860279813","112529432","barryatsma"
"1232425035140235264","Tue Feb 25 22:00:00 +0000 2020","186"," SCHEDULE CHANGE! Episode 4 of #TheSplit will be shown next Monday at 9pm on @BBCOne. See you then or stream the whole series on @BBCiPlayer now: https://t.co/GY9aJERuSc https://t.co/YmqSPyeTrs","1232425035140235264","https://pbs.twimg.com/media/ERpIz4UXYAErfUD.jpg","","en","","5","26","33","https://x.com/BBCOne/status/1232425035140235264","871686942","BBCOne"
"1275167167391113222","Mon Jun 22 20:41:58 +0000 2020","275","We often talk about a divided House but Big Brother 3 did it for real. Rich side vs poor side - what a game changer this was. #BBUK https://t.co/Ih0FPkPUbD","1275167167391113222","https://pbs.twimg.com/media/EbIDEO7XgAIfNgs.jpg","","en","Watching You","5","18","30","https://x.com/bbuk/status/1275167167391113222","326159852","bbuk"
"1113690563528859649","Thu Apr 04 06:31:36 +0000 2019","424","Statement knits plaid and colourful puffer jackets. Tiffany Young presents this season s new looks from Divided! Now in store from R 179! #HMDivided https://t.co/DgCqdqva2k","1113690563528859649","https://pbs.twimg.com/amplify_video_thumb/1113690509065715712/img/sd6yKRDiml7we-qx.jpg","","en","South Africa","12","14","194","https://x.com/hmsouthafrica/status/1113690563528859649","1709500339","hmsouthafrica"
"1859028883854815603","Wed Nov 20 00:19:59 +0000 2024","5","Pagi. Semalam indeks bursa AS ditutup bervariasi. Dow -0 28% SP +0 4% dan Nasdaq +1 04%. Kemarin IHSG rebound 0 9% ke 7195. Hari ini cum date dividen interim BBCA (Rp 50) dan BRAM (Rp 200). pembukaan suspensi saham DAAZ PACK dan PACK-W","1859028883854815603","","","in","Indonesia","0","0","6","https://x.com/doktermarket/status/1859028883854815603","311312187","doktermarket"
"1841789121347682600","Thu Oct 03 10:35:19 +0000 2024","66","Di masa bearish baiknya pantau saham2 bluechip stabil dan tua yang selalu profit naik atau tetap profitnya bagi dividen dan yang pbv nya mendekati minimal misal bbca 3 sd 4 Asii sekitar 0.85 sd 1 nah akumulasi deh pelan2. Jualnya kapan? Ketika dekat maximal lah pbv nya https://t.co/OtKk4Eszuw","1841789121347682600","https://pbs.twimg.com/media/GY9ZcECbAAECjiM.jpg","","in","Indonesia","0","4","17","https://x.com/TradingDiary2/status/1841789121347682600","1260798424393211904","TradingDiary2"
"1856498326457462807","Wed Nov 13 00:44:27 +0000 2024","6","BCA (BBCA) Bakal Bagikan Dividen Interim Rp 50 Per Saham naik dari Rp 42 4 tahun lalu. Cum date 20 November dan pembayaran 11 Desember","1856498326457462807","","","in","Indonesia","0","1","5","https://x.com/doktermarket/status/1856498326457462807","311312187","doktermarket"
"1220677962166607872","Fri Jan 24 12:01:19 +0000 2020","248"," You ever loved two people? Family marriage commitment and you guessed it divorce. #TheSplit returns soon to @BBCOne &amp; @BBCiPlayer. https://t.co/TsSjrrfF51","1220677962166607872","https://pbs.twimg.com/media/EPCdB_XXsAENSpb.jpg","","en","","12","11","34","https://x.com/BBCOne/status/1220677962166607872","871686942","BBCOne"
"1769737342036897884","Mon Mar 18 14:47:17 +0000 2024","28","Jadwal pembagian dividen tunai BBCA (Rp 227 5). Cum date Jumat ini. https://t.co/NL4TJy6cL4","1769737342036897884","https://pbs.twimg.com/media/GI9eieaaQAAPd7o.jpg","","in","Indonesia","1","3","6","https://x.com/doktermarket/status/1769737342036897884","311312187","doktermarket"
"1856227576748093485","Tue Nov 12 06:48:35 +0000 2024","208","Shm! $BBCA Dividen Jumbo Interim Rp50/saham Cumdate 20 Nov https://t.co/XtE20bm4wI","1856227576748093485","https://pbs.twimg.com/media/GcKlJKuaoAAMbWn.jpg","","in","Sukses Finansial","27","68","14","https://x.com/Saham_fess/status/1856227576748093485","1336580251493646343","Saham_fess"
"1790572543528845747","Wed May 15 02:38:56 +0000 2024","37","Sefruit tips milih shm! dividen Jgn cuma perhatikan div yield tapi perhatikan juga div growth. Contoh? $BBCA dividen tahun buku 2021 nya Rp.125 dividen tahun buku 2023 nya Rp.270. Ada kenaikan dividen yang diterima sebesar 116% dalam 2 tahun.","1790572543528845747","","","in","Sukses Finansial","1","3","5","https://x.com/Saham_fess/status/1790572543528845747","1336580251493646343","Saham_fess"
"1714993012298932404","Thu Oct 19 13:12:51 +0000 2023","59","$BBCA rilis Q323 Laba bertumbuh ya Dividen Yield 2.2% Jenis 1 sangat stabil. Bluechip gini Cicil tiap di support Gw yakin lu akan baik2 aja di BBCA Yg cuma Ngincar capital gain 15% setahun Gw pikir bisa beli ini aja https://t.co/jGUcWWeeTQ","1714993012298932404","https://pbs.twimg.com/media/F8zhDmHaAAAN2oy.jpg","","in","jakarta selatan","1","7","6","https://x.com/saptaipb/status/1714993012298932404","1634788663","saptaipb"
"1324201039558561792","Thu Nov 05 04:05:04 +0000 2020","388"," History would suggest that America has always been divided since 1619 @byronpitts says in comments reflecting on political polarization. Our history has always been complicated it has always been muddy it has always been difficult. https://t.co/GwwRl4EUb3 https://t.co/8oFSMT2Kru","1324201039558561792","https://pbs.twimg.com/media/EmCBxSeWoAAADUu.jpg","","en","New York City / Worldwide","23","61","70","https://x.com/ABC/status/1324201039558561792","28785486","ABC"
"1859025146272764159","Wed Nov 20 00:05:08 +0000 2024","0","Hari ini dua emiten cum dividen di Pasar Reguler! 1. PT Bank Central Asia Tbk (BBCA) akan membagikan dividen tunai interim untuk tahun buku 2024 sebesar Rp6.163.752.500.000 atau Rp50 per saham. #BEI #Dividen #IDX #Saham [1/2] https://t.co/Bu8MZkFhV8","1859025146272764159","https://pbs.twimg.com/media/GcyUMqCbcAE4Ybk.jpg","","in","","0","1","0","https://x.com/LumbungSaham/status/1859025146272764159","1079319056761507840","LumbungSaham"
"1867123620377678301","Thu Dec 12 08:25:35 +0000 2024","1","Kamsia sudah diingatkan baru sadar dapat dividen BBCA https://t.co/b3DuqStd0r","1867123620377678301","https://pbs.twimg.com/media/GelbCJ6bAAAWYtU.jpg","","in","","0","1","1","https://x.com/EvaMalca/status/1867123620377678301","1529472830","EvaMalca"
"1227299008067981312","Tue Feb 11 18:31:00 +0000 2020","201","Family. Marriage. Love. Divorce. Here's everything you need to know about #TheSplit so far. https://t.co/LmsyznhDN0","1227299008067981312","https://pbs.twimg.com/media/EQLJJpIW4AEPnzp.jpg","","en","","16","9","33","https://x.com/BBCOne/status/1227299008067981312","871686942","BBCOne"
"1088445816707010561","Thu Jan 24 14:37:59 +0000 2019","279","In the second episode of our new series #Divided musician @yungblud talks mental health gender identity and how old people robbed a generation by voting for Brexit. Watch the first episode on Snapchat: https://t.co/6Q5vKFs1hY https://t.co/7DGGxTPXbD","1088445816707010561","https://pbs.twimg.com/amplify_video_thumb/1088360638571835392/img/nu0i-Vb-wIGyzXDU.jpg","","en","London, UK","81","337","56","https://x.com/SkyNews/status/1088445816707010561","7587032","SkyNews"
"1775758941244494069","Thu Apr 04 05:34:58 +0000 2024","0","Dividen BBCA. https://t.co/rUvrY7aStx","1775758941244494069","https://pbs.twimg.com/media/GKTDWGhbIAAcB2s.jpg","","en","Yogyakarta, Indonesia","0","0","0","https://x.com/achmdmchtr/status/1775758941244494069","1296144197964111872","achmdmchtr"
"1357903294400770054","Sat Feb 06 04:05:48 +0000 2021","919","Divided United https://t.co/3c0eFLClpA","1357903294400770054","https://pbs.twimg.com/media/Etg9e-OXEAErvwl.jpg","","en","","10","9","144","https://x.com/B_Dub3/status/1357903294400770054","138888774","B_Dub3"
"1225070930826842112","Wed Feb 05 14:57:25 +0000 2020","1049","Fragmentada (2016) Boca rosa tem 23 personalidades diferentes. A 24 está prestes a ser solta. #BBBB2020 https://t.co/acwohNDEyO","1225070930826842112","https://pbs.twimg.com/ext_tw_video_thumb/1225056423530434561/pu/img/NXMr8_J_6PPx3eNJ.jpg","","pt","sg, sm, dj, hft, ldr","50","39","117","https://x.com/gilliesrare/status/1225070930826842112","913416346628747264","gilliesrare"
"1229888321460961280","Tue Feb 18 22:00:00 +0000 2020","344","#TheSplit continues Tuesday at 9pm on @BBCOne. Or stream the whole series on @BBCiPlayer now: https://t.co/GY9aJERuSc https://t.co/DpDDNMqiSg","1229888321460961280","https://pbs.twimg.com/media/EQvSfu4XYAAg1ia.jpg","","en","","10","28","23","https://x.com/BBCOne/status/1229888321460961280","871686942","BBCOne"
"1727846241869209828","Fri Nov 24 00:27:00 +0000 2023","47","BBCA akan membagikan dividen interim Rp 42 5/saham. Cum date 1 Desember dan pembayaran 20 Desember 2023.","1727846241869209828","","","in","Indonesia","0","3","9","https://x.com/doktermarket/status/1727846241869209828","311312187","doktermarket"
"1088445816707010561","Thu Jan 24 18:14:51 +0000 2019","530","You can now watch episode two of #Divided in full featuring @yungblud on YouTube ⬇️ https://t.co/QdbkMsleMT","1088500393984880640","","SkyNews","en","London, UK","3","24","63","https://x.com/SkyNews/status/1088500393984880640","7587032","SkyNews"
"1711826738609623149","Tue Oct 10 19:31:13 +0000 2023","233","Who doesn t love a Devonshire split #GBBO https://t.co/wKNEGw8n2e","1711826738609623149","https://pbs.twimg.com/media/F8GhWBuWgAAcwl8.jpg","","en","Manchester ","4","35","14","https://x.com/thebakingnanna1/status/1711826738609623149","73747672","thebakingnanna1"
"1758321452678517143","Fri Feb 16 02:44:37 +0000 2024","8","Sell atau hold ya ini? Udh ketauan blm dividen Bbca brp? Kalo sell bagusnya kapan ya shm! https://t.co/99i4C1ANdM","1758321452678517143","https://pbs.twimg.com/media/GGbQCrFaIAAuhae.jpg","","in","Sukses Finansial","2","10","0","https://x.com/Saham_fess/status/1758321452678517143","1336580251493646343","Saham_fess"
"1765928846992568605","Fri Mar 08 02:33:41 +0000 2024","40","Bbca all time high. Jual kapan ya ges? Pengen jual skg nunggu info dividen. Abis tau dividen jual pas kpn ya shm! https://t.co/KFNxEJRHl0","1765928846992568605","https://pbs.twimg.com/media/GIHW7TCaYAAjTxm.jpg","","in","Sukses Finansial","4","15","2","https://x.com/Saham_fess/status/1765928846992568605","1336580251493646343","Saham_fess"
"1730794593778843661","Sat Dec 02 03:42:42 +0000 2023","0","dividen bbca kecil bgt","1730794593778843661","","","in","Yogyakarta","0","1","0","https://x.com/enhakkk/status/1730794593778843661","1300680198182989824","enhakkk"
"1859056441916878896","Wed Nov 20 02:09:30 +0000 2024","0","Dear Investor Hari Ini Terakhir Perolehan Dividen Interim BBCA https://t.co/UFK55WZmGd","1859056441916878896","","","in","Jakarta Capital Region","0","0","0","https://x.com/idx_channel/status/1859056441916878896","4755284968","idx_channel"
"1253452849503260678","Thu Apr 23 22:37:02 +0000 2020","325","Coronavirus pandemic exposes rather than heals America's divisions https://t.co/Vf2BnLq18d","1253452849503260678","","","ca","London, UK","7","45","97","https://x.com/BBCWorld/status/1253452849503260678","742143","BBCWorld"
"1704621858329661852","Wed Sep 20 22:21:36 +0000 2023","771"," Their job is to divide and then they conquer... @patrickbetdavid on what union leaders mother-in-law and lawyers in common. https://t.co/M7ekR9wMYY","1704621858329661852","https://pbs.twimg.com/ext_tw_video_thumb/1704621347450863616/pu/img/FljiykPEmfZeuuWC.jpg","","en","","1","29","94","https://x.com/PBDsPodcast/status/1704621858329661852","1474502684312932354","PBDsPodcast"
"1647254221287301120","Sat Apr 15 15:03:05 +0000 2023","2","modal dividen $bbca $bbri $sido jadi beraya ha https://t.co/Lx7NKgQSL1","1647254221287301120","https://pbs.twimg.com/media/Ftw4-s5akAAOwXE.jpg","","in","Ashburton Grove","0","0","0","https://x.com/dajodd/status/1647254221287301120","1105701909225066496","dajodd"
"1857203588566532555","Thu Nov 14 23:26:55 +0000 2024","557","swear the divide was even worse last year and they still all managed to get along during the final days while this miserable lot are ganging up on one person for the behaviour of a housemate that left days ago #bbuk https://t.co/KZbyFhOEOO","1857203588566532555","https://pbs.twimg.com/ext_tw_video_thumb/1843743788189069313/pu/img/4lyyy130SER1jk34.jpg","","en","","2","6","25","https://x.com/patheticgirl87/status/1857203588566532555","1472895917124640784","patheticgirl87"
"1867389309399032138","Fri Dec 13 02:01:20 +0000 2024","576","Public dilution never happened for $BBBYQ The DTCC took the bait jumped the gun and oversold securities as they always do. There were share discrepancies even before we entered Chapter 11 Kirkland and Ellis had a task force of SPAC/IPO specialists ready for forensic","1867389309399032138","","","en","London ","1","32","85","https://x.com/PhantomBlack699/status/1867389309399032138","1667205551871213569","PhantomBlack699"
"1759013556056449398","Sun Feb 18 00:34:47 +0000 2024","330","We believe $BBBYQ is undergoing a divisive reorganization in Chapter 11 a tax efficient manner of extracting a valuable subsidiary trapped under a corporate umbrella Ryan Cohen suggested this and was denied Sixth Street appear to have been working towards this. This is just https://t.co/HJ8aCV7X3p","1759013556056449398","https://pbs.twimg.com/media/GGlAbkPXUAAGgdc.png","","en","London ","0","9","109","https://x.com/PhantomBlack699/status/1759013556056449398","1667205551871213569","PhantomBlack699"
"1853933610950389886","Tue Nov 05 22:53:11 +0000 2024","1341"," FRIDAY IS A DOUBLE EVICTION #BBUK #BBLL https://t.co/QTwZeDY3lW","1853933610950389886","https://pbs.twimg.com/media/Gbp-ytQXIA4w5KM.jpg","","en","The Diary Room","41","52","46","https://x.com/superTV247/status/1853933610950389886","2726321295","superTV247"
"1612063591364202497","Sun Jan 08 12:28:05 +0000 2023","971","DONT WORRY GUYS. BBB ARE IN SEATING SECTION WHILE PONDIE OPPAR ON STANDING SECTION. YES THEY'RE SEPARATED (for now) #BibleBuild https://t.co/cGYSE6DlVh","1612063591364202497","https://pbs.twimg.com/media/Fl8zSQhagAA34w5.jpg","","en","Thailand","31","8","192","https://x.com/blebiuokami/status/1612063591364202497","1634828910","blebiuokami"
"1127618117172105216","Sun May 12 16:54:43 +0000 2019","283","Somebody said it couldn t be done.. Lol.... GOOFY! 4 splits for the 4 years of hell and growth college put me through! #QuesGraduate https://t.co/bSAZDQzRbQ","1127618117172105216","https://pbs.twimg.com/ext_tw_video_thumb/1127617890495152133/pu/img/KbKadHgpBzg1lkX-.jpg","","en","Cincinnati","16","2","48","https://x.com/DoryanBeach/status/1127618117172105216","2462226247","DoryanBeach"
"1798088472390991966","Tue Jun 04 20:24:33 +0000 2024","699","Today via the HBC case it was found there was in fact NO dilution from HBC. Not sure how to really explain this.. #BBBYQ https://t.co/4VdpOQrBiq","1798088472390991966","https://pbs.twimg.com/media/GPQX77PXoAAJ8Mq.jpg","","en","","10","63","126","https://x.com/ThePPseedsShow/status/1798088472390991966","1619992211071897600","ThePPseedsShow"
"1090390791296614401","Tue Jan 29 23:26:37 +0000 2019","502","Richard Burgon: The Labour Party isn t divided we have a difference of opinion. That s the same thing. Richard Burgon: No it isn t. #Newsnight https://t.co/2ZLtgooejU","1090390791296614401","https://pbs.twimg.com/ext_tw_video_thumb/1090390554339409920/pu/img/b6eg3oRASQZdIsPd.jpg","","en","","73","109","151","https://x.com/Jamin2g/status/1090390791296614401","46756531","Jamin2g"
"1768445431842030067","Fri Mar 15 01:13:41 +0000 2024","2","$NIKL UMA sementara itu RUPS $BBCA kemarin memutuskan pembagian dividen tunai Rp 33 2 triliun yang setara dengan Rp 270/saham naik 32% dari dividen tahun lalu. Dividen yang telah dibagikan Rp 42 5 sehingga sisasnya akan dibagikan Rp 227 5/saham. Jadwal akan diumumkan kemudian. https://t.co/aAhxep8hkl","1768445431842030067","https://pbs.twimg.com/media/GIrHvkxa0AA-bhC.jpg","","in","대한민국","0","1","1","https://x.com/buruhIHSG/status/1768445431842030067","1501933023243411463","buruhIHSG"
"1861454877081178362","Tue Nov 26 17:00:01 +0000 2024","511","By the end of the first BTBV arc: United Separated https://t.co/hBcPCd7bki","1861454877081178362","https://pbs.twimg.com/media/GdU3V7yXQAAK1xf.jpg","","en","delulu land","1","11","40","https://x.com/Bleedforlives/status/1861454877081178362","1184443603768078337","Bleedforlives"
"1741446492706271696","Sun Dec 31 13:09:33 +0000 2023","2067","BPD splitting is fully hating something/someone in the moment but as soon as the moment passes you feel unbearable shame guilt and humiliation.","1741446492706271696","","","en","","57","9","447","https://x.com/thatgrlsanalien/status/1741446492706271696","1640424592593522689","thatgrlsanalien"
"1847857293746204743","Sun Oct 20 04:28:05 +0000 2024","2056","What a Divide. A map mostly blue but a huge divide. Urban vs Rural City vs Suburbs Islanders vs Mainland Right wing vs Alt-Left radicals A Province very much divided #bcpoli #Surreybc #BCelection2024 https://t.co/AlAMsmabGk","1847857293746204743","https://pbs.twimg.com/media/GaToajbbUAA2KrX.jpg","","en","White Rock, British Columbia","36","305","297","https://x.com/schtev69/status/1847857293746204743","729246649","schtev69"
"1227351800518447105","Tue Feb 11 22:00:46 +0000 2020","206"," You re giving us away and I m not ready. #TheSplit continues Tuesday at 9pm on @BBCOne or stream the whole series now on @BBCiPlayer: https://t.co/GY9aJEzU0E https://t.co/bkATmNlt7L","1227351800518447105","https://pbs.twimg.com/amplify_video_thumb/1227218581680730128/img/5w_89DaEv2vMUbUi.jpg","","en","","7","8","16","https://x.com/BBCOne/status/1227351800518447105","871686942","BBCOne"
"1229707127855468549","Tue Feb 18 10:00:00 +0000 2020","169"," You re giving us away and I m not ready. #TheSplit continues tonight at 9pm on @BBCOne. Or stream the whole series on @BBCiPlayer now: https://t.co/GY9aJEzU0E https://t.co/FGyJEiXjNw","1229707127855468549","https://pbs.twimg.com/amplify_video_thumb/1227218581680730128/img/5w_89DaEv2vMUbUi.jpg","","en","","2","8","12","https://x.com/BBCOne/status/1229707127855468549","871686942","BBCOne"
"1798097143661523303","Tue Jun 04 20:59:00 +0000 2024","11325","An hour of bpd splitting summed up in one photo: https://t.co/paJP9K6aFE","1798097143661523303","https://pbs.twimg.com/media/GPQf0f2XAAA2jtC.jpg","","en","𓍊𓋼𓍊 she/her 28 𓍊𓋼𓍊","544","87","1580","https://x.com/DeepHydrangeas/status/1798097143661523303","1280082180752969729","DeepHydrangeas"
"1867074495170875889","Thu Dec 12 05:10:22 +0000 2024","11","Shm! Di sini ada yang pake ipot? Dividen bbca memang belum dapet ya? :(","1867074495170875889","","","in","Sukses Finansial","1","8","0","https://x.com/Saham_fess/status/1867074495170875889","1336580251493646343","Saham_fess"
"1478725591771881480","Wed Jan 05 13:50:29 +0000 2022","2753","BREAKING Public company $BTCS to pay $0.05 per share investor dividend in #Bitcoin","1478725591771881480","","","en","Nashville, TN","35","139","329","https://x.com/BitcoinMagazine/status/1478725591771881480","361289499","BitcoinMagazine"
"1856275816612802930","Tue Nov 12 10:00:17 +0000 2024","3","BCA (BBCA) Akan Bagikan Dividen Interim Tunai Rp50 per Saham https://t.co/0mStfvcXb0","1856275816612802930","","","in","Jakarta Capital Region","0","0","1","https://x.com/cnbcindonesia/status/1856275816612802930","847372542830444544","cnbcindonesia"
"1857575560634830849","Sat Nov 16 00:05:00 +0000 2024","1","PT Bank Central Asia Tbk (BBCA) akan membagikan #dividen tunai interim untuk tahun buku 2024 sebesar Rp6.163.752.500.000 atau Rp50 per #saham. Pada 30 September 2024 BBCA mencatatkan Laba Bersih yang Dapat Diatribusikan Kepada Pemilik Entitas Induk sebesar Rp41.073.863.297.216. https://t.co/9F0ZNmIMXj","1857575560634830849","https://pbs.twimg.com/media/GcdoUkmaMAEibD0.jpg","","in","","0","0","0","https://x.com/LumbungSaham/status/1857575560634830849","1079319056761507840","LumbungSaham"
"1768122889029750791","Thu Mar 14 03:52:01 +0000 2024","39","Dividen Payout Ratio BBCA meningkat menjadi 68 4% dari total laba bersih. Usulan dividen final 227 5 per lembar #CeritaRUPS","1768122889029750791","","","in","kokogiovanni@gmail.com","4","4","4","https://x.com/KokoGiovanni/status/1768122889029750791","139982550","KokoGiovanni"
"1856531394308313412","Wed Nov 13 02:55:51 +0000 2024","0","Dividen Interim Big Bank Dimulai BBCA Mulai Dulu! https://t.co/S5aXDxXnRy","1856531394308313412","","","in","Jakarta Capital Region","0","0","0","https://x.com/cnbcindonesia/status/1856531394308313412","847372542830444544","cnbcindonesia"
"1859098475750903915","Wed Nov 20 04:56:31 +0000 2024","0","Saham BBCA Menanjak saat Cum Date Dividen Interim Hari Ini https://t.co/ZeGBdiheGI","1859098475750903915","","","in","Jakarta Capital Region","0","0","0","https://x.com/idx_channel/status/1859098475750903915","4755284968","idx_channel"
"1636858770645999619","Fri Mar 17 22:35:16 +0000 2023","311","BREAKING NEWS #BBBY is officially a penny stock as it tanks in after hours. The company announced a special meeting to approve a reverse split. What we might be seeing here is a short attack so short hedge funds can attempt to close out some short exposure before the vote. https://t.co/MeWO9ZQDXB","1636858770645999619","https://pbs.twimg.com/media/FrdKX0DXwAABG4G.jpg","","en","Scotland, United Kingdom","4","27","51","https://x.com/GavinClimie/status/1636858770645999619","1404682767145787392","GavinClimie"
"1785145202388431323","Tue Apr 30 03:12:37 +0000 2024","22","shm! Maaf newbie here mau tanya dividen bbri atau bbca itu per berapa bulan ya? Atau ada tanggal exact nya terimakasih temen2 yg mau jawab","1785145202388431323","","","in","Sukses Finansial","2","9","4","https://x.com/Saham_fess/status/1785145202388431323","1336580251493646343","Saham_fess"
"1859051724440564189","Wed Nov 20 01:50:45 +0000 2024","3","Dividen interm kecil sekali ya $BBCA Tudey cumdate","1859051724440564189","","","in","","0","2","1","https://x.com/EvaMalca/status/1859051724440564189","1529472830","EvaMalca"
"1751162538421563807","Sat Jan 27 08:37:38 +0000 2024","2705","Akufo-Addo and Bawumia's day of shame! Banks tow away PBC s assets for auction. From 30% market share in 2016 to 0% share in 2024. https://t.co/AevkWjhuET","1751162538421563807","https://pbs.twimg.com/amplify_video_thumb/1751162441021476864/img/qC3IPh94gkVnRFXG.jpg","","en","","48","195","623","https://x.com/JDMahama/status/1751162538421563807","726748106","JDMahama"
"1865571237516230921","Sun Dec 08 01:36:58 +0000 2024","973","Razor thin @BryanBattle10 gets the split decision victory #UFC310 https://t.co/GOw9UnFkWV","1865571237516230921","https://pbs.twimg.com/media/GePXHj9XUAAR4dD.jpg","","en","Worldwide","19","152","69","https://x.com/ufc/status/1865571237516230921","6446742","ufc"
"1389232639853404161","Mon May 03 14:57:26 +0000 2021","2153"," Bitterly divided? Systemic Marxist racism masquerading as education and diversity was DEFEATED BY 70%. There is NO divide against bigotry in my community. Get it right @NBCNews .","1389232639853404161","","","en","Texas, USA","13","42","504","https://x.com/DLoesch/status/1389232639853404161","7702542","DLoesch"
"1290577389999796225","Tue Aug 04 09:16:42 +0000 2020","162","BP halves its dividend and reports a record $6.7bn (£5.1bn) quarterly loss after coronavirus pandemic hits global demand for oil https://t.co/WoS3K4QpYG","1290577389999796225","","","en","London, UK","10","28","61","https://x.com/BBCWorld/status/1290577389999796225","742143","BBCWorld"
"1844090207005704252","Wed Oct 09 18:59:01 +0000 2024","1012","from @DivestBrown BROWN'S CORPORATION BOARD OF COWARDS VOTED IN SECRET TO REJECT DIVESTMENT. ALL SETTLER COLONIAL INSTITUTIONS WILL FALL. https://t.co/0nPhh8u6FX","1844090207005704252","https://pbs.twimg.com/media/GZeGRRAWAAASMN6.jpg","","en","Turtle Island ","13","13","260","https://x.com/NationalSJP/status/1844090207005704252","757408098","NationalSJP"
"1544777466555817985","Wed Jul 06 20:17:03 +0000 2022","246","#GME ! BREAKING NEWS! STOCK SPLIT HAS BEEN CONFIRMED. 4 TO 1. https://t.co/tsMOpN6L76 https://t.co/SSlaKhbYN3","1544777466555817985","https://pbs.twimg.com/media/FXAm6mUWQAM_4-F.jpg","","en","United States","2","13","40","https://x.com/bstrat515/status/1544777466555817985","1376931407289856003","bstrat515"
"1719489444527415509","Tue Oct 31 23:00:04 +0000 2023","1689"," This Friday is the FIRST DOUBLE EVICTION of the series #BBUK https://t.co/SS5RPNRAxZ","1719489444527415509","https://pbs.twimg.com/media/F9zaiNkXUAAzJ_K.jpg","","en","The Diary Room","79","60","81","https://x.com/superTV247/status/1719489444527415509","2726321295","superTV247"
"1770968949049758178","Fri Mar 22 00:21:15 +0000 2024","5","Pagi. Semalam indeks bursa AS melanjutkan kenaikannya ke rekor tertinggi baru. Dow +0 68% ke 39781 SP500 +0 32% ke 5241 dan Nasdaq +0 2% ke 16401. Kemarin IHSG menguat 0 1% ke 7338. Hari ini cum dividen interim BBCA (Rp 227 5). Pembayaran 4 April 2024.","1770968949049758178","","","in","Indonesia","0","0","2","https://x.com/doktermarket/status/1770968949049758178","311312187","doktermarket"
"1856267870772310501","Tue Nov 12 09:28:42 +0000 2024","1","BCA (BBCA) Akan Bagikan Dividen Interim Tunai Rp50 per Saham https://t.co/4z2GCIlRpl","1856267870772310501","","","in","Jakarta Capital Region","0","0","0","https://x.com/cnbcindonesia/status/1856267870772310501","847372542830444544","cnbcindonesia"
"1768120587048886578","Thu Mar 14 03:42:52 +0000 2024","0","Diumumkan Hari Ini Simak Kisi-Kisi Dividen BBCA https://t.co/PAQ6As2fDn","1768120587048886578","","","in","Jakarta Capital Region","0","0","0","https://x.com/cnbcindonesia/status/1768120587048886578","847372542830444544","cnbcindonesia"
"1733094781197095064","Fri Dec 08 12:02:49 +0000 2023","578","Banco do Brasil (BBAS3) vai splitar 2/1. Ou seja se você hoje tem 100 ações a R$ 54. Passará a ter 200 a R$ 27. Na prática estão dividindo a pizza em mais pedaços. Então não se assuste. https://t.co/YW2dlmv9hr","1733094781197095064","https://pbs.twimg.com/media/GA0whOMXMAEwjhv.jpg","","pt","","0","40","11","https://x.com/FelipeTadewald/status/1733094781197095064","1192909456075632640","FelipeTadewald"
"1869706314194227590","Thu Dec 19 11:28:20 +0000 2024","5","Bagaimana bila mau membagikan Laba 2024 di tahun 2024? Bisa tapi Lap Keuangan yang digunakan biasanya yang Juni atau September. Karena full year baru tahun depan Dividen yang tahun pembagian dan labanya sama disebut Dividen Interim BBCA dan BBRI sering bagi Dividen Interim","1869706326449979467","","Rudiyanto_zh","in","Indonesia","0","1","1","https://x.com/Rudiyanto_zh/status/1869706326449979467","574453228","Rudiyanto_zh"
"1730418942663856147","Fri Dec 01 02:50:00 +0000 2023","2","Hari ini cum dividen di Pasar Reguler! PT Bank Central Asia Tbk (BBCA) akan membagikan dividen interim untuk tahun buku 2023 sebesar Rp5.239.189.625.000 atau Rp42 5 per saham. #BEI #Dividen #IDX #Saham https://t.co/6QmCQceAld","1730418942663856147","https://pbs.twimg.com/media/GAOrnoFacAAbPg4.jpg","","in","","0","0","0","https://x.com/LumbungSaham/status/1730418942663856147","1079319056761507840","LumbungSaham"
"1717669151194652823","Thu Oct 26 22:26:53 +0000 2023","24","bagi dividen saham itu setahun berapa kali ya? dan gimana sih cara hitungnya? aku punya 2 lot bbca misalnya shm!","1717669151194652823","","","in","Sukses Finansial","0","10","0","https://x.com/Saham_fess/status/1717669151194652823","1336580251493646343","Saham_fess"
"1730382352755634508","Fri Dec 01 00:24:36 +0000 2023","6","Pagi. Semalam indeks bursa AS ditutup bervariasi. Dow +1 47% SP +0 38% namun Nasdaq -0 23%. Kemarin IHSG menguat 0 63% ke 7080. Rupiah melemah 0 65% ke 15484 (kurs BI). Hari ini cum dividen interim BBCA (Rp 42 5).","1730382352755634508","","","in","Indonesia","0","0","3","https://x.com/doktermarket/status/1730382352755634508","311312187","doktermarket"
"1647104760623820801","Sat Apr 15 05:09:11 +0000 2023","0","mayan dividen BBCA buat beli pempek","1647104760623820801","","","in","","0","0","0","https://x.com/fajaranz/status/1647104760623820801","1183182331017777152","fajaranz"
"1775929765779906672","Thu Apr 04 16:53:45 +0000 2024","2","Dividen BBCA kali ini gede bgt woi dibanding sebelumnya. Beneran dapet THR ini mah uhuyyy ","1775929765779906672","","","in","","0","2","0","https://x.com/onesadjellybean/status/1775929765779906672","877158109285711872","onesadjellybean"
"1773186277023846515","Thu Mar 28 03:12:07 +0000 2024","30","dividen $bbca sama $bbri cair jam berapa ya biasanya ges? Maklum excited baru pertama kali shm!","1773186277023846515","","","in","Sukses Finansial","4","14","1","https://x.com/Saham_fess/status/1773186277023846515","1336580251493646343","Saham_fess"
"1389961022790795265","Wed May 05 15:13:59 +0000 2021","218","This is why he won't split Class A shares https://t.co/6BNXCtwNYz. https://t.co/35LapCEBes","1389961579458752513","https://pbs.twimg.com/media/E0oimlyUYAAAs9I.jpg","MorningBrew","en","New York, NY","3","3","16","https://x.com/MorningBrew/status/1389961579458752513","3092541736","MorningBrew"
"1866729371257774280","Wed Dec 11 06:18:58 +0000 2024","1","Dividen bbca buat beli es aja ga pilek 1 lotnya","1866729371257774280","","","in","","0","3","0","https://x.com/softthinqs/status/1866729371257774280","924274786007638016","softthinqs"
"1848790121065418802","Tue Oct 22 18:14:48 +0000 2024","263","Noticed something peculiar in one of the many PCR's that dropped. The 'Reorganized Debtor' box is checked confirming this is for Bed Bath &amp; Beyond Inc. ️ But 20230930-DK-Butterfly Inc. is listed without the box checked.. implying that this is a separate entity.... https://t.co/ib5CNBpzid","1848790121065418802","https://pbs.twimg.com/media/Gagxw7mWcAESOz1.png","","en","","1","8","35","https://x.com/bbbyq_qybbb/status/1848790121065418802","1669464992595447808","bbbyq_qybbb"
"1646799798815830016","Fri Apr 14 08:57:22 +0000 2023","1","Dividen 50 lot bbca ","1646799798815830016","","","en","Yogyakarta, Indonesia","0","1","0","https://x.com/AmriAzis8/status/1646799798815830016","1096023718206136320","AmriAzis8"
"1866974235597644208","Wed Dec 11 22:31:59 +0000 2024","0","WKWKWKKW bbca kenapa dividen lu cimit cimit ","1866974235597644208","","","in","","0","0","0","https://x.com/universegvrl/status/1866974235597644208","1057316514603266048","universegvrl"
"1551569923331092480","Mon Jul 25 14:07:51 +0000 2022","266","Bajaj Finserv to consider stock split &amp; bonus issue https://t.co/YzJvzh0MhJ","1551569923331092480","https://pbs.twimg.com/media/FYhIkYgaQAAR8jt.jpg","","no","India","1","6","32","https://x.com/CNBCTV18Live/status/1551569923331092480","44839509","CNBCTV18Live"
"1775793415319699696","Thu Apr 04 07:51:57 +0000 2024","2","Dividen dari $BMRI $BBCA $BBNI bisa buat bayar zakat kasih THR sama kasih angpao buat bocil-bocil....","1775793415319699696","","","in","AU/ID","0","1","0","https://x.com/lokalanget/status/1775793415319699696","1630955923446571011","lokalanget"
"1800132402075033639","Mon Jun 10 11:46:24 +0000 2024","233","En daar gaan de volgende afsplitsers van #BBB: twee stuks in Overijssel. https://t.co/HswTSjcTR5","1800132402075033639","","","nl","Waar de politiek is","6","43","53","https://x.com/ChrisAalberts/status/1800132402075033639","19158925","ChrisAalberts"
"1853646538016473447","Tue Nov 05 03:52:28 +0000 2024","318","In all honesty I wonder how regulators are allowing a bank in such a disastrous situation to buy back its shares (so $BAC price doesn t go down while Buffett dumps) and to pay dividends ","1853646538016473447","","","en","Hong Kong","4","13","55","https://x.com/DarioCpx/status/1853646538016473447","1334697627095506944","DarioCpx"
"1695796536100180245","Sun Aug 27 13:52:55 +0000 2023","232","$BAC trading down at $28.50 a share. Down 14.95% year to date. Starting yield: 3.37% 5 YR dividend growth rate: 12.89% Do you own $BAC? https://t.co/wqixdX5eZT","1695796536100180245","https://pbs.twimg.com/media/F4it9iUXAAAy67W.jpg","","en","","5","71","12","https://x.com/dividendology/status/1695796536100180245","1509705643418128399","dividendology"
"1770979960053813513","Fri Mar 22 01:05:00 +0000 2024","1","Hari ini cum dividen di Pasar Reguler! PT Bank Central Asia Tbk (BBCA) akan membagikan dividen tunai final untuk tahun buku 2023 sebesar Rp28.045.073.875.000 atau Rp227 5 per saham. #BEI #Dividen #IDX #Saham https://t.co/VF8XynIppy","1770979960053813513","https://pbs.twimg.com/media/GJN93ooaYAAD11z.jpg","","in","","0","0","0","https://x.com/LumbungSaham/status/1770979960053813513","1079319056761507840","LumbungSaham"
"1866649102219616651","Wed Dec 11 01:00:01 +0000 2024","1","Kado Akhir Tahun Dividen Interim BBCA-JTPE Cair Hari Ini https://t.co/6VZAsN0w5W","1866649102219616651","","","in","Jakarta Capital Region","0","0","0","https://x.com/idx_channel/status/1866649102219616651","4755284968","idx_channel"
"1646339875766153216","Thu Apr 13 02:29:48 +0000 2023","4","Enak banget dapet THRan dari dividen dari BMRI dan BBCA ","1646339875766153216","","","in","Jakarta Capital Region","0","2","0","https://x.com/masprikk/status/1646339875766153216","1261876323913330688","masprikk"
"1771159899457646738","Fri Mar 22 13:00:01 +0000 2024","1","PT Bank Central Asia Tbk atau BCA (BBCA) memasuki tanggal cum dividen di pasar reguler dan pasar negosiasi hari ini https://t.co/zoiQX7phBl","1771159899457646738","","","in","Jakarta Capital Region","0","0","0","https://x.com/idx_channel/status/1771159899457646738","4755284968","idx_channel"
"1866724363061563445","Wed Dec 11 05:59:04 +0000 2024","0","Dividen bbca dibeliin lasagna langsung ilang","1866724363061563445","","","in","she/her","0","0","0","https://x.com/babyportgas/status/1866724363061563445","66304699","babyportgas"
"1328010635871997954","Sun Nov 15 16:23:03 +0000 2020","157","Bitcoin Cash has split into two blockchains again with one chain receiving no hashpower so far. @MuyaoShen reports https://t.co/p3Ye5emEBH","1328010635871997954","","","en","New York, USA","21","38","41","https://x.com/CoinDesk/status/1328010635871997954","1333467482","CoinDesk"
"1772152669831876848","Mon Mar 25 06:44:56 +0000 2024","0","Beberapa bank mulai membagikan dividen. Ada BBCA BMRI BBTN BBNI NISP MEGA dan SDRA. Apa artinya? Secara langsung tidak ada. Secara khusus dikaitkan dgn kenaikan penghasilan &amp; laba bank maka bisa diartikan kredit lancar dan ekonomi mulai berputar pada 2023 lalu. https://t.co/UMlY9OBLmz","1772152669831876848","https://pbs.twimg.com/media/GJfwSMtbIAAGiU9.png","","in","Indonesia","0","1","0","https://x.com/widianto/status/1772152669831876848","12487102","widianto"
"1640689254555590658","Tue Mar 28 12:16:15 +0000 2023","560","The #BBCNews straight on to their fresh bullshit. Claiming the SNP is divided. No it isn t. Plenty of photos to choose from yesterday of with Humza having a beaming smile but no obviously the BBC with their bullshit go choose as close as a scowl they could find Truly pathetic https://t.co/VVOUYeMEvD","1640689254555590658","https://pbs.twimg.com/media/FsTmLeMWAAA0XlD.jpg","","en","Awful island next to France","14","55","155","https://x.com/Frcola1/status/1640689254555590658","1330923292904087553","Frcola1"
"1563611525960441858","Sat Aug 27 19:36:52 +0000 2022","268","My message to the entire #AMCARMY ... Ignore the complex DD + massive disinformation campaign driven by HF's and their paid social media trolls This exclusive photo shows @CEOAdam dividing your #AMC common stock into a portion of #APE preferred equity stock Heat the butter! https://t.co/QYXbUQWi1l","1563611525960441858","https://pbs.twimg.com/media/FbMPJxWUIAUlrMA.jpg","","en","San Francisco / Join us @","1","20","19","https://x.com/BAMinvestor/status/1563611525960441858","68537333","BAMinvestor"
"1775045928891932915","Tue Apr 02 06:21:42 +0000 2024","0","tgl 4 distribusi dividen $bbca dan skrg lagi murahh meskipun kalo beli jd avg up https://t.co/FrY71Do5I4","1775045928891932915","https://pbs.twimg.com/media/GKI63ILboAA6tw7.jpg","","in","","0","0","0","https://x.com/urnolan/status/1775045928891932915","1224524726615175170","urnolan"
"1872518386120626507","Fri Dec 27 05:42:27 +0000 2024","0","tiba dpt email dividen bbca uyeee","1872518386120626507","","","in","'01","0","0","0","https://x.com/dddbluu/status/1872518386120626507","2232277310","dddbluu"
"1866827310525251770","Wed Dec 11 12:48:09 +0000 2024","0","kapan lg bbca bagi dividen","1866827310525251770","","","in","","0","0","0","https://x.com/maujadiorgbner/status/1866827310525251770","1265290505975263232","maujadiorgbner"
"1358702633062719488","Mon Feb 08 09:02:05 +0000 2021","1503"," There are going to be tears - #TheSplit is returning to @BBCOne for its third and final series: https://t.co/69aNhoAXTy https://t.co/eMU952CLoB","1358702633062719488","https://pbs.twimg.com/media/EtsU1pLWYAIMcw0.jpg","","en","TV. Radio. Online","51","54","81","https://x.com/bbcpress/status/1358702633062719488","34918353","bbcpress"
"1866734400769294392","Wed Dec 11 06:38:58 +0000 2024","0","mayan uga dividen BBCA","1866734400769294392","","","in","Yogyakarta, Indonesia","0","0","0","https://x.com/vixtorious/status/1866734400769294392","3317699376","vixtorious"
"1100893339669405696","Wed Feb 27 23:00:00 +0000 2019","279","Church With 'United' In Name Undergoes Fourth Split https://t.co/mww5dFg3TR https://t.co/E18ultThm3","1100893339669405696","https://pbs.twimg.com/media/D0cSrRmUcAAyqqU.jpg","","en","United States","4","5","31","https://x.com/TheBabylonBee/status/1100893339669405696","4914384040","TheBabylonBee"
"1864706782813380609","Thu Dec 05 16:21:56 +0000 2024","0","Dividen BBCA cair mending beliin buku atau Gshock?","1864706782813380609","","","in","","0","1","0","https://x.com/tigaribuseratus/status/1864706782813380609","1057610362416062464","tigaribuseratus"
"1856268847294378013","Tue Nov 12 09:32:35 +0000 2024","0","Siap-Siap BBCA Sebar Dividen Interim Rp50 per Saham Kapan? https://t.co/6HXDNX4MEa","1856268847294378013","","","in","Jakarta Capital Region","0","0","0","https://x.com/idx_channel/status/1856268847294378013","4755284968","idx_channel"
"1823926472974942559","Thu Aug 15 03:35:32 +0000 2024","0","Selama 2 tahun terakhir (Agustus 2022 - Agustus 2024) dari 4 instrumen ini yang progresif tapi tetep aman adalah gold dengan kenaikan 36%. BBCA -&gt; +33% (dividen +2 5%/year) BTC -&gt; +145% IHSG -&gt; 5% Tapi ada aset lain yang menurut gue lebih progresif tapi tetep aman... https://t.co/pbLuXV7XrG","1823926472974942559","https://pbs.twimg.com/media/GU_cwt8a4AENwRn.png","","in","Jakarta","0","0","0","https://x.com/romiyooo/status/1823926472974942559","258786559","romiyooo"
"1771848705873936625","Sun Mar 24 10:37:05 +0000 2024","1","Bos BCA (BBCA) Jahja Setiaatmadja Borong Saham Jelang Cum Dividen Rogoh Rp8 19 Miliar https://t.co/BiUfJaoAp2","1771848705873936625","","","in","Jakarta, Indonesia","0","0","0","https://x.com/Bisniscom/status/1771848705873936625","118646322","Bisniscom"
"1866704463014019510","Wed Dec 11 04:40:00 +0000 2024","0","Cek Rekening Dividen Interim BBCA Rp50 per Saham Cair Hari Ini https://t.co/lg0eY1K3xH","1866704463014019510","","","in","Jakarta Capital Region","0","0","0","https://x.com/idx_channel/status/1866704463014019510","4755284968","idx_channel"
"1775905262580437204","Thu Apr 04 15:16:23 +0000 2024","0","Gada thr kerjaan tapi dpt Dividen Bbca Bmri bbri mayan buat jajan cilok https://t.co/nIItGxzhvY","1775905262580437204","https://pbs.twimg.com/media/GKVIbG8b0AEf-Ft.jpg","","in","❤️🧡🤍🩷💜","0","0","0","https://x.com/seola_soul/status/1775905262580437204","1383420524831805447","seola_soul"
"1768159647939305818","Thu Mar 14 06:18:05 +0000 2024","1","BCA (BBCA) Kerek Dividen Tahun Ini Setara 68% dari Laba https://t.co/zXZcsiBjWO","1768159647939305818","","","in","Jakarta","0","0","0","https://x.com/BloombergTZ/status/1768159647939305818","1582972008479920129","BloombergTZ"
"1866691831658103206","Wed Dec 11 03:49:48 +0000 2024","0","Eh lumayan dpt dividen dari bbca hehe","1866691831658103206","","","in","ÜT: -6.280812,106.866299","0","0","0","https://x.com/adzan_/status/1866691831658103206","89053789","adzan_"
"1866639031825735772","Wed Dec 11 00:20:00 +0000 2024","1","Cek Rekening Dividen Interim BBCA Rp50 per Saham Cair Hari IniCek Rekening Dividen Interim BBCA Rp50 per Saham Cair Hari Ini https://t.co/lg0eY1KBnf","1866639031825735772","","","in","Jakarta Capital Region","0","0","0","https://x.com/idx_channel/status/1866639031825735772","4755284968","idx_channel"
"1770101169127555503","Tue Mar 19 14:53:00 +0000 2024","2","PT Bank Central Asia Tbk (BBCA) akan membagikan #dividen untuk tahun buku 2023 sebesar Rp33 28 triliun atau Rp270 per saham. Pada 20 Desember 2023 BBCA telah membagikan dividen interim sebesar Rp42 5 per saham sehingga sisa dividen yang akan dibagikan sebesar Rp227 5 per saham. https://t.co/FEF9Tm14sX","1770101169127555503","https://pbs.twimg.com/media/GJCfzS4bMAArgQx.jpg","","in","","0","0","2","https://x.com/LumbungSaham/status/1770101169127555503","1079319056761507840","LumbungSaham"
"1643760077671907328","Wed Apr 05 23:38:36 +0000 2023","200","GAME STOPPED: The $BBBY reverse-split will go through as planned on Tuesday May 9th. A *certain* Shareholder on Record already owns the majority of outstanding stock.. https://t.co/NDuOtvBbA4","1643760077671907328","https://pbs.twimg.com/media/Fs_PEcCaYAAWYJA.jpg","","en","","5","25","36","https://x.com/moonclublfg/status/1643760077671907328","1443690888765468693","moonclublfg"
"1866694400740560971","Wed Dec 11 04:00:01 +0000 2024","0","Kado Akhir Tahun Dividen Interim BBCA-JTPE Cair Hari Ini https://t.co/9jjT13Ukx4","1866694400740560971","","","in","Jakarta Capital Region, Indonesia","0","0","0","https://x.com/marketupdt/status/1866694400740560971","1362306223849099264","marketupdt"
"1654905555461234698","Sat May 06 17:46:45 +0000 2023","314","Transfer of black wealth back into the Caucasian community via premeditated swirling by a Becky... https://t.co/mPEA9MeGkT","1654905555461234698","https://pbs.twimg.com/media/Fvdn1PEWYAEBYn9.jpg","","en","North Sentinel Island ","17","72","93","https://x.com/YtH8r/status/1654905555461234698","1265991212","YtH8r"
"1755227364643029477","Wed Feb 07 13:49:48 +0000 2024","307","NEW: 🇺🇸US regional bank NYCB cuts dividend by 70% after stock is down 60% in 2 weeks on fears of commercial real estate meltdown. NYCB took over Signature Bank last March during the banking crisis. https://t.co/VsN7rYOdZE","1755227364643029477","https://pbs.twimg.com/media/GFvRtrNW8AAbJ9c.jpg","","en","👽 ","3","17","39","https://x.com/RadarHits/status/1755227364643029477","1576591184243429378","RadarHits"
"1403995238243307523","Sun Jun 13 08:38:44 +0000 2021","274","'This has gone on for too long': Split emerges within Coalition on future of Biloela family https://t.co/u2MLUT6QO1","1403995238243307523","","","en","Australia","8","31","47","https://x.com/abcnews/status/1403995238243307523","2768501","abcnews"
"1717481430287049172","Thu Oct 26 10:00:56 +0000 2023","1010","Our complaint to the BBC over their disgraceful white privilege CBBC article https://t.co/yHiCLMTpGu https://t.co/U7Qxy5Svgc","1717481430287049172","https://pbs.twimg.com/media/F9W30CAWMAAvtOp.jpg","","en","UK","16","49","264","https://x.com/DontDivideUsNow/status/1717481430287049172","1276823290867261442","DontDivideUsNow"
"1854655391378161821","Thu Nov 07 23:14:07 +0000 2024","308","@simonateba Doesn't look that divided to most rational people. The lying legacy media always portrays the opposite though so many of the masses are simply misinformed https://t.co/bwzuK0IbMh","1854663654433493298","https://pbs.twimg.com/media/Gb0WwPdXEAoW-I9.jpg","simonateba","en","Florida, USA","0","14","18","https://x.com/bradm32751/status/1854663654433493298","839027893","bradm32751"
"1779482579781157042","Sun Apr 14 12:11:22 +0000 2024","1","Anjir gw baru nyadar dividen BBCA gede banget unexpected THR mah ini","1779482579781157042","","","in","","0","2","0","https://x.com/arastraea_/status/1779482579781157042","1168129266480898048","arastraea_"
"1768177745773899926","Thu Mar 14 07:30:00 +0000 2024","1","BCA (BBCA) putuskan THR dividen Rp270 per saham investor full senyum https://t.co/Wvt1OiMWkA","1768177745773899926","","","in","Jakarta Capital Region","0","0","0","https://x.com/idx_channel/status/1768177745773899926","4755284968","idx_channel"
"1775344779687080135","Wed Apr 03 02:09:14 +0000 2024","2485"," SPLIT... Yes Bivey? I don't know if i Can survive this digital circus alone Me neither... ITS JUST SO SCARY WITHOUT YOU.. https://t.co/91cHX0WP6Z","1775344779687080135","https://pbs.twimg.com/media/GKNKq0XWUAEZWTu.jpg","","en","Splitsville | she/he MINOR","13","33","508","https://x.com/SPLITSVILEJOKES/status/1775344779687080135","1536145438855860226","SPLITSVILEJOKES"
"1448107125931012097","Wed Oct 13 02:03:38 +0000 2021","242","Hari pertama pasca stock split saham $BBCA melaju kencang! Tuh udah terjangkau bagi investor ritel. https://t.co/cOcfVo1nmU","1448107125931012097","https://pbs.twimg.com/media/FBi1wcPVgAYdAn2.jpg","","in","Jakarta Capital Region","91","59","103","https://x.com/BigAlphaID/status/1448107125931012097","958566590768926721","BigAlphaID"
"1775754815496503331","Thu Apr 04 05:18:34 +0000 2024","0","Siapa yg abis dapet dividen bbca hihihi","1775754815496503331","","","in","","0","0","0","https://x.com/tyaaarchive/status/1775754815496503331","342684348","tyaaarchive"
"1717209561545736619","Wed Oct 25 16:00:38 +0000 2023","394","The BBC should not be presenting Kehinde Andrews as a neutral and impartial expert. He's a divisive figure who should not be given an uncontested platform to push his appalling ideas on race to young children through CBBC. Our complaint to the BBC is being sent shortly. https://t.co/jf5Leyrqqq","1717209561545736619","https://pbs.twimg.com/media/F9TAzeTXoAAV8Uc.jpg","","en","UK","8","18","103","https://x.com/DontDivideUsNow/status/1717209561545736619","1276823290867261442","DontDivideUsNow"
"1657236598516338690","Sat May 13 04:09:29 +0000 2023","329","yes buying hex now is cheaper...but now you don't get the copy. stock split...just like BPD. Now stick around for the correction...Just like BPD where this becomes a blip.","1657236598516338690","","","en","Castle Chaos","1","19","40","https://x.com/ccfxstudios/status/1657236598516338690","1403108605","ccfxstudios"
"1810008576087466073","Sun Jul 07 17:50:47 +0000 2024","244","More proof BBBY is a 368 A1D Divisive Reorganisation. With TWO PLANS: a Liquidation Plan and separate Reorganisation Plan by which several affiliated entities carve out the assets among themselves. This type of reorganisation isn t possible without making shareholders whole.","1810008576087466073","","","en","Tomorrow","1","13","43","https://x.com/SearsReloaded/status/1810008576087466073","1705320054240190464","SearsReloaded"
"1358812598595125252","Mon Feb 08 16:19:03 +0000 2021","1480","NEWS: #TheSplit is returning to @BBCOne for its third and final series: https://t.co/UQiTg9fJw6 https://t.co/dM0U9Ayp1F","1358812598595125252","https://pbs.twimg.com/media/Ett42tMXcAQyesw.jpg","","en","Insta: @NicolaWalkerUK","21","88","50","https://x.com/NicolaWalkerHQ/status/1358812598595125252","986176931426177025","NicolaWalkerHQ"
"1718179795651977584","Sat Oct 28 08:16:00 +0000 2023","367","The BBC needs to remember that it is a public-service broadcaster. It has a duty to serve British people from all backgrounds not to divide us and set us against one another. The BBC needs to publicly acknowledge that it has fallen short in publishing this disgraceful piece https://t.co/LTH5lvCP49","1718179795651977584","https://pbs.twimg.com/media/F9gzQhrXYAAP2X8.jpg","","en","UK","4","17","102","https://x.com/DontDivideUsNow/status/1718179795651977584","1276823290867261442","DontDivideUsNow"
"1769545650784625018","Mon Mar 18 02:05:34 +0000 2024","1","Jadwal Dividen BCA (BBCA) 2024 jadi THR Lebaran https://t.co/ZGLeszTZr1","1769545650784625018","","","in","Jakarta, Indonesia","0","0","0","https://x.com/Bisniscom/status/1769545650784625018","118646322","Bisniscom"
"1760713178437079550","Thu Feb 22 17:08:28 +0000 2024","1059","BBC announce #TheSplit spin-off show #TheSplitUp where viewers will meet a brand new legal family https://t.co/NoBtKWtMSh","1760713178437079550","","","en","Insta: @NicolaWalkerUK","10","19","30","https://x.com/NicolaWalkerHQ/status/1760713178437079550","986176931426177025","NicolaWalkerHQ"
"1358068907207233538","Sat Feb 06 15:03:53 +0000 2021","267","#DivideNigeria #BiafraExit Divide Nigeria now before it's too late - Pastor Giwa tells political leaders - Daily Post Nigeria https://t.co/LBcq33LeVC","1358068907207233538","","","en","","5","10","387","https://x.com/Amaka_Ekwo/status/1358068907207233538","2716396878","Amaka_Ekwo"
"1759081901770625042","Sun Feb 18 05:06:22 +0000 2024","11","laba tahunan 2024 harus naik &amp; dividen lebih gede mandat investor $bbca! Shm! https://t.co/9ZkNUVBzgh","1759081901770625042","","","in","Sukses Finansial","0","2","0","https://x.com/Saham_fess/status/1759081901770625042","1336580251493646343","Saham_fess"
"1772060094819356816","Mon Mar 25 00:37:04 +0000 2024","1","Bos BCA Jahja Setiaatmadja Buru Dividen Rogoh Rp8 19 Miliar Borong BBCA https://t.co/PN0vMgGp3o","1772060094819356816","","","in","Jakarta, Indonesia","0","0","0","https://x.com/Bisniscom/status/1772060094819356816","118646322","Bisniscom"
"1640356760925134851","Mon Mar 27 14:15:02 +0000 2023","1","Jelang Cum Dividen Komisaris dan Direktur Bank BCA Kompak Borong Jutaan Saham BBCA https://t.co/2EK477umiA #Dividen","1640356760925134851","","","in","Jakarta, Indonesia","0","0","0","https://x.com/KontanNews/status/1640356760925134851","43799886","KontanNews"
"1557500134770249729","Wed Aug 10 22:52:23 +0000 2022","421","The OCC has issued a statement $AMC/APE dividend will split 95/5% and the options chain will be adjusted","1557500134770249729","","","en","United States","0","50","69","https://x.com/TaraBull808/status/1557500134770249729","1374968033265864706","TaraBull808"
"1816208252214169698","Wed Jul 24 20:26:05 +0000 2024","444","Bank of America $BAC authorizes a $25 billion buyback increases dividend to $0.26/share","1816208252214169698","","","en","United States","8","44","45","https://x.com/unusual_whales/status/1816208252214169698","1200616796295847936","unusual_whales"
"1115440266842918913","Tue Apr 09 02:24:18 +0000 2019","157","Here s what divides BC from Alberta. Literally. https://t.co/WSpefxRaWj","1115440266842918913","https://pbs.twimg.com/media/D3rXAKRXsAAev_d.jpg","","en","Edmonton Alberta ","1","11","19","https://x.com/Paulatics/status/1115440266842918913","25377135","Paulatics"
"1775739598729355269","Thu Apr 04 04:18:06 +0000 2024","1","Bocoran Target Saham BCA (BBCA) Terbaru Usai THR Dividen 2024 https://t.co/eEOMGLHWzh","1775739598729355269","","","in","Jakarta, Indonesia","0","0","1","https://x.com/Bisniscom/status/1775739598729355269","118646322","Bisniscom"
"1478725107338170371","Wed Jan 05 13:48:33 +0000 2022","7723","BREAKING: Nasdaq-listed company BTCS will pay dividends in #Bitcoin","1478725107338170371","","","en","Bitcoin.Archive.Channel@gmail","76","221","1021","https://x.com/BTC_Archive/status/1478725107338170371","970994516357472257","BTC_Archive"
"1776515680319209962","Sat Apr 06 07:41:58 +0000 2024","91","https://t.co/fZnozgypxa Owner #Cobra Predicts Next #Bitcoin 'Great Divide' https://t.co/P5nwy2kk0r","1776515680319209962","","","en","Global","3","59","33","https://x.com/BTCTN/status/1776515680319209962","3367334171","BTCTN"
"1251592582003654658","Sat Apr 18 19:24:59 +0000 2020","1366","Qué puta vergüenza! Mientras el BCE pide a los bancos NO REPATIR DIVIDENDOS para poder absorber deudas y ofrecer créditos la rescatada Bankia se reparte 355 Millones de dividendos. Quien controla el 62% de su accionariado? El gobierno a través del FROB https://t.co/9QHGWSlJCV","1251592582003654658","","","es","","30","59","1141","https://x.com/RaholaOficial/status/1251592582003654658","964605500","RaholaOficial"
"1772473557806629137","Tue Mar 26 04:00:01 +0000 2024","0","Agenda Bursa Hari ini: Cum Dividen NISP hingga DPS Dividen BBCA (26 Maret 2024) https://t.co/7bhCCy5MFJ","1772473557806629137","","","in","Jakarta Capital Region","0","0","0","https://x.com/DataindonesiaId/status/1772473557806629137","1405348002101792772","DataindonesiaId"
"1768163559677255830","Thu Mar 14 06:33:38 +0000 2024","0","Lengkap! Hasil RUPST BCA (BBCA): THR Dividen Rp33 28 Triliun https://t.co/Z7Ifg1oil6","1768163559677255830","","","in","Jakarta, Indonesia","0","0","1","https://x.com/Bisniscom/status/1768163559677255830","118646322","Bisniscom"
"1856854091756187768","Thu Nov 14 00:18:08 +0000 2024","0","BBCA Tebar Dividen Interim Totalnya Capai 6 16 Triliun https://t.co/aU6iyLOYlB","1856854091756187768","","","in","Jakarta","0","0","0","https://x.com/holopiscom/status/1856854091756187768","1366400664960573441","holopiscom"
"1722303984335982720","Wed Nov 08 17:24:03 +0000 2023","275","The BBC's response to our complaint over their disgraceful 'white privilege' article aimed at young children was woefully inadequate. Here is our latest complaint The BBC needs to publicly acknowledge that it has fallen short. Re-edit with an opposing view and apologise. https://t.co/BTwbYrBfgE","1722303984335982720","https://pbs.twimg.com/media/F-bZRpvWYAEOndD.jpg","","en","UK","7","11","85","https://x.com/DontDivideUsNow/status/1722303984335982720","1276823290867261442","DontDivideUsNow"
"1478727276288262147","Wed Jan 05 13:57:10 +0000 2022","329","BTCS INC - ANNOUNCED FIRST-EVER DIVIDEND PAYABLE IN BITCOIN BY A NASDAQ-LISTED COMPANY WHICH COMPANY REFERS TO AS A BIVIDEND BTCS INC - INTENDS TO PAY $0.05 PER SHARE IN BITCOIN BASED ON BITCOIN PRICE ON EX-DIVIDEND DATE BTCS INC - INVESTORS WHO DO NOT ELECT TO RECEIVE B ","1478727276288262147","","","en","","32","15","37","https://x.com/tier10k/status/1478727276288262147","2361601055","tier10k"
"1840707484400373874","Mon Sep 30 10:57:17 +0000 2024","0","udah pernah ngerasain dapet 3jt dari dividen bbca belum ","1840707484400373874","","","in","","0","0","0","https://x.com/maujadiorgbner/status/1840707484400373874","1265290505975263232","maujadiorgbner"
"1768255034448650249","Thu Mar 14 12:37:07 +0000 2024","1","Cuan Grup Djarum dan Hartono Bersaudara dari Dividen BCA (BBCA) https://t.co/y75CWDQgBd","1768255034448650249","","","in","Jakarta, Indonesia","0","0","0","https://x.com/Bisniscom/status/1768255034448650249","118646322","Bisniscom"
"1775726378161467455","Thu Apr 04 03:25:34 +0000 2024","0","BCA (BBCA) membayarkan dividen Rp 227 5/saham atau senilai total Rp 28 04 T. https://t.co/ewufqRFeMx #InvestorDaily #investasi #Saham","1775726378161467455","","","in","Jakarta, Indonesia","0","0","0","https://x.com/InvestorID/status/1775726378161467455","238091066","InvestorID"
"1847865083801567451","Sun Oct 20 04:59:02 +0000 2024","272","A tough night for those principled B.C. United members who chose to run as independents after their leader disgracefully deep-sixed the party on his own with no consultation #bcelection","1847865083801567451","","","en","Vancouver","5","44","26","https://x.com/rodmickleburgh/status/1847865083801567451","237020420","rodmickleburgh"
"1768503174170874016","Fri Mar 15 05:03:08 +0000 2024","1","Dividen Yield BCA (BBCA) Setelah Umumkan 'Tebar THR' Jumbo Rp33 28 Triliun https://t.co/x2XAvfgDbG","1768503174170874016","","","in","Jakarta, Indonesia","0","0","0","https://x.com/Bisniscom/status/1768503174170874016","118646322","Bisniscom"
"1770970465751970169","Fri Mar 22 00:27:16 +0000 2024","0","BCA (BBCA) siap membagikan sisi dividen tahun buku 2023 senilai total Rp 28 04 T. https://t.co/mYn1prUqQ4 #InvestorDaily #investasi #Saham","1770970465751970169","","","in","Jakarta, Indonesia","0","0","0","https://x.com/InvestorID/status/1770970465751970169","238091066","InvestorID"
"1676697444665679873","Wed Jul 05 20:59:56 +0000 2023","288","Bank of America $BAC has its increased dividend by 9% to 0.24/share","1676697444665679873","","","en","United States","5","36","26","https://x.com/unusual_whales/status/1676697444665679873","1200616796295847936","unusual_whales"
"1149778609432858624","Fri Jul 12 20:32:36 +0000 2019","198","There are 2 sides to every story. This is the 100% unfiltered truth about the LuCKyy and BW split. In this I'm responding to every claim made by BW. I have nothing to hide https://t.co/sWrCmDyCt7","1149778609432858624","","","en","Florida, USA","3","80","14","https://x.com/LUCKYY10P/status/1149778609432858624","231148972","LUCKYY10P"
"1768149581991399914","Thu Mar 14 05:38:05 +0000 2024","1","Tok! BCA (BBCA) Putuskan Tebar THR Dividen Rp33 28 Triliun atau Rp270 per Saham https://t.co/1usmwzmALh","1768149581991399914","","","in","Jakarta, Indonesia","0","0","0","https://x.com/Bisniscom/status/1768149581991399914","118646322","Bisniscom"
"1772459503935730003","Tue Mar 26 03:04:11 +0000 2024","1","Direksi dan Komisaris BCA (BBCA) Aktif Borong Saham saat Momen Bagi-bagi Dividen https://t.co/IYjj63rIlR","1772459503935730003","","","in","Jakarta, Indonesia","0","0","0","https://x.com/Bisniscom/status/1772459503935730003","118646322","Bisniscom"
"1769888167791083531","Tue Mar 19 00:46:36 +0000 2024","1","BCA (BBCA) siap membayarkan sisa dividen tahun buku 2023 pada 4 April 2024 dan bisa menjadi THR Lebaran. https://t.co/37RQzBWJoA #InvestorDaily #investasi #Saham","1769888167791083531","","","in","Jakarta, Indonesia","1","0","0","https://x.com/InvestorID/status/1769888167791083531","238091066","InvestorID"
"1772040490583720152","Sun Mar 24 23:19:10 +0000 2024","0","Bos BCA (BBCA) Jahja Setiaatmadja Borong Saham Buru Dividen Rogoh Rp8 19 Miliar https://t.co/ytxPZyKyto","1772040490583720152","","","in","Jakarta, Indonesia","0","0","0","https://x.com/Bisniscom/status/1772040490583720152","118646322","Bisniscom"
"1135913359138705408","Tue Jun 04 14:17:03 +0000 2019","423","After just several months Change UK is set to split. Here's @rcbregman on why 'centrism' no longer means anything. So long! https://t.co/3z41o5OmxO","1135913359138705408","https://pbs.twimg.com/media/D2NBlNvX4AAkNuy.jpg","","en","London","7","13","189","https://x.com/novaramedia/status/1135913359138705408","601148365","novaramedia"
"1856235194870837656","Tue Nov 12 07:18:52 +0000 2024","0","BCA (BBCA) Umumkan Dividen Interim Segini per Sahamnya https://t.co/ZbMK4IKxer via @InvestorID","1856235194870837656","","","in","Jakarta, Indonesia","0","0","0","https://x.com/InvestorID/status/1856235194870837656","238091066","InvestorID"
"1767365855866970537","Tue Mar 12 01:43:50 +0000 2024","2","Pada pekan ini bank BRI &amp; BNI akan membagikan dividen tunai. #ctasaham #chartctasaham #saham #ihsg #analisateknikal #dividen #bank #bbri #bbca #bmri #bbni #bbtn #bumn #finance #yuktradingsaham #belajarsaham #belajartrading #tradingsaham #investasisaham #Rekomendasisaham https://t.co/zllMMxTIRj","1767365855866970537","https://pbs.twimg.com/media/GIbx4Jha4AIz0dK.jpg","","in","Jakarta - Bandung - Bali","0","0","0","https://x.com/andri_zakarias/status/1767365855866970537","85741863","andri_zakarias"
"1866704462825304475","Wed Dec 11 04:40:00 +0000 2024","0","Cek Rekening Dividen Interim BBCA Rp50 per Saham Cair Hari Ini https://t.co/4APFWmR5t2","1866704462825304475","","","in","Jakarta Capital Region, Indonesia","0","0","0","https://x.com/marketupdt/status/1866704462825304475","1362306223849099264","marketupdt"
"1753601760219050112","Sat Feb 03 02:10:14 +0000 2024","2","IHSG &amp; LQ45 berpesta (+1.42% &amp; +3.49%) di pekan ini setelah laporan keuangan tahun fiskal 2023. #ctasaham #fyp #saham #ihsg #lq45 #idx #earning #bank #finance #laporankeuangan #earnings #dividen #BBCA #BBRI #BMRI #BBNI #BRIS #belajarsaham #traderpemula #tradingsaham https://t.co/vzweRrn10Q","1753601760219050112","https://pbs.twimg.com/media/GFYLf04bgAAC6dI.jpg","","in","Jakarta - Bandung - Bali","0","0","0","https://x.com/andri_zakarias/status/1753601760219050112","85741863","andri_zakarias"
"1222918491289923584","Thu Jan 30 16:24:23 +0000 2020","193","Family marriage commitment and yes you've guessed it divorce #TheSplit starring #NicolaWalker @StephenMangan @barryatsma @AnnabelScholey &amp; @fibutts returns on Tuesday 11th Feb at 9pm to @BBCOne with all episodes available for streaming immediately on @BBCiPlayer https://t.co/ZL2MC4Cjh5","1222918491289923584","https://pbs.twimg.com/media/EPit4T1WsAA4z0s.jpg","","en","LONDON / LA / MANCHESTER / NYC","6","4","25","https://x.com/sisterglobal/status/1222918491289923584","1174887625473216514","sisterglobal"
"1717928461598146956","Fri Oct 27 15:37:17 +0000 2023","220","We are horrified that the BBC is forcing without debate the controversial and false idea of 'white privilege' on young people through CBBC. What's your view? Should the BBC be targeting children with this divisive messaging? https://t.co/S8bOEbYLh8","1717928461598146956","https://pbs.twimg.com/media/F9dOlO8XgAAZV0K.jpg","","en","UK","5","45","39","https://x.com/DontDivideUsNow/status/1717928461598146956","1276823290867261442","DontDivideUsNow"
"1766407809569260022","Sat Mar 09 10:16:54 +0000 2024","2","IHSG sepekan ini mencetak rekor tertinggi baru hari Jumat 8 Maret di 7.416 43 meski di tutup di 7.381 90. #ctasaham #chartctasaham #IDX #saham #IHSG #dividen #BBCA #BBRI #BBNI #MAYA #MSKY #TINS #finance #belajarsaham #workshopctasaham #trading #tradingsaham #rekomendasisaham https://t.co/gLdRDTfryL","1766407809569260022","https://pbs.twimg.com/media/GIOKhpAbAAASMIa.jpg","","in","Jakarta - Bandung - Bali","0","0","0","https://x.com/andri_zakarias/status/1766407809569260022","85741863","andri_zakarias"
"1866639032060612724","Wed Dec 11 00:20:00 +0000 2024","0","Cek Rekening Dividen Interim BBCA Rp50 per Saham Cair Hari IniCek Rekening Dividen Interim BBCA Rp50 per Saham Cair Hari Ini https://t.co/4APFWmRDiA","1866639032060612724","","","in","Jakarta Capital Region, Indonesia","0","0","0","https://x.com/marketupdt/status/1866639032060612724","1362306223849099264","marketupdt"
"1772155236020580813","Mon Mar 25 06:55:07 +0000 2024","0","Jelang Bagi Dividen 4 Direksi Kompak Borong Saham BBCA Rp 14 4 Miliar https://t.co/AhE07BR7va","1772155236020580813","","","in","Jakarta","0","0","0","https://x.com/KATADATAcoid/status/1772155236020580813","552523769","KATADATAcoid"
"1860942598480752788","Mon Nov 25 07:04:24 +0000 2024","0","Apa yg bisa diharapkan dr dividen bbca. Beli toner exfo avoskin aja gak dapet","1860942598480752788","","","in","","0","0","0","https://x.com/dilarsd/status/1860942598480752788","88082502","dilarsd"
"1720584732667187387","Fri Nov 03 23:32:21 +0000 2023","460","*that* group seems to be doubling down on keeping their groups separated in the house after hearing the reaction after having that double result Oh they re deluded. All hope is lost #BBUK https://t.co/jzfvt9HtMi","1720584732667187387","https://pbs.twimg.com/media/F-C-sYwXIAAN4zD.jpg","","en","The Diary Room","0","8","15","https://x.com/superTV247/status/1720584732667187387","2726321295","superTV247"
"1829346749070127554","Fri Aug 30 02:33:47 +0000 2024","0","Siapa yang nggak mau cuan dari dividen? Yuk intip beberapa emiten yang siap kasih bagi-bagi hasil tahun depan! Dari beberapa emiten ini mana yang udah kamu koleksi? Tulis di kolom komentar ya! #Dividen #Saham #Investor #BBCA #TLKM https://t.co/R5C314gKTh","1829346749070127554","https://pbs.twimg.com/media/GWMlLKFW4AAf1Um.jpg","","in","Jakarta, Indonesia","0","0","0","https://x.com/MiraeAssetID/status/1829346749070127554","85521125","MiraeAssetID"
"1697976753925337099","Sat Sep 02 14:16:19 +0000 2023","248","I had said it before and I m saying it again Asides the HOH Big Brother is the sole divider of that house; he literally champions the chaos with his rules application inconsistencies PATHETIC #bbnaija #bbnaijaAllstars","1697976753925337099","","","en","Somewhere in the world","1","13","51","https://x.com/ComradeAtt/status/1697976753925337099","1560349093716795392","ComradeAtt"
"1637763431003725824","Mon Mar 20 10:30:04 +0000 2023","0","Ini Jadwal Pembagian Dividen Bank Besar: BBRI hingga BBCA https://t.co/IV6pVfJN8L","1637763431003725824","","","in","","0","0","0","https://x.com/Fortune_IDN/status/1637763431003725824","1380017096390676483","Fortune_IDN"
"1856511973401526766","Wed Nov 13 01:38:41 +0000 2024","0","BERITA POPULER: Dividen Interim BCA (BBCA) hingga Prajogo Pangestu Borong Saham BREN https://t.co/mQ6h3Eg0KI via @InvestorID","1856511973401526766","","","in","Jakarta, Indonesia","0","0","0","https://x.com/InvestorID/status/1856511973401526766","238091066","InvestorID"
"1857605548113539146","Sat Nov 16 02:04:09 +0000 2024","0","Dividen BBCA cuma 50 perak.. Kok pelit? ","1857605548113539146","","","in","Narnia","0","0","0","https://x.com/VD_126/status/1857605548113539146","120623511","VD_126"
"1731914617524301869","Tue Dec 05 05:53:16 +0000 2023","0","Agenda Bursa Hari ini: RUPS SSMS hingga DPS Dividen BBCA (5 Desember 2023) https://t.co/CEKxiuvDLO https://t.co/qnA0KABanV","1731914617524301869","https://pbs.twimg.com/media/GAj_Kb5awAAW8JS.png","","in","Jakarta Capital Region","0","0","0","https://x.com/DataindonesiaId/status/1731914617524301869","1405348002101792772","DataindonesiaId"
"1838189532753334693","Mon Sep 23 12:21:50 +0000 2024","1","@Heaven_on Tergantung niat awal pak Kita sebelum BELI saham sudah harus paham bilaman JUAL nya. Misal ptba niat saya jual ketika euphoria dividen. Bbca jual jika pbv dekat maximal dan eps melemah disertai asing jualan. Jadi ga bingung","1838192046714040425","","Heaven_on","in","Indonesia","0","1","1","https://x.com/TradingDiary2/status/1838192046714040425","1260798424393211904","TradingDiary2"
"1772180556186599617","Mon Mar 25 08:35:44 +0000 2024","0","Prospek IHSG Saham ADRO BBCA BBRI BMRI BBTN BREN MDKA KLBF PTBA SMGR Sektoral Commodity Global Market dari sisi analisa teknikal &amp; astrocycle. Link Youtube: https://t.co/2AY7Zmx6hS #ctasaham #saham #ihsg #AstrocycleCTASaham #dividen #bbca #bmri #bbri #bren #bbtn #mdka #ADRO","1772180556186599617","","","in","Jakarta - Bandung - Bali","0","1","0","https://x.com/andri_zakarias/status/1772180556186599617","85741863","andri_zakarias"
"1390731936197447683","Fri May 07 18:15:06 +0000 2021","176","Warren Buffett's persistent refusal to split Berkshire Hathaway's sky-high Class A shares has finally caused a Y2K-like problem this week at Nasdaq https://t.co/OtaGYCEmlg","1390731936197447683","","","en","","8","22","37","https://x.com/CNN/status/1390731936197447683","759251","CNN"
"1812031584976982160","Sat Jul 13 07:49:30 +0000 2024","556","Le split de l action Broadcom a eu lieu hier soir De mon côté le nombre d actions a bien été multiplié par 100 mais le prix n a pas encore été actualisé. Du coup une sacrée surprise au réveil ce matin https://t.co/ytzWMeuQ09","1812031584976982160","https://pbs.twimg.com/media/GSWhH1DW0AA6I3n.jpg","","fr","Reçois ton Guide Gratuit  👉🏻","2","48","21","https://x.com/Divs_King/status/1812031584976982160","1156886271815553025","Divs_King"
"1813511377950281878","Wed Jul 17 09:49:40 +0000 2024","869","It s divided in the sense that members want it and the leadership don t and also think the members are scum who should shut up and fuck off ASAP. There s no actual debate going on here there s just a solid wall of Absolutely Fuck You same as there always was. https://t.co/YCHm5n9oVA","1813511377950281878","https://pbs.twimg.com/media/GSri-_FW4AAsNAG.jpg","","en","Fife 4 Life yo","2","8","162","https://x.com/flying_rodent/status/1813511377950281878","91556288","flying_rodent"
"1737312980038279314","Wed Dec 20 03:24:26 +0000 2023","0","Dividen interim BBCA udah masuk RDN - Self reward akhir tahun - Beli BBRI ","1737312980038279314","","","in","Jakarta Pusat, DKI Jakarta","0","1","0","https://x.com/uswahabibah/status/1737312980038279314","108227302","uswahabibah"
"1768161157649674684","Thu Mar 14 06:24:05 +0000 2024","0","Selain Putuskan Dividen Ini Hasil Lengkap RUPST BCA (BBCA) https://t.co/AEeFmXXWBR","1768161157649674684","","","in","Jakarta, Indonesia","0","0","0","https://x.com/Bisniscom/status/1768161157649674684","118646322","Bisniscom"
"1644655232926773250","Sat Apr 08 10:55:47 +0000 2023","210","BAYC as a club on the other hand has not been diluted. If you want to be part of the club you need a Bored Ape or a Mutant. The end. Nothing has changed about that since August 2021 and the legendary f*ck it tweet: (8/17)","1644655269949894658","","waleswoosh","en","Wale Hub","3","9","12","https://x.com/waleswoosh/status/1644655269949894658","1501997405755088900","waleswoosh"
"1768200555447435633","Thu Mar 14 09:00:38 +0000 2024","0","Tok! BCA (BBCA) Putuskan Tebar THR Dividen Rp33 28 Triliun atau Rp270 per Saham https://t.co/gDI5wxlKVW","1768200555447435633","","","in","Indonesia","0","0","0","https://x.com/MSNindonesia/status/1768200555447435633","262026799","MSNindonesia"
"1427648139658399762","Tue Aug 17 15:06:55 +0000 2021","362","SPLITGATE: Why This Game Is Winning... Watch -&gt; https://t.co/Dr04Akqwuc","1427648139658399762","","","en","","1","12","21","https://x.com/bbkdragoon/status/1427648139658399762","398355278","bbkdragoon"
"1772459486978232508","Tue Mar 26 03:04:07 +0000 2024","0","Nama-nama Pemegang Saham BCA (BBCA) yang Kejar Tambahan Dividen https://t.co/2zOdSZvEYV","1772459486978232508","","","in","Jakarta, Indonesia","0","0","0","https://x.com/Bisniscom/status/1772459486978232508","118646322","Bisniscom"
"1737307268461527309","Wed Dec 20 03:01:45 +0000 2023","0","Agenda Bursa Hari ini: Pembayaran Dividen BBCA hingga RUPSLB TDPM DPUM (20 Desember 2023) https://t.co/ORfKFdAklM https://t.co/uhOtLKNCEJ","1737307268461527309","https://pbs.twimg.com/media/GBwnv6SakAAx_ym.png","","in","Jakarta Capital Region","0","0","0","https://x.com/DataindonesiaId/status/1737307268461527309","1405348002101792772","DataindonesiaId"
"1768183832849842517","Thu Mar 14 07:54:11 +0000 2024","0","RUPST Putuskan Tebar Rp33 28 Triliun Ini Tren dan Historis Dividen BCA (BBCA) https://t.co/owISXqIqFX","1768183832849842517","","","in","Jakarta, Indonesia","0","0","0","https://x.com/Bisniscom/status/1768183832849842517","118646322","Bisniscom"
"1765917922785182029","Fri Mar 08 01:50:16 +0000 2024","1","#kafeinvestor tersisa #dividen #BBCA yang belum publish dimana BBCA akan RUPST di tanggal 14 Mar 2024 ini. https://t.co/eYytGOm3wa","1765917922785182029","https://pbs.twimg.com/media/GIHM_a1bMAAm485.jpg","","in","Indonesia","0","0","0","https://x.com/kafeinvestor/status/1765917922785182029","606096303","kafeinvestor"
"1717803718345949403","Fri Oct 27 07:21:36 +0000 2023","316","Our complaint is putting the pressure on the BBC to explain themselves. In The Times https://t.co/CoKa6bC7t9 https://t.co/PUVkWfUb9R","1717803718345949403","https://pbs.twimg.com/media/F9bdE5VW0AAILAr.jpg","","en","UK","2","9","83","https://x.com/DontDivideUsNow/status/1717803718345949403","1276823290867261442","DontDivideUsNow"
"1775918503272525990","Thu Apr 04 16:09:00 +0000 2024","0","4.4 selamat yang mendapat dividen bbca wkwk","1775918503272525990","","","in","","0","0","0","https://x.com/ochocomintt/status/1775918503272525990","264056032","ochocomintt"
"1144664639873200129","Fri Jun 28 17:51:31 +0000 2019","235","How is a 4-1 decision split ??? .@CBCNews??????????? STOP YOUR CLICK BAIT HEADLINES! JUST STOP!!!!!! #DoBetter @CBCOmbud @PresidentCBCRC","1144664639873200129","","","en","","3","16","76","https://x.com/ruthmkb/status/1144664639873200129","1454928205","ruthmkb"
"1717882507792658797","Fri Oct 27 12:34:41 +0000 2023","561","Positive news The BBC has dropped this disgraceful article from its main 'CBBC Newsround' page. Next? A public apology and editing the original page which remains unchanged.","1717882507792658797","","","en","UK","6","38","139","https://x.com/DontDivideUsNow/status/1717882507792658797","1276823290867261442","DontDivideUsNow"
"1828737934943715618","Wed Aug 28 10:14:34 +0000 2024","0","BCA (BBCA) Beri Sinyal Dividen Tahun Buku 2024 Bisa Lebih Tinggi https://t.co/v2CHdMktGV","1828737934943715618","","","in","Jakarta, Indonesia","0","0","0","https://x.com/Bisniscom/status/1828737934943715618","118646322","Bisniscom"
"1775741844179337619","Thu Apr 04 04:27:01 +0000 2024","0","Mayan laahh tambahan dividen bbca buat reimburse aycenya hilton","1775741844179337619","","","in","","0","0","0","https://x.com/nikensafitri/status/1775741844179337619","98096617","nikensafitri"
"1824057347867906211","Thu Aug 15 12:15:35 +0000 2024","0","Dirkeu BCA (BBCA) Beri Bocoran Kisi-Kisi Dividen Interim Berapa? https://t.co/K7A2zhiSv4","1824057347867906211","","","in","Jakarta, Indonesia","1","0","0","https://x.com/Bisniscom/status/1824057347867906211","118646322","Bisniscom"
"1679197168736038913","Wed Jul 12 18:32:57 +0000 2023","0","Udah mahal sayang klo beli sekarang. Mending beli di bbri / mbri. Mana dividen bbca juga cupu banget","1679197168736038913","","","in","Indonesia","0","0","0","https://x.com/anxciovs/status/1679197168736038913","1023331488","anxciovs"
"1293782031483142145","Thu Aug 13 05:30:48 +0000 2020","223","ট্রাম্প দেশকে 'বিভক্ত করেছেন' বললেন জো বাইডেন ও কামালা হ্যারিস https://t.co/jB01E8sRMC","1293782031483142145","","","bn","London","1","10","5","https://x.com/bbcbangla/status/1293782031483142145","18308305","bbcbangla"
"1626305571040407552","Thu Feb 16 19:40:38 +0000 2023","212","There s A New Task Of Divide Where Housemates Of The Opposite Gender Are Not Allowed To Interact Only The Male And Female Representatives Can Interact.. #BBTitans","1626305571040407552","","","en","Conversing  👩🏽‍💻","3","14","10","https://x.com/ChimmieeHQ/status/1626305571040407552","991699753","ChimmieeHQ"
"1093657643284078592","Thu Feb 07 23:47:55 +0000 2019","720","I have watched this show for the best part of 40 odd years tonight I have witnessed the worst 60 minutes of #bbcqt ever The balance of the audience was skewed to be anti Independence &amp; anti SNP What a shocking bias Unionist propaganda machine it has become!","1093657643284078592","","","en","Aberdeen, Scotland","8","50","307","https://x.com/Hyvast/status/1093657643284078592","39027262","Hyvast"
"1717078632441544731","Wed Oct 25 07:20:22 +0000 2023","428","The BBC should not be promoting this divisive 'white privilege' propaganda to young children through CBBC. No balance or alternative view provided - absolutely disgraceful. https://t.co/yHiCLMTpGu https://t.co/lqyEKBtDE5","1717078632441544731","https://pbs.twimg.com/media/F9RIbDhW4AAxZvA.jpg","","en","UK","14","28","133","https://x.com/DontDivideUsNow/status/1717078632441544731","1276823290867261442","DontDivideUsNow"
"1228849717435654144","Sun Feb 16 01:12:58 +0000 2020","227","BCH looks poised to be splitting again. This time between ABC (favors a dev tax) and BU (opposes). If the coin splits there will be three versions: - BCH-ABC - BCH-BU - BCH-SV","1228849717435654144","","","en","manhattan","17","47","30","https://x.com/pourteaux/status/1228849717435654144","894339217412816896","pourteaux"
"1636257243661500417","Thu Mar 16 06:45:01 +0000 2023","0","RUPST Bank Sentral Asia (BBCA) Putuskan Tebar Dividen Ini Besarannya https://t.co/1u6QgEXDC1 #BankCentralAsia","1636257243661500417","","","in","Jakarta, Indonesia","0","0","0","https://x.com/KontanNews/status/1636257243661500417","43799886","KontanNews"
"1668477375754174465","Tue Jun 13 04:36:19 +0000 2023","4","BBCA PTBA BBCA gausah disebut alesan. PTBA: dividen yield gede rajin tebar dividen tiap tahun dan alasan terpenting pengen jadi pemegang saham batu bara 2 saham itu diporto invest ","1668477375754174465","","","in","Jakarta Capital Region, Indone","0","0","2","https://x.com/tradingforlyf/status/1668477375754174465","142937358","tradingforlyf"
"1786305707534356698","Fri May 03 08:04:03 +0000 2024","507","First Gavin &amp; Stacey now the BBC announces that its divorce drama The Split is coming back for a surprise two-part special set in Barcelona. It s almost like the Beeb is trying to help someone bury bad news today.","1786305707534356698","","","en","","1","25","14","https://x.com/HylandIan/status/1786305707534356698","319639163","HylandIan"
"1730380130302963959","Fri Dec 01 00:15:46 +0000 2023","0","BCA (BBCA) Bagi Dividen Interim Rp 5 23 Triliun 1 Desember Tanggal Penting https://t.co/uaSwurMktj","1730380130302963959","","","in","ihsgjournal@gmail.com","0","0","0","https://x.com/aldotjahjadi8/status/1730380130302963959","165242082","aldotjahjadi8"
"1710780844007465289","Sat Oct 07 22:15:12 +0000 2023","518","The message of division has only succeeded as the media allowed it to succeed. They ve monetised the division - and the ABC has both sided the division #auspol #insiders","1710780844007465289","","","en","Sydney, New South Wales","3","25","158","https://x.com/deniseshrivell/status/1710780844007465289","1303901410870743040","deniseshrivell"
"1229123263516872706","Sun Feb 16 19:19:56 +0000 2020","2896","Babu não queria que nada fosse dividido agora está reclamando que não dividiram tudo. Que ou dividam tudo ou não dividam nada. Quem aguento bicho? Bianca falando o óbvio que tem coisa é mensurável de dividir e coisa que não é. #BBB20","1229123263516872706","","","pt","Brasil","40","86","354","https://x.com/vaidesmaiar/status/1229123263516872706","511577335","vaidesmaiar"
"1554112125135736835","Mon Aug 01 14:29:39 +0000 2022","535","German broker @comdirect says that the DTCC has GameStop's corporate action listed as a STOCK SPLIT instead of a stock DIVIDEND","1554112125135736835","","","en","","7","38","90","https://x.com/TendieBaron/status/1554112125135736835","1466163359611555845","TendieBaron"
"1732631286051975225","Thu Dec 07 05:21:03 +0000 2023","0","Dapat dividen bbca https://t.co/2FJTgInka8","1732631286051975225","https://pbs.twimg.com/media/GAuK-Bpa8AAdw2Q.jpg","","in","","0","0","0","https://x.com/faldhan/status/1732631286051975225","427375181","faldhan"
"1729719344740073640","Wed Nov 29 04:30:03 +0000 2023","0","BCA (BBCA) Beri Bocoran Terkait Pembagian Dividen pada Tahun Depan https://t.co/bAEhp6rand #Dividen","1729719344740073640","","","in","Jakarta, Indonesia","0","0","0","https://x.com/KontanNews/status/1729719344740073640","43799886","KontanNews"
"1356063368562536449","Mon Feb 01 02:14:36 +0000 2021","172","#DividedAmerica on @CNN right now is depicting the blunt truth of where our country stands right now and providing nuanced context as well. From the Southern Strategy to Newt Gingrich to the Tea Party to Trump himself. Well done.","1356063368562536449","","","en","New York City","0","8","40","https://x.com/AhmedBaba_/status/1356063368562536449","3187848737","AhmedBaba_"
"1873081859573461368","Sat Dec 28 19:01:30 +0000 2024","0","Hampir sama. Bedanya gw nyangkut di DAAZ. Mana 20% lagi 2025 keknya gw mulai move jadi IPO hunter selagi nungguin dividen BBCA cair (lagi).","1873081859573461368","","","in","","0","0","0","https://x.com/tigaribuseratus/status/1873081859573461368","1057610362416062464","tigaribuseratus"
"1717573471675277510","Thu Oct 26 16:06:41 +0000 2023","206","We call on the BBC to acknowledge its failure publicly re-edit the site so that an opposing view of racism/'white privilege' is offered and issue an apology for its failure to uphold impartiality on such an important topic. This page is unacceptable https://t.co/yHiCLMTpGu https://t.co/TvkE2OJXnv","1717573471675277510","https://pbs.twimg.com/media/F9YLoQqXQAAp4HS.jpg","","en","UK","5","11","42","https://x.com/DontDivideUsNow/status/1717573471675277510","1276823290867261442","DontDivideUsNow"
"1640661811014914049","Tue Mar 28 10:27:12 +0000 2023","301","Wow. $BABA plans to split its $220 billion empire into six main units that will individually raise funds and explore initial public offerings the biggest overhaul of China s e-commerce leader since its inception more than two decades ago.","1640661811014914049","","","en","Sharpen Your Edge  👉","8","13","35","https://x.com/Mayhem4Markets/status/1640661811014914049","102869127","Mayhem4Markets"
"1640690700604809217","Tue Mar 28 12:22:00 +0000 2023","0","Siap-Siap Investor BCA (BBCA) Gelar Cum Dividen Hari Ini https://t.co/MQGcQWf6vE #BCA #CumDividen","1640690700604809217","","","in","Jakarta","0","0","0","https://x.com/iNewsSport/status/1640690700604809217","2916393212","iNewsSport"
"1229128810672599040","Sun Feb 16 19:41:59 +0000 2020","320","Babu: A chamada de divisão foi depois que os meninos comeram biscoito. Bianca: Quem comeu biscoito? Babu: O (Felipe) Prior e o Lucas. Bianca: Foi não Babu eu que dividi com a Manu eu não vi. #BBB20 https://t.co/0OWCJ6HGHP","1229128810672599040","https://pbs.twimg.com/media/EQ6-HCKXsAYzwVP.jpg","","pt","Rio de Janeiro, Brasil","25","18","27","https://x.com/RealitySocial/status/1229128810672599040","97250990","RealitySocial"
"1437462807268761600","Mon Sep 13 17:06:54 +0000 2021","241","Derek- It's such a weird situation. If there was an opportunity for us to go into DR and they were like would you like to split it? ... Hannah- I would choose split. Tiffany- I would split. At least 100 for everybody #BB23","1437462807268761600","","","en","Canada","10","22","14","https://x.com/BB_Updates/status/1437462807268761600","309469832","BB_Updates"
"1145045894007545856","Sat Jun 29 19:18:25 +0000 2019","371","@BorisJohnson The nation isn t divided between Brexit and Remain. It s divided between those who accept the result of the 2016 Referendum and those who don t. Democracy only works if the losers consent. Too many didn t.","1145048896575553536","","BorisJohnson","en","London, England","7","105","76","https://x.com/BelindadeLucy/status/1145048896575553536","1124345151642587136","BelindadeLucy"
"1692384593876505080","Fri Aug 18 03:55:04 +0000 2023","532","I think everyone should know this bnm is disbanding bdc a trio group who was on pdx prebut recently was on peak time tho they did not win im sure they did gain fans. instead of letting them have a cb bnm the joke of the company is letting a felon debut solo","1692384593876505080","","","en","(she/her)","48","4","152","https://x.com/shine6ix/status/1692384593876505080","1712674591","shine6ix"
"1451333066555809792","Thu Oct 21 23:42:22 +0000 2021","523","So just to be clear #bbcqt balances the audience in a pro brexit area to represent the electorate but doesn t balance audience in a pro Indy area?#ScottishIndependence6 󠁧󠁢󠁳󠁣󠁴󠁿󠁧󠁢󠁳󠁣󠁴󠁿󠁧󠁢󠁳󠁣󠁴󠁿󠁧󠁢󠁳󠁣󠁴󠁿󠁧󠁢󠁳󠁣󠁴󠁿󠁧󠁢󠁳󠁣󠁴󠁿","1451333066555809792","","","en","Dingwall, Scotland","17","20","288","https://x.com/Buzzjunkie29/status/1451333066555809792","27962036","Buzzjunkie29"
"1713389255383495166","Sun Oct 15 03:21:43 +0000 2023","328","@drmistercody *Bill Maher voice * New rule: it s now called the DIVIDED Stated of America *people who read Babylon Bee* Omg that s so TWISTED !!! ","1713394693994668402","","drmistercody","en","Boulder, CO","0","2","6","https://x.com/DPak_Chupacabra/status/1713394693994668402","832131798641446913","DPak_Chupacabra"
"1552564456655167488","Thu Jul 28 07:59:46 +0000 2022","289","Caption: review BC (business class) ; when a person next to you make you feel annoyed you can raise this partition to separate (yourself from him) so well.","1552564456655167488","","","en","🧋","23","0","135","https://x.com/petalkiss/status/1552564456655167488","162332954","petalkiss"
"1287043865044824064","Sat Jul 25 15:15:44 +0000 2020","1051","El BCE diu que Bankia pot repartir dividends perquè la seva matriu (de propietat pública) es va abstenir de repartir-ne. Resultat: ni 1€ dels dividends de Bankia han arribat als contribuents que la van rescatar! https://t.co/qS4MPUEMy5 https://t.co/TsJk11xIZJ","1287043865044824064","https://pbs.twimg.com/media/Edx_kfxXoAIqHe_.jpg","","ca","","20","17","1080","https://x.com/ClaraPonsati/status/1287043865044824064","887686542617128960","ClaraPonsati"
"1323747933863358468","Tue Nov 03 22:04:36 +0000 2020","303","Michael Rowland on #ABCBreakfast: American is as divided as it has ever been. As divided as the during Civil War Michael?","1323747933863358468","","","en","Gold Coast, Queensland","9","39","42","https://x.com/davrosz/status/1323747933863358468","49835260","davrosz"
"1437831503849959435","Tue Sep 14 17:31:58 +0000 2021","218","The people will NEVER be confused. If there are two groups called MDC ALLIANCE there is one that deployed MPs and there is one that expelled them. There is one that condemns ZANU PF and there is another that doesn't. It's quite clear. #RegisterToVoteZW","1437831503849959435","","","en","Bulawayo ,Zimbabwe","2","7","49","https://x.com/DCBajila/status/1437831503849959435","280448660","DCBajila"
"1200523719250259974","Fri Nov 29 21:15:33 +0000 2019","238","A highlight of tonight's #bbcdebates - the total disdain shown by @NicolaSturgeon to the painfully out of his depth Dick Tice. Here he is dying on his arse whilst delivering his opening statement. It was down hill all the way after this for Dickie... https://t.co/SrDjhVQjAZ","1200523719250259974","https://pbs.twimg.com/media/EKkDFl-UUAAl-Y6.jpg","","en","Across Europe","23","74","97","https://x.com/brexit_sham/status/1200523719250259974","826382447885574144","brexit_sham"
"1764414390483234971","Sun Mar 03 22:15:46 +0000 2024","262","you legally can't separate them. I'm pretty sure its in their renewal contract or something https://t.co/0Fgg9wsfYT","1764414390483234971","","","en","","3","0","40","https://x.com/milffyoungera/status/1764414390483234971","1695841022276673537","milffyoungera"
"1775723291904528799","Thu Apr 04 03:13:18 +0000 2024","0","lumayun dpt dividen BBCA bs buat beli kopi","1775723291904528799","","","in","","0","0","0","https://x.com/lulianggun/status/1775723291904528799","234664927","lulianggun"
"1389426651650400257","Tue May 04 06:17:48 +0000 2021","429","Additional Info: Apologize for the inaccurate choice of word it should say the separation will not give economic impacts to the existing shareholders which means they can still receive benefits because BH will still be under HYBE. So no worries. https://t.co/RYHGA3lGg4","1389464258463682562","","almostdita","en","Indonesia","3","5","53","https://x.com/almostdita/status/1389464258463682562","828936912018690049","almostdita"
"1771098617308414107","Fri Mar 22 08:56:30 +0000 2024","1","OTW lebaran bakal kebagian THR. Malah dapet tambahan dividen lagi. Ini mah nasib.. nasib baik. Khusus kamu yang pegang BBCA karena bakal bagi dividen bulan depan!! BBCA akan menyalurkan sisa dividen sebanyak 58% dari laba bersih tahun 2023 mereka senilai Rp28 04 triliun. Jadi https://t.co/w4WAIl4XPb","1771098617308414107","https://pbs.twimg.com/tweet_video_thumb/GJQ0zScaYAATT5u.jpg","","in","Jakarta","0","1","0","https://x.com/SekuritasBahana/status/1771098617308414107","1488712320495009792","SekuritasBahana"
"1845233721009635550","Sat Oct 12 22:42:56 +0000 2024","269","A bit rich Jacinta Price saying we are more divided now when she had her sleeves rolled up fervently dividing throughout the referendum campaign #insiders","1845233721009635550","","","en","The planet","2","34","73","https://x.com/BrownsvilleG11/status/1845233721009635550","1565473615398576128","BrownsvilleG11"
"1229127885400821760","Sun Feb 16 19:38:18 +0000 2020","647","Babu acha que a divisão de biscoito foi porque Lucas e Prior comeram. Bianca dizendo que não que ela dividiu com Manu muito antes ele tentou argumentar daí a Bia mas daí você tem a sua opinião e eu tenho a minha você não pode falar por mim #BBB20","1229127885400821760","","","pt","Brasil","11","14","86","https://x.com/vaidesmaiar/status/1229127885400821760","511577335","vaidesmaiar"
"1636285944214208512","Thu Mar 16 08:39:04 +0000 2023","0","BBCA Bagikan Dividen Rp205 Per Saham https://t.co/hyHDGMEF1e","1636285944214208512","","","in","DKI Jakarta, Indonesia","0","0","0","https://x.com/radarbangsa_com/status/1636285944214208512","738702302110834689","radarbangsa_com"
"1773221136647516287","Thu Mar 28 05:30:38 +0000 2024","0","tinggal dividen bbca","1773221136647516287","","","in","Bandung Selatan, Jawa Barat","0","0","0","https://x.com/siapip03/status/1773221136647516287","873320101","siapip03"
"1730604266740683159","Fri Dec 01 15:06:24 +0000 2023","0","Dividen BBCA Rp 42.5 / lembar Mayan buat kopi beberapa hari ","1730604266740683159","","","in","Jakarta Capital Region","0","0","0","https://x.com/opiee_novita/status/1730604266740683159","133204274","opiee_novita"
"1646786566210334721","Fri Apr 14 08:04:47 +0000 2023","0","Kaget kok saldo RDN aku nambah ternyata dpt THR dari dividen saham BBCA Ga seberapa tp bikin semangaf cari cuan buat nambah lot lagi ","1646786566210334721","","","in","Jakarta Capital Region","0","0","0","https://x.com/opiee_novita/status/1646786566210334721","133204274","opiee_novita"
"1619269305774006276","Sat Jan 28 09:41:01 +0000 2023","754","I'm not sad about him leaving boc I'm sad bbb are seperated now we won't see them together again they were so excited for their new series now we won't see them achieving their dream together but I hope soon justice will prevail and Biu will be back with Bible.","1619269305774006276","","","en","Bangkok, Thailand","18","12","227","https://x.com/Bibbiuprotector/status/1619269305774006276","1525909978527084544","Bibbiuprotector"
"1644655232926773250","Sat Apr 08 10:55:53 +0000 2023","182","So the dilution we saw in recent months is not so much a sign that BAYC has passed its zenith but more that Otherside might be getting closer to launch. The supply will continue to go up but this will not directly affect the Yacht Club. (12/17)","1644655297921798146","","waleswoosh","en","Wale Hub","0","1","4","https://x.com/waleswoosh/status/1644655297921798146","1501997405755088900","waleswoosh"
"1266313219850883073","Sat Aug 15 07:07:38 +0000 2020","218","after Thursday's results announcements ABBA boxsets have unfortunately now been rebranded as BCDC boxsets for people from certain areas.","1294531177282449409","","BanquetRecords","en","Kingston-upon-Thames","4","2","26","https://x.com/BanquetRecords/status/1294531177282449409","18898283","BanquetRecords"
"1626855338560323586","Sat Feb 18 08:05:12 +0000 2023","231","This divide was done by biggie to prove to u all viewers dat their is no ship in dat house. All na paper boat. U think Segun wil sit wit guys in d kitchen for hrs wen he knws Chidimma is hungry? Na Sheggz &amp; Bella wil not talk 4 2days? biggie how much is ur money #BBTitans","1626855338560323586","","","en","Lagos, Nigeria","8","27","28","https://x.com/Blessingmirac13/status/1626855338560323586","990182128599040001","Blessingmirac13"
"1775882419255775582","Thu Apr 04 13:45:37 +0000 2024","0","Bjir kaget dividen bbca naik bgt padahal udah lama ga beli lagi.","1775882419255775582","","","in","she/her","0","0","0","https://x.com/dcadumo/status/1775882419255775582","1356381498","dcadumo"
"1737399964043718891","Wed Dec 20 09:10:05 +0000 2023","0","Omg dapett dividen pertama BBCA kuhhh️ walaupun masih receh smoga tahun depan bisa nabung saham BBCA lebih banyakk.","1737399964043718891","","","in","she/her","0","0","0","https://x.com/dcadumo/status/1737399964043718891","1356381498","dcadumo"
"1444317410744573961","Sat Oct 02 16:56:38 +0000 2021","241","@LeedsEurope @Femi_Sorry Brexit is not splitting UK people who don t accept the result are.","1444345594273832961","","LeedsEurope","en","South Somerset.","2","75","8","https://x.com/bwright1951/status/1444345594273832961","739194002361225216","bwright1951"
"1645680160212152322","Tue Apr 11 06:48:20 +0000 2023","0","Hot topic nih beberapa emiten lagi bagi-bagi dividen. Misalnya BBCA dan BBNI. Tertarik? Ternyata tidak semua perusahaan bagi-bagi dividen. Perusahaan tersebut harus berskala besar dan stabil.","1645680160212152322","","","in","Jakarta, Indonesia","0","1","0","https://x.com/RHB_Sekuritas/status/1645680160212152322","348197528","RHB_Sekuritas"
"1597193138837356545","Mon Nov 28 11:50:27 +0000 2022","377","@BBCWorld It has been historically hard for the bbc to spot pedophiles","1597196218639482880","","BBCWorld","en","","0","4","19","https://x.com/Nick63586419/status/1597196218639482880","1394216574324776960","Nick63586419"
"1727588059850650004","Thu Nov 23 07:21:05 +0000 2023","2","BBCA Bagi Dividen Rp5 2 Triliun Berapa Yield-nya? https://t.co/Sg6k8hgBwc","1727588059850650004","","","in","Indonesia","0","0","0","https://x.com/emtrade_id/status/1727588059850650004","151326877","emtrade_id"
"1637783651659452417","Mon Mar 20 11:50:25 +0000 2023","0","Catat! Dividen tunai BBCA / Bank Central Asia Tbk (Bank BCA) 2023 https://t.co/GXi6hgcFOU","1637783651659452417","","","in","","0","0","0","https://x.com/britama/status/1637783651659452417","112439351","britama"
"1727856316939747678","Fri Nov 24 01:07:02 +0000 2023","0","Dividen Tunai Interim BBCA 2023: Jadwal Jumlah dan Proses Pembayaran https://t.co/e5wM1AOttd","1727856316939747678","","","in","","0","0","0","https://x.com/britama/status/1727856316939747678","112439351","britama"
"1267338981613752322","Mon Jun 01 06:15:33 +0000 2020","456","on youtube the ABC live coverage of the demonstrations and violence this weekend is called A NATION DIVIDED and lol is that what we're calling this","1267338981613752322","","","en","Robber Baron, PA","1","10","31","https://x.com/bombsfall/status/1267338981613752322","298942872","bombsfall"
"1604679974291660802","Mon Dec 19 03:30:13 +0000 2022","3508","@YENLIVIAHYEs recent article released about chuu s contract split. revenue was split 7:3 between the agency and the members but costs were split 5:5 meaning mathematically no amount of believable revenue would ever offset a member s individual costs. meaning they are always indebted to bbc","1604680477218152450","","wiztothebit","en","🦌🔔","520","8","428","https://x.com/1209msg/status/1604680477218152450","1485798456979505158","1209msg"
"1276494536496295938","Fri Jun 26 15:49:08 +0000 2020","203","@Benimarruu @SnizzyIzzy @DecaturDane Aint shit divisive about it. Niggas getting defensive and lashing out instead of listening and looking within is what is divisive.","1276543025385213959","","","en","Kingdom","0","0","8","https://x.com/TyrantCDX/status/1276543025385213959","228089048","TyrantCDX"
"1238906416779464705","Sat Mar 14 19:19:10 +0000 2020","179","@RibSte Quem fala que ele dividiu os grupos nem deve assistir bbb semana passada ou retrasada Thelma Pyong e rafa conversaram sobre as divisões que iam ocorrer. E tá acontecendo exatamente o que falaram.","1238907541473681417","","RibSte","pt","🦜 • 🚜 ","1","3","17","https://x.com/desastrada_/status/1238907541473681417","786345542121091073","desastrada_"
"1270632990670872577","Wed Jun 10 08:24:46 +0000 2020","224","[BREAKING] PT Bukit Asam Tbk ($PTBA) akan membagikan Rp 3 65 triliun atau sebanyak 90% dari total laba bersih tahun 2019 (Rp 4 1 triliun) sebagai dividen.","1270632990670872577","","","in","Jakarta Capital Region","59","44","103","https://x.com/BigAlphaID/status/1270632990670872577","958566590768926721","BigAlphaID"
"1081228744033996800","Fri Jan 04 16:39:55 +0000 2019","216","Brexit Secretary Stephen Barclay: The extent to which Britain is divided currently is small compared with the tensions a 2nd vote would cause. It would continue to split our nation. Sorry but the UK will never unite behind a Brexit victory that was based on lies. https://t.co/E8paL30dwh","1081228744033996800","https://pbs.twimg.com/media/DwFLzuEX4AATZdw.jpg","","en","UK & EU","12","22","103","https://x.com/BrexitBin/status/1081228744033996800","774510439824822273","BrexitBin"
"1171870842030055427","Wed Sep 11 19:39:15 +0000 2019","333","When the bbc SHOULD be focussed on Yellowhammer and illegal prorogation #Watson gives them a Labour Split Story. Anyone else want rid of this 5th columnist?","1171870842030055427","","","en","Home Counties and London","7","37","128","https://x.com/wilde/status/1171870842030055427","6664162","wilde"
"1603885243114602497","Fri Dec 16 22:50:15 +0000 2022","309","El BCRA dispone que las entidades financieras no podrán distribuir dividendos más dinero para financiar al Estado. Están llenando los bancos de títulos públicos","1603885243114602497","","","es","Rosario - Santa Fe - Argentina","7","29","111","https://x.com/SalvaDiStefano/status/1603885243114602497","1563294710","SalvaDiStefano"
"1171821060431368192","Wed Sep 11 16:21:26 +0000 2019","333","काही दिवसांनी भाजप चे विभाजन:- १. भाजप खुर्द (Original) २. भाजप बुद्रुक (Out Siders) असे होऊ नये म्हणजे झाले !!! (WA forward) ","1171821060431368192","","","mr","Mumbai, India","4","10","36","https://x.com/deepakbhatuse/status/1171821060431368192","103625894","deepakbhatuse"
"1593755422342668288","Fri Nov 18 23:57:57 +0000 2022","220","The fact that one of these teams isnt gonna qualify for the calling all heroes main event is nuts. https://t.co/wwVDXRznnb","1593755422342668288","https://pbs.twimg.com/media/Fh4oFa-WIAAu5N9.png","","en","","3","8","7","https://x.com/Dividing_by_0/status/1593755422342668288","984772962329997312","Dividing_by_0"
"1572888148669075457","Thu Sep 22 09:58:54 +0000 2022","373","3c. A game plan before a splitting episode occurs so that you can be prepared for it. Remember the act of splitting is not your fault and whether the borderline recognizes that or not is apart of their own healing journey. However getting to the bottom of what caused it might","1572888160337821699","","DeepHydrangeas","en","𓍊𓋼𓍊 she/her 28 𓍊𓋼𓍊","0","1","23","https://x.com/DeepHydrangeas/status/1572888160337821699","1280082180752969729","DeepHydrangeas"
"1644655232926773250","Sat Apr 08 10:55:56 +0000 2023","259","TLDR: When people talk about too much dilution within the BAYC ecosystem it's just the result of a common misunderstanding: Otherside and BAYC are different ecosystems. Otherside will have to be diluted. BAYC won't. (16/17)","1644655308957007881","","waleswoosh","en","Wale Hub","5","12","14","https://x.com/waleswoosh/status/1644655308957007881","1501997405755088900","waleswoosh"
"1842704132680949773","Sat Oct 05 23:11:15 +0000 2024","514","Every time I see this I want to cry they have their own divider https://t.co/oERV6fUjQ9","1842704132680949773","https://pbs.twimg.com/media/GZKZoyIXAAAZ7VL.jpg","","en","he - MA - 22","2","5","17","https://x.com/L1K3AR1TUAL/status/1842704132680949773","1049434120542138368","L1K3AR1TUAL"
