"conversation_id_str","created_at","favorite_count","full_text","id_str","image_url","in_reply_to_screen_name","lang","location","quote_count","reply_count","retweet_count","tweet_url","user_id_str","username"
"1455472712147636229","Tue Nov 02 09:51:50 +0000 2021","3345","Nabung ala aku: - punya uangnya - set up goals - pisahin tabungan; rekening biasa rek tabunganku dan investasi Untuk nyimpen uang aku pakai 3 jenis; rekening (bca) biasa rekening (bca)tabunganku dan investasi via reksadana (bibit) https://t.co/X7mxDRHCzN","1455472712147636229","https://pbs.twimg.com/media/FDKh3C7VcAI31Il.jpg","","in","Jakarta Capital Region","121","81","628","https://x.com/2024akukayabgt/status/1455472712147636229","4711251133","2024akukayabgt"
"1769334632854765875","Sun Mar 17 12:07:03 +0000 2024","7711","cerewet banget sama temen2 sendiri supaya migrasi ke myBCA. fyi aja BCA Mobile tuh akan slowly dibiarkan ditinggalkan karena tabungan CC deposito reksadana obligasi semua ada di myBCA weyyy https://t.co/VieYU7z1aO","1769334632854765875","https://pbs.twimg.com/media/GI3wdraa4AAtKpR.jpg","","in","","807","614","1150","https://x.com/biasalahanakmud/status/1769334632854765875","1482225970350530561","biasalahanakmud"
"1839650034775720100","Sat Sep 28 03:18:48 +0000 2024","414","@journads @worksfess Sangat setuju nder buat pemula sebaiknya taruh saham di BBCA saja modal sabar dan yg pasti uang dingin insyaallah semua akan profit pada waktunya https://t.co/ewBAGqKcV2","1839867327330037787","https://pbs.twimg.com/media/GYiFlYuasBM2rAL.jpg","journads","in","Sub, IDN","8","20","11","https://x.com/Diorenggaaa/status/1839867327330037787","494949514","Diorenggaaa"
"1782988579721089526","Wed Apr 24 04:22:58 +0000 2024","3396","Kita punya cara membuat bukti bakti yang akan terus tumbuh. BCA selalu mengupayakan melalui aktivitas bagi kebaikan putra-putri bangsa masyarakat dan alam. Bakti BCA menggandeng @nicsap &amp; kita semua membuat lebih banyak jejak #BuktiBaktiBCA ke penjuru nusantara. https://t.co/Z5csp3HkDu","1782988579721089526","https://pbs.twimg.com/media/GL5yTQvbUAAeOlm.jpg","","in","","122","73","320","https://x.com/BankBCA/status/1782988579721089526","567255514","BankBCA"
"1557541229960630272","Thu Aug 11 03:34:06 +0000 2022","211","@worksfess Gak banyak bank konven cuma 2 aja. Bca buat terima gaji BNI buat dana darurat Bibit buat nabung jangka panjang IPOT buat investasi jangka pendek. Dana buat transfer dari BCA ke BNI. Link Aja jarang kepakek sekarang wkwk https://t.co/im6pcTvJGa","1557571029156868096","https://pbs.twimg.com/media/FZ2amBiagAAxSJW.jpg","worksfess","in","Kota Surabaya, Jawa Timur","2","20","22","https://x.com/vw_nemo/status/1557571029156868096","192133554","vw_nemo"
"1652165838483640320","Sat Apr 29 05:17:38 +0000 2023","18","@tanyakanrl Aku jg tadinya setiap THR anak ditaro rekening tabunganku BCA Skrg beralih ke reksadana pasar uang di Bibit. Pilih RDPU krn returnnya low tapi lebih baik dari tabungan bank dan low risk jg. Biar tidak dibilang investasi bodong sama ayahnya https://t.co/BqxlBRg7dt","1652180318764568578","https://pbs.twimg.com/media/Fu25PlQaAAMa6W3.jpg","tanyakanrl","in","Planet C-53","0","0","0","https://x.com/annisapott/status/1652180318764568578","383573681","annisapott"
"1832408673953763490","Sat Sep 07 13:45:11 +0000 2024","0","Minimum pembeliannya Rp 500 Ribu dengan Bank Penampung BCA selain itu kalau menjual sebelum 3 Bulan dikenai biaya sebesar 0.50% Tapi harusnya hal ini bukan lah masalah sih karena kalau investasi RDO harusnya tahunan hitungannya Alokasi asetnya Obligasi Korporasi https://t.co/T66EPNk5JN","1832414815295525205","https://pbs.twimg.com/media/GW4LjtXa8AUTWpK.jpg","frrlck","in","Indonesia","0","1","0","https://x.com/frrlck/status/1832414815295525205","330234622","frrlck"
"1754421836585246969","Mon Feb 05 08:28:56 +0000 2024","1","Buka akun investasi di POEMS tanpa perlu kirim berkas fisik 100% FULL ONLINE! Untuk pemilik rekening BCA pilih RDN BCA Untuk bank lain pilih RDN Permata Tunggu apa lagi? Investasi di POEMS paling mudah untuk masa depan yang cerah! #TalktoPhillip #DuitYangKerja https://t.co/4oMPN5FwSg","1754421836585246969","https://pbs.twimg.com/ext_tw_video_thumb/1754421735322218496/pu/img/H6A4Vyr4J_wrobep.jpg","","in","Indonesia","0","0","0","https://x.com/TalkToPhillip/status/1754421836585246969","176733069","TalkToPhillip"
"1761205911631327348","Sat Feb 24 01:46:25 +0000 2024","3756","Ke bca sq promo untuk nasabah prioritas dan solitaire (gak di gancit tapi di kempinski sblm buat general sale) mau dateng mesti ada undangannya. Rame? banget cuma antrinya ga kaya di gancit. Isinya apa? Sama org cari diskon cuma saldonya minimal di atas 1m https://t.co/XtX0L8tqk0","1761205911631327348","https://pbs.twimg.com/media/GHEPbeZaQAAzmvE.jpg","","in","Jakarta Capital Region","246","118","865","https://x.com/agannyi/status/1761205911631327348","37871310","agannyi"
"1798025530362712508","Tue Jun 18 00:21:01 +0000 2024","0","@mareeeeet Halo rdpu bisa dijual kapan aja. majoris syariah (ada tanda petirnya) bisa langsung cair klo trimegah nunggu 2-3hr kerja Sblm investasi jgn lupa liat bank penampung misal trimegah itu BCA jd klo km punya BCA ntr pas jual ga kena biaya. Klo beda bank kena 3500 https://t.co/o5iT0NG8Rn","1802859024930542073","https://pbs.twimg.com/media/GQUKuh7bQAAL6XK.jpg","mareeeeet","in","","0","1","0","https://x.com/pastacikin/status/1802859024930542073","1676097213234319361","pastacikin"
"1824429605350150461","Fri Aug 16 12:54:48 +0000 2024","855","[AD.] Buat kamu lulusan SMA/K D3/S1 freshgraduate hingga berpengalaman kerja Magang Bakti BCA menunggu kamu loh! Kamu akan ditempatkan sebagai Frontliner di kantor cabang BCA. Kamu akan mendapatkan pengalaman seputar perbankan. Yuk daftar program Magang Bakti https://t.co/9onBwXBMCp","1824429605350150461","https://pbs.twimg.com/media/GVGtDUIaEAEDKki.jpg","","in","","21","45","69","https://x.com/worksfess/status/1824429605350150461","1244597361826885636","worksfess"
"1788496155212652590","Thu May 09 09:08:06 +0000 2024","499","Selamat Kepada Nasabah BCA di mana pun berada Bank Anda Telah dinobatkan sebagai brand perbankan terkuat di Dunia (The World's Strongest Banking Brand) oleh Brand Finance Untuk Nasabah Bank BUMN/Bank Pembangunan Daerah salam kompak dan tetap Semangat https://t.co/tsSuRVGnSl","1788496155212652590","https://pbs.twimg.com/ext_tw_video_thumb/1788495411722006528/pu/img/HjeVV4s_1NU4BFdb.jpg","","in","Indonesia","4","26","170","https://x.com/Heraloebss/status/1788496155212652590","1251824880967774208","Heraloebss"
"1820272835857895831","Mon Aug 05 01:37:17 +0000 2024","0","37 Video Pembelajaran &amp; Quiz FINANCE FOR NON FINANCE Belajar Mengelola Keuangan Perusahaan Total Investasi: *) Rp.400.000 - *) Trfansfer Bank BCA No. Rek : 7040600005 a/n PT Ganesha Tujuh Empat Konfirmasi: https://t.co/o0emjAnx9U #financebasics #financefornonfinance https://t.co/hlPCkSotKT","1820272835857895831","https://pbs.twimg.com/media/GULoDC8XoAAZq9S.jpg","","in","","0","0","0","https://x.com/Ganesha_LC/status/1820272835857895831","1321961090989748224","Ganesha_LC"
"1838973302171459947","Wed Sep 25 16:06:16 +0000 2024","0","Punya dana investasi di bibit segini cukup ya belum termasuk saldo rekening di bank BCA BRI Mandiri BJB Bank Jago dan yg lain nya.. https://t.co/wH8orc52vn","1838973302171459947","https://pbs.twimg.com/media/GYVYeQkXYAAOvqM.jpg","","in","bandung","0","0","0","https://x.com/indraafirmansah/status/1838973302171459947","2893905636","indraafirmansah"
"1685624439013265408","Sun Jul 30 12:12:38 +0000 2023","1","Gajian lewat bank Mandiri nabung di BCA investasi beli saham BBRI https://t.co/OKsCMAJg8N","1685624439013265408","https://pbs.twimg.com/media/F2SKfENaUAANwGE.jpg","","in","Jakarta Barat, DKI Jakarta","0","0","0","https://x.com/bultang_lover/status/1685624439013265408","1094778806697582592","bultang_lover"
"1413466125371727877","Fri Jul 09 11:52:39 +0000 2021","600","Lotaogaseee sekarang BCA gak mau kalah ikutan bikin Bank Digital juga? Namanya BLU by BCAdigital Ini entitas yg berbeda dari Bank BCA konvensional. Semua serba digital. Mari kita kupas apa kelebihan dan kekurangannya : https://t.co/bsO5YBopJi","1413466125371727877","https://pbs.twimg.com/media/E52j800VgAUMa-Z.jpg","","in","Jakarta Capital Region","55","26","177","https://x.com/BanyuSadewa/status/1413466125371727877","55108943","BanyuSadewa"
"1625143692167360512","Mon Feb 13 16:13:05 +0000 2023","15","@convomf Sekarang cuma fokus pakai ini aja sih. BCA + Blu + FUNDtastic + Welma + SPOT = ekosistem BCA untuk menabung &amp; investasi. BNI untuk transaksi harian. Bima (Bank Jateng) untuk kerja. OCBC NISP karena suka sama bank-nya aja. https://t.co/HfNLiSoXwm","1625166175775920133","https://pbs.twimg.com/media/Fo3ABgQagAMP7L6.jpg","convomf","in","Depok, Jawa Barat","0","2","0","https://x.com/IamPrasPrasetja/status/1625166175775920133","1542777415713570816","IamPrasPrasetja"
"1831967764141240472","Fri Sep 06 08:08:45 +0000 2024","0","Kunjungi BCA Wealth Summit 2024 &amp; kembangkan wawasan tentang pengelolaan keuangan bersama para pakar finansial. Dapatkan juga promo spesial investasi dan asuransi termasuk Cashback Reksa Dana hingga Rp15 Juta dan Paket Perjalanan Eksklusif ke Tasmania. https://t.co/826BnmOOUZ","1831967764141240472","https://pbs.twimg.com/ext_tw_video_thumb/1831967728376410122/pu/img/qT_xzw7NUKi3EIYM.jpg","","in","","0","3","0","https://x.com/BankBCA/status/1831967764141240472","567255514","BankBCA"
"1826234166213771720","Wed Aug 21 12:25:29 +0000 2024","0","Ade ape guys rame bener? Kudet saya. Sibuk kerja. Belakangan bisnis ekspansi ke Philippines &amp; India. Sibuk urus transaksi Rupee ma Pesoo. Bolak balik Bank BCA &amp; BNI juga target mau beli Dollar misalkan balik 14.000 kesempatan emas yekan. Belajar investasi dollar sebelum krisis. https://t.co/JohaGq0aWt","1826234166213771720","https://pbs.twimg.com/media/GVgWSwfbAAE9ABQ.jpg","","in","wise | upscale | snapedit ","0","0","0","https://x.com/kcymaerxthaere/status/1826234166213771720","1584147349261418496","kcymaerxthaere"
"1756229958773641688","Sat Feb 10 08:13:46 +0000 2024","0","Saham terbesar di setiap negara Asia Wah ada Bank BCA dari Indonesia nih sobat #ayoacademy #motivasibisnis #motivasipengusaha #pengusaha #pengusahamuda #suksesmuda #peluangbisnis #perencanaanbisnis #investasi #tipssukses #upgradediri #inspirasiharian #growmindset https://t.co/TPAcP5EDow","1756229958773641688","https://pbs.twimg.com/media/GF9h1xEbsAAyu_a.jpg","","in","","0","0","0","https://x.com/ayoacademy_id/status/1756229958773641688","1735109115037544448","ayoacademy_id"
"1639911734856290304","Sun Mar 26 08:46:40 +0000 2023","4"," Informasi Loker Wealth Management Program (WMP) Bank BCA - 2023 1. IPK Min. 3 00 2. Usia maksimal 24 tahun (S1) dan 26 tahun (S2) 3. Memiliki ketertarikan dan passion terhadap investasi 4. Belum menikah https://t.co/5fLc1CX3XW #lokerupdate #loker #lokercot #jobs #Hiring https://t.co/lfxHQNk9M8","1639911734856290304","https://pbs.twimg.com/media/FsIjBgZagAAEKbh.jpg","","in","Indonesia","0","0","2","https://x.com/lokerfresh/status/1639911734856290304","1280022630020444162","lokerfresh"
"1714900375546077653","Thu Oct 19 07:04:45 +0000 2023","9734","Sekilas info: Dana minimal untuk jadi nasabah BCA Prioritas naik dari 500juta ke 1M per bulan ini. https://t.co/2ZRCxQ80YK","1714900375546077653","https://pbs.twimg.com/media/F8yMGNVaoAAMQKS.png","","in","heyhandokotjung@gmail.com","896","461","1655","https://x.com/handokotjung/status/1714900375546077653","148332642","handokotjung"
"1765119296035049699","Tue Mar 05 20:56:49 +0000 2024","1590","*midnight thoughts* Kenapa BBCA itu berada di harga premium diatas semua bank lain? apakah karena NIM nya? apakah CAR nya? apakah NPL rendah? apakah asset qualitynya? apakah efisiensi ROA? apakah branding? ato satpam yg baik? (becanda) Kenapa bisa trading di nilai buku https://t.co/URwc18wLll","1765119296035049699","https://pbs.twimg.com/media/GH72ohhaYAAu8rf.jpg","","in","Middle Earth","6","56","142","https://x.com/timothyronald22/status/1765119296035049699","1361502222840864768","timothyronald22"
"1836999774408691844","Fri Sep 20 05:24:10 +0000 2024","1","Mau tau lima tantangan global yang akan berdampak pada perekonomian global dan dunia investasi? Simak penjelasan lebih lanjut di https://t.co/qUq5bkPqAc yang berlangsung hingga 20 September 2024. https://t.co/jSceT82ibG","1836999774408691844","https://pbs.twimg.com/media/GX5VecZaUAAKVGn.jpg","","in","","0","9","1","https://x.com/BankBCA/status/1836999774408691844","567255514","BankBCA"
"1659921920035536897","Sun May 21 01:13:44 +0000 2023","0","@jazul_08 @loudeshit @migwort @worksfess Di akun bank yg kita pilih kak kalo aku pakenya bca ga kena potongan otomatis masuk pas tanggal 10 jd kita gausa ambil kita tinggal di transfer aja terima beress. klo mau daftar bisa pake kode refferalku add25ksaldobibit naanti dpt 25k saldo investasi boleh dm lebih lanjut ka https://t.co/IzbNQKzPVU","1660091471113113602","https://pbs.twimg.com/media/FwnUZBmaYAIAf51.jpg","jazul_08","in","Lampung, Indonesia","0","2","0","https://x.com/iyupbeauty/status/1660091471113113602","844151404755271681","iyupbeauty"
"1836672167406407902","Thu Sep 19 07:42:23 +0000 2024","0","Buat Anda yang lagi semangat buat investasi jangan lewatkan sesi konferensi bersama Ellen May banyak tips terkait investasi yang sayang banget buat dilewatin. Periode hanya sampai 20 September 2024! Info selengkapnya di https://t.co/yMPboCgWqM https://t.co/u8qM7QdWRw","1836672167406407902","https://pbs.twimg.com/media/GX0rhyvaIAA7iPz.jpg","","in","","0","0","0","https://x.com/BankBCA/status/1836672167406407902","567255514","BankBCA"
"1671090849529180160","Tue Jun 20 09:41:20 +0000 2023","0","Ada Cashback Rp200 Ribu Bank Digital blu dari BCA Digital Luncurkan Fitur Investasi https://t.co/d7etlDqHdn https://t.co/YW1kweyLQQ","1671090849529180160","https://pbs.twimg.com/media/FzDoRbLWcAEkC4o.jpg","","in","Bogor, Indonesia","0","0","0","https://x.com/gadgetren/status/1671090849529180160","1975085472","gadgetren"
"1761961927629324470","Mon Feb 26 11:40:43 +0000 2024","6","@hanmula sekarang udah ga perlu jadi nasabah prioritas. investasi aman yg rate of returnnya tinggi : obligasi negara ORI/ FR udah bisa dibeli dgn dana minimum rp 1 jt. bisa beli lewat app bank spt bca cimb.","1762080246592082148","","hanmula","in","둥 둥 에서","0","2","0","https://x.com/candyjkt/status/1762080246592082148","257476968","candyjkt"
"1724616573070229973","Wed Nov 15 02:33:27 +0000 2023","2"," kalo mau investasi atau deposito bagusnya dimana ya gaes?? Dan kalo di bank ky bca mandiri itu enak jg gak? Plis yg tau bantu jelasin https://t.co/MdmvtyK0S3","1724616573070229973","https://pbs.twimg.com/media/F-8RofhbQAAY24q.jpg","","in","Indonesia","0","4","0","https://x.com/tanyakanrl/status/1724616573070229973","1331650559518990336","tanyakanrl"
"1813808566504993024","Thu Jul 18 05:30:35 +0000 2024","0","PT Bank Central Asia Tbk (BBCA) atau BCA meluncurkan Reksa Dana Batavia Index PEFINDO i-Grade (BIPI) sebagai solusi kebutuhan masyarakat dalam berinvestasi. Selengkapnya: https://t.co/bFtIwX1hVN #bank #perbankan #bankbca #reksadana #investasi #bipi #bpam https://t.co/vlBfbmUzOo","1813808566504993024","https://pbs.twimg.com/media/GSvxJhfXoAAPRAA.jpg","","in","Indonesia","0","0","0","https://x.com/infobanknews/status/1813808566504993024","137900895","infobanknews"
"1563170228292718592","Fri Aug 26 14:23:19 +0000 2022","262","Bank BCA baru2 ini sempet viral karena kepala layanan-nya jemput kucing liar pake mobil sebab dicariin nasabah Hal2 kecil kaya gini aja bank BCA sangat memperhatikan nasabahnya. Nah dalam dunia pelayanan itu disebut customer delight Apa ya itu? simak~ https://t.co/TJNiiszA8m","1563170228292718592","https://pbs.twimg.com/media/FbF7U06UYAgc2Tn.jpg","","in","","6","5","58","https://x.com/myskill_id/status/1563170228292718592","1299606533764837383","myskill_id"
"1495563925420716033","Mon Feb 21 01:00:00 +0000 2022","341","Terima kasih telah menjadi bagian selama 65 tahun berkarya dan mempercayakan solusi perbankan kepada BCA. Mari saling berkolaborasi dan menciptakan inovasi dalam menyelaraskan People Planet &amp; Profit. BCA akan terus mempersembahkan karya terbaik agar Senantiasa di Sisi Anda. https://t.co/AeEmPWqvqY","1495563925420716033","https://pbs.twimg.com/ext_tw_video_thumb/1495404919007764481/pu/img/6oXlfMpxUEJszWM_.jpg","","in","","5","146","90","https://x.com/BankBCA/status/1495563925420716033","567255514","BankBCA"
"1786350759422157302","Fri May 03 11:03:04 +0000 2024","275","Alasan di balik anjloknya Big 4 Banks ‼️ Kinerja Big 4 Banks pada 1Q24 kompak berada di bawah ekspektasi konsensus dipengaruhi oleh kenaikan cost of fund yang menyebabkan NIM terkompresi (kecuali $BBCA). Kenaikan cost of fund sendiri dipicu oleh price war seiring mengetatnya https://t.co/TrhtjcEvcz","1786350759422157302","https://pbs.twimg.com/media/GMpjq5uaEAAqtCd.jpg","","in","Jakarta","6","4","67","https://x.com/Stockbit/status/1786350759422157302","587189716","Stockbit"
"1816410968337068336","Thu Jul 25 09:51:36 +0000 2024","40","Selesai dari Kementerian ATR/BPN saya menuju Kantor Otorita IKN di Jakarta Selatan menerima kunjungan Armand Wahyudi Hartono Deputy President Director Bank Central Asia (BCA) beserta jajaran pimpinan perusahaan untuk membahas tindak lanjut minat investasi yang sedang https://t.co/Z6lDW0J6np","1816410968337068336","https://pbs.twimg.com/media/GTUwJTPacAAnwd_.jpg","","in","Jakarta","0","88","3","https://x.com/RajaJuliAntoni/status/1816410968337068336","438832278","RajaJuliAntoni"
"1797915918993096849","Tue Jun 04 08:58:53 +0000 2024","0","6.7 % kalikan saja berapa kita investasi di aplikasi tersebut kata kawan aku sihh!! tapi apa salah nya mencoba ya kan!! Atau di bank juga banyak deposito!! Bank BCA BRI BNI dan lain sebagainya kalau masih ragu-ragu sih!!","1797915918993096849","","","in","Medan Kota, Indonesia","0","0","0","https://x.com/PriaMedan3/status/1797915918993096849","987294485557030912","PriaMedan3"
"1695849614568796504","Sun Aug 27 17:23:50 +0000 2023","0","Resiko investasi juga kadang g sebanding sama returnnya kalo di angka segini. Jadi gw lebih milih masukin duit tabungan ke rekening saver yg low risk dan returnnya bersaing sama reksa dana misal kek di blu BCA TMRW Bank Jago Jenius dll.","1695849616586227765","","fluffyh00man","in"," Indonesia","0","1","0","https://x.com/fluffyh00man/status/1695849616586227765","4051027812","fluffyh00man"
"1667970687909380096","Tue Jun 13 08:14:44 +0000 2023","2"," Informasi Lowongan Kerja Wealth Management Program Bank BCA - 2023 (63) 1. IPK Min. 3 00 2. Usia max 24 th (S1) dan 26 th (S2) 3. Memiliki ketertarikan terhadap investasi 4. Belum menikah 𝗕𝗮𝗰𝗮 𝗱𝗶 : https://t.co/XkhR2nHWB0 #lokerupdate #loker #lokercot #jobs #Hiring","1668532340950441984","","lokerbos","in","Konoha","0","1","0","https://x.com/lokerbos/status/1668532340950441984","857618287","lokerbos"
"1281429462580465664","Fri Jul 10 03:26:06 +0000 2020","547","Kinerja harga bbrapa saham unggulan dan emas sepanjang Jan - Juli 2020 : Saham Astra anjlok 29% Bank BRI anjlok 28% Bank Mandiri minus 29% Telkom minus 21% BCA minus 9% Unilever minus 5% Emas naik 23% Pahami risiko investasi. Lakukan diversifikasi.","1281429462580465664","","","in","","45","44","352","https://x.com/Strategi_Bisnis/status/1281429462580465664","190535830","Strategi_Bisnis"
"1647653054790139904","Wed Apr 19 17:01:18 +0000 2023","2"," Informasi Loker Wealth Management Program (WMP) Bank BCA - 2023 (128) 1. IPK Min. 3 00 2. Usia maksimal 24 tahun (S1) dan 26 tahun (S2) 3. Memiliki ketertarikan/passion terhadap investasi 𝗕𝗮𝗰𝗮 𝗱𝗶 : https://t.co/XkhR2nHWB0 #lokerupdate #loker #lokercot #jobs #Hiring","1648733521387864069","","lokerbos","in","Konoha","0","1","0","https://x.com/lokerbos/status/1648733521387864069","857618287","lokerbos"
"1745499705805824017","Thu Jan 11 17:35:34 +0000 2024","11"," Informasi Lowongan Kerja Wealth Management Program (WMP) Bank BCA 1. Min. Sarjana S1 2. Memiliki ketertarikan dan passion terhadap investasi BACA : https://t.co/6Sd85IKhQQ #zonauang #loker #lokercot #jobs #Hiring","1745499705805824017","","","in","Indonesia","0","0","2","https://x.com/lokerfresh/status/1745499705805824017","1280022630020444162","lokerfresh"
"1709871121993216109","Thu Oct 05 10:00:18 +0000 2023","27","Pendaftaran Beasiswa Bakti BCA segera dibuka! Edukasi adalah investasi penting untuk masa depan. Buat kamu #GenerasiPastiBisa dengan can do attitude BCA siap mendukung impianmu! https://t.co/KHj74Wayhm","1709871121993216109","https://pbs.twimg.com/media/F7quqtXb0AAA6CP.jpg","","in","","0","4","3","https://x.com/BankBCA/status/1709871121993216109","567255514","BankBCA"
"1797947158928519254","Tue Jun 04 11:03:01 +0000 2024","0","Bos BCA Jahja Setiaatmadja Borong Saham BBCA Rp 1 98 Miliar: Alasan dan Investasi Jangka Panjang Pada 30 Mei 2024 Presiden Direktur PT Bank Central Asia Tbk (BCA) Jahja Setiaatmadja memborong 221.100 saham BBCA dengan harga transaksi Rp 9.000 per saham.","1797947158928519254","","","in","Earth","0","1","0","https://x.com/Year_That_Was/status/1797947158928519254","1780191362979434497","Year_That_Was"
"1826957142290735512","Fri Aug 23 12:18:20 +0000 2024","1","Urusan finansial jangan coba-coba. Main judi online menangnya sekali ruginya berkali-kali. Mending investasi yang pasti-pasti aja yuk GoodFriends! Info lanjut cek https://t.co/ab0K9hNR0n https://t.co/yM36mqefI6","1826957142290735512","https://pbs.twimg.com/ext_tw_video_thumb/1826957045633003520/pu/img/Mi-GkGDAaMhkKp2R.jpg","","in","","0","0","1","https://x.com/BankBCA/status/1826957142290735512","567255514","BankBCA"
"1816664261525155903","Fri Jul 26 02:38:06 +0000 2024","0","Semakin hari aplikasi menabung/investasi via mobile memudahkan kita untuk menyisihkan Dana kita untuk membuat store asset digital. Tidak hanya store asset fisik. 1. Menabung valas sudah bisa d My BCA 2. Nabung emas sudah bisa d Brimo app bank BRI 3.","1816664261525155903","","","in","","0","1","0","https://x.com/SurabhiStore/status/1816664261525155903","1765743497779539968","SurabhiStore"
"1834960913566515632","Sat Sep 14 14:22:28 +0000 2024","385","Efek Beragun Aset (EBA) salah satu instrumen investasi yang lately saya pelajari In nutshell jadi EBA itu adalah jual beli hak tagih KPR dari bank oleh PT SMF (Sarana Multigriya Finansial) Misal bank ngasih KPR 15 tahun ke 1.000 orang. Lalu untuk memperbaiki cash-flow nya https://t.co/0TNUmmCsGX","1834960913566515632","https://pbs.twimg.com/media/GXcVmr_bwAM-b9y.jpg","","in","","13","28","70","https://x.com/paipiapaipia/status/1834960913566515632","345252211","paipiapaipia"
"1822963005862424984","Mon Aug 12 11:47:04 +0000 2024","964","Hari ini saya meletakkan batu pertama untuk pembangunan Bank Central Asia (BCA) IKN. Investasi ini menunjukkan kepercayaan BCA bahwa IKN merupakan investasi yang potensial. Saya mengajak investor dalam negeri lain untuk turut serta membangun IKN. Pemerintah berkomitmen https://t.co/rZRWoUoQz3","1822963005862424984","https://pbs.twimg.com/media/GUx3MKEa8AEBk5N.jpg","","in","Jakarta","16","200","158","https://x.com/jokowi/status/1822963005862424984","366987179","jokowi"
"1721654899644285200","Mon Nov 06 22:24:49 +0000 2023","7"," Informasi Lowongan Kerja Wealth Management Program (WMP) Bank BCA - 2023 1. Min. Sarjana S1 2. Memiliki ketertarikan dan passion terhadap investasi https://t.co/SrDTY8O3RT https://t.co/5fLc1CX3XW #zonauang #loker #lokercot #jobs #Hiring","1721654899644285200","","","in","Indonesia","0","0","1","https://x.com/lokerfresh/status/1721654899644285200","1280022630020444162","lokerfresh"
"1694180332084539585","Thu Aug 24 04:41:12 +0000 2023","0","@tanyarlfes sebenernya semuanya bagus kok karena sama2 bank KBMI 4 dan bank bumn juga ya kalau digabung dengan bca biasa disebut big 4 bank di Indonesia jadi reputasinya juga udah jelas. kalau mau yg ada imbal hasilnya buat awam bisa investasi ke reksadana https://t.co/v6oXMNRwmq https://t.co/SIDM19hqIQ","1694570529578250409","https://pbs.twimg.com/media/F4RS6YTbgAABfcq.jpg","tanyarlfes","in","Indonesia","0","0","0","https://x.com/frrlck/status/1694570529578250409","330234622","frrlck"
"1389520404344152067","Tue May 04 10:00:55 +0000 2021","573","Ayo kenalan dengan myBCA! Sebuah #LangkahAwal untuk memberikan pengalaman mobile dan internet banking yang lebih baik dan lebih simpel. Saatnya memulai langkah awal ini dan rasakan kemudahan bertransaksi di myBCA! Cek infonya di: https://t.co/JaVq2r2fJN https://t.co/8wi6YhZza2","1389520404344152067","https://pbs.twimg.com/ext_tw_video_thumb/1389520024688156673/pu/img/2FbNBo6GhtuLq2q1.jpg","","in","","9","17","31","https://x.com/BankBCA/status/1389520404344152067","567255514","BankBCA"
"1766272490161275306","Sat Mar 09 10:37:02 +0000 2024","16","@rafurace https://t.co/itkdtaxyno Keyword : cara beli obligasi lewat bank. Nanti muncul tuh web web bank lain tinggal pilih aja bank yg ente pake","1766412874573140369","","rafurace","in","out of nowhere","0","1","4","https://x.com/daffa_notevery/status/1766412874573140369","1041571074616356865","daffa_notevery"
"1370346201346760705","Fri Mar 12 12:09:28 +0000 2021","253","Widih kereen pada hafal lagunya Welma nih Gak cuma udah hafal lagunya tapi udah gak bingung lagi dong cara investasi. Yuk download aplikasi Welma dari BCA dan mulai investasi. Klik https://t.co/2iTKQ2efoM Soalnya #SeriusItuGampang https://t.co/Nw1zMtCoqS","1370346201346760705","https://pbs.twimg.com/ext_tw_video_thumb/1370346164109725703/pu/img/B6CONNHleKRL9M0t.jpg","","in","","4","15","35","https://x.com/GoodLifeBCA/status/1370346201346760705","17824435","GoodLifeBCA"
"1756627891616653605","Mon Feb 12 04:10:05 +0000 2024","0","@worksfess Kalo emas itu bukan investasi sih tapi tabungan nderrr Kalo mau invest aman ke bibit aja beli reksa dana pasar modal yg risknya kecil jangan saham Atau kamu depositoin aja di bca/maybank dulu aku minimal 10 juta Kalo di bank digital minimal 1 juta","1756893412459176302","","worksfess","in","","0","0","0","https://x.com/MinatozakiSkies/status/1756893412459176302","1125394980","MinatozakiSkies"
"1347850748315328512","Sat Jan 09 10:20:34 +0000 2021","146"," yg ikut GA nih rupanya bukan orang² biasa yah .. Stiap kali kasih rek kbanyakan Bank BCA .. BCA setau aku Bank keren .. tabungan kalangan menengah keatas .. Iya gak sih ","1347850748315328512","","","in","","4","159","7","https://x.com/IdKalimantan/status/1347850748315328512","1318530171691880449","IdKalimantan"
"1764434797852803372","Sun Mar 03 23:36:52 +0000 2024","4"," Informasi Lowongan Kerja Wealth Management Program (WMP) Bank BCA 1. Min. Sarjana S1 2. Memiliki ketertarikan dan passion terhadap investasi https://t.co/jxhL0mnPDR PANDUAN LOLOS CPNS PRIVAT AL FAIZ https://t.co/bRQJNp0pJX #zonauang #loker #lokercot #jobs #Hiring","1764434797852803372","","","in","Indonesia","0","0","1","https://x.com/lokerfresh/status/1764434797852803372","1280022630020444162","lokerfresh"
"1460805675789942786","Wed Nov 17 03:03:08 +0000 2021","590","Blu by BCA Digital vs Livin' by Mandiri ini akan jadi perang digital yg menentukan masa depan mereka. BCA Digital kelihatannya mau habis2an merebut pasar bank digital masa depan. Livin' jg tak mau kalah. Bank Jago by Gojek akan jadi kuda hitam yg siap menyalip di tikungan. https://t.co/aHZJ5S8our","1460805675789942786","https://pbs.twimg.com/media/FEXTAkqUcAQJgSk.jpg","","in","","56","67","279","https://x.com/Strategi_Bisnis/status/1460805675789942786","190535830","Strategi_Bisnis"
"1790707238820286472","Wed May 15 11:34:10 +0000 2024","8","Info Lowongan Kerja Wealth Management Program (WMP) Bank BCA Mei 2024 1. Min. Sarjana S1 2. Memiliki ketertarikan dan passion terhadap investasi Info lengkap https://t.co/jxhL0mnPDR #zonauang #loker #lokercot #jobs #Hiring","1790707238820286472","","","in","Indonesia","1","0","1","https://x.com/lokerfresh/status/1790707238820286472","1280022630020444162","lokerfresh"
"1753060298398011411","Thu Feb 01 14:18:41 +0000 2024","1","- Kalau transfer ke BCA itu ternyata beda bank (Termasuk transfer ke blu. Masuknya beda bank) Tapi transfernya gratissss kalau pakai BI Fast. Kalau mau nabung tinggal di pindah di blusaving. Itu kaya investasi juga tapi nabung. Sebelumnya pakai bibit nyairin dana -","1753060305972903973","","cracktuz","in","MDNI | 🐹","0","1","0","https://x.com/cracktuz/status/1753060305972903973","992568999153094656","cracktuz"
"1685180862651039744","Sat Jul 29 23:32:43 +0000 2023","5","@worksfess Aku tim terima gaji di BCA trus lngsung transfer ke flip &amp; bibit. Flip utk kebutuhan sehari² krn sering transfer beda bank kebantu bgt pake flip yg tanpa biaya admin. Bibit utk investasi di Rdn. Sisain di BCA utk transaksi Qris","1685433198896140288","","worksfess","in","","0","0","0","https://x.com/Devinidevini/status/1685433198896140288","1449984670674784259","Devinidevini"
"1775339122435232055","Wed Apr 03 01:46:45 +0000 2024","7","Info Lowongan Kerja Wealth Management Program (WMP) Bank BCA Update April 2024 1. Min. Sarjana S1 2. Memiliki ketertarikan dan passion terhadap investasi Info lengkap https://t.co/jxhL0mnPDR #zonauang #loker #lokercot #jobs #Hiring","1775339122435232055","","","in","Indonesia","2","0","0","https://x.com/lokerfresh/status/1775339122435232055","1280022630020444162","lokerfresh"
"1742927770165137808","Fri Jan 05 10:53:49 +0000 2024","0","@tigorsiagian Memang salah aja dari awal ikut2an tanpa mempertimbangkan emiten nya. Investasi di area bank lbh josss apalagi BCA ","1743224277305024994","","tigorsiagian","in","Jakarta Selatan, DKI Jakarta","0","0","0","https://x.com/justyenina/status/1743224277305024994","1105904724","justyenina"
"1800053232523481382","Mon Jun 10 06:31:48 +0000 2024","5","Info Lowongan Kerja Wealth Management Program (WMP) Bank BCA 1. Min. Sarjana S1 2. Memiliki ketertarikan dan passion terhadap investasi Info lengkap https://t.co/jxhL0mnPDR #zonauang #loker #lokercot #jobs #Hiring","1800053232523481382","","","in","Indonesia","1","0","0","https://x.com/lokerfresh/status/1800053232523481382","1280022630020444162","lokerfresh"
"1778469837129552325","Fri Apr 12 16:45:26 +0000 2024","0","@DeniIkhwan4 @Heraloebss Pendapatan tertinggi Djarum Group dari Bank BCA. Dan sektor investasi lain seperti media bisnis sapi susu ada ecomerce tapi belum profit (Blibli).","1778826772387434960","","DeniIkhwan4","in","","0","0","0","https://x.com/AndreasAbdianto/status/1778826772387434960","1449035035","AndreasAbdianto"
"1491679873882075137","Thu Feb 10 07:46:10 +0000 2022","245","Kemarin rame bank digital saham BABP digoreng lalu right issue cuan Rp4 trilyun dari publik. Sekarang giliran batubara lagi tinggi IATA right issue Rp2 trilyun buat 'akuisisi' PT Bhakti Coal Resources dari BHIT yg sebenarnya punya dia juga! Grup yg satu ini luar biasa memang","1491679873882075137","","","in","","5","12","63","https://x.com/investorgabut/status/1491679873882075137","185523454","investorgabut"
"1710087302293364774","Fri Oct 06 00:19:19 +0000 2023","1421","Net profit margin Bank BCA itu nyaris 50%. Super crazy. Net profit margin apple x google aja cuma 25%. Bca super efisien. Dana tabungan melimpah dg bunga nol. Lalu dipinjamkan dan dpt net intrest margin 5%. Tahun lalu salurkan Rp 700T. Money machine yg dahsyat. https://t.co/HJ0sCacb0B","1710087302293364774","https://pbs.twimg.com/media/F7tzVsNa0AAYV5s.jpg","","in","","74","77","398","https://x.com/Strategi_Bisnis/status/1710087302293364774","190535830","Strategi_Bisnis"
"1779727521468322133","Mon Apr 15 10:14:03 +0000 2024","0","@worksfess BNI : Payroll gaji BCA : Dana darurat Mandiri : investasi (konek ke mandiri sekuritas) Blu BCA Sea Bank Gopay Shopee pay Dana : berburu promo + belanja + bayar tagihan","1779815442527535533","","worksfess","in","","0","1","0","https://x.com/febryy_m/status/1779815442527535533","498803207","febryy_m"
"1638146761771614208","Tue Mar 21 12:59:45 +0000 2023","0","@Rudiyanto_zh Rasanya tdk ada bank yg bisa selamat pak kalau di rush bca himpun dana sktr 1000t (dari aset 1200an t) 700t disalurkan kredit + investasi dll kalau di rush juga klepek2; makanya US bagus cepat atasinya krn rumor sangat bahaya","1638163485728313344","","Rudiyanto_zh","in","Cengkareng","2","3","0","https://x.com/samsuhu/status/1638163485728313344","134638027","samsuhu"
"1726456323607495048","Mon Nov 20 04:29:17 +0000 2023","0","@Saham_fess pasti beda nder RDN sama Rek. Pencairan itu beda. kalo buat investasi pakenya RDN. kalo BCA 1 bank bisa maksimal 10 RDN kalo ngga salah. kalo lama pencairan sih tergantung bank ya gw BCA cepet kok lgsg masuk","1726457662559445281","","Saham_fess","in","West Java, Indonesia","0","0","0","https://x.com/telltheshit/status/1726457662559445281","1057279787964674049","telltheshit"
"1836016467965608174","Tue Sep 17 12:16:54 +0000 2024","528","World Bank lewat anak usahanya--International Finance Corporation (IFC) berinvestasi di Hana Bank melalui skema Pendekatan Ekuitas Hijau (Green Equity Approach). Dengan skema investasi ini Hana Bank dan klien IFC lainnya wajib meningkatkan pinjaman untuk proyek yang mengatasi","1836016479642489221","","TrendAsia_Org","in","Indonesia","29","7","107","https://x.com/TrendAsia_Org/status/1836016479642489221","935202295158939648","TrendAsia_Org"
"1638577893344174082","Wed Mar 22 16:26:27 +0000 2023","0","Crypto News - Institusi perbankan di Indonesia kedepannya bakal diperbolehkan memiliki aset kripto. Hal ini seiring dengan semakin banyaknya nasabah bank yang memiliki instrumen investasi digital tersebut. #BankBolehMilikiAsetKripto https://t.co/beQmJecKNI https://t.co/6bzjrgngYD","1638577893344174082","https://pbs.twimg.com/media/Fr1l6RFXoAo7Zsp.jpg","","in","Indonesia","0","0","0","https://x.com/TabloidCrypto/status/1638577893344174082","1378383362189000704","TabloidCrypto"
"1396387195133448199","Sun May 23 08:47:05 +0000 2021","34121","Inilah hebatnya BCA. Bank lain kena masalah pengaduan nasabah. BCA diem aja do their usual best orang2 kasih testimoni positif organik soal pengalaman mereka dgn BCA Brand apapun layak meniru komitmen BCA. They re NOT always perfect but they re clearly trying their best.","1396387195133448199","","","in","","2211","1124","7995","https://x.com/aliralira/status/1396387195133448199","252461798","aliralira"
"1785893361360257223","Thu May 02 08:04:12 +0000 2024","0","@ajaib_investasi Mau tanya dong cara merubah rdn permata supaya bisa dapat rdn BCA jika sudah mendaftar dengan rekening bank lain???","1785943356276957632","","ajaib_investasi","in","all payment, qris","0","0","0","https://x.com/ZytraStore/status/1785943356276957632","1703661937245270016","ZytraStore"
"1740343138257170683","Thu Dec 28 12:12:14 +0000 2023","13","@undipmenfess di rekening biasa aja nder yang ada bunganya kalau kamu nabung. misalnya blu by bca sea bank atau jenius. menurutku fundamentalnya itu nabung. kalau kamu udah konsisten nabung selama beberapa waktu dan punya uang dingin baru bisa ke step selanjutnya yaitu investasi","1740344905548124537","","undipmenfess","in","","0","3","0","https://x.com/earthsoymilk/status/1740344905548124537","1334355720179859456","earthsoymilk"
"1628161777111560193","Tue Feb 21 22:36:32 +0000 2023","2"," Informasi Loker Wealth Management Program (WMP) Bank BCA - 2023 1. IPK Min. 3 00 2. Usia maksimal 24 tahun (S1) dan 26 tahun (S2) 3. Memiliki ketertarikan dan passion terhadap investasi 4. Belum menikah https://t.co/5fLc1CX3XW #lokerupdate #loker #lokercot #jobs #Hiring","1628161777111560193","","","in","Indonesia","0","0","1","https://x.com/lokerfresh/status/1628161777111560193","1280022630020444162","lokerfresh"
"1669714254927400961","Fri Jun 16 14:35:03 +0000 2023","0","9 juta untuk nyicil 9 juta untuk gue taro di instrumen investasi yg low risk dan ngasih return gak banyak cuma 5% plus nyicilnya jangan pake kredivo atau dll pake cc bank BCA misal yang 0%. Jadi cicilan aman karena emang uangnya ada + cashflownya terjaga.","1669715212252090370","","adtyputrprat","in","Roma","0","1","0","https://x.com/adtyputrprat/status/1669715212252090370","1159703171029037056","adtyputrprat"
"1720371702834839587","Fri Nov 03 09:31:57 +0000 2023","0"," Bila rekening tabungan lain selain BCA maka RDN dari bank Permata Tutorial pembukaan akun secara online dapat dilihat pada link berikut : Tutorial bank BCA: https://t.co/SeOvAyUqU1 Tutorial Bank Lain: https://t.co/QPWbJqDB3B","1720373238285656405","","GaleriinvestUG","in","Kampus E Universitas Gunadarma","0","1","0","https://x.com/GaleriinvestUG/status/1720373238285656405","3269758676","GaleriinvestUG"
"1659953112063545346","Sat May 20 16:03:57 +0000 2023","0","Bad news fam per 1 Mei BCA Prioritas naik ketentuan saldo/investasi rata2 bulanan minimalnya jadi 1M. Jadi sama dengan beberapa bank BUMN yg udah 1M duluan","1659953112063545346","","","in","Amphibious Nomaden","0","2","1","https://x.com/pimamanggala/status/1659953112063545346","81816902","pimamanggala"
"1754299296470720711","Mon Feb 05 00:45:09 +0000 2024","1","@yonathandinata @Tokocrypto 1- klau bisa apa yg baru dilisting binance Tokocrypto juga listing diwaktu yg sama 2- tranfer pakai bca kenapa dibikin ribet pakai blue gak bisa langsung seperti bank lain 3- di tiap investasi coin kenapa gak ada posisi kita di average berapa dan minus/plus berpaa%","1754305125139828826","","yonathandinata","in","","0","0","0","https://x.com/katheri44939501/status/1754305125139828826","1742894598161326080","katheri44939501"
"1671053828584779776","Tue Jun 20 15:11:45 +0000 2023","0","@BankBCA terima kasih min sudah menjelaskan... selebihnya sy akan ke kantor Bank BCA untuk membuka rekening investasi","1671174002302402560","","BankBCA","in","Manado","0","1","0","https://x.com/CalvinFGP_177/status/1671174002302402560","1547142454687956993","CalvinFGP_177"
"1777237383907291504","Mon Apr 08 07:29:46 +0000 2024","4850","Ibu Norisa. Alumnus Komunikasi UI. Senior Vice President Marketing Comm Bank BCA. Ibu Norisa inilah figur sentral dibalik iklan2 digital yg brilian dari Bank BCA termasuk seri iklan Dono Kasih No yg viral itu. Karirnya dimulai dari Account Executive sblm jadi SVP andalan. https://t.co/EfWN0LSiuJ","1777237383907291504","https://pbs.twimg.com/media/GKoD-p5aoAAtb0U.jpg","","in","","157","68","748","https://x.com/Strategi_Bisnis/status/1777237383907291504","190535830","Strategi_Bisnis"
"1685180862651039744","Sat Jul 29 11:00:37 +0000 2023","3","@worksfess Jago sih mayan bunganya hahahaha. Untuk daily life ak pake bca untuk investasi jangka panjang ak nabung emas dipegadaian trs untuk nabung kebutuhan tersier ak di bank mega ","1685243927727927296","","worksfess","in","","0","1","1","https://x.com/kupu_kupu0211/status/1685243927727927296","1112319986754703361","kupu_kupu0211"
"1795666137818202596","Wed May 29 03:59:03 +0000 2024","3","Info Lowongan Kerja Wealth Management Program (WMP) Bank BCA 1. Min. Sarjana S1 2. Memiliki ketertarikan dan passion terhadap investasi Info lengkap https://t.co/jxhL0mnPDR #zonauang #loker #lokercot #jobs #Hiring","1795666137818202596","","","in","Indonesia","1","0","0","https://x.com/lokerfresh/status/1795666137818202596","1280022630020444162","lokerfresh"
"1668514916058435584","Tue Jun 13 07:05:30 +0000 2023","5"," Informasi Loker Wealth Management Program (WMP) Bank BCA - 2023 1. IPK Min. 3 00 2. Usia max 24 tahun (S1) / 26 tahun (S2) 3. Memiliki ketertarikan terhadap investasi 4. Belum menikah 𝗕𝗮𝗰𝗮 𝗱𝗶 : https://t.co/5fLc1CX3XW #lokerupdate #loker #lokercot #jobs #Hiring","1668514916058435584","","","in","Indonesia","0","0","0","https://x.com/lokerfresh/status/1668514916058435584","1280022630020444162","lokerfresh"
"1615238742952022018","Tue Jan 17 07:04:16 +0000 2023","2","@tanyarlfes so far aku pake bagus sih nder jarang gangguan. ui juga simple dan kalo kamu suka investasi reksadana di bibit malah lebih oke soalnya bank penampung MI nya banyak yang bca wkwk","1615243590221049856","","tanyarlfes","in","personal and ba acc","0","1","0","https://x.com/hirahoon/status/1615243590221049856","1247776164371824640","hirahoon"
"1825148508296683979","Mon Aug 19 05:09:02 +0000 2024","0","@tbputera cuma ga antri sih.. semua sat set ga abis waktu. Saran sih cari bank buku 4 non bca mandiri prioritasnya lebih nyaman gak perlu ke bank mereka yg samperin kita dimana pun diberesin urusan2. saran2 investasi dan produk2 unggulan dapat duluan","1825399553950151021","","tbputera","in","ÜT: -6.193356,106.824469","0","0","0","https://x.com/music_healing/status/1825399553950151021","165403317","music_healing"
"1462574104641376260","Mon Nov 22 00:10:14 +0000 2021","206","Pelajaran ttg Branding. Tempo hari BCA akuisisi Bank Royal dan ubah nama jd Bank BCA Digital (100% full digital). Namanya ada BCA. Bank BRI ubah BRI Agro jd bank digital dan ganti nama jd Bank Raya. Nama gak bawa brand BRI. Strategi penamaan bca mungkin lbh efektif. https://t.co/GphJVc3OXH","1462574104641376260","https://pbs.twimg.com/media/FEwbZYbUcAMeYCH.jpg","","in","","5","10","69","https://x.com/Strategi_Bisnis/status/1462574104641376260","190535830","Strategi_Bisnis"
"1285159993981849603","Mon Jul 20 10:29:54 +0000 2020","890","Pastikan Anda hanya mengikuti akun resmi Bank BCA di media sosial yang sudah terverifikasi atau memiliki centang biru. #AwasModus jangan pernah memberikan data pribadi seperti nomor kartu ATM dan kode OTP kepada siapapun! Info: https://t.co/AIJP7eNBt4 https://t.co/1G39IMiZ4L","1285159993981849603","https://pbs.twimg.com/ext_tw_video_thumb/1285159760476561408/pu/img/jZn7N9LX38sEo6tR.jpg","","in","","10","20","164","https://x.com/BankBCA/status/1285159993981849603","567255514","BankBCA"
"1678948055515795457","Wed Jul 12 02:46:31 +0000 2023","1","@2023jadianime sorry mau menambahkan dari ketiga itu yg bener bank digital cuma seabank (punya sea group) sedangkan bibit itu aperd simple platform buat investasi reksadana sedangkan bca mobile itu mobile banking bank bca (konvensional) bca punya kok bank digitalnya sendiri yaitu blu","1678958989328125955","","wnisekai","in","Indonesia","0","1","0","https://x.com/frrlck/status/1678958989328125955","330234622","frrlck"
"1685544742652923904","Sun Jul 30 06:55:57 +0000 2023","1","@ajaib_investasi min cara ganti rekening bca ke bank lain di ajaib gimana ya? Kok punyaku ga bisa diubah","1685544742652923904","","ajaib_investasi","in","Blora, Indonesia","0","0","0","https://x.com/suyeon_vvup/status/1685544742652923904","732492113720418304","suyeon_vvup"
"1281738188239720448","Fri Jul 10 23:52:52 +0000 2020","2710","Gercep jg BCA. Tempo hari akuisisi Bank Royal. Ternyata Royal Bank akan diubah total menjadi Digital Banking by BCA. Fitur2 digital banking akan jauh lebih lengkap dibanding mobile banking. BCA ini raksasa. Tapi tetap lincah kayak start up kalo inovasi. Innovate or die. https://t.co/g6z6kt8NfO","1281738188239720448","https://pbs.twimg.com/media/EcmmFe_U8AE64Ft.jpg","","in","","223","123","1647","https://x.com/Strategi_Bisnis/status/1281738188239720448","190535830","Strategi_Bisnis"
"1763908753039224841","Sat Mar 02 12:46:33 +0000 2024","0","Bahlil Ajak Bank Investasi di Smelter Nikel Ekonom BCA Ungkap Sejumlah Tantangan https://t.co/HoMnlMJy5y","1763908753039224841","","","in","Indonesia","0","0","0","https://x.com/merdekadotcom/status/1763908753039224841","456426648","merdekadotcom"
"1590761715356307457","Thu Nov 10 17:42:02 +0000 2022","305","BEASISWA PPBP / PPTI BCA - Terdapat dua jurusan yang tersedia yaitu perbankan dan TI - beasiswa dgn uang saku jaminan kerja di BCA info terbaru ada asrama ekslusif dapat laptop ( PPTI ) - Durasi kuliah 2 5 Tahun di BCA Learning Center dan Binus","1590761715356307457","","","in","","1","5","57","https://x.com/urefavhome/status/1590761715356307457","1310249581033054209","urefavhome"
"1753682194588152225","Sat Feb 03 07:36:28 +0000 2024","0","@WanIqbal Saran 1- klau bisa apa yg baru dilisting binance Tokocrypto juga listing diwaktu yg sama 2- tranfer pakai bca kenapa dibikin ribet pakai blue gak bisa langsung seperti bank lain 3- di tiap investasi coin kenapa gak ada posisi kita di average berapa dan minus/plus berpaa%","1753683857990459519","","WanIqbal","in","","0","0","0","https://x.com/katheri44939501/status/1753683857990459519","1742894598161326080","katheri44939501"
"1784073470516908375","Sat Apr 27 07:41:20 +0000 2024","0","@convomf Bank 1 investasi deposito (bpr) Bank 2 penampung gaji bulanan sblm di depositokan ke bpr (tmrw/seabank bunganya tinggi) Bank 3 transaksi sehari2 (bca)","1784125664452649408","","convomf","in","","0","0","0","https://x.com/lemonpeachyyy/status/1784125664452649408","238691426","lemonpeachyyy"
"1605940330175631365","Thu Dec 22 14:56:26 +0000 2022","218","Fitur Lifestyle BCA Mobile | Diskon tiket nonton film Cek Toko Sebelah 2 di CGV ️ Hingga 4 Januari 2023 Maksimal diskon Rp30.000 Minimum transaksi Rp60.000 Berlaku 2.000 transaksi/hari https://t.co/mM2IdTNSWT","1605940330175631365","https://pbs.twimg.com/media/FklyOAxaMAAs3Mz.jpg","","in","racunbelanja@gmail.com","5","13","25","https://x.com/RacunBelanja/status/1605940330175631365","1168336921237409792","RacunBelanja"
"1610500660491071489","Wed Jan 04 05:47:07 +0000 2023","0","@iboenyaRF @worksfess Lebih kecil resiko tak terduga nya kah kalo datang langsung ke bank (BCA BNI MANDIRI) vs investasi online (Bibit ajaib bank jago seabank)?","1610513133273255942","","mimibayi","in","Karawang, Jawa Barat","0","1","1","https://x.com/sipaulia/status/1610513133273255942","772299367420014592","sipaulia"
"1801636216947020036","Sat Jun 15 16:07:12 +0000 2024","2","@delionbonaparte @pamungkas_ari @MurtadhaOne1 Buat pemula saran saya pake aplikasi stockbit nanti dipandu untuk pembuatan RDN (wajib) yang dipake buat transaksi saham bisa pakai bank BCA juga. Kalo ga mau repot bisa pake bibit aja buat pilih manajer investasi minusnya ga bisa pilih saham apa yang mau dibeli","1802009976778744009","","delionbonaparte","in","Dramaga, Indonesia","0","1","0","https://x.com/Tank_tob/status/1802009976778744009","1257298297284202496","Tank_tob"
"1758775432143581531","Sun Feb 18 03:14:37 +0000 2024","0","@fiitssa @ckpawll @juliantijaya_ Emang bener klo uang besar jangan taruh di Dana soalnya kurang aman mending simpen di bank aja kan sekarang juga bisa jadi e-wallet. BRI BCA dkk yang investasi IT nya triliunan ya pasti lebih aman lah dibanding aplikasi kayak Dana","1759053781265006961","","pwuffo","in","IPB","1","2","0","https://x.com/ZZZero0O0/status/1759053781265006961","1290905972794208259","ZZZero0O0"
"1699353088606498827","Thu Sep 07 04:46:55 +0000 2023","514","@betchuuu Sorry That's actually a good deal. Bukopin ini kan bank resmi yang berizin dan diawasi OJK. Jadi setor data ya untuk pembukaan rekening aja kayak bank biasa. Kalo ngomongin return setor 3 jt kemudian dihold selama 3 bulan bisa langsung dapet tiket seharga 1 juta. Artinya","1699645399701799326","","betchuuuw","in","Bandung - Jakarta, Indonesia","11","9","80","https://x.com/odsandy/status/1699645399701799326","250769683","odsandy"
"1693897137518485698","Wed Aug 23 00:40:53 +0000 2023","4","@badbatch666 @AgungRa42649673 pelajarin perusahaan nya itu ngapain bibit itu APERD (agen penjual reksadana) middle man antara investor individual &amp; manajer investasi bibit ga pegang dana customer yg pegang bank kustodian biasanya bank umum misal BCA Manajer investasi juga ga pegang dana customer krn","1694147662755537005","","guesswho1333","in","Indonesia","0","2","0","https://x.com/txtdrkapitalis/status/1694147662755537005","1450404869261590532","txtdrkapitalis"
"1568150486238523392","Fri Sep 09 08:13:05 +0000 2022","224","Transfer antar bank dengan Layanan Transfer BI FAST sudah bisa Anda lakukan di BCA mobile. Transaksinya realtime 24/7 dengan biaya admin hanya Rp2.500 jangan lupa untuk meng-update aplikasi BCA mobile Anda ya! Info: https://t.co/FQWzuubvf0 https://t.co/r4c96iZdVl","1568150486238523392","https://pbs.twimg.com/ext_tw_video_thumb/1568150296102313985/pu/img/lemigam9VFn-4Bq9.jpg","","in","","4","36","38","https://x.com/BankBCA/status/1568150486238523392","567255514","BankBCA"
"1820690041984745798","Tue Aug 06 05:23:10 +0000 2024","0","@tanyakanrl pke bank online aja nder atu investasi di bibit gtu biar ga mudah buat ditariknya klo niatnya nabung kek blue by bca gtu klo bank onlen","1820692066306809926","","tanyakanrl","in","Indonesia","0","0","0","https://x.com/Nasharche/status/1820692066306809926","1295746737290612737","Nasharche"
"1282581525729435649","Mon Jul 13 07:43:59 +0000 2020","1569","Wajar2 saja. Gaji direksi BCA sebenarnya gak tinggi2 amat hanya Rp 200an juta/bulan. Yg gila adalah bonus + opsi saham. Per direktur bs dpt sekitar Rp 15M/thn. Jd wajar kalau sesekali dijual. Kan mrka butuh cash buat beli rumah ke 5 atau ke 7. https://t.co/CFNHJDm7xb","1282581525729435649","https://pbs.twimg.com/media/EcylGGXVcAAsMSQ.jpg","","in","","171","148","908","https://x.com/Strategi_Bisnis/status/1282581525729435649","190535830","Strategi_Bisnis"
"1790002273537433863","Mon May 13 12:59:26 +0000 2024","0","@convomf kalo dri kamu yg milih BCA karena mostly orang2 pake itu jadi lebih gampang transaksinya tpi aku bakal rekomendasiin kamu ke bank jago well bank jago super helpful banget untuk transaksi dan investasi atau ya bca digital dapet kartu juga no admin","1790003922347663604","","convomf","in","","0","0","0","https://x.com/ewconomics/status/1790003922347663604","2351292385","ewconomics"
"1716573242083647621","Tue Oct 24 09:29:52 +0000 2023","0","@kevhunt_13 @ilhampurnama887 ACEH HANYA SEBAGIAN KECIL INDOMESIA BUKAN HANYA ACEH LAGIAN GAK SEMUA ADA SYARIAH LAH BANK MUAMALAT SISTWM SYARIAH SAMPAI SEKRG EKSIS ADA MANDIRI SYARIAJ ADA BCA SYARIAH SAYA PUNYA INVESTASI AIA SYARIAN WOLES SAJA EMANG ACEH DARI DULU SDH ADA SYARIAH ","1716748835119317163","","kevhunt_13","in","","0","1","0","https://x.com/hennydya_l/status/1716748835119317163","1603561362977742851","hennydya_l"
"1822977495794344044","Mon Aug 12 12:44:38 +0000 2024","0","Presiden Joko Widodo (Jokowi) melakukan peletakan batu pertama alias groundbreaking gedung PT Bank Central Asia Tbk (BCA) di Nusantara. Nilai investasi BCA di IKN untuk pembangunan gedung baru ini mencapai Rp 75 miliar. https://t.co/AQLDnnjTzw @AidilAKBAR","1822977495794344044","","","in","Jakarta Capital Region","0","0","0","https://x.com/keuangan_/status/1822977495794344044","1731964323566845952","keuangan_"
"1784073470516908375","Sat Apr 27 04:41:55 +0000 2024","0","@convomf Bca buat transaksi sehari hari Allo bank buat dana darurat Bibit buat investasi","1784080511587266644","","convomf","in","knj 🐨","0","0","0","https://x.com/strawbeina/status/1784080511587266644","1360137114910740480","strawbeina"
"1426074062233563140","Fri Aug 13 08:57:59 +0000 2021","512","@beeeemooooo Betul bgt bank yang lain cukup buat nabung aja kalo buat transaksi sehari-hari belum ada yg bisa ngalahin BCA. Lagi depan kasir dadakan isi shopeepay/gopay/ovo cuma itungan detik. Klo dari bank lain keburu ditempeleng customer yg antri dibelakang. https://t.co/1oGLlrlHRU","1426105740935139328","https://pbs.twimg.com/media/E8qLmMBVgAcAse4.jpg","beeeemooooo","in","Jakarta","49","52","102","https://x.com/Widino/status/1426105740935139328","105714755","Widino"
"1421031868233773061","Fri Jul 30 08:56:13 +0000 2021","234","[BREAKING] Bank BCA $BBCA memutuskan untuk melakukan stock split dengan rasio 1:5","1421031868233773061","","","in","Jakarta Capital Region","127","39","161","https://x.com/BigAlphaID/status/1421031868233773061","958566590768926721","BigAlphaID"
"1785172225890591017","Tue Apr 30 06:41:20 +0000 2024","0","@ajaib_investasi Selamat siang Ajaib Saya ada kendala dan ingin bertanya soal perubahan rekening bank saya ingin merubah rekening bank dari BCA ke Bank Mandiri namun di opsi Nama Bank tidak bisa di pilih / di tekan. Hanya Nomor Rekening saja yg bisa di ubah. Mohon bantuan arahannya. Terimakasih","1785197729553211482","","ajaib_investasi","in","Indonesia","0","0","0","https://x.com/vaiyy_/status/1785197729553211482","1106139580091125760","vaiyy_"
"1396448014328221701","Sun May 23 12:48:46 +0000 2021","231","Fun fact ttg BCA. Mobile appsnya masih model jadul tulisan gede2 gak ada fitur2 canggih. Kenawhy? Krn mereka nyadar sebagian besar nasabah mereka itu orang2 lama yang kalau dikasih yang ribet2 pasti puyeng makenya. Itulah perwujudan dari customer comes first.","1396448014328221701","","","in","Indonesiaku tercinta","13","10","96","https://x.com/kozirama/status/1396448014328221701","53360203","kozirama"
"1730175421776527706","Thu Nov 30 10:45:40 +0000 2023","1","Jadi saran dari aku sih update ke Bibit Plus sudah otomatis punya RDN juga pilihan RDNnya ada dua : - Bank Jago - Bank BCA Sebelumnya yang belum mengerti soal RDN jadi RDN itu Rekening Dana Nasabah rekening khusus untuk investasi seperti di Saham Obligasi FR dll","1730176263011360961","","frrlck","in","Indonesia","0","2","0","https://x.com/frrlck/status/1730176263011360961","330234622","frrlck"
"1817897642841768217","Mon Jul 29 12:19:07 +0000 2024","1068","[AD.] Buat kamu lulusan SMA/K D3/S1 freshgraduate hingga berpengalaman kerja Magang Bakti BCA menunggu kamu loh! Kamu akan ditempatkan sebagai Frontliner di kantor cabang BCA. Kamu akan mendapatkan pengalaman seputar perbankan. Yuk daftar program Magang Bakti https://t.co/Ebb47Nd9Ai","1817897642841768217","https://pbs.twimg.com/media/GTp4Q-XbMAAbTHl.jpg","","in","","28","82","77","https://x.com/worksfess/status/1817897642841768217","1244597361826885636","worksfess"
"1567220082144837633","Tue Sep 06 18:35:59 +0000 2022","300","Promo buka rekening baru di BCA mobile ️ Hingga 31 Desember 2022 Dapatkan voucher Rp100.000 TIX ID | Shopee | Traveloka | Grabfood | Tokopedia Cek selengkapnya disini https://t.co/FqkHwBUI6n https://t.co/3O2LVXTKMI","1567220082144837633","https://pbs.twimg.com/media/Fb_iW6paMAA7ONp.jpg","","in","racunbelanja@gmail.com","9","40","61","https://x.com/RacunBelanja/status/1567220082144837633","1168336921237409792","RacunBelanja"
"1762841474839048451","Wed Feb 28 14:05:34 +0000 2024","3","komposisi investasi saya: - big 3 kripto (btc eth sol) - tech giant - saham as (aapl msft intc nvda adbe - saham bluechip bank indo (bca bri bni mand) - obligasi (buat support negara/nasionalisme)","1762841474839048451","","","in","","1","1","1","https://x.com/paipiapaipia/status/1762841474839048451","345252211","paipiapaipia"
"1304016069959409664","Thu Sep 10 11:17:13 +0000 2020","520"," Tahukah anda logo pertama dari BCA? Termuat di Majalah Sin Tjun 1958. Central masih ditulis Centraal. Insyaflah akan faedahnya menabung Sehari segumpal tanah Lambat laun menjadi bukit Logo saat ini baru digunakan sejak tahun 1977 Koleksi Museum Pustaka Peranakan Tionghoa https://t.co/kz0p0yvnCe","1304016069959409664","https://pbs.twimg.com/media/EhjLtEBVgAE1Ce9.jpg","","in","Serpong, Indonesia","13","14","215","https://x.com/Azmiabubakar12/status/1304016069959409664","1160503399550373889","Azmiabubakar12"
"1396387195133448199","Sun May 23 11:59:45 +0000 2021","216","@udisyh @aliralira Pasca kejadian begitu sadar bhw itu bkn temanku aku telp ke call center BCA. Lalu mrk minta beberapa dokumen yg disebut di atas. Aku kirim esok harinya via email yg mereka berikan. Semuanya online. Aku gak dtg ke kantor BCA sama sekali.","1396435681702858758","","","in","Jakarta, Indonesia","0","3","1","https://x.com/erliyani/status/1396435681702858758","66589577","erliyani"
"1426426962512252931","Sat Aug 14 08:31:16 +0000 2021","362","@mere_twat Jujur ane peke beberapa mbanking. Dan yg paling user friendly cuman BCA..ga ruwet anti ribet~ Ga di dunia nyata ga di dunia maya BCA adalah bank terkece asololey indehoy tukturutuktuktuk sejauh ini.. Best pokoknya ","1426461408267423749","","regenerade","in","Kota Malang, Jawa Timur","6","8","41","https://x.com/aariieefiiaanii/status/1426461408267423749","59037341","aariieefiiaanii"
"1648154381681065991","Thu Apr 20 12:13:24 +0000 2023","0","@steffygurls @hazelnutjung @worksfess sejauh aku pakai seabank aman kak menurutku justru skrng banyak bank yg beralih ke digital kayak bca skrng ada blu bca semua instrument investasi pasti ada resikonya entah high risk atau low risk","1649023457307533313","","steffygurls","in","feb.ui.ac","0","1","0","https://x.com/dOonatmadu/status/1649023457307533313","1398062187944439808","dOonatmadu"
"1809513430103257194","Sat Jul 06 09:27:43 +0000 2024","674","@tanyakanrl 700 jt kalau dibagi 250 jt beli emas. 100 jt beli saham BCA 300 jt untuk deposito 50 jt beli sukuk negara. KOS2 NOT RELATE KARENA BELUM TERMASUK BIAYA PERAWATAN BAYAR BANGUNAN DLL.","1809519588117475829","","tanyakanrl","in","","3","9","16","https://x.com/airoooo634/status/1809519588117475829","1637806514735042560","airoooo634"
"1326391161334992898","Wed Nov 11 12:59:35 +0000 2020","590","Selamat @CiaClarissa2 mendapatkan saham dari Bank dengan satpam paling ramah sedunia $BBCA #IPOTGiveawaySaham (34/45)","1326509881214423040","","indopremier","in","Pacific Century Place 16/F","12","140","30","https://x.com/indopremier/status/1326509881214423040","2803334178","indopremier"
"1186479322921492480","Tue Oct 22 03:08:08 +0000 2019","208","Jika kita berniat untuk investasi di dunia tidakkah terlintas untuk investasi di akhirat? Yuk investasikan harta kita untuk tabungan akhirat Bisa menyalurkannya melalui : Bank Syariah Mandiri 777 444 1179 Kode bank 451 A.n Wakaf Tanah Al-Bahjah https://t.co/mt7aGHlHzB","1186479322921492480","https://pbs.twimg.com/ext_tw_video_thumb/1186479101286088705/pu/img/G6QZ6WVWHLwAeNMX.jpg","","in","LPD Al-Bahjah Cirebon","0","4","53","https://x.com/Buya_Albahjah/status/1186479322921492480","1705801356","Buya_Albahjah"
"1764398366786810249","Sun Mar 03 21:12:06 +0000 2024","2","Bank Central Asia (BBCA) mencatatkan selama beberapa tahun terakhir jumlah nasabah investasi di BCA konsisten tumbuh 20% pertahun https://t.co/Li4uSlrA78 #InvestorDaily #investasi #Saham","1764398366786810249","","","in","Jakarta, Indonesia","0","0","0","https://x.com/InvestorID/status/1764398366786810249","238091066","InvestorID"
"1618990099462758401","Fri Jan 27 15:11:33 +0000 2023","0","Halo min minta bantu proses saya top up saldo rdn via bank bca kenapa belum masuk ya saldonya. Sudah lewat 30 menit soalnya. Sebelumnya belum pernah kaya gini. Mohon bantuannya @ajaib_investasi @BankBCA","1618990099462758401","","","in","","2","4","0","https://x.com/micistudio/status/1618990099462758401","1951287469","micistudio"
"1722402880257409225","Wed Nov 08 23:57:02 +0000 2023","347","Bg yg sdh pakai BCA Mobile Banking ada baiknya migrasi ke MyBCA (sama2 mobile banking dari bca tapi jauh lbh bagus x modern). Tampaknya BCA sengaja gak promo myBCA besar2an demi jaga loyalitas pemakai app lama (yg sebenarnya sdh terasa agak jadul). https://t.co/IAk0NZC4bK . https://t.co/NtiC7fo2Tx","1722402880257409225","https://pbs.twimg.com/media/F-c0SpyakAAwAus.jpg","","in","","19","65","87","https://x.com/Strategi_Bisnis/status/1722402880257409225","190535830","Strategi_Bisnis"
"1651886987438325760","Sat Apr 29 09:25:16 +0000 2023","0","@frans_wiguna Soalnya BCA itu kan bank kustodi. Aku aja investasi pakai Ajaib harus punya akun BCA","1652242637313937408","","frans_wiguna","in","","0","0","0","https://x.com/zenia2020/status/1652242637313937408","2777510826","zenia2020"
"1285159171654991872","Mon Jul 20 10:26:38 +0000 2020","1490"," Dear para admin akun palsu yang ngaku Bank BCA.... Video ini dibuat untuk kalian. Ingat ya akun resmi BCA sudah verified dan ada centang birunya . Share ke teman-teman yang lain supaya mereka terhindar dari modus akun palsu ini. #AwasModus Info https://t.co/6eUtnpXlt5 https://t.co/FE9WqsLP4q","1285159171654991872","https://pbs.twimg.com/ext_tw_video_thumb/1285158901462097920/pu/img/lEJz0Q_p70RG5JIn.jpg","","in","","26","56","491","https://x.com/GoodLifeBCA/status/1285159171654991872","17824435","GoodLifeBCA"
"1815423343853744210","Mon Jul 22 16:27:08 +0000 2024","0","KSEI Kembali Tunjuk BCA Syariah Sebagai Bank RDN dan Bank Pembayaran https://t.co/yx72Dsf88L #InvestorDaily #investasi #Saham","1815423343853744210","","","in","Jakarta, Indonesia","0","0","0","https://x.com/InvestorID/status/1815423343853744210","238091066","InvestorID"
"1661499271735300096","Wed May 24 22:27:50 +0000 2023","0","@HaloBCA maaf saya mau tanya. Saya telah mengikuti investasi SBN Sukuk pemerintah RI per tanggal 20 Mei 2023 melalui Welma - BCA kenapa saldo investasi saya tidak tertera di aplikasi Welma ?. Dan maaf klu saya ikut investasi sebelumnya seperti di bank BSI dan Bibit lebih cepat","1661499271735300096","","HaloBCA","in","","2","6","0","https://x.com/PasarTonny/status/1661499271735300096","1556172606071484416","PasarTonny"
"1744707477122453677","Tue Jan 09 13:35:24 +0000 2024","2","@clonazepump Ilustrasi sederhana Investasi Risiko Rendah: Rp. 50.000.000 all in - Deposito (BCA) 1 tahun = Rp. 800.000 - RDPU (Bank BUMN asumsi bunga-pajak 2.4 %) 1 tahun = Rp. 1.200.000 - ORI (ORI024-T3) 3 tahun = Rp. 3.050.000","1744714492699939143","","clonazepump","in","Nowhere, Jakarta Capital","0","2","0","https://x.com/m6epan/status/1744714492699939143","64521148","m6epan"
"1815558052390793234","Tue Jul 23 01:22:47 +0000 2024","1","Perusahaan yang bakal merealisasikan investasi berasal dari berbagai sektor salah satunya Bank Central Asia (BCA).","1815558141721145353","","zy_zy_lestary","in","DKI Jakarta, Indonesia","0","1","0","https://x.com/zy_zy_lestary/status/1815558141721145353","1530146266822258688","zy_zy_lestary"
"1761630319265099945","Sun Feb 25 05:52:52 +0000 2024","0","@ajaib_investasi saya mau pindah rekening bank dari BCA ke Mandiri. Bagaimana caranya? Soalnya saya udah ga aktif di BCA.","1761630319265099945","","ajaib_investasi","in","","0","0","0","https://x.com/chachacillas/status/1761630319265099945","74323054","chachacillas"
"1630754075066400768","Wed Mar 01 06:25:03 +0000 2023","1","@mrsseokjin98 @Askrlfess Hhmm beda si kak. Brimo/ bca mobile kan bank ya. Kalau bibit itu sejenis tabungan online. Jdi kita investasi di produk investasi. Pling ringan reksadana","1630816398791573504","","mrsseokjin98","in","Semarang Tengah, Indonesia","0","0","0","https://x.com/sunshineurii/status/1630816398791573504","1131100815421104128","sunshineurii"
"1438850882230095873","Sat Sep 18 05:13:11 +0000 2021","193","@ko2w Bulan kemarin ke BCA ngantrinya sampe luar tapi kepala cabangnya ngider nanyain satu2 ke nasabah mau urus apaan yg bisa diurus lewat halo BCA dia bantu call pake telp kantor yg mau setor tunai dia bantu setor lewat ATM.. Kereen emang BCA nih","1439095134235201539","","ko2w","in","Jagakarsa ","3","3","18","https://x.com/wibawantietika/status/1439095134235201539","293527656","wibawantietika"
"1784434084250636376","Sun Apr 28 04:06:53 +0000 2024","202","Buat saya BBRI Selain Asset Quality kena NPL + CKPN worsening ada satu hal yang sederhana lain. Yang jarang orang bahas Funding. Structure Funding : CASA (Dana Murah: Giro + Tabungan) + Time Deposit (Dana Mahal). CASA Ratio BBRI","1784434084250636376","","","in","Adelaide, South Australia","6","4","43","https://x.com/SocialiteGhibah/status/1784434084250636376","1379401879076020228","SocialiteGhibah"
"1637025401037008896","Sat Mar 18 09:37:24 +0000 2023","0","Mengenal Saham BBCA: Sejarah Perkembangan Bank BCA dan Peluang Investasi Saham https://t.co/wkXDdqbNjT #saham #stock #BBCA","1637025401037008896","","","in","","0","0","0","https://x.com/aptoodetcom/status/1637025401037008896","1560213232790700033","aptoodetcom"
"1752842809735045426","Wed Jan 31 23:54:26 +0000 2024","954","Thn 2030an laba 3 RAKSASA bank BCA Mandiri x BRi masing2 akan tembus Rp 200 TRILIUN. Jauhhhhhh tinggalkan sektor lainnya. Knp? Bank = ekonomi RI. Selama gdp naik bank pasti akan jaya. Pelumas mesin ekonomi namanya kredit. Tanpa kredit mesin ekonomi mogok total.","1752842809735045426","","","in","","21","36","225","https://x.com/Strategi_Bisnis/status/1752842809735045426","190535830","Strategi_Bisnis"
"1823280238778061301","Tue Aug 13 08:47:38 +0000 2024","1","Bank Central Asia Tbk (BCA) investasi 75 miliar dan menandatangani Perjanjian Kerja Sama (PKS) saat groundbreaking di IKN pada Senin (12/8/2024). https://t.co/wTIbfQeujl","1823280238778061301","","","in","Pontianak, Kalimantan Barat","0","0","0","https://x.com/BorneoStreet/status/1823280238778061301","1305152759625166848","BorneoStreet"
"1770785088529203364","Thu Mar 21 12:10:39 +0000 2024","1","PT ABM Investama Tbk (ABMM) beserta anak usahanya PT Cipta Kridatama (CK) untuk pertama kalinya menandatangani Perjanjian Kredit (PK) Fasilitas bersama PT Bank Central Asia Tbk (BCA) senilai Rp1 Triliun. https://t.co/LuLH8aEipz #InvestorDaily #investasi #Saham","1770785088529203364","","","in","Jakarta, Indonesia","0","0","0","https://x.com/InvestorID/status/1770785088529203364","238091066","InvestorID"
"1763045074458603788","Thu Feb 29 03:34:36 +0000 2024","1","Menggelar pameran masih menjadi salah satu strategi andalan perbankan untuk mendorong penyaluran kredit konsumer. Seperti yang dilakukan PT Bank Central Asia Tbk (BCA) dan PT Bank Mega Tbk yang awal tahun ini sudah https://t.co/4r7DqLdpO4 #InvestorDaily #investasi #Saham","1763045074458603788","","","in","Jakarta, Indonesia","0","1","0","https://x.com/InvestorID/status/1763045074458603788","238091066","InvestorID"
"1705532471184699811","Sat Sep 23 14:33:15 +0000 2023","0","@tanyakanrl Buka rekening investasi di BCA Sekuritas atau sekuritas lain Transfer dana minimal Rp 2 juta kalau memungkinkan Beli 1 lot BBCA Tunggu kiriman dividen dari bank BCA","1705591157928149160","","tanyakanrl","in","Raftel, Laugh Tale","0","0","0","https://x.com/60far60pay/status/1705591157928149160","108931980","60far60pay"
"1229751972904890368","Tue Feb 18 12:58:12 +0000 2020","3647","Selalu ada yang pertama untuk segala sesuatu. Sebagaimana Gunung Semeru adalah pendakian pertama saya BCA adalah rekening pertama saya. Dulu sepulang dari Semeru saya kehabisan ongkos. Saldo di rekening BCA tinggal 58.000 tapi beruntung masih bisa diambil. #CeritaBarengBCA","1229751972904890368","","","in","Indonesia","8","66","96","https://x.com/FiersaBesari/status/1229751972904890368","1422951168","FiersaBesari"
"1575054889859751936","Wed Sep 28 09:28:43 +0000 2022","365","Dalam rangka mendukung UMKM dalam negeri BCA mengadakan KUR (Kredit Usaha Rakyat) Festival dengan tema 'Maju Berkembang Bersama KUR Mendukung UMKM Go Digital'. Bertempat di Manado Town Square 2 dari tanggal 28-29 September 2022. Ayo dapatkan penawaran spesialnya! https://t.co/9EZnur6quT","1575054889859751936","https://pbs.twimg.com/media/Fdu2HeZVsAEIpvU.jpg","","in","","3","111","204","https://x.com/BankBCA/status/1575054889859751936","567255514","BankBCA"
"1768465537062052008","Fri Mar 15 02:33:35 +0000 2024","1","Rapat Umum Pemegang Saham Tahunan (RUPST) PT Bank Central Asia Tbk (BCA) menyetujui untuk membagikan dividen tunai sebesar Rp 33 28 triliun. Nilai tersebut setara 68 4% dari laba bersih konsolidasi BCA yang senilai Rp https://t.co/iMOiMsAxTg #InvestorDaily #investasi #Saham","1768465537062052008","","","in","Jakarta, Indonesia","0","0","0","https://x.com/InvestorID/status/1768465537062052008","238091066","InvestorID"
"1725487646280204569","Fri Nov 17 12:14:47 +0000 2023","1724","Bank papan tengah di tanah air sdh milik investor asing semua. CIMB Niaga (milik CIMB Malaysia) Danamon (milik MUFG Japan) PermataBank (milik Bangkok Bank) OCBC NISP (punya OCBC Spore) BTPN (punya Mitsui Japan) Bukopin (punya Kookmin Korea) Bisnis bank di RI emang legit.","1725487646280204569","","","in","","49","56","584","https://x.com/Strategi_Bisnis/status/1725487646280204569","190535830","Strategi_Bisnis"
"1223552087184658432","Sat Feb 01 10:22:04 +0000 2020","326","Investor Asing Tarik Dana Triliunan di Saham BCA Pasar Modal Goyang Investor asing jual saham BCA hingga setengah triliun lebih atau senilai Rp550 27 miliar. Alhasil saham BCA pun tersungkur ke posisi Rp32 400 per saham anjlok 1 300 poin atau 3 86% https://t.co/OI80rbgShG","1223552087184658432","","","in","DKI Jakarta","15","38","206","https://x.com/erna_st/status/1223552087184658432","181509540","erna_st"
"1753345166688354540","Fri Feb 02 09:10:37 +0000 2024","1304","Laba 2023 : BRI = Rp 60 triliun BMRI = Rp 55 triliun BCA = Rp 48 triliun. Rata2 laba tumbuh di atas 15% tiap tahun. Ngeri sekali. .","1753345166688354540","","","in","","43","63","303","https://x.com/Strategi_Bisnis/status/1753345166688354540","190535830","Strategi_Bisnis"
"1783400361774191021","Thu Apr 25 07:39:14 +0000 2024","0","Hingga saat ini PT Bank Central Asia (BCA) Tbk sudah menyalurkan KPR hijau senilai Rp1 14 triliun https://t.co/LqM4cb9eDi #InvestorDaily #investasi #Saham","1783400361774191021","","","in","Jakarta, Indonesia","0","0","0","https://x.com/InvestorID/status/1783400361774191021","238091066","InvestorID"
"1773581014868049988","Fri Mar 29 10:23:20 +0000 2024","1","@sbyfess ya kalau paling aman ya tetep di bca aja nder uangnya gausa diutak-atik kecuali kamu paham soal keuangan dan investasi baru ada opsi di tempat lain kalau yg paling low risk selain di bank (tabungan dan deposito) ya di sbn (surat berharga negara) dan reksadana pasar uang","1773657184909373537","","sbyfess","in","Indonesia","0","0","0","https://x.com/frrlck/status/1773657184909373537","330234622","frrlck"
"1740741475141607525","Fri Dec 29 14:40:09 +0000 2023","0","Minimum pembelian Rp 100 Ribu dan Bank Penampung BCA cocok buat yg juga pakai BCA serta termasuk Reksa Dana Syariah jadi cocok juga buat teman-teman yg prefer investasi syariah","1740744520801915376","","frrlck","in","Indonesia","0","1","0","https://x.com/frrlck/status/1740744520801915376","330234622","frrlck"
"1758368004583420116","Fri Feb 16 05:49:35 +0000 2024","0","Konglomerat Anthoni Salim masih tercatat sebagai salah satu pemegang saham PT Bank Central Asia Tbk (BBCA) atau BCA https://t.co/MdZAz92Azk #InvestorDaily #investasi #Saham","1758368004583420116","","","in","Jakarta, Indonesia","0","0","0","https://x.com/InvestorID/status/1758368004583420116","238091066","InvestorID"
"1356955718880882690","Wed Feb 03 13:20:29 +0000 2021","388","Mulai serius investasi atau punya asuransi biar pede bikin komitmen semuanya ada dalam satu aplikasi Welma dari BCA! #SeriusItuGampang Selengkapnya di https://t.co/7Npg9iWBEV https://t.co/7uEGaWUWlp","1356955718880882690","https://pbs.twimg.com/ext_tw_video_thumb/1356955339145441280/pu/img/Ly4SPeVkO4vSgAqp.jpg","","in","","17","16","36","https://x.com/GoodLifeBCA/status/1356955718880882690","17824435","GoodLifeBCA"
"1763107375375122704","Thu Feb 29 07:42:09 +0000 2024","0","PT Bank BCA Syariah (BCA Syariah) turut memeriahkan BCA Expoversary 2024 dengan menawarkan beragam solusi pembiayaan syariah. https://t.co/3AJecL9YTY #InvestorDaily #investasi #Saham","1763107375375122704","","","in","Jakarta, Indonesia","0","0","0","https://x.com/InvestorID/status/1763107375375122704","238091066","InvestorID"
"1821181011386077326","Wed Aug 07 13:46:03 +0000 2024","585","Bos BCA Ungkap Biang Kerok Daya Beli Masyarakat Indonesia Lesu https://t.co/MsMgx2EGqd","1821181011386077326","","","in","","41","54","144","https://x.com/CNNIndonesia/status/1821181011386077326","17128975","CNNIndonesia"
"1550693956400209921","Sat Jul 23 07:30:42 +0000 2022","471","@mediocrickey BCA Digital? BCA Blu kan? Bukan BCA biasa? berarti yg saldonya 0 ga beban dong. Bukan nasabah BCA tp emg BCA tuh keunggulannya saldonya bisa sampe 0 bahkan minus bank lain mana bisa ","1550745201450266624","","","in","bekasi-jakarta","7","43","17","https://x.com/sparklelle/status/1550745201450266624","491939425","sparklelle"
"1404710267360063489","Tue Jun 15 08:00:00 +0000 2021","331","#AwasModus penipuan mengatasnamakan BCA baik yang melalui telepon website WA atau DM dengan nomor/akun/tautan yang #SerupaTapiTakSama. Selalu jaga kerahasiaan data pribadi perbankan Anda sebab #DatamuRahasiamu. Yuk simak video berikut! Info: https://t.co/QYa43SHZD3 https://t.co/xiNm69GHUn","1404710267360063489","https://pbs.twimg.com/ext_tw_video_thumb/1404653225182056448/pu/img/ykCsP5nM0JL_X7eg.jpg","","in","","3","1","15","https://x.com/BankBCA/status/1404710267360063489","567255514","BankBCA"
"1831505097370505724","Thu Sep 05 03:10:33 +0000 2024","320","@tanyarlfes Salah satu bank digital yang aku pilih dari beberapa pilihan. Meski bunga tabungan gak setinggi yang lain cuma merasa 'aman' aja karena ada nama BCA. Btw kalau tabungannya mencar-mencar coba catat dalam 1 sheet kaya gini. *cuma contoh bukan aset aku. https://t.co/jfFLYgs9VE","1831530328453943770","https://pbs.twimg.com/media/GWrnAWXa8AI4v4w.jpg","tanyarlfes","in","Jakarta, Indonesia","1","2","21","https://x.com/andreqve/status/1831530328453943770","281953234","andreqve"
"1768862148598599810","Sat Mar 16 04:49:34 +0000 2024","1","Bank Central Asia Tbk (BBCA) atau BCA berada di posisi teratas dalam daftar brand perbankan terkuat di dunia oleh Brand Finance https://t.co/c2l1rQzlfR #InvestorDaily #investasi #Saham","1768862148598599810","","","in","Jakarta, Indonesia","0","0","0","https://x.com/InvestorID/status/1768862148598599810","238091066","InvestorID"
"1397105928344805379","Tue May 25 08:23:04 +0000 2021","603","Goodfriends udah tau belum? Sekarang bisa buka tabungan BCA di Aplikasi Blibli lho! Makin simpel kan belanja online bisa sambil buka tabungan. Yuk cobain buka rekening BCA di Blibli sekarang yess! Info lengkap https://t.co/yJOQ8fifoB https://t.co/19oHuGbxeb","1397105928344805379","https://pbs.twimg.com/media/E2OEUddUcAM3VDR.jpg","","in","","0","0","15","https://x.com/GoodLifeBCA/status/1397105928344805379","17824435","GoodLifeBCA"
"1295246480882765825","Mon Aug 17 06:30:00 +0000 2020","509","Melalui persembahan lagu ini keluarga besar BCA berkomitmen mendukung dan berdoa untuk Indonesia. Mari bersama bergenggaman erat berbuat lebih giat dan bersikap bijak. Karena kami percaya #IndonesiaKuat. Dirgahayu Indonesia #IndonesiaMaju! https://t.co/1rkEEQQMFL","1295246480882765825","","","in","","15","80","60","https://x.com/BankBCA/status/1295246480882765825","567255514","BankBCA"
"1764595064934932969","Tue Mar 05 00:30:17 +0000 2024","378","@convomf kalo long term saham yang fundamental nya bagus kayak bbca okee mau agak eksperimen taruh di yang brand bagus kayak sido/indofood mau aman banget bibit reksadana obligasi yang stable fund/pasar uang 100% uang dingin + mau yang dijamin negara taruh di SBN yang bbrp taun","1764810631071576225","","convomf","in","SUB, ID | TPE, TW","1","0","28","https://x.com/__Chrele/status/1764810631071576225","1199664957018607616","__Chrele"
"1782676432944251174","Tue Apr 23 07:42:36 +0000 2024","0","PT Bank Central Asia Tbk (BCA) secara konsolidasian mencatatkan profitabilitas yang berkelanjutan. Terlihat dari laba bersih yang dikantongi mencapai Rp 12 9 triliun dalam tiga bulan pertama tahun ini atau tumbuh 11 7% https://t.co/IaE6RV4FWE #InvestorDaily #investasi #Saham","1782676432944251174","","","in","Jakarta, Indonesia","0","0","0","https://x.com/InvestorID/status/1782676432944251174","238091066","InvestorID"
"1763867387441680673","Sat Mar 02 10:02:10 +0000 2024","0","Merayakan HUT ke-67 Bank BCA kembali menggelar BCA Expoversary pada 29 Februari 3 Maret 2024. United E-Motor ikut berpartisipasi di BCA Expoversary 2024. Kegiatan ini merupakan langkah strategis bagi United E-Motor https://t.co/5Kxajw7rw4 #InvestorDaily #investasi #Saham","1763867387441680673","","","in","Jakarta, Indonesia","0","0","0","https://x.com/InvestorID/status/1763867387441680673","238091066","InvestorID"
"1760464714860204510","Thu Feb 22 00:41:10 +0000 2024","0","Bank BTPN siap menggelar rights issue Rp 6 7 triliun di mana BCA akan ikut ambil bagian untuk mempertahankan minimal 1% kepemilikan https://t.co/LIPXbnFBsX #InvestorDaily #investasi #Saham","1760464714860204510","","","in","Jakarta, Indonesia","0","0","0","https://x.com/InvestorID/status/1760464714860204510","238091066","InvestorID"
"1763399912669241642","Fri Mar 01 03:04:36 +0000 2024","0","PT Bank Central Asia Tbk (BCA) kembali mengadakan BCA Expoversary 2024 dalam rangka perayaan Hari Ulang Tahun (HUT) ke-67. Acara tersebut juga digelar untuk mengambil momentum sebelum memasuki bulan Ramadan dan Idulfitri https://t.co/Vejq9DsJLs #InvestorDaily #investasi #Saham","1763399912669241642","","","in","Jakarta, Indonesia","0","0","0","https://x.com/InvestorID/status/1763399912669241642","238091066","InvestorID"
"1623850447412015104","Tue Feb 14 08:54:54 +0000 2023","0","@Zakirio Hi kak untuk perubahan rekening hanya bisa melalui aplikasi dan jika RDN kaka BCA maka memang tidak bisa dirubah ke rekening bank lainnya harus ubah ke BCA juga ya kak. ~ADS","1625418292428156930","","Zakirio","in","","0","0","0","https://x.com/ajaib_investasi/status/1625418292428156930","1166977780757581824","ajaib_investasi"
"1610166898314080256","Tue Jan 03 06:51:24 +0000 2023","1","Atau jangan-jangan semua ini untuk kepentingan investor? Kepala Ekonom Bank Central Asia (BCA) David Sumual mengatakan kekosongan peraturan perundang-undangan membuat investor ragu melakukan investasi. Seperti kata pepatah ya ada udang dibalik batu. https://t.co/O6HEj8BBsJ","1610166921294671872","","inilahdotcom","in","","0","1","0","https://x.com/inilahdotcom/status/1610166921294671872","46693036","inilahdotcom"
"1358937908757975041","Tue Feb 09 00:36:59 +0000 2021","296","Laba bank BRI tahun 2020 anjlok 43%. Laba bank Mandiri turun 37%. Penurunan laba yg amat signifikan. Namun laba BCA hanya turun 5% tahun 2020 lalu. Daya resiliensi dan strategi efisiensi BCA sungguh epik.","1358937908757975041","","","in","","34","27","136","https://x.com/Strategi_Bisnis/status/1358937908757975041","190535830","Strategi_Bisnis"
"1396387195133448199","Sun May 23 12:43:32 +0000 2021","304","@fzn_anly @aliralira Rekomendasiku tahapan tabunganku di bca kakk. Admin 0 rupiah buka rekeningnya 20rebu. Gabisa dipake gesek belanja/jajan tp masih bisa tf hanya ke sesama bca/ tarik tunai di atm bca. Dapet buku tabungan kartu atm dan senyum ramah dari mba teller dan pa satpam","1396446698788982786","","fvxxzn_","in","Queenstown-Lakes District, New","12","12","29","https://x.com/nisaturns/status/1396446698788982786","273354001","nisaturns"
"1501806037791576068","Thu Mar 10 06:23:56 +0000 2022","58","Kamu tau ngga? @bankmandiri ternyata beberapa bulan yang lalu masih membiayai sektor #batubara. Pada tanggal 23 November 2021 perusahaan #tambang batu bara ABM Investama mengumumkan bahwa mereka mendapatkan pinjaman sebesar 100 juta USD dari Mandiri dan satu bank BUMN lainnya.","1501806037791576068","","","in","","47","104","59","https://x.com/bersihkan_indo/status/1501806037791576068","1252109670245752832","bersihkan_indo"
"1503976652224618497","Wed Mar 16 06:09:11 +0000 2022","29","Always by your side atau always on their side ya @BankBCA? Mengutip Global Coal Exit List BCA tercatat masih memberikan pembiayaan pada sektor #batubara antara Oktober 2018 hingga Oktober 2020.","1503976652224618497","","","in","","33","98","149","https://x.com/bersihkan_indo/status/1503976652224618497","1252109670245752832","bersihkan_indo"
"1637087269344677889","Tue Mar 21 08:03:23 +0000 2023","0","@SatriyaAdhiWija @eDzulfikar @timothyronald22 @tigorsiagian Di sebuah grup Telegram prnh ada yg tanya: Knp SBN ritel (Indonesia) adlh investasi paling aman? Dia membandingkan dengan saham BBCA properti dan reksa dana. Jawabannya: Kalau sampai SBN gagal bayar itu artinya BCA dan tanahmu gak ada harganya. Bank kustodian udh bankrut. ","1638088903138893824","","SatriyaAdhiWija","in","Meet Me In Montauk","0","0","0","https://x.com/vic_hasiholan/status/1638088903138893824","193014517","vic_hasiholan"
"1396753919204741121","Mon May 24 09:04:19 +0000 2021","413","Kini Anda bisa berbelanja sambil buka tabungan di aplikasi BliBli! Tanpa harus pergi ke kantor cabang BCA Anda bisa buka tabungan sambil bersantai di rumah. Yuk cobain buka rekening BCA di Blibli sekarang! Info: https://t.co/9KcaEFnuYp https://t.co/aWB2dFy8Jo","1396753919204741121","https://pbs.twimg.com/ext_tw_video_thumb/1396753103223881728/pu/img/-EeuEFl4KyW_3kzh.jpg","","in","","0","2","9","https://x.com/BankBCA/status/1396753919204741121","567255514","BankBCA"
"1632248262219681792","Mon Mar 06 14:11:58 +0000 2023","0","Biaya Investasi: Rp 1.500.000 (Satu Juta Lima Ratus Ribu Rupiah) melalui Rekening Bank BCA 6250308033 A/n Ferry Ricardo_ (Coffee break Lunch Seminar Kit dan Sertifikat) *Kuota Terbatas 15 orang* *Info lengkap* https://t.co/rEjfgVVcwz","1632745844536659969","","DtkMhsiswaHukum","in","Riau, Indonesia","0","0","0","https://x.com/DtkMhsiswaHukum/status/1632745844536659969","1251520381317345285","DtkMhsiswaHukum"
"1765598775677198813","Thu Mar 07 04:42:06 +0000 2024","0","Presiden Direktur PT Bank Central Asia Tbk (BBCA) JahjaSetiaatmadja memberikan literasi keuangan kepada 42 finalis Puteri Indonesia 2024. https://t.co/PxfNQxlBli #InvestorDaily #investasi #Saham","1765598775677198813","","","in","Jakarta, Indonesia","0","0","1","https://x.com/InvestorID/status/1765598775677198813","238091066","InvestorID"
"1627274679307374593","Sun Feb 19 11:52:01 +0000 2023","0","Minimal withdrawal Rp. 100 rb Mau Join ? kunjungi = https://t.co/d4n8K8akdM Bisa withdrawal via OVO DANA BANK (BNI MANDIRI BCA) potongan 10% langsung masuk sekitar 10 menit. Ilustrasi Investasi selama 30 hari (cair harian) Modal 100rb =&gt; 600rb - perhari dapat 20rb","1627274804595412994","","MLD_M4","in","Rome, Lazio","0","2","0","https://x.com/MLD_M4/status/1627274804595412994","1623551367767023616","MLD_M4"
"1627307786488123393","Sun Feb 19 14:03:36 +0000 2023","0","Minimal withdrawal Rp. 100 rb Mau Join ? kunjungi = https://t.co/qfXI5nrFuf Bisa withdrawal via OVO DANA BANK (BNI MANDIRI BCA) potongan 10% langsung masuk sekitar 10 menit. Ilustrasi Investasi selama 30 hari (cair harian) Modal 100rb =&gt; 600rb - perhari dapat 20rb","1627307920198082565","","MLD_M4","in","Rome, Lazio","0","1","0","https://x.com/MLD_M4/status/1627307920198082565","1623551367767023616","MLD_M4"
"1679886377000005632","Sat Jul 15 01:47:24 +0000 2023","0","@ansyaku Hai sebelumnya dapat kami informasikan. Untuk penambahan rekening Reksadana melalui aplikasi Bareksa untuk Bank BLUE BCA kamu dapat memilih rekening Bank Royal Indonesia. Informasi lengkapnya dapat melalui melalui DM kami ya. ^NA","1680031276064202752","","ansyaku","in","Jakarta","0","0","0","https://x.com/bareksa/status/1680031276064202752","920403926","bareksa"
"1261881236877795328","Sun May 17 05:03:29 +0000 2020","177","Tidak bijak menggunakan dana yg bersumber dari utang untuk berinvestasi karena sifat investasi itu memiliki risiko berfluktuasi tidak likuid dll. Sementara cicilan utang ke bank bersifat tetap. Dalam kondisi apapun cicilannya harus dibayar.","1261885026330763266","","BigAlphaID","in","Jakarta Capital Region","7","13","86","https://x.com/BigAlphaID/status/1261885026330763266","958566590768926721","BigAlphaID"
"1829058928203981089","Thu Aug 29 07:30:05 +0000 2024","3","Daripada judi mendingan uang kalian dipake buat investasi. Jangan sampai terlanjur rugi dan terjebak judi ya guys ya! Baca lengkapnya di https://t.co/F29hTKvkcV #Edukatips https://t.co/mBam7REJrv","1829058928203981089","https://pbs.twimg.com/media/GWIfZVUasAMzTFR.jpg","","in","","0","5","0","https://x.com/BankBCA/status/1829058928203981089","567255514","BankBCA"
"1445682116205842432","Wed Oct 06 09:27:30 +0000 2021","409","Dear @BankBCA saya salah transfer ke BCA VIRTUAL ACCOUNT senilai 700jt saya sudah menghubungi customer service BCA untuk membuat laporan. Tapi ternyata tidak bisa. Lalu bagaimana tanggung jawab BCA untuk membantu nasabahnya? Minimal saya dihubungkan dengan pemilik akunnya.","1445682116205842432","","","in","DKI Jakarta, Indonesia","94","110","348","https://x.com/kikysaputrii/status/1445682116205842432","97150468","kikysaputrii"
"1242007887397834752","Mon Mar 23 08:38:50 +0000 2020","275","Lewat keterangan resmi Senin (23/3/2020) Presiden Direktur BCA Jahja Setiaatmadja mengatakan salah satu karyawannya yang positif terinfeksi Corona COVID-19 bekerja di Kantor Pusat BCA yang ada di Jakarta. https://t.co/q5W8pxD2u6","1242007887397834752","","","in","Indonesia","39","17","183","https://x.com/TirtoID/status/1242007887397834752","4187275698","TirtoID"
"1290812919890890753","Wed Aug 05 00:52:36 +0000 2020","277","Siapa yg tdk tertarik thd Perbankan Indonesia? Margin :7% /thn. Deposito 6% bunga kredit 13% Deposito dijamin Negara. Singapur China Malaysia US Korea Jepang Thailand Hongkong England dll sdh mjd pengendali Bank Lokal. Korea punya 5: Hana Woori OK Shinhan Kookmin.","1290812919890890753","","","in","Jakarta, Indonesia","3","12","76","https://x.com/AchsanulQosasi/status/1290812919890890753","248509197","AchsanulQosasi"
"1764557550056611841","Mon Mar 04 07:44:38 +0000 2024","0","Kendati secara jumlah masih minim kelompok usia tersebut mengalami pertumbuhan yang paling tinggi yaitu sekitar 30% https://t.co/1HHABkcJkA #InvestorDaily #investasi #Saham","1764557550056611841","","","in","Jakarta, Indonesia","0","0","0","https://x.com/InvestorID/status/1764557550056611841","238091066","InvestorID"
"1496132695587692544","Tue Feb 22 17:24:20 +0000 2022","642","Kurang lebih gue bahas ya soal pengalaman interaksi sama 3 bank ini. 1. OCBC Dia punya program Easy Start. Jadi bunganya rendah fix di 3 5 tahun pertama 5 5%. Tapi di tahun ke 4 atau 6 bunganya floating bisa sampe 9%. Jadi main kecil di awal gede di belakang.","1496174028410986496","","adnardn","in","Gotham & Old Trafford","4","3","45","https://x.com/adnardn/status/1496174028410986496","59987088","adnardn"
"1814162002610446803","Fri Jul 19 04:55:01 +0000 2024","1","Menu istimewa buat kamu yang suka investasi Akses langsung dari myBCA: https://t.co/65qWbKQdKf https://t.co/VDOtdbQlRw","1814162002610446803","https://pbs.twimg.com/media/GS0yuf-boAAz9k7.jpg","","in","","0","1","0","https://x.com/BankBCA/status/1814162002610446803","567255514","BankBCA"
"1686927173259870208","Thu Aug 03 02:29:17 +0000 2023","1","Top News 4: Bos PT Bank Central Asia Tbk (BCA) Jahja Setiaatmadja dan investor kawakan Lo Kheng Hong memiliki pandangan yang berbeda mengenai investasi. Bagaimana strategi keduanya terkait investasi? Baca selengkapnya: https://t.co/oIXdKNSyQ9 #LoKhengHong #BCA","1686927184852815872","","KATADATAcoid","in","Jakarta","0","1","1","https://x.com/KATADATAcoid/status/1686927184852815872","552523769","KATADATAcoid"
"1759817061893857454","Tue Feb 20 05:50:23 +0000 2024","0","@bongsuga_ Selamat siang @bongsuga_. Semoga investasi Anda menggunakan BCA selalu lancar. ^Intan","1759817756482912663","","bongsuga_","in","","0","0","0","https://x.com/BankBCA/status/1759817756482912663","567255514","BankBCA"
"1810219175962685850","Mon Jul 08 08:56:49 +0000 2024","353","@schfess BCA PLS BCA pake yg blu kalo gamau kena admin (dia gaperlu dateng ke bank buat buka rekening cuman di hp aja) terus bisa ada fitur nabungnya yg dikelompokin gitu terus ada tahapan xpresi juga perbulannya kena 7.500 ajah","1810236588510663112","","schfess","in","Surabaya","1","5","6","https://x.com/usexnotk/status/1810236588510663112","1260159545717911552","usexnotk"
"1763181164435804623","Thu Feb 29 12:35:22 +0000 2024","10","SR020 akan segera terbit loh tanggal 1-27 Maret 2024. Yuk cek dulu tentang manfaat investasi SR020~ Baca selengkapnya di https://t.co/cTsbj8sKw4 https://t.co/O2GDmqKQ9E","1763181164435804623","https://pbs.twimg.com/media/GHgT60pbIAAeHDt.jpg","","in","","0","0","0","https://x.com/BankBCA/status/1763181164435804623","567255514","BankBCA"
"1196791476757262336","Tue Nov 19 14:13:43 +0000 2019","160","Business model bank bisa dibilang sangat sederhana. Orang menyimpan uang (diberikan bunga) lalu uang tersebut disalurkan kepada orang yang membutuhkan kredit (kenakan bunga yang lebih tinggi).","1196793681870639105","","BigAlphaID","in","Jakarta Capital Region","1","2","88","https://x.com/BigAlphaID/status/1196793681870639105","958566590768926721","BigAlphaID"
"1788147247244595344","Wed May 08 10:01:40 +0000 2024","8","Ada 2 Reksa Dana baru di BCA yang digunakan sebagai pelengkap portofolio investasi: ⭐ Reksa Dana Pasar Uang Manulife Dana Kas II Kelas A2 ⭐ Reksa Dana Pendapatan Tetap Manulife Obligasi Negara Indonesia II Kelas A2 Beli sekarang lewat Welma di myBCA. https://t.co/4z4C8KJX8a https://t.co/qLk8ItE4x9","1788147247244595344","https://pbs.twimg.com/media/GNDGcMCbcAEqOe-.jpg","","in","","0","0","0","https://x.com/BankBCA/status/1788147247244595344","567255514","BankBCA"
"1780888096512594308","Thu Apr 18 09:26:38 +0000 2024","2500","@tanyarlfes Kalo di BCA bisa pake BCA Xpresi Tabungan Simpanan Pelajar dan Tabunganku. Datang aja ke kantor cabang BCA terdekat.","1780890672830292466","","tanyarlfes","in","Indonesia","1","7","20","https://x.com/threadshopee/status/1780890672830292466","1243793195118383104","threadshopee"
"1567890587998908417","Thu Sep 08 15:00:20 +0000 2022","1670","#BCAExpoHybrid 9 - 11 Sept 2022 di ICE BSD City. Temukan Kunci Impian Sekarang serta penawaran spesial Bunga Spesial KPR BCA 3 85% eff.p.a Fix 3 tahun Bunga Spesial KKB BCA 2 25 % flat.p.a tenor 1 tahun Promo Spesial KSM BCA DP 1 2 % dari harga OTR","1567890587998908417","","","in","","24","70","173","https://x.com/GoodLifeBCA/status/1567890587998908417","17824435","GoodLifeBCA"
"1138019650036350976","Mon Jun 10 09:55:55 +0000 2019","288","Gila juga ya BCA raup profit Rp 68 milyar per hari. Sehari doang. Pantesan Pakde Hartono makin tajir. Doi duduk leyeh2 seharian kekayaannya bertambah miliaran. Sementara ente seharian bengong dan makin misqieen. Nasib yo Le. Sing sabar Le. Gusti Alloh mboten sare.","1138021969822081024","","Strategi_Bisnis","in","","41","29","321","https://x.com/Strategi_Bisnis/status/1138021969822081024","190535830","Strategi_Bisnis"
"1548975737163563009","Mon Jul 18 10:19:28 +0000 2022","43","Mau masa depan cerah dengan ngandelin investasi? Bisa dong! Kali aja Sobat BRI di sini ada yang belum tau kalo produk investasi itu gak melulu soal saham obligasi atau dan yang lainnya nyimpen uang juga termasuk investasi lho. https://t.co/jCnoOeoC9c","1548975737163563009","https://pbs.twimg.com/media/FX8ROB8VsAEw9xm.jpg","","in","Jl Jend Sudirman 44-46 Jakarta","1","67","5","https://x.com/BANKBRI_ID/status/1548975737163563009","1355939492","BANKBRI_ID"
"1830993414399369507","Tue Sep 03 17:00:28 +0000 2024","1","@Coronna_Update Selamat pagi @Coronna_Update. Reksa Dana adalah wadah yang dipergunakan untuk menghimpun dana dari masyarakat pemodal untuk selanjutnya diinvestasikan dalam portofolio Efek oleh Manajer Investasi. Informasi lebih lanjut Anda bisa cek link berikut: https://t.co/iSRZIX6eY5","1831014410258681928","","Coronna_Update","in","","0","1","0","https://x.com/BankBCA/status/1831014410258681928","567255514","BankBCA"
"1557734945438633986","Thu Aug 11 16:28:18 +0000 2022","513","@worksfess ga cape2 gue nyaranin orang make blu by bca wkwk gada admin dapet bunga (saldo biasa jg dapet bunga). apalagi kalo ditaro di blusaving tu dpt bunga jg tiap bulan dan lumayan gede sesuai tabungannya gtt. fleksibel jg semisal mau diambil gaada charge","1557765865437040642","","worksfess","in","imaginary places","5","23","49","https://x.com/aetherrspace/status/1557765865437040642","3096856506","aetherrspace"
"1424249376692604931","Sun Aug 08 06:10:32 +0000 2021","225","@andihiyat Yaaah kemana aja niih hehehe. Selain bisa akses ke semua rekening sekarang kamu juga bisa buka deposito dari myBCA jadi ngga perlu repot-repot ke cabang deh kan lagi corona juga~","1424251663888515073","","andihiyat","in","","64","213","81","https://x.com/GoodLifeBCA/status/1424251663888515073","17824435","GoodLifeBCA"
"1792605694790713520","Mon May 20 17:43:17 +0000 2024","350","@mtchlttstrw ya ampun sama ka bank satu itu emang banyak kasus ibuku juga kena di bank itu setelah kejadian ibu ga mau nyimpem uang disana lagi. Sejauh ini bank swasta(bca) aman &amp; minim penipuan","1792612072448196744","","mtchlttstrw","in","","4","6","9","https://x.com/tkminions/status/1792612072448196744","1264655847134646272","tkminions"
"1230566019820736515","Thu Feb 20 18:52:56 +0000 2020","1470","Pameran akbar HUT BCA ke-63. Dapatkan bunga spesial KPR &amp; KKB BCA dan diskon hingga 63% di lebih dari 200 tenant travel fashion lifestyle dan F&amp;B. Raih kesempatan mendapatkan motor dan gadget dengan ikutan Lelang Reward BCA ","1230566019820736515","","","in","","13","33","158","https://x.com/BankBCA/status/1230566019820736515","567255514","BankBCA"
"1752895822512152605","Thu Feb 01 03:25:05 +0000 2024","0","Masa penawaran ORI025 berlangsung hingga 22 Februari mendatang. Bagaimana cara membeli atau memesan instrumen investasi ORI025 melalui Bank BCA? https://t.co/PfyA0ALWiG","1752895822512152605","","","in","Jakarta","0","0","1","https://x.com/kompascom/status/1752895822512152605","23343960","kompascom"
"1734387999193141249","Tue Dec 12 03:38:43 +0000 2023","0","@mandragunaa1 atau). Untuk kota besar rata-rata total DPK dan Investasi kurang dari Rp1.000.000.000 - dan rata-rata dana nasabah dalam bentuk produk Tabungan dan Giro kurang dari Rp500.000.000 - sedangkan untuk kota kecil rata-rata total DPK dan Investasi kurang dari (2/3) ^Radja","1734417469572538748","","mandragunaa1","in","","0","0","0","https://x.com/BankBCA/status/1734417469572538748","567255514","BankBCA"
"1677102234088382464","Thu Jul 06 23:48:26 +0000 2023","0","PT Bank Central Asia Tbk (BCA) kembali menghadirkan produk investasi baru yaitu reksa dana dalam denominasi USD berbasis syariah dengan tema environment social and governance (ESG). Selengkapnya https://t.co/AVrnTFLTje","1677102234088382464","","","in","Jakarta","0","0","0","https://x.com/theiconomic/status/1677102234088382464","1169861863426818048","theiconomic"
"1829127672217096523","Thu Aug 29 12:03:15 +0000 2024","1","PT Bank Central Asia Tbk (BCA) mengadakan BCA Wealth Summit 2024 pada 4-5 September 2024 di Hotel Kempinski. #bisnisupdate #bisnis #update #text https://t.co/rIu09kyyCB","1829127672217096523","","","in","","0","0","0","https://x.com/kumparan/status/1829127672217096523","759692754985242625","kumparan"
"1804551413730877762","Sat Jun 22 16:57:01 +0000 2024","0","@Chad_me_ya_ dapat dikaitkan/dipersonalisasikan semua rekening kartu kredit KPR KKB dan produk investasi Bapak/Ibu dan perbedaan lain seperti limit dan cara akses. Tks ^Hadid","1804559226414715004","","Chad_me_ya_","in","","0","0","0","https://x.com/BankBCA/status/1804559226414715004","567255514","BankBCA"
"1836999774408691844","Fri Sep 20 05:24:13 +0000 2024","0","Dapatkan juga promo spesial investasi dan asuransi termasuk Cashback Reksa Dana hingga Rp15 Juta dan Paket Perjalanan Eksklusif ke Tasmania. Cek https://t.co/yOy26tdZar","1836999787746607527","","BankBCA","in","","0","0","0","https://x.com/BankBCA/status/1836999787746607527","567255514","BankBCA"
"1768533865583542748","Fri Mar 15 07:05:05 +0000 2024","0","Investasi PT Bank Central Asia Tbk di IKN tak kunjung terealisasi groundbreakingnya karena lahan invaran ditikung investor lain. https://t.co/032eRCwwUu","1768533865583542748","","","in","Jakarta","0","0","0","https://x.com/kompascom/status/1768533865583542748","23343960","kompascom"
"1817773958348824619","Mon Jul 29 05:16:13 +0000 2024","0","@Real_Bjorkanism Selamat siang @Real_Bjorkanism. Tentunya. Yuk investasikan di myBCA melalui fitur Welma. Investasi terintegrasi dalam 1 aplikasi myBCA dengan berbagai fitur seperti bandingkan produk dan pembelian berkala yang membuat investasi jadi lebih mudah dan nyaman.","1817791214089060750","","Y0urAn0nNew5","in","","1","0","0","https://x.com/BankBCA/status/1817791214089060750","567255514","BankBCA"
"1499038453090197506","Wed Mar 02 15:06:32 +0000 2022","349","Presiden Direktur PT Bank Central Asia (BCA) Tbk Jahja Setiaatmadja buka suara atas layanan M-Banking BCA yang mengalami eror. https://t.co/1q81NxaCwS","1499038453090197506","","","in","","68","120","114","https://x.com/detikcom/status/1499038453090197506","69183155","detikcom"
"1830993414399369507","Fri Sep 13 02:15:43 +0000 2024","0","@AzmiFaiqoh Selamat pagi @AzmiFaiqoh. Tidak harus ya. Anda bisa investasi Reksa Dana dan Obligasi Pasar Sekunder di myBCA. Untuk informasi lebih lanjut Anda bisa cek pada link berikut: https://t.co/hCmQF5nhIX","1834415634073244122","","AzmiFaiqoh","in","","0","0","0","https://x.com/BankBCA/status/1834415634073244122","567255514","BankBCA"
"1565233438038192128","Thu Sep 01 07:01:46 +0000 2022","204","Per hari ini layanan Aplikasi Info BCA berhenti beroperasi. Dapatkan info promo terbaru BCA pengajuan Kartu Kredit BCA cabang BCA terdekat pengecekan Reward BCA hingga cara menghubungi Halo BCA di website resmi BCA: https://t.co/hYuLdGNc52. Info: https://t.co/tF0rHpOtIP https://t.co/plhEckIpNL","1565233438038192128","https://pbs.twimg.com/media/FbjSJgGVQAII3v8.jpg","","in","","2","64","132","https://x.com/BankBCA/status/1565233438038192128","567255514","BankBCA"
"1555469015694606337","Fri Aug 05 08:21:27 +0000 2022","256","Waspada kepada pihak yang menawarkan Anda bantuan untuk menjadi anggota BCA Prioritas. Selalu pastikan akun dan infonya dari pihak resmi BCA. Hindari klik link yang diberikan pelaku serta jangan pernah kasih data pribadi perbankan Anda! Selengkapnya: https://t.co/9Ij2elaZBq https://t.co/8IJ68RV2Fj","1555469015694606337","https://pbs.twimg.com/media/FZYie50akAAAeRw.jpg","","in","","1","61","119","https://x.com/BankBCA/status/1555469015694606337","567255514","BankBCA"
"1403287126259625991","Fri Jun 11 09:44:57 +0000 2021","623","Mau investasi yang bikin cuan? Ada Tabungan BTN Investa dengan bunga lebih tinggi dari biasa penarikan dana fleksibel transaksinya semudah transfer antar tabungan. Info lebih lanjut klik link di bawah atau Contact Center BTN 1500286 #BankBTN #BTNInvesta","1403287126259625991","","","in","Jakarta","7","36","22","https://x.com/bankbtn/status/1403287126259625991","2890776397","bankbtn"
"1587673660378476544","Wed Nov 02 05:11:12 +0000 2022","224","Layanan transfer antar bank dengan BI Fast kini telah tersedia di BCA mobile myBCA KlikBCA dan ATM BCA dengan biaya transfer hanya Rp2.500! Sudah pernah coba belum? Yuk share pengalaman Anda di kolom komentar! Info: https://t.co/0mzSMoQJX5 https://t.co/Sy0gwGpYbe","1587673660378476544","https://pbs.twimg.com/media/FgiMpLaagAEtjvU.jpg","","in","","7","100","78","https://x.com/BankBCA/status/1587673660378476544","567255514","BankBCA"
"1403286902220877828","Fri Jun 11 09:44:03 +0000 2021","174","Mau investasi yang bikin cuan? Ada Tabungan BTN Investa dengan bunga lebih tinggi dari biasa penarikan dana fleksibel transaksinya semudah transfer antar tabungan. Info lebih lanjut klik link di bawah atau Contact Center BTN 1500286 #BankBTN #BTNInvesta","1403286902220877828","","","in","Jakarta","2","14","10","https://x.com/bankbtn/status/1403286902220877828","2890776397","bankbtn"
"1570327971130638336","Thu Sep 15 08:25:38 +0000 2022","209","Bapak dapat telepon katanya dari BCA nawarin naik limit kartu kredit tapi dimintain data pribadi seperti masa berlaku kartu CVV OTP. Untungnya si Ibu yang lagi sakit menyadarkan kalau itu modus penipuan. Seperti apa ceritanya? yuk #CariTahuBiarAman di video ini.","1570327971130638336","","","in","","4","16","23","https://x.com/BankBCA/status/1570327971130638336","567255514","BankBCA"
"1565307660701863936","Thu Sep 01 11:56:42 +0000 2022","548","Mau bebas bangun usaha? Dapatkan program Kredit Multiguna Usaha (KMU) dengan suku bunga kompetitif syarat yang gampang dan fleksibel! Jangka waktu lebih panjang sehingga angsuran ringan! Mantap kan? Pelajari info lengkapnya di https://t.co/A9XDD9unb7 sekarang!","1565307660701863936","","","in","","4","54","45","https://x.com/GoodLifeBCA/status/1565307660701863936","17824435","GoodLifeBCA"
"1592058139016589314","Mon Nov 14 07:33:34 +0000 2022","148","Sobat Xpresi yang baru lulus dan mau memulai karir mana suaranyaaa? Pas banget nih #MungkinLoCocok jadi banker di BCA! Cek posisi yang cocok dan langsung daftarkan diri di https://t.co/i30xDfZ8LT","1592058139016589314","","","in","","1","1","15","https://x.com/XpresiBCA/status/1592058139016589314","351429302","XpresiBCA"
"1314146768565616643","Thu Oct 08 10:12:59 +0000 2020","380","Kepada para netizen jadilah #GenerasiAntiModus. Ingat akun resmi bank BCA itu sudah verified dan ada centang birunya. Jangan pernah kasih data pribadi ke siapapun. Share ke temanmu yang lain agar mereka terhindar dari modus akun palsu ini. Info lanjut di https://t.co/xHGlw5qScC","1314146768565616643","","","in","","11","26","156","https://x.com/BankBCA/status/1314146768565616643","567255514","BankBCA"
"1516033038131425288","Mon Apr 18 12:36:57 +0000 2022","707","Waspada ya guys sekarang ada penjahat yang ngaku Telemarketing BCA dan biasanya ngasih iming-iming gratis admin fee kartu kredit BCA seumur hidup. Padahal mau nyuri data pribadi kamu supaya bisa ngebobol uang / kartu kredit kamu! Biar ga ketipu yuk #CariTahuBiarAman di sini.","1516033038131425288","","","in","","20","50","289","https://x.com/BankBCA/status/1516033038131425288","567255514","BankBCA"
