"conversation_id_str","created_at","favorite_count","full_text","id_str","image_url","in_reply_to_screen_name","lang","location","quote_count","reply_count","retweet_count","tweet_url","user_id_str","username"
"1836056251165475098","Tue Sep 17 14:54:57 +0000 2024","704","55. ಬಿ.ವಿ.ಕಾರಂತರು | BV Karanth #BVKaranth #Benaka #Karnatakatheater #Kannada #KannadigaKunal #100DaysChallenge https://t.co/4x5JOafbgj","1836056251165475098","https://pbs.twimg.com/ext_tw_video_thumb/1836056104293535744/pu/img/q_sYLvd6wZFr8Hlc.jpg","","und","ನಮ್ಮ ಕರ್ನಾಟಕ","4","1","103","https://x.com/Kannadiga_Kunal/status/1836056251165475098","1752415048520339456","Kannadiga_Kunal"
"1835014241570668973","Sat Sep 14 17:54:22 +0000 2024","0","gua bayar angkringan pake qris bni trs udh sampe rumah ternyata gagal transaksi ada kendala apk bni nya yaudah cari no wa angkringannya DANNNN admin nya 6.500 ANJ SUMPAH YA PENGGUNA BCA GUA KESEL BGT SETIAP TF ADMIN NYA GEDE FAKMEN. https://t.co/p8xigrHBqt","1835014241570668973","https://pbs.twimg.com/media/GXdHuThbwAI5RIJ.jpg","","in","","0","0","0","https://x.com/glimpseoflia/status/1835014241570668973","1006457177249234944","glimpseoflia"
"1837170473794503133","Fri Sep 20 16:42:28 +0000 2024","0","ATTENTION PLEASE ! Informasi untuk semua member setia SUNMORY33 untuk saat ini kami informasikan BANK BCA Sudah KEMBALI NORMAL ya bosku untuk informasi lebih lanjut dan jika terjadi kendala lain nya dapat menghubungi LIVECHAT maupun WHATSAPP OFFICIAL KAMI 0812-2319-6139 https://t.co/lk64fzpaiH","1837170473794503133","https://pbs.twimg.com/media/GX7wyOpaUAEHV4I.jpg","","in","indonesia","0","0","0","https://x.com/NathaliePs96861/status/1837170473794503133","1766212459247919104","NathaliePs96861"
"1803014112265257080","Tue Jun 18 10:37:17 +0000 2024","463","Jeudi 21h. KCB vs BDSA. Les deux meilleurs équipes de la LFL toutes les deux en séries de victoire. Soyez là. https://t.co/BCPO9nIfW0","1803014112265257080","https://pbs.twimg.com/ext_tw_video_thumb/1761341479547453440/pu/img/TrsjRS9o5uV4R-4g.jpg","","fr","","0","1","7","https://x.com/tesgoulo/status/1803014112265257080","1404764288749817859","tesgoulo"
"1689643324901363714","Thu Aug 10 14:22:15 +0000 2023","521","throwback long haired ken singing pangga ️‍ https://t.co/pBxjMnMkVO","1689643324901363714","https://pbs.twimg.com/ext_tw_video_thumb/1689643281398079488/pu/img/QK1Hu314wX3WseGZ.jpg","","en","kuting","13","1","158","https://x.com/keuncoffee/status/1689643324901363714","1182230310122999809","keuncoffee"
"1827581848429699175","Sun Aug 25 05:40:42 +0000 2024","0","Update Pricelist 25 Agustus 2024 Jual Apps Premium Trusted Amanah Bergaransi Fast Respon Max 1x24 jam jika ada kendala Payment via BCA BNI DANA OVO GOPAY SHOPEEPAY SEABANK Order klik link di bio atau DM #jualnetflix #jualspotify #jualviu #jualcanva https://t.co/wJ4o4kDHvv","1827581848429699175","https://pbs.twimg.com/media/GVzf_yUakAAuasC.jpg","","in","","0","0","0","https://x.com/appsprem_store/status/1827581848429699175","1395882727543513090","appsprem_store"
"1790593892297150718","Wed May 15 04:11:08 +0000 2024","0","@HaloBCA @BPJSKesehatanRI Oke kalo gitu @BPJSKesehatanRI tolong bantu di cek juga ya soalnya untuk bank lain bisa kendala hanya di bca muncul pop-up seperti ini https://t.co/kPBNzTMqhL","1790595746011684934","https://pbs.twimg.com/media/GNl5V3RbAAAS7CO.jpg","HaloBCA","in","","0","4","0","https://x.com/rdzkday/status/1790595746011684934","81347453","rdzkday"
"1690189405758406657","Sat Aug 12 02:32:11 +0000 2023","875","thank you so much ken for bringing bisaya to international scene bisdak represent https://t.co/facwMl1j5S","1690189405758406657","https://pbs.twimg.com/ext_tw_video_thumb/1690189361370054657/pu/img/V7g7k9HoFBwzZvWJ.jpg","","en","kuting","18","1","279","https://x.com/keuncoffee/status/1690189405758406657","1182230310122999809","keuncoffee"
"1814587488364630383","Sat Jul 20 09:05:45 +0000 2024","0","bca mobile baru ada kendala kahh? kok aku ga bisa nerima transferan ya dari kemaren #bca","1814587488364630383","","","in","","0","1","0","https://x.com/zupashoup/status/1814587488364630383","1804889651825815552","zupashoup"
"1837201661263237163","Fri Sep 20 18:46:24 +0000 2024","1","BCA lagi kendala di BCA Mobile myBCA KBI sama ATM. Jadi jangan kaget kalau saat ini di saldo kalian tertulis 0 atau (-). Ada juga yang saldo efektifnya tetap ada tapi dana masuk per hari ini hilang dari mutasi dan saldo efektif. Lagi maintenance.","1837201661263237163","","","in","","0","1","1","https://x.com/Yudhawpa/status/1837201661263237163","1480012764412137472","Yudhawpa"
"1609244999664939008","Sat Dec 31 17:48:00 +0000 2022","217","Only Reason to Watch BiggBoss Show Baadshah @KicchaSudeep #BBK9 #KicchaForever #Kiccha46 #KicchaBoss #BiggBossKannada https://t.co/wnEMN9mqk3","1609244999664939008","https://pbs.twimg.com/ext_tw_video_thumb/1609244899911798784/pu/img/zwG06gSV1uhsJhUX.jpg","","en","Kundapura, India","2","0","54","https://x.com/ksfc_kundapura/status/1609244999664939008","1432017060092002308","ksfc_kundapura"
"1836220934782620037","Wed Sep 18 01:49:20 +0000 2024","2","pagi admin @KAI121 bisa bantu cek id pelaporan 24091502244 saya sudah telpon halo bca juga infonya dana sudah di terkirim ke kai tanpa ada kendala apapun kenapa uang saya ga balik2","1836220934782620037","","","in","Madioen city","3","21","0","https://x.com/Arshaka___/status/1836220934782620037","781474547287588864","Arshaka___"
"1837187641114251767","Fri Sep 20 17:50:41 +0000 2024","1","Gara gara @HaloBCA kinerjanya lama banget gua mau bayar @indihometvcom ga bisa dan jadi kena denda. Gua udah coba dari jam 22.00. Kalu seperti ini mau tanggung jawab ga BCA erornya. Kerja pada ga becus ngurus kendala gitu aja lama. https://t.co/wxIN09pIF1","1837187641114251767","https://pbs.twimg.com/media/GX8AbFybcAEmlKf.jpg","","in","","1","12","0","https://x.com/GUAPENGENBACOT/status/1837187641114251767","1809195625680076801","GUAPENGENBACOT"
"1783817455426822585","Fri Apr 26 11:16:37 +0000 2024","0","BCA lagi kendala ya?","1783817455426822585","","","in","Zimbabwe","0","0","0","https://x.com/true_anp/status/1783817455426822585","532100780","true_anp"
"1301768755027021826","Fri Sep 04 06:27:11 +0000 2020","206","Kuluna en bleu blanc... Nous devons bcp travailler sur les mentalités et l éducation des jeunes. Il y a péril en la demeure https://t.co/CULVPY8Fer","1301768755027021826","https://pbs.twimg.com/ext_tw_video_thumb/1301768699993616385/pu/img/scX0RUDRPxLtM15T.jpg","","fr","Democratic Republic of Congo","20","87","51","https://x.com/AndyBemba/status/1301768755027021826","795045814737498112","AndyBemba"
"1838107278849040418","Mon Sep 23 06:45:00 +0000 2024","7","Please take a note pengguna BCA &amp; Twitter. Kamu pake BCA itu CS paling OK so far kalo ga punya pulsa bisa download aplikasi Halo BCA dan kamu bisa langsung telfon CS tanpa biaya. Aku udah pernah coba waktu ada kendala &amp; langsung dibantu penyelesaiannya.","1838107278849040418","","","in","Kota Surabaya, Jawa Timur","0","4","5","https://x.com/journads/status/1838107278849040418","1751018580123217920","journads"
"1728642539509719135","Sun Nov 26 05:11:12 +0000 2023","441","Last day at #Bengaluru Palace Ground to witness electrifying Kambala races and immerse yourself in rich #TuluCulture. Join the excitement with over 200 pairs of buffalo in a unique competition. Don't miss this Kambla spectacle! #BengaluruKambala #kambala #Karnataka https://t.co/FGfAhC1Dr0","1728642539509719135","https://pbs.twimg.com/ext_tw_video_thumb/1728642399839387648/pu/img/wOsB0K0GPQYPMHMC.jpg","","en","Karnataka, India","6","4","54","https://x.com/KarnatakaWorld/status/1728642539509719135","773218436948176896","KarnatakaWorld"
"1794746766987825198","Sun May 26 15:05:48 +0000 2024","365","Congratulations to @BrandonKhela on scoring his first senior goal. #BCFC https://t.co/nYI1dEsz2T","1794746766987825198","https://pbs.twimg.com/media/GOgYw-yXsAArnbT.jpg","","en","Knighthead Training Grounds","0","4","17","https://x.com/BCFCAcademy/status/1794746766987825198","714054019","BCFCAcademy"
"1835164505476673697","Sun Sep 15 03:51:28 +0000 2024","0","@HaloBCA Bifast BCA apakah ada kendala","1835164505476673697","","HaloBCA","in","Kls.Slm,Yogyakarta,Indonesia","2","18","0","https://x.com/alfahmimq/status/1835164505476673697","81739468","alfahmimq"
"1837435679711940691","Sat Sep 21 10:16:18 +0000 2024","0","ternyata ada kendala sistem dri BCA NYA ada pembaharuan gtu td gua telp nan sama cs nya diksh tau katanya gua suruh tunggu sms masuk bru nnti saldo gua balik full https://t.co/4enzUNtXlS","1837435679711940691","https://pbs.twimg.com/media/GX_iA0Zb0AIVijz.jpg","","in","","0","2","0","https://x.com/biangindass/status/1837435679711940691","1482608974294040579","biangindass"
"1706115113768337839","Mon Sep 25 01:15:15 +0000 2023","332"," | #KENDALL falando Te amo . ️ #VCHA #비춰 @Official_VCHA https://t.co/1hfzXWXOBQ","1706115113768337839","https://pbs.twimg.com/ext_tw_video_thumb/1706115075327635456/pu/img/dg7-NsYpYwBmdbIg.jpg","","pt","Brazilian Fanbase","15","6","35","https://x.com/VCHABRASIL/status/1706115113768337839","1653474044543418383","VCHABRASIL"
"1519129493478150144","Wed Apr 27 01:41:09 +0000 2022","327","i found some of my older TMC doodles (look i m using the cool kid lingo now) a lot of these were just kinda me messing around with my style at the time but i thought i d share it anyways enjoy if you want :) #mandelacatalogue #mandelacataloguefanart https://t.co/q1VlTLPl00","1519129493478150144","https://pbs.twimg.com/media/FRUIN_GVcAEazvo.jpg","","en","i am here sometimes 👀","0","7","65","https://x.com/_kentalei_/status/1519129493478150144","1314637331177988096","_kentalei_"
"1629069971425820672","Fri Feb 24 10:45:22 +0000 2023","202","Wow️ 80ft × 140ft largest #Kannada flag exhibited during the #KCCSeason3 opening ceremony in Chinnaswamy stadium Bengaluru Thank you @KicchaSudeep boss ️ and the entire #KCC teams. #KCCPartIII #KicchaSudeep https://t.co/Su02e4B5FG","1629069971425820672","https://pbs.twimg.com/ext_tw_video_thumb/1629069798746234880/pu/img/OIPgduxC7Fefhy8z.jpg","","en","The Capital, Kuwait","0","1","45","https://x.com/BKKSSS1/status/1629069971425820672","911244416127344640","BKKSSS1"
"1640272934005616640","Mon Mar 27 08:41:56 +0000 2023","242","Boda boda riders in CBD say they have not carried anyone since morning. #MassActionKE https://t.co/Epb7HUwHId","1640272934005616640","https://pbs.twimg.com/media/FsNrgEvXsAYd94E.jpg","","en","Kenya","1","8","28","https://x.com/KTNNewsKE/status/1640272934005616640","1057902407655526400","KTNNewsKE"
"1629070598474199041","Fri Feb 24 10:47:52 +0000 2023","428","Wow️ 80ft × 140ft largest #Kannada flag exhibited during the #KCCSeason3 opening ceremony in Chinnaswamy stadium Bengaluru Thank you @KicchaSudeep sir️ and the entire #KCC teams. #KCCPartIII #KicchaSudeep https://t.co/6G8LFbkzuX","1629070598474199041","https://pbs.twimg.com/ext_tw_video_thumb/1629070464558530562/pu/img/t7hpPkCpgZRl3RCs.jpg","","en","The Capital, Kuwait","0","1","106","https://x.com/BKKSSS1/status/1629070598474199041","911244416127344640","BKKSSS1"
"1540711590206484481","Sat Jun 25 15:00:42 +0000 2022","386","That's the full-time whistle from Burundi 🇧🇮. KCCA FC are the winners of the #NkurunzizaCup2022. Generally a brilliant performance from the lads on the afternoon. Get in! #NkurunzizaCup2022 #AigleNoirKCCA https://t.co/QSydsnHDAP","1540711590206484481","https://pbs.twimg.com/ext_tw_video_thumb/1540711466688360450/pu/img/OI30UBzx5nObhKht.jpg","","en","MTN Omondi Stadium","25","28","58","https://x.com/KCCAFC/status/1540711590206484481","1918137505","KCCAFC"
"1785441933663277241","Tue Apr 30 22:51:43 +0000 2024","360","Check in @MandelaStadium for the final training session ahead of the derby. #KCCAFC #KCCASCV #StarTimesUPL #KCCAFC60 https://t.co/af0fMg8Aqf","1785441933663277241","https://pbs.twimg.com/amplify_video_thumb/1785441861403844609/img/tQefdNYm-BYVMl2O.jpg","","en","MTN Omondi Stadium","3","11","22","https://x.com/KCCAFC/status/1785441933663277241","1918137505","KCCAFC"
"1838966363571753229","Wed Sep 25 15:38:42 +0000 2024","1146","FT: Kengold 0-1 Yanga Sc ️ 13' Ibrahim Bacca (🅰️ Aziz KI) Mchezaji Bora wa mechi Chadrack Boka https://t.co/9RyJTXNqrC","1838966363571753229","https://pbs.twimg.com/media/GYVSKLtWMAAdDAt.jpg","","in","Dar Es Salaam","0","8","26","https://x.com/Iamfelixtz/status/1838966363571753229","1499757458994216960","Iamfelixtz"
"1807225279208624361","Sun Jun 30 01:30:57 +0000 2024","248","Mali🇲🇱/Quand j avais publié que le BAC s est déroulé à #Kidal 10 ans après un contingent de la 5è colonne est venu m attaquer disant que ça se faisait depuis des années. Quand ils ont vu que l académie d enseignement de #Kidal a confirmé mon post ils ont disparu dans 1/2 https://t.co/0XznoZ0Awu","1807225279208624361","https://pbs.twimg.com/ext_tw_video_thumb/1807225229992726529/pu/img/KrzAZ50ZarPpqxwq.jpg","","fr","Mali","2","5","44","https://x.com/DelphineSankara/status/1807225279208624361","1611439808173195264","DelphineSankara"
"1752899608139948497","Thu Feb 01 03:40:08 +0000 2024","1060","ಕೇರಳದ ಒತ್ತಡಕ್ಕೆ ಮಣಿಯದೆ ಇರುಳಿನ ವೇಳೆ ಯಾವುದೇ ಕಾರಣಕ್ಕೂ ಬಂಡಿಗಳ ಸವಾರಿಗೆ ಅನುಮತಿ ನೀಡದೆ ಬಂಡೀಪುರ ಕಾನನ ಮತ್ತು ಅಲ್ಲಿನ ಕಾಡು ಪ್ರಾಣಿಗಳ ಉಳಿವಿಗೆ ಕರ್ನಾಟಕವು ನೆರವಾಗಬೇಕು #ಬಂಡೀಪುರ_ಉಳಿಸಿ #SaveBandipura #DALLE3 https://t.co/Gteo2HZ1Kq","1752899608139948497","https://pbs.twimg.com/media/GFOM5Mnb0AAMCmL.jpg","","kn","ಕನ್ನಡ ನಾಡು","25","6","414","https://x.com/Metikurke/status/1752899608139948497","121972381","Metikurke"
"1725740535049245020","Sat Nov 18 04:59:40 +0000 2023","241","Experience the thrill of Kambala a muddy water buffalo race showcasing the athletic prowess of Coastal #Karnataka. Every weekend witness the speed and precision of buffaloes covering a 140m track in under 12 seconds. Tradition meets athleticism! #Kambala #TulunaduBeauty https://t.co/Se28Q6cRPQ","1725740535049245020","https://pbs.twimg.com/ext_tw_video_thumb/1725734994805682176/pu/img/EyVzf8b8-VCKhTdg.jpg","","en","Karnataka, India","12","10","44","https://x.com/KarnatakaWorld/status/1725740535049245020","773218436948176896","KarnatakaWorld"
"1832370609184973077","Sat Sep 07 10:49:31 +0000 2024","323","Moments from the ongoing #KampalaCarFreeDay. Views from City Square and Buganda road which street are you on? https://t.co/NvEDlemkLv","1832370609184973077","https://pbs.twimg.com/media/GW3heeQWEAE8ULU.jpg","","en","KCCA HQ, Kampala-Uganda","8","49","48","https://x.com/KCCAUG/status/1832370609184973077","453796950","KCCAUG"
"1688567128553824256","Mon Aug 07 15:05:50 +0000 2023","705","It's good news for people of #Bengaluru You can witness #Kambala in Bengaluru now Bengaluru Tulu Koota is organizing #Kambala popular traditional buffalo race of coastal Karnataka in Palace grounds this November for the first time in history Dates to be out soon... https://t.co/Q2P15fTVfe","1688567128553824256","https://pbs.twimg.com/media/F27-2rwa0AAOUZB.jpg","","en","Kundapura","13","24","105","https://x.com/DpHegde/status/1688567128553824256","4272651382","DpHegde"
"1728345154707415046","Sat Nov 25 09:29:30 +0000 2023","1402","ರಾಷ್ಟ್ರಮಟ್ಟದಲ್ಲಿ ನಮ್ಮ ತುಳುನಾಡು ಕರಾವಳಿಯ ಸಂಸ್ಕೃತಿಯನ್ನು ಪ್ರತಿಬಿಂಬಿಸಲು ಬೆಂಗಳೂರಿನಲ್ಲಿ ಎರಡು ದಿನಗಳ ಕಾಲ ಆಯೋಜಿಸಲಾಗಿರುವ ನಾಡಿನ ಹೆಮ್ಮೆಯ ಜಾನಪದ ಕ್ರೀಡೆ 'ಕಂಬಳ ಉತ್ಸವ'ದಲ್ಲಿ ಇಂದು ಪಾಲ್ಗೊಳ್ಳಲಾಯಿತು. https://t.co/HEbA98Z2gO","1728345154707415046","https://pbs.twimg.com/media/F_xQvuMWEAAgUTA.jpg","","kn","Bengaluru, India","7","13","65","https://x.com/BSYBJP/status/1728345154707415046","54936590","BSYBJP"
"1366751188956422154","Tue Mar 02 14:04:11 +0000 2021","211","|FULL TIME in Jinja BUSOGA FC 0:4 KCCA FC ️️️️ https://t.co/etsB9Twk3H","1366751188956422154","https://pbs.twimg.com/media/Eves8y-WQAIpS_z.jpg","","pt","MTN Omondi Stadium","4","8","28","https://x.com/KCCAFC/status/1366751188956422154","1918137505","KCCAFC"
"1742168220692533323","Tue Jan 02 12:57:26 +0000 2024","231","बाँदा की प्रसिद्ध केन नदी पर केन महोत्सव का आयोजन किया गया।आम जनमानस को माँ समान केन व सभी नदियों को स्वच्छ एवं संरक्षित रखने का संदेश देने के उद्देश्य से यह आयोजन किया गया। बाँदा का प्रसिद्ध खेल - नौका बिहार प्रतियोगिता कराई गई व केन आरती भी की गई। @CMOfficeUP https://t.co/rGwbQngGez","1742168220692533323","https://pbs.twimg.com/media/GC1srfJXMAAB6Ou.jpg","","hi","Banda, India","1","9","22","https://x.com/DM_Banda1/status/1742168220692533323","1017648779263205376","DM_Banda1"
"1445992909963087876","Thu Oct 07 06:02:29 +0000 2021","443","Benda Paling Cuak. A satirical horror short by Kualitea Productions. https://t.co/r8zCEUD8nJ","1445992909963087876","https://pbs.twimg.com/media/FBEy4t_UYAQpzD-.jpg","","en","Malaysia","8","3","147","https://x.com/KualiTeaProd/status/1445992909963087876","1236314520974327811","KualiTeaProd"
"1747940746898846167","Thu Jan 18 11:15:23 +0000 2024","364","KCCA is painting road pavements but the boda boda fellows are not letting the roads to glitter for the visitors. Boda boda need alot of sensitisation. https://t.co/dHViZu1kCz","1747940746898846167","https://pbs.twimg.com/media/GEHu1PLXsAAOBs9.jpg","","en","","4","59","47","https://x.com/joshjeje2/status/1747940746898846167","1156474396246196224","joshjeje2"
"1399339899011186691","Mon May 31 12:20:05 +0000 2021","284","The beautiful John Babiiha road- Acacia. Completion works now at 98% pending installation of traffic lights at the different junctions along the route. #KCCAatWork https://t.co/xeidgxq0MA","1399339899011186691","https://pbs.twimg.com/media/E2tynrGWUAABFtJ.jpg","","en","KCCA HQ, Kampala-Uganda","25","49","44","https://x.com/KCCAUG/status/1399339899011186691","453796950","KCCAUG"
"1536392325777305600","Mon Jun 13 16:57:29 +0000 2022","1289","Violents combats autour de Bunagana : Un bataillon en partance de Kinshasa pour rejoindre les combattants FARDC sur le front. Elikya eyali to kolonga ! https://t.co/oAIYmtl2Oj","1536392325777305600","https://pbs.twimg.com/ext_tw_video_thumb/1536392172123181056/pu/img/78Uprj1q9naQtqL3.jpg","","fr","Democratic Republic of Congo","54","128","281","https://x.com/AndyBemba/status/1536392325777305600","795045814737498112","AndyBemba"
"1837158887050596587","Fri Sep 20 15:56:26 +0000 2024","0","ATTENTION PLEASE ! Informasi untuk semua member setia SUNMORY33 untuk saat ini kami informasikan BANK BCA sedang MENGALAMI GANGGUAN ya bosku untuk informasi lebih lanjut dan jika terjadi kendala lain nya dapat menghubungi LIVECHAT maupun WHATSAPP OFFICIAL KAMI 0812-2319-6139 https://t.co/lDzYWnhtTU","1837158887050596587","https://pbs.twimg.com/media/GX7mPywbUAA8dhG.jpg","","in","indonesia","0","0","0","https://x.com/NathaliePs96861/status/1837158887050596587","1766212459247919104","NathaliePs96861"
"1833369982572621944","Tue Sep 10 05:00:40 +0000 2024","0","Update Pricelist 10 September 2024 Jual Apps Premium Trusted Amanah Bergaransi Fast Respon Max 1x24 jam jika ada kendala Payment via BCA BNI DANA OVO GOPAY SHOPEEPAY SEABANK Order klik link di bio atau DM #jualnetflix #jualspotify #jualviu #jualcanva https://t.co/sLmkrvfmmZ","1833369982572621944","https://pbs.twimg.com/media/GXFwRudbEAAz9Hz.jpg","","in","","0","0","0","https://x.com/appsprem_store/status/1833369982572621944","1395882727543513090","appsprem_store"
"1823902270435811629","Thu Aug 15 01:59:22 +0000 2024","2","bank BCA pelayanannya selalu gercep bgttt setiap ada kendala ga pernah lama nunggu prosesnya ","1823902270435811629","","","in","","0","1","0","https://x.com/yearendsale_/status/1823902270435811629","1859212724","yearendsale_"
"1818291612470190559","Tue Jul 30 14:24:37 +0000 2024","0","Gue hbis ditelpon no ga dikenal gue indikasiin penipu gatau deh Dia pas nelpon ngaku orang bca dia nelpon gue grgr kemaren gue habis nelpon call center karna ada kendala. Tapi cara dia ngomong tuh gak kayak call center pada umumnya kurang pro nihh belum pelatihan yahh","1818291612470190559","","","in","","0","1","0","https://x.com/haechihceahh/status/1818291612470190559","1400098629348519938","haechihceahh"
"1700080630002753955","Fri Sep 08 09:36:22 +0000 2023","450","We congratulate the @KingNadiopeIV and the people of Busoga on unveiling Her Royal Highness the Inhebantu (Queen) of Busoga. https://t.co/UPFL16dL1s","1700080630002753955","https://pbs.twimg.com/media/F5fmUNlX0AApktA.jpg","","en","KCCA HQ, Kampala-Uganda","1","8","45","https://x.com/KCCAUG/status/1700080630002753955","453796950","KCCAUG"
"1554186528389304321","Mon Aug 01 19:25:18 +0000 2022","574","1/3. BK Group Plc is pleased to announce the appointment of Mrs. Beata Uwamaliza Habyarimana as the CEO of BK Group Plc effective 01st August 2022. The appointment was made following the resolution of BK Group Plc Board of Directors and is pending all regulatory approvals. https://t.co/FuTkIeLtSA","1554186528389304321","https://pbs.twimg.com/media/FZGUZ5TWYAERn__.jpg","","en","Rwanda","9","29","98","https://x.com/BankofKigali/status/1554186528389304321","325716232","BankofKigali"
"1823960273071538591","Thu Aug 15 05:49:51 +0000 2024","0","Barusan mau setor tunai ke atm bca dgn pedenya masukin no hp dan kode transaksi tp kok salah trs. Dicoba lg tetep salah. Satpam bank ngeliat gue yg kebingungan nyamperin trs nanya ada kendala apa..","1823960273071538591","","","in","Indonesian","0","1","0","https://x.com/offmecake/status/1823960273071538591","128109358","offmecake"
"1825184153870201192","Sun Aug 18 15:01:10 +0000 2024","0","@zaaavery Selamat malam Kak. Untuk kartu Flazz BCA dapat digunakan untuk transaksi perjalanan Commuter Line ya Kak. Apabila ada kendala silakan dapat menghubungi petugas Stasiun untuk dilakukan pengecekan ya. Terima kasih.","1825186180398473453","","zaaavery","in","Jakarta Pusat","0","1","0","https://x.com/CommuterLine/status/1825186180398473453","341987176","CommuterLine"
"1837161490144710963","Fri Sep 20 16:48:43 +0000 2024","0","@eccendentsiast eh ini knp kok gw cek bca gaada kendala","1837172046201245701","","eccendentsiast","in","","0","4","0","https://x.com/tukangtiupbalon/status/1837172046201245701","1063676046858366976","tukangtiupbalon"
"1580941513915187203","Fri Oct 14 16:17:11 +0000 2022","184","@tanyakanrl Sekeluarga pada BCA temen temenku bca pakde bude om tante juga kebanyakan bca kakak dan adek sepupu juga rerata pada pake bca. Jadi BCA nder wkwk","1580955889972150273","","tanyakanrl","in","Indonesia","0","1","2","https://x.com/aldiaXX/status/1580955889972150273","957969993722839045","aldiaXX"
"1829670866332106890","Sat Aug 31 01:16:32 +0000 2024","0","@onlyleafkj Selamat pagi Kak. Mohon maaf sebelumnya terdapat kendala pembayaran melalui Virtual Account BCA. Guna Railmin bantu cek status pemesanan tiketnya silakan informasikan data berikut melalui DM: - kode booking: - Nama: - NIK seluruh penumpang: - Tanggal dan bulan keberangkatan: -","1829689695628116133","","onlyleafkj","in","","0","2","0","https://x.com/KAI121/status/1829689695628116133","516165629","KAI121"
"1833855334307569847","Wed Sep 11 13:47:35 +0000 2024","0","@Hamdie19 wkwkkw bukan gitu maksudnya pernah ada kendala di bca ga","1833864973078200684","","Hamdie19","in","Semarang, Central Java","0","0","0","https://x.com/womancruuush/status/1833864973078200684","874839138","womancruuush"
"1113351570203213824","Wed Apr 03 08:04:34 +0000 2019","336","This is the proposed apology that I received and accepted from eNCA this morning. It will be broadcasted on Jane Dutton Tonight. The complaint was brought directly before the Tribunal of the Commission(BCCSA) for a decision this morning. https://t.co/dfozkrQK1n","1113351570203213824","https://pbs.twimg.com/media/D3NrWhHXoAEgb9S.jpg","","en","","42","140","230","https://x.com/koko_matshela/status/1113351570203213824","756852280448675840","koko_matshela"
"1816670601588900182","Fri Jul 26 03:03:18 +0000 2024","0","kendala mulu bca nya wkwkwkwk","1816670604428493014","","grizlyseo","in","HARSH WORD⚠️","0","0","0","https://x.com/grizlyseo/status/1816670604428493014","1694738012457017344","grizlyseo"
"1824363279445266772","Fri Aug 16 08:31:15 +0000 2024","0","@HaloBCA halo min apakah lagi ada kendala pada mbanking bca? soalnya gabisa transfer virtual account","1824363279445266772","","HaloBCA","in","woo’s","4","19","0","https://x.com/aortaries/status/1824363279445266772","1651570815119527936","aortaries"
"1840781062047408618","Mon Sep 30 16:01:08 +0000 2024","0","@hnyprilia Kami turut prihatin atas kendala yang Ibu @hnyprilia alami. Untuk cek status transaksi yang Ibu lakukan mohon kesediaan Ibu dapat menghubungi Halo BCA 1500888 dikarenakan membutuhkan verifikasi data melalui telepon.","1840783949813162290","","hnyprilia","in","Jakarta - Indonesia","0","1","0","https://x.com/HaloBCA/status/1840783949813162290","620977821","HaloBCA"
"1757720033357152256","Wed Feb 14 12:26:04 +0000 2024","292","@Solomon_Buchi Name: Benedicta Religion: Christian Occupation: A Baker Location: Onitsha Genotype: AA https://t.co/bhE1Doacmx","1757743006113812848","https://pbs.twimg.com/media/GGTB8CXXoAAskqj.jpg","Solomon_Buchi","en","Nigeria","1","49","8","https://x.com/Benedic98446783/status/1757743006113812848","910864120085454848","Benedic98446783"
"1269992646577131521","Mon Jun 08 14:00:16 +0000 2020","196","Should Motor Cycles (Boda-Bodas) be regulated within the Central Business District (CBD)?","1269992646577131521","","","en","KCCA HQ, Kampala-Uganda","11","97","82","https://x.com/KCCAUG/status/1269992646577131521","453796950","KCCAUG"
"1828812541637562739","Wed Aug 28 15:11:02 +0000 2024","0","Selalu kendala di kode OTP aplikasi BcA mobile itu utk mempermudah/mempersulit sih?? @HaloBCA @BankBCA @XpresiBCA","1828812541637562739","","","in","","1","5","0","https://x.com/yomimomo1973/status/1828812541637562739","1807176515639005184","yomimomo1973"
"1840883765767520279","Mon Sep 30 22:49:15 +0000 2024","0","@Alrasyid_111 Sangat disayangkan atas kendala yang terjadi untuk kendala tersebut silakan Bapak @Alrasyid_111 bisa pilih menu lupa BCA ID pada myBCA nantinya untuk BCA ID akan dikirimkan melalui email yang terdaftar ya. Tks :) ^Pallefi","1840886656230183167","","Alrasyid_111","in","Jakarta - Indonesia","0","0","0","https://x.com/HaloBCA/status/1840886656230183167","620977821","HaloBCA"
"1840351817148047713","Sun Sep 29 11:23:59 +0000 2024","0","Update Pricelist 29 September 2024 Jual Apps Premium Trusted Amanah Bergaransi Fast Respon Max 1x24 jam jika ada kendala Payment via BCA BNI DANA OVO GOPAY SHOPEEPAY SEABANK Order klik link di bio atau DM #jualnetflix #jualspotify #jualviu #jualyoutube https://t.co/sgEaWWshSZ","1840351817148047713","https://pbs.twimg.com/media/GYo-NzKbEAAVwC2.jpg","","in","","0","0","0","https://x.com/appsprem_store/status/1840351817148047713","1395882727543513090","appsprem_store"
"1287763139346329600","Mon Jul 27 14:53:52 +0000 2020","446","It is almost 6pm (rush hour) I am driving along Jinja Road in the middle of Kampala and traffic is flowing well! Reason? Boda bodas are back! Now instead of every commuter having to use a car they can grab a boda boda thereby decongesting the city! https://t.co/wZOskoryCN","1287763139346329600","https://pbs.twimg.com/ext_tw_video_thumb/1287763036057620480/pu/img/1FusHCzlm3WHHiuM.jpg","","en","Kampala, Uganda","9","55","49","https://x.com/AndrewMwenda/status/1287763139346329600","96941094","AndrewMwenda"
"1786240230397493729","Fri May 03 03:43:52 +0000 2024","0","@HaloBCA Hai min mau bertanya apakah saat ini ada kendala teansfer melalui mobile banking BCA?","1786240230397493729","","HaloBCA","in","Indonesia","0","1","0","https://x.com/tynptrwlstr/status/1786240230397493729","251412137","tynptrwlstr"
"1840182847480680472","Sun Sep 29 00:23:10 +0000 2024","0","@agriyanarp1 Selamat pagi. Untuk kartu Flazz BCA dapat digunakan untuk transaksi perjalanan Commuter Line ya Kak. Apabila ada kendala silakan dapat menghubungi petugas Stasiun untuk dilakukan pengecekan ya. Terima kasih.","1840185515460702564","","agriyanarp1","in","Jakarta Pusat","0","0","0","https://x.com/CommuterLine/status/1840185515460702564","341987176","CommuterLine"
"1840781062047408618","Mon Sep 30 16:09:38 +0000 2024","0","@hnyprilia Jika mengalami kendala saat menghubungi layanan Halo BCA maka dikhawatirkan saat ini layanan sedang padat dan masih dalam antrean. Sehingga dapat kami sarankan mencoba kembali secara berkala ya Ibu @hnyprilia. :) Tks ^Leon","1840786088769843362","","hnyprilia","in","Jakarta - Indonesia","0","0","0","https://x.com/HaloBCA/status/1840786088769843362","620977821","HaloBCA"
"1767583071128154478","Tue Mar 12 16:06:58 +0000 2024","217","We are pleased to announce a valuable addition to our Physical Planning Team. Mr. Byendaimira Vicent Biribonwa is our Substantive Director of Physical Planning. He joins us from the Ministry of Lands Housing &amp; Urban Development where he has been serving as Commissioner https://t.co/MpYlbKTXVs","1767583071128154478","https://pbs.twimg.com/media/GIdDhwSWgAAruxt.jpg","","en","KCCA HQ, Kampala-Uganda","11","54","33","https://x.com/KCCAUG/status/1767583071128154478","453796950","KCCAUG"
"1840770521006563599","Mon Sep 30 15:10:12 +0000 2024","0","@yomimomo1973 Sangat disayangkan sekali atas kendala yang Ibu @yomimomo1973 alami. Apabila yang dimaksud mengalami kendala transfer maka untuk pengecekan Ibu dapat menghubungi Halo BCA 1500888 via fitur Call pada aplikasi haloBCA (bebas pulsa) agar diproses lebih lanjut. Tks ^Hadid","1840771131667882150","","yomimomo1973","in","Jakarta - Indonesia","0","0","0","https://x.com/HaloBCA/status/1840771131667882150","620977821","HaloBCA"
"1840818148385374408","Mon Sep 30 18:23:07 +0000 2024","0","@urpwettybb Kami sarankan untuk coba berkala ya. Namun apabila masih mengalami kendala yang sama Bapak/Ibu Pelanggan dapat menghubungi Halo BCA 1500888 via fitur Call pada aplikasi haloBCA (bebas pulsa) agar diproses lebih lanjut. Tks ^Hadid","1840819683295183302","","urpwettybb","in","Jakarta - Indonesia","0","0","0","https://x.com/HaloBCA/status/1840819683295183302","620977821","HaloBCA"
"1840745831504490780","Mon Sep 30 23:11:01 +0000 2024","0","@apin_syh Sangat disayangkan sekali atas kendala yang terjadi. Terkait kendala yang Bapak @apin_syh alami untuk pengecekan status keberhasilan transaksi dapat kami sarankan menghubungi layanan Halo BCA 1500888 menggunakan aplikasi haloBCA pada fitur Call (bebas pulsa) ya. Tks ^Lindy","1840892134716768511","","apin_syh","in","Jakarta - Indonesia","0","0","0","https://x.com/HaloBCA/status/1840892134716768511","620977821","HaloBCA"
"1838225442446204974","Mon Sep 23 14:45:55 +0000 2024","0","@HaloBCA Ini yang bener . Kan tadi saya udah info kalau lagi diluar Negeri biasanya juga ga begini bisa aja even pakai wifi. Kalau di internal bca ada kendala mohon juga bantu infokan.","1838228305922974132","","HaloBCA","in","Singapore","1","6","0","https://x.com/elsmomm/status/1838228305922974132","125567986","elsmomm"
"623704040380088322","Mon Sep 30 15:14:14 +0000 2024","0","@911porschey Sangat disayangkan sekali atas kendala yang Bapak/Ibu Pelanggan alami. Mohon informasikan lebih detail terkait kendala transaksi yang dimaksud apakah pada transaksi transfer QRIS atau lainnya? Agar dapat kami informasikan lebih lanjut. Tks ^Hadid","1840772148870455778","","911porschey","in","Jakarta - Indonesia","0","1","0","https://x.com/HaloBCA/status/1840772148870455778","620977821","HaloBCA"
"1812736119085421017","Mon Jul 15 06:29:04 +0000 2024","0","@HaloBCA apakah memang sdg ada kendala pada sistem my BCA ya? Kok mau transfer antar bank dan top up shopee pay gopay tdk bisa?","1812736119085421017","","HaloBCA","in","ÜT: 1.2991774,103.8555008","4","17","0","https://x.com/martayanti/status/1812736119085421017","74052607","martayanti"
"1798317595072008209","Wed Jun 05 12:03:47 +0000 2024","0","@hambapelangi @BaseBDG kalo blu misal ada kendala bisa ke kantor BCA nya gasih?","1798324839092265404","","hambapelangi","in","Bandung, Jawa Barat","0","0","0","https://x.com/peaceminusyouu/status/1798324839092265404","1318775890482851840","peaceminusyouu"
"1592527229363556353","Tue Nov 15 14:37:33 +0000 2022","729","Our prayers are with you @mandela_ashraf . Get well soon. https://t.co/29lWrYVvFg","1592527229363556353","https://pbs.twimg.com/media/FhnK3YrWQAEKBKB.jpg","","en","MTN Omondi Stadium","6","33","54","https://x.com/KCCAFC/status/1592527229363556353","1918137505","KCCAFC"
"1821398568760234464","Thu Aug 08 06:48:43 +0000 2024","1","@Yattie2023 Hai #SobatRupiah. Kami turut bersimpati atas kendala yang dialami. Mengenai aplikasi yang dimaksud tidak berizin Bank Indonesia. Selanjutnya mengenai transfer dana kpd pihak yang tidak bertanggung jawab melalui penyelenggara berizin di Bank Indonesia dalam hal ini BCA. (1)","1821438373862707584","","Yattie2023","in","INDONESIA","0","2","0","https://x.com/bank_indonesia/status/1821438373862707584","153667051","bank_indonesia"
"1830595437134557380","Mon Sep 02 21:06:08 +0000 2024","0","@Queencho23 pakai bca aman aja kak tidak ada kendala","1830713847231221825","","Queencho23","in","","0","0","0","https://x.com/dewa_nugr/status/1830713847231221825","1131074406078246913","dewa_nugr"
"1221374618721832960","Sun Jan 26 10:09:35 +0000 2020","203"," Το @BCA_COLLEGE ξεκινά σε ένα υπέροχο κτηριο...Δεν πρόκειται για διαφήμιση του κολλεγίου αλλά για tweet που έγραψε στον πρ.λογαριασμο του ο Άδωνης. Αυτό που παρέλειψε να γράψει είναι ότι πρόεδρος του BCA είναι ο Μπίλης Δασκαλάκης που βάφτισε το γιο του Άδωνη το '14 !! #Documento https://t.co/UEF00lK8r9","1221374618721832960","https://pbs.twimg.com/media/EPMxvAuWoAAUE2x.jpg","","el","ΑΤΤΙΚΟΣ ΟΥΡΑΝΟΣ. #Free🇵🇸","7","8","117","https://x.com/Ezhna2/status/1221374618721832960","779730812786839552","Ezhna2"
"1823579024276574234","Fri Sep 20 18:28:16 +0000 2024","0","@DimasImamPrast1 Halo @DimasImamPrast1. Sehubungan dengan kendala yang terjadi dalam mengakses BCA mobile myBCA KlikBCA Individu dan layanan EDC BCA pada Jumat 20 September 2024 kami memohon maaf atas ketidaknyamanan yang terjadi. (1/2)","1837197100570071083","","DimasImamPrast1","in","","0","1","0","https://x.com/GoodLifeBCA/status/1837197100570071083","17824435","GoodLifeBCA"
"1840765793447084178","Mon Sep 30 15:04:54 +0000 2024","0","@apin_syh Kami turut prihatin atas kendala yang Bapak @apin_syh alami. Jika mengalami kendala transaksi QRIS maka untuk cek status transaksi yang Bapak lakukan mohon kesediaan Bapak dapat menghubungi Halo BCA 1500888 dikarenakan membutuhkan verifikasi data melalui telepon. :) Tks ^Leon","1840769797707231494","","apin_syh","in","Jakarta - Indonesia","0","1","0","https://x.com/HaloBCA/status/1840769797707231494","620977821","HaloBCA"
"1836822335137140768","Thu Sep 19 17:39:05 +0000 2024","0","@HaloBCA tlpon hallo bca via aplikasi kok ga diangkat amgkat. kenapa yaa min mau komplen lagi kena kendala di bca saya min .. please","1836822335137140768","","HaloBCA","in","","2","6","1","https://x.com/SankyuTara30733/status/1836822335137140768","1691405082007601152","SankyuTara30733"
"1811205538405109942","Thu Jul 11 01:21:27 +0000 2024","2","@HaloBCA @thaiteag0d Top VA di BCA lagi kendala kah? Error terus @HaloBCA","1811209151605002427","","HaloBCA","in","","2","11","0","https://x.com/Imawanbangkit12/status/1811209151605002427","1400772110897717256","Imawanbangkit12"
"1840745310488056299","Mon Sep 30 14:40:19 +0000 2024","0","@putri_nadzira Sangat disayangkan atas kendala yang Ibu @putri_nadzira alami. Untuk kendala yang sama agar dibantu cek lebih lanjut kendala Ibu bisa menghubungi layanan Halo BCA 1500888 menggunakan aplikasi haloBCA pada fitur Call","1840763609955369136","","putri_nadzira","in","Jakarta - Indonesia","0","0","0","https://x.com/HaloBCA/status/1840763609955369136","620977821","HaloBCA"
"1840750833572384981","Mon Sep 30 13:52:34 +0000 2024","0","@ZarLazzar Mohon maaf atas ketidaknyamanan dan kendala yang Bapak/Ibu Pelanggan alami. Terkait kendala tersebut mohon kesediaan Bapak/Ibu dapat menghubungi layanan Halo BCA 1500888","1840751593421148604","","ZarLazzar","in","Jakarta - Indonesia","0","0","0","https://x.com/HaloBCA/status/1840751593421148604","620977821","HaloBCA"
"1840744030285500767","Mon Sep 30 14:44:53 +0000 2024","0","@putri_nadzira Sangat disayangkan atas kendala yang Bapak/Ibu Pelanggan alami. Untuk kendala tersebut agar dibantu cek lebih lanjut kendala Bapak/Ibu bisa menghubungi layanan Halo BCA 1500888 menggunakan aplikasi haloBCA pada fitur Call","1840764759467319592","","putri_nadzira","in","Jakarta - Indonesia","0","0","0","https://x.com/HaloBCA/status/1840764759467319592","620977821","HaloBCA"
"1840781062047408618","Mon Sep 30 16:01:45 +0000 2024","0","@hnyprilia Jika mengalami kendala saat menghubungi layanan Halo BCA maka dikhawatirkan saat ini layanan sedang padat dan masih dalam antrean. Sehingga dapat kami sarankan mencoba kembali secara berkala ya.","1840784106730434794","","hnyprilia","in","Jakarta - Indonesia","0","0","0","https://x.com/HaloBCA/status/1840784106730434794","620977821","HaloBCA"
"623704040380088322","Mon Sep 30 15:12:21 +0000 2024","0","@Panjiadryansah6 Sangat disayangkan sekali atas kendala yang Bapak @Panjiadryansah6 alami. Mohon informasikan lebih detail apakah yang terblokir pada myBCA m-BCA pada BCA mobile atau lainnya? Agar kami dapat informasikan lebih lanjut. Tks ^Hadid","1840771672649167286","","Panjiadryansah6","in","Jakarta - Indonesia","0","0","0","https://x.com/HaloBCA/status/1840771672649167286","620977821","HaloBCA"
"1840757283544003065","Mon Sep 30 14:17:00 +0000 2024","0","@readqing Kami turut prihatin atas kendala yang Bapak/Ibu Pelanggan alami. Kami informasikan kepada Bapak/Ibu terkait laporan penipuan mohon dapat menghubungi Halo BCA 1500888.","1840757742992322617","","readqing","in","Jakarta - Indonesia","0","0","0","https://x.com/HaloBCA/status/1840757742992322617","620977821","HaloBCA"
"1837753514619285774","Sun Sep 22 08:58:01 +0000 2024","0","@gitarkustik Hai kak maaf terkait kendala pembayaran VA BCA agar aku bisa bantu pengecekn boleh infoin ss bukti transaksi kamu ke DM @Shopee_id. Sehat selalu kak ^PY","1837778368311505274","","gitarkustik","in","Jakarta Capital Region","0","4","0","https://x.com/ShopeeID/status/1837778368311505274","2983890506","ShopeeID"
"1824004765220810988","Thu Aug 15 08:46:39 +0000 2024","0","Untuk aplikasi BCA dan fitur2 nya makin kesini makin jelek terlalu banyak kendala! @XpresiBCA @HaloBCA @BankBCA","1824004765220810988","","","in","","0","4","0","https://x.com/mojiate1978/status/1824004765220810988","1807176365722255360","mojiate1978"
"1840750833572384981","Mon Sep 30 14:40:28 +0000 2024","0","@putri_nadzira Mohon maaf atas ketidaknyamanan yang Ibu @putri_nadzira alami. Jika mengalami kendala transaksi QRIS maka untuk cek status transaksi yang Ibu lakukan mohon kesediaan Ibu dapat menghubungi Halo BCA 1500888 dikarenakan membutuhkan verifikasi data melalui telepon. :) Tks ^Leon","1840763651579670785","","putri_nadzira","in","Jakarta - Indonesia","0","1","0","https://x.com/HaloBCA/status/1840763651579670785","620977821","HaloBCA"
"1840795877386170570","Mon Sep 30 16:52:55 +0000 2024","0","@arumwidyasani Sangat disayangkan atas kendala yang Ibu @arumwidyasani alami. Silakan konfirmasi ke pihak merchant. Tks ^Gefar","1840796983197614554","","arumwidyasani","in","Jakarta - Indonesia","0","0","0","https://x.com/HaloBCA/status/1840796983197614554","620977821","HaloBCA"
"1840897471473729928","Mon Sep 30 23:40:36 +0000 2024","0","@ttavoryn Sangat disayangkan sekali atas kendala yang Bapak/Ibu Pelanggan alami. Sesuai tampilan gambar yang dikirimkan dengan respons yang muncul 191 - Data tidak sesuai maka silakan lakukan verifikasi ulang BCA mobile melalui menu About ","1840899577513488587","","ttavoryn","in","Jakarta - Indonesia","0","0","0","https://x.com/HaloBCA/status/1840899577513488587","620977821","HaloBCA"
"1839696393361121784","Fri Sep 27 16:06:36 +0000 2024","0","@zasunaa1976 Halo @zasunaa1976. Untuk kendala tidak terima kode OTP pastikan kamu menggunakan nomor handphone dan jaringan internet dari nomor handphone yang terdaftar untuk m-BCA (BCA mobile) tersedia pulsa reguler minimal Rp1.000 - dan pastikan jaringan stabil tidak ada kendala.","1839698161981595985","","zasunaa1976","in","","0","0","0","https://x.com/XpresiBCA/status/1839698161981595985","351429302","XpresiBCA"
"1840724963231486113","Mon Sep 30 12:33:44 +0000 2024","0","@archiefii Hai Kak @archiefii. Maaf ya saat ini tidak ada kendala Kak. Minblu sarankan Kakak bisa mencoba secara berkala untuk transfer BI-FAST ke Bank BCA ya. ","1840731757785842012","","archiefii","in","","0","1","0","https://x.com/blubybcadigital/status/1840731757785842012","1295566743893504003","blubybcadigital"
"1840779942763852003","Mon Sep 30 16:09:47 +0000 2024","0","@ingyahhdik Kami tidak dapat memastikan ya dikhawatirkan kendala jaringan namun apabila sudah konfirmasi kepada pihak Shopee","1840786127596454369","","ingyahhdik","in","Jakarta - Indonesia","0","0","0","https://x.com/HaloBCA/status/1840786127596454369","620977821","HaloBCA"
"1396364037378777091","Sun May 23 07:15:04 +0000 2021","291","Boda Boda ridders in Kampala under their umbrella organization Kampala Boda Boda riders have received an Ambulance van from President Museveni to rescue them in case of an accident. #UBCNews https://t.co/PczWw0TXtk","1396364037378777091","https://pbs.twimg.com/media/E2DhUESXEAYlNmy.jpg","","en","Uganda","31","54","48","https://x.com/ubctvuganda/status/1396364037378777091","360472444","ubctvuganda"
"1839695476133966094","Fri Sep 27 16:01:48 +0000 2024","0","@daffrockie Halo @daffrockie. Boleh informasikan lebih detail kendala password yang kamu maksud apakah password BCA ID atau lainnya?","1839696954349261209","","daffrockie","in","","0","0","0","https://x.com/XpresiBCA/status/1839696954349261209","351429302","XpresiBCA"
"1840229431924928537","Sun Sep 29 04:36:36 +0000 2024","0","@mbaqbonita Hai @mbaqbonita. Mohon maaf sudah membuat kamu merasa tidak nyaman. Untuk kendala tidak terima kode OTP pastikan kamu menggunakan nomor handphone dan jaringan internet dari nomor handphone yang terdaftar untuk m-BCA (BCA mobile) tersedia pulsa (1/2)","1840249295494361142","","mbaqbonita","in","","0","1","0","https://x.com/XpresiBCA/status/1840249295494361142","351429302","XpresiBCA"
"1840887011517088203","Mon Sep 30 22:53:51 +0000 2024","0","@ochadgates Sangat disayangkan atas kendala yang terjadi silakan Bapak/Ibu Pelanggan dapat mengikuti informasi yang disampaikan melalui DM ya. Tks :) ^Pallefi","1840887812469702991","","ochadgates","in","Jakarta - Indonesia","0","0","0","https://x.com/HaloBCA/status/1840887812469702991","620977821","HaloBCA"
"1819732509061685646","Mon Aug 05 02:41:14 +0000 2024","0","@ekojb07 Mengenai kendala tersebut kami sarankan agar kamu dapat berkoordinasi terlebih dahulu dengan pihak perbankan terkait dalam hal ini BCA agar dapat dilakukan pengecekan lebih lanjut. Semoga kendala yang dialami dapat segera terselesaikan. (2)","1820288927204512242","","bank_indonesia","in","INDONESIA","0","0","0","https://x.com/bank_indonesia/status/1820288927204512242","153667051","bank_indonesia"
"1647508861652279298","Sun Apr 16 07:54:56 +0000 2023","204","Incredible performance from the #GhettoKids @BGT. Thank you for making Kampala proud https://t.co/JdmYXPBUuH https://t.co/DqWJlfvVWE","1647508861652279298","https://pbs.twimg.com/media/Ft0gkkCWYAA9uV7.jpg","","en","KCCA HQ, Kampala-Uganda","7","35","23","https://x.com/KCCAUG/status/1647508861652279298","453796950","KCCAUG"
"1602666131231510528","Tue Dec 13 14:05:56 +0000 2022","261","KANDOLA ON FIRE. ALL OUT INFLICTED BB 11 - 2 DDKC #FullChargeMaadi #BengaluruBulls #BLRvDEL #vivoProKabaddi #FantasticPanga https://t.co/wc6iZVcBta","1602666131231510528","https://pbs.twimg.com/ext_tw_video_thumb/1602665991435358211/pu/img/6tSNW_6bURueKMuM.jpg","","en","","0","1","19","https://x.com/BengaluruBulls/status/1602666131231510528","2586804044","BengaluruBulls"
"1819814804183294237","Sat Aug 03 19:17:14 +0000 2024","764","C'est FAIT BDSA remporte son premier titre EVER contre la KCB sur le score de 3-1 La malédiction des BO a été levé ils ont enfin eu le titre qu'il meritait ça aurait été un petit crime que ce roster finisse sans titres 2 eme defaite de la KC dans un BO couperet contre BDS... https://t.co/DeA08OIqYc","1819814804183294237","https://pbs.twimg.com/media/GUFHkK6WYAA7sR4.jpg","","fr","","2","11","9","https://x.com/Crow__lol/status/1819814804183294237","1390800865632587786","Crow__lol"
"1523658769170763778","Mon May 09 13:38:53 +0000 2022","184","Que font les Chefs d établissement parents ministère de la sécurité et la police nationale ? Comment mettre fin à ce phénomène Kuluna en milieu scolaire ? L avenir du pays est en danger ! https://t.co/UKA2QJbq5c","1523658769170763778","https://pbs.twimg.com/ext_tw_video_thumb/1523658646575632385/pu/img/LF5z24jPf0hHvuYL.jpg","","fr","Democratic Republic of Congo","9","65","55","https://x.com/AndyBemba/status/1523658769170763778","795045814737498112","AndyBemba"
"1356758391163670532","Wed Feb 03 00:16:22 +0000 2021","5759","**** A PEC DA BENGALA da Bia Kicks está parado na CCJ Comissão a qual ela presidirá.","1356758391163670532","","","pt","Miami B, Fl, EUA","73","96","739","https://x.com/karls_bjj/status/1356758391163670532","797650380238753792","karls_bjj"
"1465668075466940421","Tue Nov 30 13:04:34 +0000 2021","283","Naibu Katibu Mkuu Bara Mhe. Benson Kigaila leo Nov 30 2021 akiwa Jimbo la Bukoba Vijijini Mkoani Kagera akiendelea na ziara ya uhamasishaji wanachadema kujisajili na kupata kadi za kidigitali kupitia mfumo wa Chadema Digital katika Mikoa ya Kanda ya Victoria. https://t.co/5azPqqJ4fl","1465668075466940421","https://pbs.twimg.com/media/FFcZWLEWUAUVDPI.jpg","","in","El Cuervo de Sevilla, España","3","6","28","https://x.com/HildaNewton21/status/1465668075466940421","2673303382","HildaNewton21"
"1500900921869484032","Mon Mar 07 18:27:19 +0000 2022","1380","Reading the condemnation against every boda boda rider in Kenya and calling for the extinction of their source of livelihood from the same folks who express zero emotion about a Kemsa Billionaire s billboards all across their swamp city reminds me why poverty is bad.","1500900921869484032","","","en","Nairobi, Kenya","35","161","384","https://x.com/AngawaEA/status/1500900921869484032","373812657","AngawaEA"
"1412129653230297092","Mon Jul 05 19:22:00 +0000 2021","407","1ere femme gouverneure de la BCC Mme Malangu Kabedi Mbuyi. https://t.co/25Cl8hodut","1412129653230297092","https://pbs.twimg.com/media/E5jkbZWWQAkPYhz.jpg","","ht","Democratic Republic of Congo","6","22","27","https://x.com/AndyBemba/status/1412129653230297092","795045814737498112","AndyBemba"
"1575807132473204736","Fri Sep 30 11:17:52 +0000 2022","1005","BBI was the beginning of destruction of Kenya s constitutional and legal system. CBC is the destruction of Kenya s education system. Two sides of one coin for the benefit of Kenya s Elites. We saved the Constitution. The Constitution has power to save education from the Elites.","1575807132473204736","","","en","Nairobi, Kenya","15","74","201","https://x.com/AngawaEA/status/1575807132473204736","373812657","AngawaEA"
"1555500356821725191","Fri Aug 05 10:25:59 +0000 2022","243","ಕರ್ನಾಟಕದಲ್ಲಿ ಕನ್ನಡವೇ ಸಾರ್ವಭೌಮ ಆಡಳಿತದ ಎಲ್ಲಾ ಹಂತಗಳಲ್ಲೂ ಕನ್ನಡ ಬಳಸಬೇಕಾಗಿದೆ ಭಾರತೀಯ ಕೈಗಾರಿಕಾ ಒಕ್ಕೂಟ ಬೆಂಗಳೂರಿನಲ್ಲಿ ಸಂಕಲ್ಪ ಸಿದ್ದಿ ಕಾರ್ಯಕ್ರಮದಲ್ಲಿ ಬ್ಯಾನರ್ ನಲ್ಲಿ ಕನ್ನಡ ಕಡಗಣನೆಗೆ. https://t.co/hVuNDR16kf","1555500356821725191","https://pbs.twimg.com/media/FZY-cuIaQAACtbH.jpg","","kn","","6","18","58","https://x.com/KDA_Bengaluru/status/1555500356821725191","1261615217613537280","KDA_Bengaluru"
"1700149073896989106","Fri Sep 08 14:08:21 +0000 2023","330","KANNADA IS THE LANG OF BENGALURU. Not multilingual. Now that we are implementing whats our birth right we can sense your insecurity creep in! You have to learn a new lang other than your MT.Oh such sadness!should be very hard. no? Guess what? We have been doing it for 75 yrs!","1700149073896989106","","","en","ಶಿವಮೊಗ್ಗ,ಚಿಕ್ಕಮಗಳೂರು,ಬೆಂಗಳೂರು","0","15","56","https://x.com/malnadkoos/status/1700149073896989106","303147931","malnadkoos"
"1428981242884726784","Sat Aug 21 07:24:12 +0000 2021","350","4 ans déjà et je n'ai toujours pas compris pourquoi un fou t'a foncé dessus alors que tu n'avais jamais fait de mal à personne. Je ne t'oublie pas. Repose en paix Kenza https://t.co/aeK6VKLs6O","1428981242884726784","https://pbs.twimg.com/media/E9TC3hiWEAMjAOi.jpg","","fr","Marseille, France","0","20","16","https://x.com/BKarbadji/status/1428981242884726784","795673867368955905","BKarbadji"
"1576247965949181953","Sat Oct 01 16:29:35 +0000 2022","973","#Kantara Phenomenal 2nd Day at BO.. Heavy Fulls in all the centres..","1576247965949181953","","","en","Bengaluru, India","0","3","87","https://x.com/kannadigacentre/status/1576247965949181953","1089925503434158080","kannadigacentre"
"1671067118295478281","Tue Jun 20 08:07:02 +0000 2023","251","KCCA FC and Kampala Queens have entered into a partnership... One of the requirements for KCCA to play in CAF Confederation Cup next season in case they don't own a Women Club. https://t.co/Kp7BnJeuQe","1671067118295478281","https://pbs.twimg.com/media/FzDSrFmX0AAHJCP.jpg","","en","Kampala, Uganda","3","7","17","https://x.com/BrianKawalya1/status/1671067118295478281","365394895","BrianKawalya1"
"1519290261582475264","Wed Apr 27 12:20:00 +0000 2022","353","Kentell binalikan ni Tey si Ken kc gusto pa ata kumuha ng ice cream ni Ken. lols! SB19 Mentors PBBTeens @SB19Official #SB19 #SB19xPBBTeens #1948SaBahayNiKuya Stream #Bazinga_SB19 https://t.co/6YjjAzk9Rx","1519290261582475264","https://pbs.twimg.com/ext_tw_video_thumb/1519290185934008320/pu/img/rfCPbfJ0r8z-eTcx.jpg","","tl","","18","0","207","https://x.com/kengloveSB19/status/1519290261582475264","33477483","kengloveSB19"
"1533022303143047169","Sat Jun 04 09:46:13 +0000 2022","213","Kithure Kindiki will be Kenya Kwanza chief agent pale Bomas replacing Davis Chirchir who will be busy at the internet and ICT","1533022303143047169","","","en","Eldoret, Kenya","1","7","24","https://x.com/KiongoziGk/status/1533022303143047169","1490274006238388224","KiongoziGk"
"1602568184015777792","Tue Dec 13 07:36:44 +0000 2022","191","The first bat has been flipped for #BBL12! Jason Sangha wins and will bowl first at Manuka Oval. https://t.co/o3mVWtyhYy","1602568184015777792","https://pbs.twimg.com/ext_tw_video_thumb/1602568108774166528/pu/img/bknQvAqnLHTC_7Gn.jpg","","en","","4","5","13","https://x.com/BBL/status/1602568184015777792","224839276","BBL"
"1573293206657470471","Fri Sep 23 12:48:25 +0000 2022","332"," Bidya scores again! KBFC 8 : 1 KBFC (R) #KBFC","1573293206657470471","","","fi","","0","7","10","https://x.com/kbfcxtra/status/1573293206657470471","1449973802054479872","kbfcxtra"
"1345997722957074433","Mon Jan 04 07:37:19 +0000 2021","276","Whatever Irungu Kangata said its true BBI is not popular in Central Kenya and Rift Valley.","1345997722957074433","","","en","Nairobi, Kenya","2","62","16","https://x.com/Gideon_Kitheka/status/1345997722957074433","3288685697","Gideon_Kitheka"
"1223871036904681472","Sun Feb 02 07:29:28 +0000 2020","309","Bon dimanche à tous. Ceux qui pensaient que l'église Cité Bethel allait disparaître se sont trompés. Dieu est juste. Ns prions à l'église Cité Bethel pour soutenir le Pasteur Moïse Mbiye contre le plan machiavélique du diable. #Kinshasa #RDC https://t.co/watjunRZXg","1223871036904681472","https://pbs.twimg.com/ext_tw_video_thumb/1223870931652706306/pu/img/paPCmgaPtzfnZo-I.jpg","","fr","Ile-de-France, France","15","158","47","https://x.com/KamandaKela1/status/1223871036904681472","4051591709","KamandaKela1"
"1490253069484969991","Sun Feb 06 09:16:33 +0000 2022","197","GOL| Fenerbahçe 1-0 Kocaeli BFK ️ 13 Kennya","1490253069484969991","","","tr","","0","8","1","https://x.com/bbosports/status/1490253069484969991","1933910437","bbosports"
"1511274171434680323","Tue Apr 05 09:26:55 +0000 2022","399","Mh.Benson Singo Kigaila atakuwepo mjini Kigoma kwenye kikao cha viongozi wa kanda usipange kukosa mwanakigoma Katavi Tabora Kagera https://t.co/EpPJq4B7sN","1511274171434680323","https://pbs.twimg.com/media/FPkf1wjX0AA4jtq.jpg","","tl","El Cuervo de Sevilla, España","4","3","19","https://x.com/HildaNewton21/status/1511274171434680323","2673303382","HildaNewton21"
"1554095292672135173","Mon Aug 01 13:22:46 +0000 2022","192","FT : AFC Wimbledon 3 : 3 Kerala Blasters #AFCWKBFC #KBFC #YennumYellow https://t.co/tdXN1QK9vI","1554095292672135173","https://pbs.twimg.com/media/FZFBUu4VUAA0ecF.jpg","","en","","0","0","2","https://x.com/kbfcxtra/status/1554095292672135173","1449973802054479872","kbfcxtra"
"1790049955479953445","Mon May 13 16:02:21 +0000 2024","410","| OFFICIAL: Kerala Blasters qualified for Semi Finals of Bhausaheb Bandodkar Memorial Trophy. #KBFC https://t.co/q9EaKyxBYU","1790049955479953445","https://pbs.twimg.com/media/GNeI7cFaUAAbUEW.jpg","","en","","2","4","12","https://x.com/kbfcxtra/status/1790049955479953445","1449973802054479872","kbfcxtra"
"1832739333456970211","Sun Sep 08 11:14:42 +0000 2024","709","ఆంధ్ర క్రికెట్ అసోసియేషన్ అధ్యక్షుడిగా ఏకగ్రీవంగా ఎన్నికైన MP @KesineniS గారికి హృదయపూర్వక అభినందనలు.. ఆ అమ్మవారి ఆశీస్సులతో మీరు జీవితంలో మరిన్ని ఉన్నత శిఖరాలు అధిరోహించాలని కోరుకుంటున్నాను.. https://t.co/8LJPhoxkmI","1832739333456970211","https://pbs.twimg.com/media/GW8ytb2WAAEcqM5.jpg","","te","Andhra Pradesh, India","2","3","72","https://x.com/BuddaVenkanna/status/1832739333456970211","1136155484589740032","BuddaVenkanna"
"1598576819741114371","Fri Dec 02 07:16:28 +0000 2022","230","En route to Bombo Military barracks #ONDUKCCA https://t.co/VEwj7CuGqO","1598576819741114371","https://pbs.twimg.com/media/Fi9JImsXoAImbqO.jpg","","en","MTN Omondi Stadium","4","4","18","https://x.com/KCCAFC/status/1598576819741114371","1918137505","KCCAFC"
"1402525125367447552","Wed Jun 09 07:17:02 +0000 2021","243","Remember when they got that random comedian from SA to endorse BPC? And then I checked his social media stats he had less than 1k followers on FB. Meanwhile we have bo Dona BW at over half a mil. This is Bots for you!","1402525125367447552","","","en","","5","4","59","https://x.com/kennedythal/status/1402525125367447552","213056340","kennedythal"
"1586565041243181056","Sun Oct 30 03:45:57 +0000 2022","1413","What would have been thought as an impossible 4 months ago is happening.. #Kantara Racing Towards Industry Hit at KA BO.. All set to surpass BO Tsunami #KGFChapter2.. https://t.co/7netVVSzLU","1586565041243181056","https://pbs.twimg.com/media/FgScfBKVQAAhkFs.jpg","","en","Bengaluru, India","4","10","156","https://x.com/kannadigacentre/status/1586565041243181056","1089925503434158080","kannadigacentre"
"1831740842178191742","Thu Sep 05 17:07:03 +0000 2024","261","| Medhaa is new principal sponsor of Kerala Blasters. Fancode is new merchandise partner. #KBFC https://t.co/idgePrNphB","1831740842178191742","https://pbs.twimg.com/media/GWumljqaIAAEoWd.jpg","","en","","1","7","8","https://x.com/kbfcxtra/status/1831740842178191742","1449973802054479872","kbfcxtra"
"1548331768075366401","Sat Jul 16 15:40:34 +0000 2022","2318","NDC !! . They brought Kenkey to the congress and said they bought it with the Ghana Card. Smh smh #NPPNationalDelegatesConference #NPPDecides","1548331768075366401","","","en","Ghana","17","75","219","https://x.com/berlamundi/status/1548331768075366401","1172032614","berlamundi"
"1699442197609713937","Wed Sep 06 15:19:28 +0000 2023","260","It ends all square in our Practice match in Bombo #KCCAFC || #UPDFKCCA https://t.co/tjT9uc4B70","1699442197609713937","https://pbs.twimg.com/media/F5WhqUaWoAEpGKt.jpg","","en","MTN Omondi Stadium","0","4","12","https://x.com/KCCAFC/status/1699442197609713937","1918137505","KCCAFC"
"1825601633923092840","Mon Aug 19 18:32:02 +0000 2024","926","BDSA qui 3-1 KCB !! Le duo Parus/Skewmond a été monstrueux Kedui archi solide sur Ezreal. Et globalement BDSA beaucoup plus lucide en jeu et en draft que la KCB. GG beau BO !!","1825601633923092840","","","fr","Paris, France","1","15","13","https://x.com/TraYt0N/status/1825601633923092840","700774256943038464","TraYt0N"
"1550021911412867073","Thu Jul 21 07:36:36 +0000 2022","3940","BNXN &amp; Wande Coal - Kenkele (Official Video) https://t.co/n4a9tkgyRv via @YouTube","1550021911412867073","","","nl","Your ears ","33","127","628","https://x.com/BNXN/status/1550021911412867073","1645528382","BNXN"
"1164244030978437120","Wed Aug 21 18:33:02 +0000 2019","329"," Bendele Ya Congo 🇨🇩️ Clip en ligne ⬇️⬇️⬇️⬇️️ https://t.co/fmiiiUU9QM https://t.co/ZtL1enTEsd","1164244030978437120","https://pbs.twimg.com/media/ECg5xJ-XoAAsVKW.jpg","","es","Paris_Kinshasa_Abidjan","6","24","31","https://x.com/BKafricandiva/status/1164244030978437120","788106272478466048","BKafricandiva"
"1548675483046477826","Sun Jul 17 14:26:22 +0000 2022","630","Nous demandons la réhabilitation du commissaire supérieur principal Bievenu Kangambila qui s'est agenouillé devant la foule vendredi à kingasani son approche a réussie à calmer la foule. Il a été très sage. @comgenpnc @Presidence_RDC https://t.co/NxXlEG7LPF","1548675483046477826","https://pbs.twimg.com/media/FX4AJP2XEAMOSq9.jpg","","fr","","10","61","105","https://x.com/beton_junior/status/1548675483046477826","1261978436949680129","beton_junior"
"1791084890475426161","Thu May 16 12:34:49 +0000 2024","241","| OFFICIAL: Kerala Blasters qualified for Finals of Bhausaheb Bandodkar Memorial Trophy. #KBFC https://t.co/5mWiq71SOd","1791084890475426161","https://pbs.twimg.com/media/GNs2NS_bMAA3WA2.jpg","","en","","4","0","6","https://x.com/kbfcxtra/status/1791084890475426161","1449973802054479872","kbfcxtra"
"1791459255935008947","Fri May 17 13:22:24 +0000 2024","516","#RDC #KINSHASA | 15.05.24 : Le Bureau Central de Coordination @BCeCoRDC vient de signer ce mercredi 15 mai 2024 un protocole avec l'homme d'affaires Muteba Kanumubadi pour la construction des infrastructures scolaires dans la Province du Kasaï Central Territoire de Dimbelenge. https://t.co/fBZEQG3qv0","1791459255935008947","https://pbs.twimg.com/amplify_video_thumb/1791458067453755393/img/2O5W_341gawqFVjN.jpg","","fr","Congo, Kinshasa","3","26","44","https://x.com/BCeCoRDC/status/1791459255935008947","1362347939247620096","BCeCoRDC"
"1578983333135933440","Sun Oct 09 05:38:57 +0000 2022","813","#Kantara going Housefull in all centres shows after shows day after day.. Legendary Run at KA BO.. Shattering all existing records.. No stopping this BO Typhoon.. One of The Biggest BO Hits in KFI History.. https://t.co/SOfb2Mk7yM","1578983333135933440","https://pbs.twimg.com/media/Fems9mOVQAETNOK.jpg","","en","Bengaluru, India","0","0","88","https://x.com/kannadigacentre/status/1578983333135933440","1089925503434158080","kannadigacentre"
"1581506307869188096","Sun Oct 16 04:44:21 +0000 2022","739","Whether in BKT MMCH SCB South canara OR in Bombay KA Chitradurga- Bellary Hyd KA (Kalyana KA) #Kantara has performed superbly in all regions.. Excellent revenues for exhibitors in all the centres.. PAN KARNATAKA SUCCESS #RishabShetty #HombaleFilms","1581506307869188096","","","en","Bengaluru, India","2","5","70","https://x.com/kannadigacentre/status/1581506307869188096","1089925503434158080","kannadigacentre"
"1559754894206111744","Wed Aug 17 04:12:00 +0000 2022","235"," Official: Kerala Blasters announced signing of Bidyasagar from Bengaluru FC on loan #KBFC https://t.co/Yr5I3VWkuF","1559754894206111744","https://pbs.twimg.com/media/FaVcr7BVQAA6zD1.jpg","","en","","0","0","4","https://x.com/kbfcxtra/status/1559754894206111744","1449973802054479872","kbfcxtra"
"1833108208787030216","Mon Sep 09 11:45:53 +0000 2024","0","@harusmakansayur Engga koo rekening biasaa tapi BCA digital bukan BCA yg biasa. Kalau semisal ada kendala dm ajaa aku bisa kasih nomor rekeningku yang lainn","1833109569985483166","","harusmakansayur","in","SEA","0","1","0","https://x.com/beyebekol/status/1833109569985483166","1288035787729059840","beyebekol"
"1830983640505012318","Tue Sep 03 14:58:12 +0000 2024","0","aku juga kesal sama bank ini. Ribet banget ngurusin kartu expired doang muter muter enggak ada insiatif bantuin padahal personilnya banyak. Emang paling the best si BCA. Bahkan bca mau kendala apapun di layanin dan dipermudah. Pulang pulang senyum dan enggak pake lama.","1830983640505012318","","","in","Seoul, Republic of Korea","0","0","0","https://x.com/hy_hyein29/status/1830983640505012318","89848345","hy_hyein29"
"1836403726074155434","Wed Sep 18 13:55:41 +0000 2024","0","Salah satu kendala juga di BCA ini mana kalo mau hapus inbox kudu verifikasi ulang dlu lgi. @HaloBCA @XpresiBCA @BankBCA","1836403726074155434","","","in","","0","2","0","https://x.com/mojiate1978/status/1836403726074155434","1807176365722255360","mojiate1978"
"1827947657291059639","Mon Aug 26 05:54:17 +0000 2024","0","Jadi kesimpulan nya skrg pas update BCA malah makin ngebug yak dan banyak kendala nya! @HaloBCA @XpresiBCA @BankBCA","1827947657291059639","","","in","","0","3","0","https://x.com/hainuki1970/status/1827947657291059639","1807176464304898049","hainuki1970"
"1840779942763852003","Mon Sep 30 15:52:22 +0000 2024","0","@ingyahhdik Kami turut prihatin atas kendala yang Bapak/Ibu Pelanggan alami. Kami sarankan Bapak/Ibu untuk melakukan konfirmasi kepada pihak Shopee apabila diinformasikan tidak ada transaksi dana masuk maka","1840781742137106479","","ingyahhdik","in","Jakarta - Indonesia","0","1","0","https://x.com/HaloBCA/status/1840781742137106479","620977821","HaloBCA"
"1826468222759260326","Thu Aug 22 04:41:42 +0000 2024","0","@firstudy Hai Kak @firstudy. Maaf udah bikin Kakak jadi nggak nyaman. Saat ini sedang terjadi kendala transfer BI-FAST dan online ke BCA. Apabila Kakak transfer menggunakan LLG maka transfer LLG di hari kerja sebelum pukul 15:00 WIB maka transaksi akan dijalankan di hari yang sama. (1/2)","1826479837516636289","","firstudy","in","","0","0","0","https://x.com/blubybcadigital/status/1826479837516636289","1295566743893504003","blubybcadigital"
"1833734384350027903","Wed Sep 11 07:10:00 +0000 2024","0","@kedaisbt Hai Kak @kedaisbt. Maaf udah bikin Kakak jadi nggak nyaman. Sebelumnya terjadi kendala namun saat ini sudah berjalan normal. Dikhawatirkan layanan Sosial Media BCA Digital sedang padat antrean. Pada umumnya jika tidak ada respons chat maka chat akan diakhiri Kak. ","1833764918077886838","","kedaisbt","in","","0","0","0","https://x.com/blubybcadigital/status/1833764918077886838","1295566743893504003","blubybcadigital"
"1840608484674449663","Mon Sep 30 18:17:34 +0000 2024","0","@AboeAb Sangat disayangkan atas kendala yang Bapak/Ibu Pelanggan alami. Mohon kesediaan Bapak/Ibu untuk mengirimkan gambar atau capture terkait kendalanya melalui DM resmi X (Twitter) @HaloBCA yang bercentang emas agar kami cek kembali. Tks ^Gefar","1840818283307737557","","AboeAb","in","Jakarta - Indonesia","0","0","0","https://x.com/HaloBCA/status/1840818283307737557","620977821","HaloBCA"
"1835150814127833299","Sun Sep 15 03:07:41 +0000 2024","0","@Afrlyaa Hai Kak @Afrlyaa turut prihatin atas kendala yang terjadi. Apabila rekening blu sebagai penerima dana maka sifatnya pasif hanya menunggu transaksi dijalankan. Kami sarankan Kakak dapat menghubungi layanan Halo BCA 1500888 untuk dicek lebih lanjut ya. ","1835153485266141403","","Afrlyaa","in","","0","0","0","https://x.com/blubybcadigital/status/1835153485266141403","1295566743893504003","blubybcadigital"
"1809221974079504527","Fri Jul 05 13:45:06 +0000 2024","0","Haii KK Terkait kendala yang di alami nya Silakan kakak hubungi Layanan Bank BCA https://t.co/h17LJ1dFxz Tks-Tia","1809221974079504527","","","in","Jakarta Capital Region","0","0","0","https://x.com/return80pliable/status/1809221974079504527","887671939","return80pliable"
"1813240512796893259","Tue Jul 16 15:53:21 +0000 2024","0","Kalo buat nilai BCA kalo bisa kasih minus saya kasih minus dah. Terlalu banyak kendala juga!!! @XpresiBCA @HaloBCA @bankbca","1813240512796893259","","","in","","0","2","0","https://x.com/hainuki1970/status/1813240512796893259","1807176464304898049","hainuki1970"
"1821038376713383992","Wed Aug 07 04:19:16 +0000 2024","0","@HaloBCA min mau nanya: apakah aplikasi BCA sedang ada kendala? Saya tadi melakukan transaksi dg qris di 2 merchant berbeda mengalami kendala dalam jaringan.","1821038376713383992","","HaloBCA","in","middle earth","4","18","0","https://x.com/jigrek/status/1821038376713383992","197675032","jigrek"
"1837263467600040249","Sat Sep 21 00:17:03 +0000 2024","0","@EndkacerKacer Hai Kak @EndkacerKacer. Maaf udah bikin Kakak jadi nggak nyaman. Boleh minblu tahu lebih detail kendala yang Kakak alami apakah yang Kakak maksud transfer dari Shopee ke Bank BCA atau blu Kak? Agar minblu dapat infokan lebih lanjut ya. ","1837284872983040080","","EndkacerKacer","in","","0","0","0","https://x.com/blubybcadigital/status/1837284872983040080","1295566743893504003","blubybcadigital"
"1816322451141431413","Thu Jul 25 04:26:02 +0000 2024","0","@rajalubis_ Turut prihatin atas kendala yang Kak @rajalubis_ alami. Jika Kakak terkendala pada Flazz tidak bisa digunakan minblu saranin Kakak datang ke Cabang BCA dan untuk info lebih lanjut Kakak bisa menghubungi layanan Sosial Media BCA atau Halo BCA 1500888 ya Kak. ","1816329036546859296","","rajalubis_","in","","0","0","0","https://x.com/blubybcadigital/status/1816329036546859296","1295566743893504003","blubybcadigital"
"1840229431924928537","Sun Sep 29 03:25:29 +0000 2024","0","@mbaqbonita Halo @mbaqbonita. Jika kamu mengalami kendala pengiriman SMS untuk verifikasi BCA mobile pastikan kamu menggunakan nomor handphone yang terpasang pada SIM card 1 dan jaringan internet 1/2","1840231395412849053","","mbaqbonita","in","","0","0","0","https://x.com/XpresiBCA/status/1840231395412849053","351429302","XpresiBCA"
"1840737327423058074","Mon Sep 30 13:17:28 +0000 2024","0","@zasunaa1976 Halo @zasunaa1976. Bisa kirimkan gambar kendala yang kamu alami melalui DM? Pastikan hanya berinteraksi dengan akun resmi Media Sosial BCA yang verified bercentang biru kecuali X (Twitter) dengan centang emas. Nomor WhatsApp resmi Bank BCA yaitu 08111500998 (centang biru).","1840742761798234301","","zasunaa1976","in","","0","0","0","https://x.com/XpresiBCA/status/1840742761798234301","351429302","XpresiBCA"
"1840747839393313221","Mon Sep 30 14:08:16 +0000 2024","0","@dotosen1972 Halo @dotosen1972. Mohon maaf atas ketidaknyamanannya. Boleh informasikan secara detail kendala yang kamu alami. Bisa kirimkan tampilan gambar kendala yang kamu alami melalui DM? Pastikan hanya berinteraksi dengan akun resmi Media Sosial BCA yang verified bercentang biru ya.","1840755545369948491","","dotosen1972","in","","0","0","0","https://x.com/XpresiBCA/status/1840755545369948491","351429302","XpresiBCA"
"1840055021293158908","Sat Sep 28 15:58:29 +0000 2024","0","@mojiate1978 Halo @mojiate1978. Mohon maaf sudah membuat kamu merasa tidak nyaman. Untuk kendala yang kamu alami kami sarankan kamu bisa menghubungi layanan Halo BCA 1500888 menggunakan aplikasi haloBCA pada fitur Call (bebas pulsa) agar dibantu lebih lanjut.","1840058508592722286","","mojiate1978","in","","0","0","0","https://x.com/XpresiBCA/status/1840058508592722286","351429302","XpresiBCA"
"1839694231654539369","Fri Sep 27 16:06:04 +0000 2024","0","@daffrockie Halo @daffrockie. Bisa kirimkan tampilan gambar kendala yang kamu alami melalui DM? Pastikan hanya berinteraksi dengan akun resmi Media Sosial BCA yang verified bercentang biru kecuali X (Twitter) dengan centang emas. Nomor WhatsApp resmi Bank BCA yaitu 08111500998.","1839698027596120247","","daffrockie","in","","0","0","0","https://x.com/XpresiBCA/status/1839698027596120247","351429302","XpresiBCA"
"1821750787628003471","Fri Aug 09 04:04:37 +0000 2024","0","@adaoppadihati Hai Kak @adaoppadihati. Maaf ya. Saat ini transfer dari blu ke BCA menggunakan layanan BI-FAST sedang mengalami kendala dan masih dalam penanganan oleh pihak terkait kami. Minblu saranin Kakak boleh menunggu terlebih dahulu ya. ","1821759465085153294","","adaoppadihati","in","DKI Jakarta, Indonesia","0","0","0","https://x.com/haloblu/status/1821759465085153294","1282169334559674372","haloblu"
"1813163637617377430","Tue Jul 16 10:47:52 +0000 2024","0","Hai kakak untuk respon lebih cepat terkait kendala nya silahkan lanjut di https://t.co/FJJdXeIoRO. Tks^Tia","1813163637617377430","","","in","Jakarta Capital Region","0","0","0","https://x.com/cxfune/status/1813163637617377430","2934745633","cxfune"
"1840767365975622003","Mon Sep 30 15:03:11 +0000 2024","0","@hainuki1970 Hai @hainuki1970. Tidak harus ya. Silakan kamu kirimkan tampilan gambar kendala yang kamu alami melalui DM.","1840769365161165254","","hainuki1970","in","","0","0","0","https://x.com/XpresiBCA/status/1840769365161165254","351429302","XpresiBCA"
"1813163623021162961","Tue Jul 16 10:47:49 +0000 2024","0","Halo kak untuk cek kendala kamu silakan di kirim melalui Wa ini -:) untuk respon halnya melalui wa https://t.co/YGjyNW8hTx (1/2) ^ Tia","1813163623021162961","","","in","Jakarta Capital Region","0","0","0","https://x.com/cxfune/status/1813163623021162961","2934745633","cxfune"
"1840056224798388522","Sat Sep 28 15:55:12 +0000 2024","0","@JefferyRay76 Halo @JefferyRay76. Pastikan koneksi internet kamu stabil dan tidak ada kendala jaringan. Kamu bisa mencoba berkala.","1840057682159644971","","JefferyRay76","in","","0","0","0","https://x.com/XpresiBCA/status/1840057682159644971","351429302","XpresiBCA"
"1840229431924928537","Sun Sep 29 04:36:43 +0000 2024","0","@mbaqbonita reguler minimal Rp1.000 - dan pastikan jaringan stabil tidak ada kendala. Kamu dapat mencoba secara berkala. (2/2)","1840249324976124271","","mbaqbonita","in","","0","0","0","https://x.com/XpresiBCA/status/1840249324976124271","351429302","XpresiBCA"
"1840733451441631563","Mon Sep 30 12:54:51 +0000 2024","0","@daffrockie Hai @daffrockie. Boleh informasikan secara detail kendala yang kamu alami terkait menu transaksi yang kamu maksud agar kami bantu sesuai dengan kebutuhan kamu ya.","1840737069557313822","","daffrockie","in","","0","0","0","https://x.com/XpresiBCA/status/1840737069557313822","351429302","XpresiBCA"
"1800721045382725905","Fri Jun 21 03:28:55 +0000 2024","0","@anuitu Assalamualaikum Kak. Mohon maaf Kak atas kendala yang dialami. Kami informasikan saat ini untuk transaksi BI Fast ke BCA sedang dilakukan peningkatan kualitas layanan ya Kak. Sehingga Kakak bisa menggunakan metode Transfer Online yang dikenakan biaya Rp. (cont)","1803993473722520005","","anuitu","in","Jakarta, Indonesia","0","1","0","https://x.com/bankbsi_id/status/1803993473722520005","141500996","bankbsi_id"
"1840229431924928537","Sun Sep 29 03:25:36 +0000 2024","0","@mbaqbonita dari nomor handphone yang terdaftar untuk m-BCA (tidak menggunakan WiFi) tersedia pulsa reguler minimal Rp1.000 - serta pastikan jaringan stabil tidak ada kendala ya. 2/2","1840231425058251087","","mbaqbonita","in","","0","0","0","https://x.com/XpresiBCA/status/1840231425058251087","351429302","XpresiBCA"
"1721361671363658151","Mon Nov 06 02:59:38 +0000 2023","240","Small Film #KeedaaCola USA Gross 500K + &amp; Running Crossed Full Run of #BholaaShankar [ 470K ]","1721361671363658151","","","en","Hyderabad, India","3","17","48","https://x.com/HanuNews/status/1721361671363658151","1359665768","HanuNews"
"1840786713893093518","Mon Sep 30 17:17:46 +0000 2024","0","@MikEZzZZ Selamat pagi @MikEZzZZ. Turut prihatin untuk kendala yang terjadi. Kami sarankan Anda bisa menghubungi layanan Halo BCA 1500888 menggunakan aplikasi haloBCA pada fitur Call (bebas pulsa) agar dibantu pengecekan data dan pembuatan pelaporan lebih lanjut.","1840803237089460312","","MikEZzZZ","in","","0","0","0","https://x.com/BankBCA/status/1840803237089460312","567255514","BankBCA"
"1513181542259994630","Sun Apr 10 15:46:07 +0000 2022","226","Bola Bola proved that KD's career was on track na even when he was inside BNK pa. He was given a lead role. A role w/ the most exposure other than the title role of Chin. He can really do well on his own but he will do better for sure together w/ Lex. Can't wait for RTM. #KDLex","1513181542259994630","","","en","","2","0","30","https://x.com/kdlex_cv/status/1513181542259994630","1462839722464608259","kdlex_cv"
"1629072244868784133","Fri Feb 24 10:54:24 +0000 2023","235","Wow️ 80ft × 140ft largest #Kannada flag exhibited during the #KCCSeason3 opening ceremony in Chinnaswamy stadium Bengaluru Thank you @KicchaSudeep boss ️ and the entire #KCC teams. #KCCPartIII #KicchaSudeep https://t.co/anwa5YdtdX","1629072244868784133","https://pbs.twimg.com/media/FpugjyvagAAUVtC.jpg","","en","krishnarajanagara","0","1","44","https://x.com/_AIBKSFA/status/1629072244868784133","1048942005928316928","_AIBKSFA"
"1578077829186846720","Thu Oct 06 17:40:48 +0000 2022","190"," Official: Kerala Blasters announced Bingo as Snacks Partner #KBFC https://t.co/sYfRAd3iOG","1578077829186846720","https://pbs.twimg.com/media/FeZ1aRYUAAAa0V2.jpg","","en","","0","0","3","https://x.com/kbfcxtra/status/1578077829186846720","1449973802054479872","kbfcxtra"
"1821750787628003471","Fri Aug 09 03:45:58 +0000 2024","0","@adaoppadihati Hai Kak @adaoppadihati. Maaf ya. Jika Kakak melakukan transaksi transfer dari blu ke BCA menggunakan layanan BI-FAST maka saat ini sedang mengalami kendala dan masih dalam penanganan oleh pihak terkait kami. Minblu saranin Kakak boleh menunggu terlebih dahulu ya. ","1821754772090974659","","adaoppadihati","in","DKI Jakarta, Indonesia","0","0","0","https://x.com/haloblu/status/1821754772090974659","1282169334559674372","haloblu"
"1312444540033265664","Sat Oct 03 17:28:57 +0000 2020","209","Pr Albert Yuma le charisme et le leadership de Jeannot Bemba ont donné la fierté à l actuelle FEC et il note que c est « en suivant son ex. que bcq d Congolais à l époque au Kivu et ailleurs se sont lancés ds des exploitations de riz thé café hévéa papaïne quinquina etc. https://t.co/v3jHDBa0Wi","1312444540033265664","https://pbs.twimg.com/media/Eja9VMtXsAcBF7D.jpg","","fr","Democratic Republic of Congo","1","14","18","https://x.com/AndyBemba/status/1312444540033265664","795045814737498112","AndyBemba"
"1615235931392380928","Tue Jan 17 06:33:50 +0000 2023","198","Congratulations to our School of Excellence Kibuli Senior Secondary School whose badminton team was voted as the best of December by our partner @USPAmedia at their first monthly assembly of 2023. Courtesy https://t.co/YsEck8Uomz","1615235931392380928","https://pbs.twimg.com/media/Fmp4hAUX0AEwrQr.jpg","","en","MTN Omondi Stadium","2","3","22","https://x.com/KCCAFC/status/1615235931392380928","1918137505","KCCAFC"
"1840768703027347960","Mon Sep 30 15:24:42 +0000 2024","0","@yomimomo1973 Selamat malam @yomimomo1973. Bisa informasikan detail kendala yang Anda alami?","1840774779844067448","","yomimomo1973","in","","0","0","0","https://x.com/BankBCA/status/1840774779844067448","567255514","BankBCA"
"1813946538818957334","Thu Jul 18 14:54:29 +0000 2024","0","@gyuluvyou Maaf atas kendala nya ya Kak @gyuluvyou. Pastikan jaringan internet yang Kakak gunakan lancar dan stabil dan sementara nggak menggunakan WiFi dulu ya Kak. FYI layanan CSO pembukaan rekening BCA Digital pukul 06:00-22:00 WIB.","1813950476351836483","","lifeofwidy","in","DKI Jakarta, Indonesia","0","1","0","https://x.com/haloblu/status/1813950476351836483","1282169334559674372","haloblu"
"1218542078210142208","Sat Jan 18 14:34:05 +0000 2020","1131","Inagurated anti-CAA Padayatra led by @kollamdcc President Smt. Bindu Krishna today. We reiterate our demand of a complete rollback of this draconian law. https://t.co/deDOzFIrcq","1218542078210142208","https://pbs.twimg.com/media/EOkhirbVAAAaloQ.jpg","","en","Alappuzha ","6","28","253","https://x.com/kcvenugopalmp/status/1218542078210142208","804563251975462912","kcvenugopalmp"
"1832270125871095931","Sat Sep 07 04:10:14 +0000 2024","615","We re excited to announce Medhaa Corporate Advisors as our Principal Sponsor for the season! Together we aim higher and push further! #KBFC #KeralaBlasters https://t.co/Dcl6PkiLmW","1832270125871095931","https://pbs.twimg.com/media/GW2Ey6KXEAATTHP.jpg","","en","Kerala, India","1","10","30","https://x.com/KeralaBlasters/status/1832270125871095931","2585481402","KeralaBlasters"
"1824944325199057161","Sat Aug 17 23:12:20 +0000 2024","0","@anxieclopedia_ Hai Kak @anxieclopedia_. Maaf atas kendalanya. Untuk kendala top up GoPay jika sudah memotong saldo blu maka minblu saranin menghubungi haloblu 1500668. Terkait kendala transfer BI-FAST jika Kakak ingin transfer dari blu ke BCA minblu saranin pakai layanan online ya Kak. ","1824947400018104403","","anxieclopedia_","in","","0","1","0","https://x.com/blubybcadigital/status/1824947400018104403","1295566743893504003","blubybcadigital"
"1814346210951700943","Fri Jul 19 17:07:00 +0000 2024","233","$KENDU and $BTCB already got noticed by Coinbase because of their cultish communities. This is why I keep telling you guys to work for your bags. Won't be surprised if $KENDU and #BTCB gets listed on Coinbase in the next few weeks. https://t.co/GxnFnsTuiW","1814346210951700943","https://pbs.twimg.com/media/GSv1syPaEAAa6BV.jpg","","en","Must follow my TG channel→","5","57","105","https://x.com/gem_insider/status/1814346210951700943","1120219427277025280","gem_insider"
"1797198240045309980","Sun Jun 02 09:27:05 +0000 2024","0","Hai kak.. Untuk informasi bantuan terkait kendala yang di alami silakan lanjut layanan WhatsApp Kantor kami link di bawa ink https://t.co/j88ubY3SOu :) Tks-Nayla","1797198240045309980","","","in","DKI Jakarta, Indonesia","0","0","0","https://x.com/doadbhiqbcg/status/1797198240045309980","2241262712","doadbhiqbcg"
"1824851368584351935","Sat Aug 17 17:04:46 +0000 2024","0","@kylaaarawrr Hai Kak @kylaaarawrr. Maaf atas kendalanya. Saat ini sedang terjadi kendala transfer BI-FAST. Namun Kakak bisa kok transfer free dari blu ke BCA menggunakan jenis transaksi online maksimal 5x selama BI-FAST terkendala ya.","1824854898770620508","","kylaaarawrr","in","","0","0","0","https://x.com/blubybcadigital/status/1824854898770620508","1295566743893504003","blubybcadigital"
"1823438875630690611","Tue Aug 13 19:18:00 +0000 2024","1043","BRANDON KHELA WHAT A FINISH!!!!!!! A 25 YARD CURLER PUTS US AHEAD! 0-1 [31] | #BCFC https://t.co/SbTmGuz2Wv","1823438875630690611","https://pbs.twimg.com/media/GU4n06iXUAASLZa.jpg","","en","St. Andrew’s @ Knighthead Park","42","78","85","https://x.com/BCFC/status/1823438875630690611","60854650","BCFC"
"1259257752511275008","Sat May 09 23:03:38 +0000 2020","3531","I doodled Kenma but then my hand slipped. The power of kenhina huh https://t.co/7OlXtTiCaE","1259257752511275008","https://pbs.twimg.com/media/EXnIPjGXsAEedaX.jpg","","en","","9","11","867","https://x.com/biankatdraws/status/1259257752511275008","2442719335","biankatdraws"
"1836307670619300152","Fri Sep 27 15:58:32 +0000 2024","0","@Tesa529746 Selamat malam @Tesa529746. Boleh tahu lebih detail perihal kendala yang Anda alami?","1839696134111146124","","Tesa529746","in","","0","0","0","https://x.com/BankBCA/status/1839696134111146124","567255514","BankBCA"
"1839535241339564389","Fri Sep 27 05:52:07 +0000 2024","0","@syabyylaa Selamat siang @syabyylaa. Bisa kirimkan tampilan gambar kendala yang Anda alami melalui DM? (1/2)","1839543522032238966","","syabyylaa","in","","0","0","0","https://x.com/BankBCA/status/1839543522032238966","567255514","BankBCA"
"1840018001690800563","Sat Sep 28 13:28:29 +0000 2024","0","@sanmori1979 Selamat malam @sanmori1979. Turut prihatin untuk kendala yang terjadi. Anda bisa menghubungi layanan Halo BCA 1500888 menggunakan aplikasi haloBCA pada fitur Call (bebas pulsa).","1840020758854283568","","sanmori1979","in","","0","0","0","https://x.com/BankBCA/status/1840020758854283568","567255514","BankBCA"
"1839696638174269543","Fri Sep 27 16:07:39 +0000 2024","0","@zasunaa1976 Halo @zasunaa1976. Bisa kirimkan tampilan gambar kendala yang kamu alami melalui DM? Pastikan hanya berinteraksi dengan akun resmi Media Sosial BCA yang verified.","1839698424545103887","","zasunaa1976","in","","0","0","0","https://x.com/BankBCA/status/1839698424545103887","567255514","BankBCA"
"1839702493091230166","Fri Sep 27 17:06:54 +0000 2024","0","@dotosen1972 Selamat pagi @dotosen1972. Bisa kirimkan tampilan gambar kendala yang Anda alami melalui DM? Pastikan Anda berinteraksi dengan akun resmi Bank BCA yang sudah terverifikasi.","1839713339271983419","","dotosen1972","in","","0","0","0","https://x.com/BankBCA/status/1839713339271983419","567255514","BankBCA"
"1822981624025501703","Mon Sep 30 11:02:55 +0000 2024","0","@wirasenjaya Selamat malam @wirasenjaya. Mohon maaf sudah membuat Anda merasa tidak nyaman. BCA senantiasa selalu menjaga kerahasiaan dan keamanan data setiap nasabah. Boleh informasikan lebih detail kendala yang Anda alami?","1840708902402597276","","wirasenjaya","in","","0","0","0","https://x.com/BankBCA/status/1840708902402597276","567255514","BankBCA"
"1840641523949752669","Mon Sep 30 06:55:51 +0000 2024","0","@madeogratias Selamat siang @madeogratias. Mohon maaf atas ketidaknyamanannya. Terkait kendala transaksi yang Anda alami kami sarankan Anda bisa menghubungi layanan Halo BCA 1500888 menggunakan aplikasi haloBCA pada fitur Call (bebas pulsa) agar dibantu pengecekan lebih lanjut ya.","1840646726744670258","","madeogratias","in","","0","0","0","https://x.com/BankBCA/status/1840646726744670258","567255514","BankBCA"
"1840604963518701886","Mon Sep 30 04:24:20 +0000 2024","0","@Chweee__ Selamat siang @Chweee__. Turut prihatin atas kendala yang terjadi. Terkait hal tersebut Anda bisa konfirmasi ke bank pengirim ya karena jika Rekening BCA sebagai penerima dana maka bersifat pasif sehingga hanya dapat menunggu dana dikirim oleh bank pengirim.","1840608595647602707","","Chweee__","in","","0","0","0","https://x.com/BankBCA/status/1840608595647602707","567255514","BankBCA"
"1840735857092755657","Mon Sep 30 12:54:07 +0000 2024","0","@daffrockie Selamat malam @daffrockie. Bisa informasikan secara jelas dan detail terkait kendala yang Anda alami pada fasilitas apa?","1840736887528632465","","daffrockie","in","","0","0","0","https://x.com/BankBCA/status/1840736887528632465","567255514","BankBCA"
"1839539116738011178","Fri Sep 27 05:44:21 +0000 2024","0","@zoewaku1975 Selamat siang @zoewaku1975. Jika Anda mengalami kendala verifikasi maka bisa kirimkan tampilan gambar kendala yang Anda alami? 1/2","1839541569889984613","","zoewaku1975","in","","0","0","0","https://x.com/BankBCA/status/1839541569889984613","567255514","BankBCA"
"1839658742889234708","Fri Sep 27 13:45:56 +0000 2024","0","@sanmori1979 Selamat malam @sanmori1979. Pastikan wajah tampak jelas tidak buram ketika proses verifikasi ya. Bisa kirimkan tampilan gambar kendala yang Anda alami melalui DM? Pastikan hanya berinteraksi dengan akun resmi Media Sosial BCA yang verified bercentang biru kecuali X (1/2)","1839662763419082971","","sanmori1979","in","","0","0","0","https://x.com/BankBCA/status/1839662763419082971","567255514","BankBCA"
"1839531788567499007","Fri Sep 27 05:35:30 +0000 2024","0","@mojiate1978 Selamat siang @mojiate1978. Mohon maaf atas ketidaknyamanannya. Apabila Anda mengalami kendala transaksi QRIS dan belum masuk ke tujuan Anda bisa menghubungi layanan Halo BCA 1500888 menggunakan aplikasi haloBCA pada fitur Call (bebas pulsa) agar dibantu proses lebih lanjut.","1839539340525109507","","mojiate1978","in","","0","0","0","https://x.com/BankBCA/status/1839539340525109507","567255514","BankBCA"
"1840733572803756068","Mon Sep 30 12:57:33 +0000 2024","0","@dintulsss Selamat malam @dintulsss. Terkait hal tersebut boleh informasikan secara detail kendala yang Anda maksud ingin nonaktifkan autodebet pembayaran tagihan pada kartu kredit atau yang lainnya agar dapat kami bantu sesuai dengan kebutuhan Anda.","1840737750309552455","","dintulsss","in","","0","1","0","https://x.com/BankBCA/status/1840737750309552455","567255514","BankBCA"
"1603363728442826753","Thu Dec 15 12:17:57 +0000 2022","186","Assalamualaikum wrwb. Selamat pagi/ siang/ malam. Kali ini saya kembali lagi dengan kisah horor dari Kalimantan. Pada kisah kali ini saya mengangkat cerita tentang hantu Sandah. Sandah adalah salah satu dari tujuh jenis Kuntilanak / Kangkamiyak.","1603363731626291200","","benbela","in","Central Borneo, Indonesia","2","2","7","https://x.com/benbela/status/1603363731626291200","37161353","benbela"
"1254277344078041088","Sun Apr 26 05:13:16 +0000 2020","361","Babu: Pq campeão não tem fama depois e nem é lembrado Fernanda Keulla ganhadora do BBB13 entrevistando ele e ouvindo isso: https://t.co/w4Mmsl7QTQ","1254277344078041088","https://pbs.twimg.com/media/EWgWmD8X0AEu4rh.jpg","","pt","","7","16","38","https://x.com/xrafinhamcunha/status/1254277344078041088","1010207633129820161","xrafinhamcunha"
"1205085103535337472","Thu Dec 12 11:20:52 +0000 2019","301","La cité de Bandalungwa créée le 8 décembre 1955. La commune de Bandal était habitée par des fonctionnaires du service public congolais ainsi que des enseignants pour la plupart avant l'indépendance (1960). https://t.co/hg5t5bG9M7","1205085103535337472","https://pbs.twimg.com/media/ELlSgcVXkAU_Dwd.jpg","","fr","Democratic Republic of Congo","4","30","58","https://x.com/AndyBemba/status/1205085103535337472","795045814737498112","AndyBemba"
"1834087104609223003","Sun Sep 29 12:02:37 +0000 2024","0","@HermanSporty7 Selamat malam @HermanSporty7. Agar kami dapat memberikan informasi yang sesuai boleh informasikan secara detail terkait kendala yang Anda alami?","1840361536281559179","","HermanSporty7","in","","0","0","0","https://x.com/BankBCA/status/1840361536281559179","567255514","BankBCA"
"1839531454130532407","Fri Sep 27 05:10:48 +0000 2024","0","@mojiate1978 tersedia pulsa reguler minimal Rp1.000 - dan pastikan jaringan stabil tidak ada kendala. Anda dapat mencoba secara berkala ya. 2/2","1839533125539602678","","mojiate1978","in","","0","0","0","https://x.com/BankBCA/status/1839533125539602678","567255514","BankBCA"
"1836307670619300152","Sun Sep 29 06:18:35 +0000 2024","0","@HPNOKI4 Selamat siang @HPNOKI4. Agar kami dapat menginformasikan sesuai dengan kebutuhan Anda boleh informasikan secara lebih detail untuk kendala yang Anda alami?","1840274958414688405","","HPNOKI4","in","","0","0","0","https://x.com/BankBCA/status/1840274958414688405","567255514","BankBCA"
"1271145587040288769","Fri Jun 12 09:52:48 +0000 2020","187","@gueda18 Être natif ou le dire est ce un péché ? Ns avons ts des origines mais c est malveillant de dire nous les ... sommes accueillants nous avons fait ceci ou cela .... sans oublier que le katanga a été construit grâce aux revenus des autres provinces. Soyons humbles et unis.","1271379917935165447","","gueda18","fr","Democratic Republic of Congo","3","20","24","https://x.com/AndyBemba/status/1271379917935165447","795045814737498112","AndyBemba"
"1823579024276574234","Sat Sep 21 17:07:49 +0000 2024","0","@DimasImamPrast1 Saat ini tidak ada kendala di BCA ya. Kamu bisa mencoba melakukan transaksi kembali. ️","1837539242152808513","","DimasImamPrast1","in","","0","0","0","https://x.com/GoodLifeBCA/status/1837539242152808513","17824435","GoodLifeBCA"
"1839993683833471093","Sat Sep 28 12:07:23 +0000 2024","0","@indomilkdalgona Selamat malam @indomilkdalgona. Sangat disayangkan atas kendala yang terjadi. Sesuai tampilan gambar kartu kredit Anda ditolak. Anda bisa coba dengan kartu lain atau untuk cek lebih lanjut bisa (1/2)","1840000350184780148","","indomilkdalgona","in","","0","0","0","https://x.com/KartuKreditBCA/status/1840000350184780148","198556824","KartuKreditBCA"
"1462023455650443264","Sat Nov 20 11:42:09 +0000 2021","221","ಬಿಜೆಪಿಯ 40% ಕಮಿಷನ್ ಆಡಳಿತದಲ್ಲಿ BDA ಎಂದರೆ ಭ್ರಷ್ಟಾಚಾರ ಡೆವಲಪ್ಮೆಂಟ್ ಅಥಾರಿಟಿ ಎಂದಾಗಿದೆ! ನಗರಾಭಿವೃದ್ಧಿ ಖಾತೆಯನ್ನು ಇಟ್ಟುಕೊಂಡಿರುವ ಮುಖ್ಯಮಂತ್ರಿಗಳೇ ಬಿಡಿಯೆಯಲ್ಲಿ ನಡೆಯುತ್ತಿರುವ ಬೃಹತ್ ಭ್ರಷ್ಟಾಚಾರಕ್ಕೆ ಕಡಿವಾಣ ಹಾಕಲು ನಿಮ್ಮಿಂದ ಸಾಧ್ಯವಾಗಿಲ್ಲವೇಕೆ? ಅಥವಾ ನಿಮಗೂ ಅದರಲ್ಲಿ ಪಾಲಿದೆಯೇ? https://t.co/fzizL9AGKq","1462023455650443264","https://pbs.twimg.com/media/FEomkrNVkAMPesI.jpg","","kn","Karnataka, India","0","8","118","https://x.com/INCKarnataka/status/1462023455650443264","758572309368098816","INCKarnataka"
"1671063110176710656","Tue Jun 20 07:51:06 +0000 2023","332","𝗣𝗔𝗥𝗧𝗡𝗘𝗥𝗦𝗛𝗜𝗣 KCCA FC AND KAMPALA QUEENS FC ENTER INTO A PARTNERSHIP. Welcome aboard @FcKampala Full details on partnership ⤵️ https://t.co/2M5kJMg59D","1671063110176710656","","","en","MTN Omondi Stadium","15","13","44","https://x.com/KCCAFC/status/1671063110176710656","1918137505","KCCAFC"
"1664972102443696131","Sat Jun 03 12:27:37 +0000 2023","229","The Famous Sinalau Bakas! Either you stop by for a break heading towards Kundasang or takeaway to enjoy at the comfort of your homes - it is always one of the highlights whenever Kundasang comes to mind. Himbaan Bongol Sabah Word &amp; photo by @einsteinmajanil #KKCity https://t.co/QFG8V0TdIW","1664972102443696131","https://pbs.twimg.com/media/FxsrTJPaMAAfx11.jpg","","en","Kota Kinabalu (BKI) Sabah","31","2","83","https://x.com/KKCity/status/1664972102443696131","316907137","KKCity"
"1831281804030132289","Tue Sep 10 11:37:46 +0000 2024","0","@indra_nakata88 Halo @indra_nakata88. Boleh kamu informasikan lebih detail kendala yang kamu alami?","1833469915531251855","","indra_nakata88","in","","0","1","0","https://x.com/GoodLifeBCA/status/1833469915531251855","17824435","GoodLifeBCA"
"1801806332141486444","Mon Sep 16 09:07:35 +0000 2024","0","@SraStateme54891 Halo @SraStateme54891. Bisa informasikan secara lebih detail kendala yang kamu alami?","1835606447704645878","","SraStateme54891","in","","0","0","0","https://x.com/GoodLifeBCA/status/1835606447704645878","17824435","GoodLifeBCA"
"1840564287649259855","Mon Sep 30 01:33:59 +0000 2024","0","@fifivay Hai @fifivay. Turut prihatin atas kendala yang kamu alami. Jika yang kamu maksud kendala transaksi tarik tunai namun uang tidak diperoleh kami sarankan kamu bisa menghubungi Halo BCA 1500888 atau melalui aplikasi haloBCA pada fitur Call (tanpa pulsa) agar dibuatkan laporan ya.","1840565724353638518","","fifivay","in","","0","0","0","https://x.com/GoodLifeBCA/status/1840565724353638518","17824435","GoodLifeBCA"
"1839546865022325143","Fri Sep 27 06:14:44 +0000 2024","0","@pemilikspacex Halo @pemilikspacex. Boleh kamu informasikan lebih detail terkait kendala yang kamu alami?","1839549213119746413","","pemilikspacex","in","","0","0","0","https://x.com/GoodLifeBCA/status/1839549213119746413","17824435","GoodLifeBCA"
"1838181340128399556","Mon Sep 23 12:01:21 +0000 2024","0","@AdhyatmaKusH Halo @AdhyatmaKusH. Bisa kirimkan tampilan gambar kendala yang kamu alami melalui DM? Pastikan hanya berinteraksi dengan akun resmi Media Sosial BCA yang verified bercentang biru kecuali X (Twitter) dengan centang emas. Nomor WhatsApp resmi Bank BCA yaitu 08111500998 ya.","1838186890538996055","","AdhyatmaKusH","in","","0","0","0","https://x.com/GoodLifeBCA/status/1838186890538996055","17824435","GoodLifeBCA"
"1824051913987334314","Mon Sep 30 07:01:29 +0000 2024","0","@Bottbanyuwangi Halo @Bottbanyuwangi. Mohon maaf atas ketidaknyamanannya. Bisa kirimkan tampilan gambar kendala yang kamu alami melalui DM? Pastikan hanya berinteraksi dengan akun resmi Media Sosial BCA yang verified bercentang biru kecuali X (Twitter) dengan centang emas.","1840648144474001836","","Bottbanyuwangi","in","","0","0","0","https://x.com/GoodLifeBCA/status/1840648144474001836","17824435","GoodLifeBCA"
"1517536828282212354","Thu Sep 12 13:30:05 +0000 2024","0","@binderukuranb5 Hai @binderukuranb5. Mohon maaf untuk kendala tersebut tidak bisa dibantu melalui layanan ini. Jika mengalami penipuan maka kamu bisa menghubungi layanan Halo BCA 1500888 atau menggunakan (1/2)","1834222955859173406","","binderukuranb5","in","","0","0","0","https://x.com/GoodLifeBCA/status/1834222955859173406","17824435","GoodLifeBCA"
"1202942263153897472","Fri Dec 06 13:25:59 +0000 2019","353","Félicitations à @zoekabila pour avoir construit ds un laps de temps le siège de l'assemblée provinciale du Tanganyika. Les élus provinciaux du Tanganyika qui siégeaient sous les arbres siégeront ds ce beau cadre. Quand il y a la volonté rien n'est impossible ... #RDC https://t.co/LqCKYCEjzu","1202942263153897472","https://pbs.twimg.com/media/ELG1mn4XkAAChdM.jpg","","fr","Ile-de-France, France","16","79","45","https://x.com/KamandaKela1/status/1202942263153897472","4051591709","KamandaKela1"
"1837191724973838788","Sat Sep 21 12:02:27 +0000 2024","0","@kemalrfebriano Hai @kemalrfebriano. Mohon maaf atas kendala yang terjadi. Terkait hal tersebut kami sarankan kamu bisa konfirmasi ke pihak merchant terlebih dahulu. Namun untuk pengecekan transaksi kamu bisa menghubungi layanan Halo BCA 1500888 guna aplikasi haloBCA pada fitur Call bebas pulsa","1837462394630709747","","kemalrfebriano","in","","0","0","0","https://x.com/GoodLifeBCA/status/1837462394630709747","17824435","GoodLifeBCA"
"1568886524741050368","Sun Sep 11 08:57:50 +0000 2022","248","Kilifi celebrates annual Chenda Chenda traditional festival https://t.co/XX17a35Rrv","1568886524741050368","","","en","Nairobi, Kenya","1","6","32","https://x.com/KBCChannel1/status/1568886524741050368","248697646","KBCChannel1"
"1824069782519652728","Thu Sep 26 15:09:08 +0000 2024","0","@giandrafeb Halo @giandrafeb. Agar kami dapat memberikan informasi yang sesuai boleh informasikan secara detail terkait kendala yang kamu alami?","1839321313456103900","","giandrafeb","in","","0","0","0","https://x.com/GoodLifeBCA/status/1839321313456103900","17824435","GoodLifeBCA"
"1830854236466561489","Mon Sep 16 06:06:00 +0000 2024","0","@yourcyberloverr Hai @yourcyberloverr. Agar kami dapat memberikan informasi yang sesuai boleh informasikan secara detail terkait kendala yang kamu alami?","1835560750909440356","","yourcyberloverr","in","","0","0","0","https://x.com/GoodLifeBCA/status/1835560750909440356","17824435","GoodLifeBCA"
"1824051913983222125","Sun Sep 29 12:48:45 +0000 2024","0","@Hariono28061989 Hai @Hariono28061989. Agar kami dapat memberikan informasi yang sesuai boleh informasikan secara detail terkait kendala yang kamu alami?","1840373149118124360","","Hariono28061989","in","","0","0","0","https://x.com/GoodLifeBCA/status/1840373149118124360","17824435","GoodLifeBCA"
"1517536828282212354","Mon Sep 16 14:44:13 +0000 2024","0","@nu_HD Halo @nu_HD. Untuk menghindari kendala di kemudian hari disarankan agar kamu dapat melakukan verifikasi email yang didaftarkan. Pastikan alamat email yang didaftarkan valid dan dapat diakses ya. (1/2)","1835691161840951704","","nu_HD","in","","0","0","0","https://x.com/GoodLifeBCA/status/1835691161840951704","17824435","GoodLifeBCA"
"1823315185098178763","Fri Sep 27 07:11:40 +0000 2024","0","@Esekemol Hai @Esekemol. Jika yang kamu maksud mengalami kendala transaksi menggunakan kartu ATM maka pastikan fisik kartu ATM tidak rusak input PIN yang sesuai masa berlaku kartu ATM belum habis dan saldo mencukupi ketika transaksi dan kamu bisa coba di mesin ATM lainnya ya.","1839563542233817492","","Esekemol","in","","0","0","0","https://x.com/GoodLifeBCA/status/1839563542233817492","17824435","GoodLifeBCA"
"1201673335597412356","Tue Dec 03 01:23:43 +0000 2019","554","Kenma is out there supporting his bf s dream like that. We stan a king #hq #kenhina https://t.co/HvJHkFg0ci","1201673335597412356","https://pbs.twimg.com/media/EK0zhcAX0AESfRx.jpg","","en","","1","0","211","https://x.com/biankatdraws/status/1201673335597412356","2442719335","biankatdraws"
"1569591376668692481","Thu Sep 19 02:38:12 +0000 2024","0","@marja_kusuma Sesuai informasi yang disampaikan sebelumnya mohon dapat dipastikan jaringan internet yang kamu gunakan stabil dan tidak ada kendala serta tidak disarankan menggunakan WiFi terlebih dahulu ya. Kami sarankan kamu bisa menghubungi kembali secara berkala.","1836595618191663465","","marja_kusuma","in","","0","1","0","https://x.com/GoodLifeBCA/status/1836595618191663465","17824435","GoodLifeBCA"
"1569591376668692481","Thu Sep 19 03:06:48 +0000 2024","0","@marja_kusuma Mohon maaf atas ketidaknyamanannya. Pastikan saat kamu menghubungi layanan Merchant Solution jaringan internet yang kamu gunakan stabil dan tidak ada kendala serta tidak disarankan menggunakan WiFi terlebih dahulu ya. Kami sarankan kamu bisa menghubungi kembali secara berkala ya.","1836602816187785334","","marja_kusuma","in","","0","0","0","https://x.com/GoodLifeBCA/status/1836602816187785334","17824435","GoodLifeBCA"
"1525415587735916547","Sat May 14 09:59:51 +0000 2022","466","Remise des brevets de formation aux anciens Kulunas dits bandits urbains devenus bâtisseurs de la nation à Kaniama Kasese. Bravo au SN Bravo au gouvernement Bravo au PR05 https://t.co/CDQCoB0e5N","1525415587735916547","https://pbs.twimg.com/ext_tw_video_thumb/1525415445867667456/pu/img/-qh-VTgCquQaMHHS.jpg","","fr","Democratic Republic of Congo","20","50","114","https://x.com/AndyBemba/status/1525415587735916547","795045814737498112","AndyBemba"
"1810267152999731491","Thu Sep 12 08:47:40 +0000 2024","0","@Pisangkocok3 Hai @Pisangkocok3. Apabila yang kamu maksud mengalami kendala login myBCA dan kamu melakukan pembukaan rekening secara online serta belum cetak fisik kartu ATM maka untuk pengecekan nomor kartu ATM bisa dilakukan melalui email dengan pengirim adminBCA@klikbca.com (1/2)","1834151884745310425","","Pisangkocok3","in","","0","0","0","https://x.com/GoodLifeBCA/status/1834151884745310425","17824435","GoodLifeBCA"
"1378096217725489155","Fri Apr 02 21:25:16 +0000 2021","403","Et voilà Candice qui nous fait une « Teheiura » tellement naïve de pas avoir joué son collier... #KohLanta https://t.co/38KkJHDwuj","1378096217725489155","https://pbs.twimg.com/media/Ex_7M4aWQAEJnc7.jpg","","fr","Reims, France","0","1","35","https://x.com/BLP161194/status/1378096217725489155","2758305819","BLP161194"
"1378686969442615304","Sun Apr 04 12:32:42 +0000 2021","345","La gastronomie #bemba à l'honneur avec le Kikanda Pascal recette végétarienne au four à base d'arachide de fruits et légumes dont la recette ancestrale se transmet jalousement de mère en fille dans l'intimité des cuisines haut-katangaises. https://t.co/eitLtiw9NH","1378686969442615304","https://pbs.twimg.com/media/EyIUX9vWUAYvG4E.jpg","","fr","Lubumbashi ","10","54","40","https://x.com/Adamchalwe/status/1378686969442615304","1206248336","Adamchalwe"
"1190153201015615488","Fri Nov 01 06:26:49 +0000 2019","343","B.PAC &amp; @AnvayaNGO launches #KannadaKaliyona a campaign to promote Kannada among non-speakers. We cover basic words &amp; sentences for everyday usage. Join us on this mission! Content Source: #NonKannadigaToNaanuKannadiga booklet https://t.co/vDRTQwlGjS #KannadaRajyotsava #BProud https://t.co/YhwbYzDa2Y","1190153201015615488","https://pbs.twimg.com/media/EIRGBDqXYAA4gEl.jpg","","en","Bengaluru, Karnataka","14","12","113","https://x.com/BPACofficial/status/1190153201015615488","1136871331","BPACofficial"
"1442555455637573635","Mon Sep 27 18:23:16 +0000 2021","1075","Bandh is a harvest festival in Kerala that is celebrated once a week.","1442555455637573635","","","en","Bhārat","16","53","228","https://x.com/kansaratva/status/1442555455637573635","107724957","kansaratva"
"1568555008353763330","Sat Sep 10 11:00:30 +0000 2022","405","With Bankika the sky isn t the limit. The convenience of digital banking and access to unsecured loans of up to KES 4 Milli this is the bank that sets you up in life. So go forth why? #BecauseYouCan with Bankika. Open an account at a KCB Branch today https://t.co/jR6eTwXo2d https://t.co/aeFQhLDE1m","1568555008353763330","https://pbs.twimg.com/media/FcPLM3cXEAUAfUB.jpg","","en","East Africa","1","39","20","https://x.com/KCBGroup/status/1568555008353763330","200988657","KCBGroup"
"1660980646917943296","Tue May 23 12:07:00 +0000 2023","210",".@BrianAhebwa1 returns to the fold and and will lead the line as we square off against @Busogautdfc . Cityzens the XI ️ #BUSKCCA #StarTimesUPL https://t.co/yFMagG1roQ","1660980646917943296","https://pbs.twimg.com/media/Fwz9FMAWwAIoD9G.jpg","","en","MTN Omondi Stadium","2","8","23","https://x.com/KCCAFC/status/1660980646917943296","1918137505","KCCAFC"
"1689708887186796544","Thu Aug 10 18:42:46 +0000 2023","894","I went to Kantanka more than 10 times and all I wanted was to put them on the map.We went to the showroom and the team asked us to go to their manufacturing plant to film. On the day they said a chief was coming so we cannot film. @wode_maya #3entertainment #3entertainmentgh","1689708887186796544","","","en","Ghana","2","18","92","https://x.com/berlamundi/status/1689708887186796544","1172032614","berlamundi"
"1693582638416801810","Mon Aug 21 11:15:40 +0000 2023","646","82' HAT-TRICK HERO! ️️️ Bidya taps in from close range to complete his hat-trick! KBFC 5 - 0 IAFFT #KBFCIAFFT #DurandCup #KBFC #KeralaBlasters","1693582638416801810","","","en","Kerala, India","8","7","19","https://x.com/KeralaBlasters/status/1693582638416801810","2585481402","KeralaBlasters"
"1385854669520609282","Sat Apr 24 07:14:35 +0000 2021","230","🇨🇩️Admirez la beauté du parc national de #Kundelungu au #Katanga. Ce parc dispose d un avion Cessna 206 pour les patrouilles aériennes et inventaires biologiques des certains grands mammifères et acheminer la prime des écogardes en sécurité. #PartagezSVP #share #VisitCongo https://t.co/0S1fSLTwSP","1385854669520609282","https://pbs.twimg.com/media/EzuLd65XIAME0Oj.jpg","","fr","EU","12","16","54","https://x.com/benjimk/status/1385854669520609282","245478639","benjimk"
"1258727340810567683","Fri May 08 11:55:58 +0000 2020","230","According to the Minister for Kampala Betty Amongi KCCA wants bodabodas and taxis barred from resuming operations in Kampala for another 28 and 42 days respectively when the national lockdown is lifted. https://t.co/TOIM2WToKZ | #VisionUpdates https://t.co/SxJWDVCsty","1258727340810567683","https://pbs.twimg.com/media/EXfly8CWsAMXbcq.jpg","","en","Kampala, Uganda","13","33","32","https://x.com/newvisionwire/status/1258727340810567683","56960258","newvisionwire"
"1502614067944595459","Sat Mar 12 11:54:45 +0000 2022","174","[BREAKING NEWS] Civil Aviation Authority suspends British Airways and Kulula flights for 24 hours. CAA says the airlines failed to address safety concerns.#DStv403 #eNCA https://t.co/V6YwgyGQyz","1502614067944595459","https://pbs.twimg.com/media/FNpX6UkXMAMF4ab.jpg","","en","South Africa","12","13","70","https://x.com/eNCA/status/1502614067944595459","301309392","eNCA"
"1279766563374026752","Sun Jul 05 13:18:20 +0000 2020","262","#Bengaluru is known by several names and one of them is mentioned in the options. Tell us the answer in the comments below Don t forget visit https://t.co/zhplL7SVB0 . #KSTDC #Karnataka #ExploreKarnataka #KarnatakaTourism #tourism #WelcomeBack @incredibleindia @karnatakaworld https://t.co/G94lYQWHJl","1279766563374026752","https://pbs.twimg.com/media/EcKk5dRU4AAKFwZ.jpg","","en","Karnataka State Tourism Development Corporation (KSTDC)
 Ground Floor, BMTC Yeshwantpur TTMC (Bus Stand), Yeshwantpur Circle, Bengaluru","0","2","22","https://x.com/kstdc/status/1279766563374026752","2799650419","kstdc"
"1693577432023121927","Mon Aug 21 10:54:59 +0000 2023","259","62' Goal! Bidya on a brace! ️ Vibin's and Justine's short corner routine ends with Bidya heading it in to score his second of the match! KBFC 4 - 0 IAFFT #KBFCIAFFT #DurandCup #KBFC #KeralaBlasters","1693577432023121927","","","en","Kerala, India","1","2","10","https://x.com/KeralaBlasters/status/1693577432023121927","2585481402","KeralaBlasters"
"1435600552491061252","Wed Sep 08 13:46:59 +0000 2021","274","- ไม่เหมาะสมเพราะเกี่ยวโดยตรงกับกิจกรรมเชิงพาณิชย์ส่วนบุคคล+ความนิยมในสาธารณะ KMCA ค้าน 3 กรณี: - การที่บุคลากรสาขาวิจิตรศิลป์ได้รับการละเว้นฯ จากการชนะการประกวดที่จัดโดยนสพ.ในประเทศนั้นน่าเชื่อถือในสังคมหรือไม่ - สาขาบีบอยที่จะถูกบรรจุในเอเชียนเกมส์ 2022 อาจได้รับการละเว้นฯ","1435600556148490249","","_candyclover","th","💌 bts.candyclover@gmail.com ","1","1","816","https://x.com/_candyclover/status/1435600556148490249","2218679406","_candyclover"
"1309579876777766914","Fri Sep 25 19:45:48 +0000 2020","484","Beka : Je suis désolé pour ma team mais je pouvais pas aller plus. Il pense avant tout pour son équipe alors que c'était une épreuve individuelle. La bonté de cet homme. #KohLanta https://t.co/2X6aYtKk1C","1309579876777766914","https://pbs.twimg.com/media/EiyP9BoX0AUD41S.jpg","","fr","","1","2","38","https://x.com/Rheims_/status/1309579876777766914","1646207600","Rheims_"
"1221776497058271232","Mon Jan 27 12:46:31 +0000 2020","186","Banyana Banyana star Thembi Kgatlana has taken her first step to Europe with a major transfer to Portuguese side Benfica. Full story: https://t.co/3OvRVqXJXq https://t.co/9MkRygKIuG","1221776497058271232","https://pbs.twimg.com/media/EPSfP0SUEAIvDXY.jpg","","en","South Africa","4","1","15","https://x.com/KickOffMagazine/status/1221776497058271232","38405464","KickOffMagazine"
"1475179738360692746","Mon Dec 27 13:56:18 +0000 2021","262","@chicagosmayor You must have a cultural revolution before the violent revolution. - Maulana Karenga founder of Kwanzaa in 1966. Choose better heroes","1475465564898349058","","mayorlightfoot","en","Chicago","0","3","21","https://x.com/bmetz131/status/1475465564898349058","67062865","bmetz131"
"1587295346463424512","Tue Nov 01 04:07:55 +0000 2022","744","#Kantara is all set to cross 10 crs gross collection from #Kerala box office by the end of the day BLOCKBUSTER LEVEL for a KANNADA FILM in #Kerala @shetty_rishab @hombalefilms","1587295346463424512","","","en","Ernakulam, Kerala","0","3","95","https://x.com/AbGeorge_/status/1587295346463424512","1293600573195984900","AbGeorge_"
"1840490029938032948","Sun Sep 29 20:33:12 +0000 2024","757","Tunaheshimu watoa tuzo kwa kumpa Boka ila Kongole sana LANSO beki wa kulia KMC FC kwa kucheza vizuri dhidi ya Yanga SC.... Tuzo kwa nini haijaenda kwa Nzengeli Maxi..? https://t.co/rIldFoVtTJ","1840490029938032948","https://pbs.twimg.com/media/GYq76-rXEAA60p2.jpg","","in","","3","37","8","https://x.com/KibwanaEdgar/status/1840490029938032948","1338748681","KibwanaEdgar"
"1603363728442826753","Thu Dec 15 12:31:47 +0000 2022","166","Intro dulu ya.. Sampai jumpa malam Senin di jam yang sama. Yang ingin baca duluan atau sekedar mendukung Bab 1&amp;2 sudah terserdia di @karyakarsa_id https://t.co/r1DCy3UER8","1603367211573223424","","benbela","in","Central Borneo, Indonesia","1","7","28","https://x.com/benbela/status/1603367211573223424","37161353","benbela"
