Price,Close,High,Low,Open,Volume
Ticker,BBCA.JK,BBCA.JK,BBCA.JK,BBCA.JK,BBCA.JK
Date,,,,,
2019-01-01,4469.3583984375,4469.3583984375,4469.3583984375,4469.3583984375,0
2019-01-02,4503.73779296875,4508.0352526948645,4469.358115159828,4469.358115159828,35956000
2019-01-03,4452.1689453125,4486.548628287886,4396.301960477497,4469.358786800193,72358000
2019-01-04,4473.65673828125,4473.65673828125,4404.89736478221,4447.87197321911,51465000
2019-01-07,4508.03564453125,4576.795006125625,4508.03564453125,4525.225484929844,73438000
2019-01-08,4503.73779296875,4572.4971485865935,4473.655574885943,4495.142873516519,66247500
2019-01-09,4516.630859375,4572.497844314938,4490.846097095028,4555.308002794957,84871000
2019-01-10,4516.630859375,4555.308002794957,4460.763874435062,4555.308002794957,114314500
2019-01-11,4512.3330078125,4555.307607886904,4499.440627790179,4538.117767857143,84826500
2019-01-14,4469.3583984375,4499.440618426984,4426.383798452524,4486.548238431491,87547500
2019-01-15,4520.92822265625,4520.92822265625,4460.763778628505,4495.143460930073,87763000
2019-01-16,4542.4140625,4542.4140625,4508.034391260643,4520.926767975402,94972500
2019-01-17,4581.09228515625,4581.09228515625,4542.415145788139,4546.712605717929,91654000
2019-01-18,4662.74365234375,4662.74365234375,4568.199541420651,4589.686839357719,100873500
2019-01-21,4765.8828125,4813.154869251578,4632.661561654644,4662.743779587467,87118000
2019-01-22,4813.15576171875,4830.345603724889,4684.231946672712,4813.15576171875,91907000
2019-01-23,4727.20556640625,4813.154758522727,4705.718268377131,4813.154758522727,98512500
2019-01-24,4692.82666015625,4714.313961713742,4602.579993614783,4667.04189828726,106781000
2019-01-25,4727.20556640625,4744.395404829545,4641.256374289773,4641.256374289773,68944000
2019-01-28,4722.908203125,4740.098041898886,4705.718364351114,4740.098041898886,69704000
2019-01-29,4761.58544921875,4770.180368802177,4675.636253384477,4679.93371317619,77679000
2019-01-30,4744.39501953125,4778.774693585824,4722.907723247141,4778.774693585824,76285000
2019-01-31,4843.23779296875,4847.535253299689,4744.396205357143,4744.396205357143,135904500
2019-02-01,4843.23779296875,4942.079380580357,4778.775888004659,4881.914935947205,57719500
2019-02-04,4727.20556640625,4843.236975763494,4727.20556640625,4843.236975763494,113846500
2019-02-05,4727.20556640625,4727.20556640625,4727.20556640625,4727.20556640625,0
2019-02-06,4757.2890625,4761.586523261066,4722.909376411472,4727.206837172538,121996500
2019-02-07,4752.99072265625,4757.288182622486,4731.503422825073,4757.288182622486,63697500
2019-02-08,4744.39501953125,4757.287397301716,4727.205182503963,4752.989938044893,65268500
2019-02-11,4722.908203125,4752.990420979299,4692.825985270701,4744.395501592357,37639000
2019-02-12,4692.82666015625,4752.9911045172275,4684.231739533253,4752.9911045172275,95883500
2019-02-13,4658.44775390625,4718.612208292493,4649.852831851073,4692.827442126961,103115500
2019-02-14,4624.06640625,4645.553703676813,4624.06640625,4645.553703676813,108738500
2019-02-15,4606.87646484375,4649.851058732218,4585.389167899516,4606.87646484375,81340000
2019-02-18,4710.0166015625,4727.206443174042,4649.8521559221035,4649.8521559221035,62991000
2019-02-19,4624.06640625,4710.015595957249,4624.06640625,4658.446082132899,64469000
2019-02-20,4727.20556640625,4808.857298916903,4675.636051136364,4684.230970348011,89583000
2019-02-21,4731.50341796875,4778.775477548819,4701.421198235979,4761.585637701522,54561500
2019-02-22,4718.611328125,4748.693549706853,4692.826566769126,4705.718947447063,48271500
2019-02-25,4718.611328125,4727.206248576958,4688.529106543147,4718.611328125,47887000
2019-02-26,4774.47802734375,4774.47802734375,4722.908507696473,4727.20596766708,98446000
2019-02-27,4783.07373046875,4787.3711911430255,4765.883887771648,4783.07373046875,78519500
2019-02-28,4740.0986328125,4795.965615792157,4735.801172583296,4787.370695333749,99366000
2019-03-01,4761.58544921875,4813.154966719314,4757.287989427036,4783.072748177318,72589500
2019-03-04,4757.2890625,4761.586523261066,4740.099219455736,4744.3966802168015,63910500
2019-03-05,4722.908203125,4731.503122511943,4675.636146496816,4727.205662818472,46499500
2019-03-06,4718.611328125,4774.478311062728,4718.611328125,4774.478311062728,37777000
2019-03-07,4718.611328125,4718.611328125,4718.611328125,4718.611328125,0
2019-03-08,4675.6357421875,4787.369684555952,4675.6357421875,4765.882387946634,61126000
2019-03-11,4731.50341796875,4752.990717777872,4692.82627831233,4752.990717777872,32469000
2019-03-12,4727.20556640625,4761.585243252841,4684.230970348011,4761.585243252841,40178500
2019-03-13,4727.20556640625,4731.503026012074,4684.230970348011,4684.230970348011,17722000
2019-03-14,4710.0166015625,4722.908982771157,4684.231839145187,4684.231839145187,41096000
2019-03-15,4761.58544921875,4765.882909010464,4714.3133915099,4744.395610051895,41759500
2019-03-18,4770.18017578125,4778.775095016892,4757.287796927788,4774.477635399071,42791000
2019-03-19,4718.611328125,4765.883390610769,4714.313867899021,4761.58593038479,51527000
2019-03-20,4701.42138671875,4774.4782089986575,4697.123926584638,4761.585828596321,42388500
2019-03-21,4705.71875,4744.395890410959,4697.123829908675,4718.6111301369865,39866000
2019-03-22,4714.31396484375,4727.206345786805,4697.124123586344,4697.124123586344,29601000
2019-03-25,4688.5283203125,4727.205455860449,4675.635941796517,4675.635941796517,23054500
2019-03-26,4701.42138671875,4735.801067791648,4688.529006316414,4710.016306986975,19895500
2019-03-27,4714.31396484375,4735.8012664155085,4692.826663271992,4735.8012664155085,17804500
2019-03-28,4701.42138671875,4714.313767121087,4662.744245511741,4692.826466450526,32187500
2019-03-29,4735.80078125,4752.99062074637,4692.826182509075,4740.098241124093,36234000
2019-04-01,4727.20556640625,4770.180162464489,4710.015727982955,4770.180162464489,21786000
2019-04-02,4727.20556640625,4787.370000887784,4710.015727982955,4752.990324041193,36853000
2019-04-03,4727.20556640625,4727.20556640625,4727.20556640625,4727.20556640625,0
2019-04-04,4761.58544921875,4778.775288385605,4718.610851301613,4761.58544921875,48112000
2019-04-05,4752.99072265625,4778.775482453662,4748.693262690014,4778.775482453662,21913500
2019-04-08,4710.0166015625,4761.5861263971265,4684.231839145187,4731.503903576928,39910000
2019-04-09,4757.2890625,4770.181444783198,4740.099219455736,4757.2890625,29447000
2019-04-10,4748.69384765625,4774.478610629949,4740.098926665017,4770.181150134333,19508500
2019-04-11,4710.0166015625,4778.775968008668,4710.0166015625,4778.775968008668,25356000
2019-04-12,4727.20556640625,4735.800485617898,4692.825889559659,4692.825889559659,18577000
2019-04-15,4731.50341796875,4787.3703974724685,4718.611038083277,4778.775477548819,68152000
2019-04-16,4722.908203125,4731.503122511943,4705.718364351114,4722.908203125,71017000
2019-04-17,4722.908203125,4722.908203125,4722.908203125,4722.908203125,0
2019-04-18,4834.64208984375,4989.35063671875,4795.964953125,4813.154791666667,129332500
2019-04-19,4834.64208984375,4834.64208984375,4834.64208984375,4834.64208984375,0
2019-04-22,4834.64208984375,4881.914145833333,4800.262412760417,4834.64208984375,62837500
2019-04-23,4838.9404296875,4907.699796361568,4808.858206767595,4881.915033858792,48654000
2019-04-24,4883.17529296875,4891.848783720027,4857.154820714921,4891.848783720027,46975000
2019-04-25,4852.818359375,4874.502087522342,4792.103920562445,4800.777411821381,61482500
2019-04-26,4874.50048828125,4896.18420931453,4831.133046214691,4844.143278834658,66204500
2019-04-29,4930.87939453125,4939.5528851109,4852.817979314396,4865.828215183872,65480500
2019-04-30,4987.25634765625,4995.929836956522,4917.868433254076,4917.868433254076,107607500
2019-05-01,4987.25634765625,4987.25634765625,4987.25634765625,4987.25634765625,0
2019-05-02,4930.87939453125,5039.29802677688,4922.2059039516,5030.62453619723,80879500
2019-05-03,4922.205078125,4987.256246558371,4870.164143378304,4926.541822687225,58244500
2019-05-06,4874.50048828125,4909.194441934497,4852.81676724797,4857.153511454627,36649500
2019-05-07,4909.19580078125,4952.563254851755,4900.522309967148,4922.206037002402,59177000
2019-05-08,4943.88916015625,4943.88916015625,4852.817517732319,4857.154262609649,59062000
2019-05-09,4883.17529296875,4943.889728227687,4878.838547593112,4943.889728227687,126636500
2019-05-10,4865.82763671875,4926.542063558378,4857.154147170231,4865.82763671875,76130500
2019-05-13,4865.82763671875,4939.552297881155,4857.154147170231,4926.542063558378,63720500
2019-05-14,4766.08203125,4883.174128469063,4766.08203125,4822.4597076888085,114800500
2019-05-15,4735.7255859375,4818.123741736778,4722.715350811298,4818.123741736778,72065000
2019-05-16,4579.6025390625,4753.072332208807,4579.6025390625,4735.7253528941765,87939000
2019-05-17,4492.86767578125,4605.62304216186,4492.86767578125,4579.602572997104,74207000
2019-05-20,4666.3369140625,4675.0104027503485,4458.173185554136,4492.86714030553,54764500
2019-05-21,4735.7255859375,4766.082801231971,4683.684645432692,4744.399076021635,97371000
2019-05-22,4735.7255859375,4796.440016526442,4683.684645432692,4796.440016526442,38519000
2019-05-23,4861.49072265625,4861.49072265625,4631.643257624331,4718.378150089206,54926000
2019-05-24,4865.82763671875,4883.174615815787,4861.490891944491,4865.82763671875,37402000
2019-05-27,4930.87939453125,4943.889630400726,4796.440290546669,4800.777035836494,68564000
2019-05-28,4974.24609375,5004.603306179163,4904.858179626199,4904.858179626199,209923000
2019-05-29,4978.5830078125,5113.022096002559,4969.909518251851,5030.623945176394,133044500
2019-05-30,4978.5830078125,4978.5830078125,4978.5830078125,4978.5830078125,0
2019-05-31,5047.97119140625,5091.338641504241,4974.246526239664,4978.583271249463,96875000
2019-06-03,5047.97119140625,5047.97119140625,5047.97119140625,5047.97119140625,0
2019-06-04,5047.97119140625,5047.97119140625,5047.97119140625,5047.97119140625,0
2019-06-05,5047.97119140625,5047.97119140625,5047.97119140625,5047.97119140625,0
2019-06-06,5047.97119140625,5047.97119140625,5047.97119140625,5047.97119140625,0
2019-06-07,5047.97119140625,5047.97119140625,5047.97119140625,5047.97119140625,0
2019-06-10,5100.01123046875,5368.889373571695,5039.296811058408,5204.093092315051,179238000
2019-06-11,5126.03125,5169.398688663282,5069.653579737733,5117.357762267343,72901000
2019-06-12,5069.654296875,5117.358486152694,5047.970574476048,5065.3175523952095,69255500
2019-06-13,5034.9609375,5104.348857396641,5021.95070251938,5104.348857396641,78802500
2019-06-14,5030.6240234375,5069.654727067618,5021.950533741918,5069.654727067618,57220500
2019-06-17,5026.28857421875,5065.319287909836,5021.951828253074,5039.298812115779,83624000
2019-06-18,5117.359375,5117.359375,5026.287725105933,5026.287725105933,78788000
2019-06-19,5152.05322265625,5169.400203203914,5108.68577128709,5117.359261560921,66944500
2019-06-20,5126.03125,5152.05171319797,5034.959628807106,5117.357762267343,59504500
2019-06-21,5100.01123046875,5147.715417148304,5065.317276519983,5126.031695930325,144149000
2019-06-24,5095.67578125,5117.359507978724,5087.002290558511,5113.022762632979,30084000
2019-06-25,5126.03125,5169.398688663282,5095.674042935702,5143.378225465312,40561500
2019-06-26,5087.001953125,5152.053128996164,5082.665208066923,5152.053128996164,59334500
2019-06-27,5147.7158203125,5147.7158203125,5034.9604611481145,5073.991162397325,77525000
2019-06-28,5199.7578125,5199.7578125,5169.400594245205,5186.747576105088,80919000
2019-07-01,5195.42041015625,5225.7776245728555,5173.73668557296,5199.757155072908,56612500
2019-07-02,5204.0927734375,5204.0927734375,5160.725333658854,5195.419285481771,48563500
2019-07-03,5204.0927734375,5204.0927734375,5152.051845703125,5160.725333658854,43640000
2019-07-04,5195.42041015625,5212.767389822881,5173.73668557296,5204.093899989565,28224500
2019-07-05,5178.07373046875,5221.441182147718,5178.07373046875,5221.441182147718,32722500
2019-07-08,5100.01123046875,5169.399138366284,5087.000997737962,5147.715417148304,38361000
2019-07-09,5204.0927734375,5204.0927734375,5091.337430013021,5091.337430013021,47740500
2019-07-10,5204.0927734375,5238.7867252604165,5199.756029459635,5204.0927734375,52183500
2019-07-11,5225.77783203125,5225.77783203125,5186.747126231846,5221.441086942427,34279500
2019-07-12,5212.7666015625,5230.113578605969,5199.756368779898,5204.093113040765,29838000
2019-07-15,5295.1650390625,5303.838528069974,5234.450616010186,5256.13433852887,61453500
2019-07-16,5277.818359375,5295.165338370481,5264.808125128389,5273.48161462613,38075000
2019-07-17,5334.1953125,5334.1953125,5243.123685213414,5273.480894308943,45487000
2019-07-18,5329.859375,5351.54309906428,5251.797968368593,5290.828671684296,43625500
2019-07-19,5377.5634765625,5386.236966040827,5334.1960291708665,5373.226731823336,43973500
2019-07-22,5455.625,5455.625,5377.563593004769,5429.60453100159,37314500
2019-07-23,5407.9208984375,5455.625092409282,5381.900428998346,5412.257643344025,39129500
2019-07-24,5420.93115234375,5433.941387109375,5347.2064886718745,5429.6046421875,51343500
2019-07-25,5420.93115234375,5442.614876953125,5377.563703125,5438.27813203125,53477500
2019-07-26,5373.22705078125,5420.931245743795,5368.890305784655,5420.931245743795,51797500
2019-07-29,5368.89013671875,5403.584095599,5342.869667558562,5394.9106058789375,68509500
2019-07-30,5394.91064453125,5420.931113877864,5368.890175184636,5381.9004098579435,38225500
2019-07-31,5368.89013671875,5412.257585319063,5360.216646998687,5368.89013671875,64129000
2019-08-01,5386.23681640625,5438.277751830466,5364.5530933128275,5368.8898379315115,78228000
2019-08-02,5347.20556640625,5381.899519797369,5342.86882223236,5342.86882223236,62989500
2019-08-05,5204.0927734375,5390.572764485677,5204.0927734375,5390.572764485677,90924000
2019-08-06,5100.01123046875,5165.062394122688,5000.266112866045,5100.01123046875,183296000
2019-08-07,5212.7666015625,5247.460555649439,5121.694972084287,5182.409391736429,92102000
2019-08-08,5208.4296875,5273.480849292257,5186.745966902581,5212.766431619484,58295500
2019-08-09,5260.4716796875,5308.175874639324,5251.798189696259,5251.798189696259,48118500
2019-08-12,5238.78857421875,5273.482538286424,5204.094610151076,5264.809047269505,52705000
2019-08-13,5217.10400390625,5238.787727945761,5204.093769482543,5204.093769482543,84406000
2019-08-14,5212.7666015625,5256.134044171173,5186.746135997296,5238.787067127704,81942000
2019-08-15,5204.0927734375,5204.0927734375,5082.663942057292,5134.704869791667,52561500
2019-08-16,5169.39990234375,5238.787820496015,5169.39990234375,5238.787820496015,49821500
2019-08-19,5217.10400390625,5230.114238329957,5173.736555827229,5230.114238329957,30619000
2019-08-20,5191.08349609375,5234.450943847248,5191.08349609375,5234.450943847248,58393500
2019-08-21,5182.40966796875,5208.4301349208945,5182.40966796875,5204.09339042887,55927500
2019-08-22,5204.0927734375,5204.0927734375,5134.704869791667,5139.041613769531,65888000
2019-08-23,5199.7578125,5199.7578125,5121.696394130526,5134.706630525438,33083500
2019-08-26,5195.42041015625,5204.093899989565,5082.665042323142,5152.05296098967,41388500
2019-08-27,5208.4296875,5238.786896336386,5160.725502185679,5238.786896336386,123780000
2019-08-28,5199.7578125,5221.441539824855,5191.084321570059,5204.0945579649715,55688000
2019-08-29,5208.4296875,5225.776663977935,5191.082711022065,5195.4194551415485,51525500
2019-08-30,5290.82958984375,5290.82958984375,5208.431424100281,5273.482607581967,73650000
2019-09-02,5204.0927734375,5290.827652994792,5204.0927734375,5290.827652994792,42429000
2019-09-03,5251.7978515625,5251.7978515625,5204.093659682081,5204.093659682081,42743500
2019-09-04,5221.44189453125,5256.135860607869,5208.431657252518,5256.135860607869,41979000
2019-09-05,5238.78857421875,5277.819283794883,5217.104846676453,5277.819283794883,53650500
2019-09-06,5225.77783203125,5256.135047653008,5225.77783203125,5256.135047653008,54349000
2019-09-09,5234.45068359375,5251.797661832668,5186.7464934367235,5247.460917272939,25912000
2019-09-10,5251.7978515625,5251.7978515625,5191.0834255328755,5221.440638547688,40291000
2019-09-11,5290.82958984375,5290.82958984375,5212.768169665727,5247.462134189293,45243500
2019-09-12,5221.44189453125,5295.166572444066,5212.7684030120945,5290.829826684489,40034000
2019-09-13,5230.11376953125,5282.154702561412,5212.766791854529,5273.481213723051,28419500
2019-09-16,5208.4296875,5217.103175738967,5191.082711022065,5204.092943380516,77289000
2019-09-17,5230.11376953125,5234.45051395043,5191.083069758629,5195.419814177809,92037500
2019-09-18,5238.78857421875,5238.78857421875,5195.421119134157,5195.421119134157,28667000
2019-09-19,5230.11376953125,5243.12400278879,5204.093303016169,5217.103536273709,61988500
2019-09-20,5195.42041015625,5247.461349156145,5195.42041015625,5247.461349156145,133433000
2019-09-23,5225.77783203125,5230.114577120073,5204.094106587137,5230.114577120073,47231500
2019-09-24,5156.38916015625,5204.093349190496,5152.052415698591,5186.746371359861,79718500
2019-09-25,5147.7158203125,5147.7158203125,5013.276738231887,5117.358608229781,88620000
2019-09-26,5256.13427734375,5256.13427734375,5178.072877185179,5204.093343904703,109859000
2019-09-27,5264.80859375,5269.145338884885,5204.094161861614,5208.430906996499,48010000
2019-09-30,5264.80859375,5264.80859375,5208.430906996499,5264.80859375,73391000
2019-10-01,5238.78857421875,5260.472301761046,5212.768101167994,5212.768101167994,40057000
2019-10-02,5247.46142578125,5264.808405701188,5212.767465941374,5212.767465941374,52376500
2019-10-03,5238.78857421875,5243.125319727209,5160.727155066484,5212.768101167994,50269000
2019-10-04,5243.12451171875,5260.471491079275,5186.746828797043,5186.746828797043,56890500
2019-10-07,5264.80859375,5273.482084019769,5247.461613210461,5264.80859375,56705500
2019-10-08,5290.82958984375,5290.82958984375,5217.1049152311725,5273.482607581967,46997500
2019-10-09,5264.80859375,5290.829064559308,5247.461613210461,5290.829064559308,41496500
2019-10-10,5299.501953125,5299.501953125,5221.440549560147,5221.440549560147,65806500
2019-10-11,5312.5126953125,5338.533165656888,5273.481989795919,5273.481989795919,40863500
2019-10-14,5377.5634765625,5377.5634765625,5316.849050214213,5316.849050214213,37514500
2019-10-15,5355.88037109375,5368.890606813006,5329.859899655238,5368.890606813006,40935000
2019-10-16,5390.5732421875,5390.5732421875,5355.879287290075,5377.563009100965,65776500
2019-10-17,5303.83984375,5386.238009760834,5295.166352590964,5364.554281863246,45666500
2019-10-18,5342.86962890625,5351.543118563565,5325.5226495916195,5342.86962890625,41008500
2019-10-21,5394.91064453125,5425.267858768966,5364.553430293534,5377.56366496684,59971500
2019-10-22,5464.29833984375,5464.29833984375,5399.247169131325,5438.27787155878,67259500
2019-10-23,5442.61474609375,5468.635214999377,5429.604511640936,5464.298470181772,62219000
2019-10-24,5464.29833984375,5481.645318700397,5438.27787155878,5455.624850415427,73101000
2019-10-25,5377.5634765625,5485.982095041582,5355.879752866683,5481.6453503024195,61929500
2019-10-28,5381.900390625,5420.931094505439,5377.563645749396,5377.563645749396,43249500
2019-10-29,5394.91064453125,5412.25762409566,5334.196216055818,5381.9004098579435,79861500
2019-10-30,5433.94140625,5451.288385998603,5377.56372206704,5446.951641061452,60738000
2019-10-31,5455.625,5464.298489666136,5420.931041335452,5438.278020667726,58420500
2019-11-01,5485.982421875,5485.982421875,5442.614971899703,5464.298696887351,42080500
2019-11-04,5442.61474609375,5533.686387263446,5429.604511640936,5507.665918357819,43794500
2019-11-05,5516.33984375,5516.33984375,5438.278430866745,5507.666353429639,66161500
2019-11-06,5459.96240234375,5533.687073384134,5459.96240234375,5533.687073384134,63393000
2019-11-07,5451.28759765625,5494.655040756141,5420.930387486326,5494.655040756141,61972000
2019-11-08,5446.95166015625,5477.308874822726,5420.931190442127,5477.308874822726,90040500
2019-11-11,5459.96240234375,5498.993110541601,5433.9419302118495,5494.656365186283,70207000
2019-11-12,5433.94140625,5446.951641061452,5394.910701815643,5394.910701815643,47635500
2019-11-13,5446.95166015625,5451.288405108604,5433.941425299189,5433.941425299189,40083500
2019-11-14,5438.27734375,5446.9508323365235,5386.236412230861,5433.940599456739,37862000
2019-11-15,5442.61474609375,5455.624980546563,5425.267766823331,5446.951490911354,47138000
2019-11-18,5446.95166015625,5451.288405108604,5386.237230823298,5416.594445489774,65599000
2019-11-19,5477.30810546875,5507.66531587119,5464.297872439133,5490.318338498367,60115000
2019-11-20,5507.66650390625,5507.66650390625,5425.268343611589,5425.268343611589,43229500
2019-11-21,5464.29833984375,5507.665786985367,5464.29833984375,5507.665786985367,57523500
2019-11-22,5468.63525390625,5472.971998754709,5438.27803996704,5446.951529663957,56035000
2019-11-25,5442.61474609375,5494.6556839050045,5442.61474609375,5490.3189390874,55133500
2019-11-26,5451.28759765625,5490.318296446151,5438.277364726283,5490.318296446151,192783500
2019-11-27,5464.29833984375,5464.29833984375,5412.25740327381,5438.27787155878,58833500
2019-11-28,5420.93115234375,5459.961856640625,5416.594407421875,5459.961856640625,44248000
2019-11-29,5446.95166015625,5459.961895013311,5399.247465680359,5403.584210632713,52954500
2019-12-02,5572.71728515625,5572.71728515625,5438.278191117462,5446.951681055448,49909000
2019-12-03,5529.35009765625,5568.380804227942,5503.329626608456,5568.380804227942,42823000
2019-12-04,5520.67529296875,5551.032501963865,5512.001804684432,5516.338548826591,37552000
2019-12-05,5498.99267578125,5538.023380893262,5490.319185756359,5516.339655831033,54168000
2019-12-06,5564.24951171875,5564.24951171875,5498.992480697811,5516.3943556367285,69920500
2019-12-09,5564.24951171875,5564.24951171875,5533.7962305756455,5542.4971680451035,51667500
2019-12-10,5538.14599609375,5568.599273369992,5533.795527911429,5564.248805187672,57654000
2019-12-11,5551.19873046875,5555.549199693255,5525.0959151217185,5538.147322795235,48469000
2019-12-12,5516.39501953125,5572.9511198892205,5516.39501953125,5568.600650630915,79198500
2019-12-13,5533.79638671875,5586.0020130085495,5525.095449003783,5564.249668721133,70822500
2019-12-16,5533.79638671875,5564.249668721133,5516.394511288817,5516.394511288817,78684000
2019-12-17,5655.609375,5655.609375,5538.14671875,5564.24953125,102914500
2019-12-18,5877.4833984375,5916.637617968171,5603.403861722798,5655.609487763693,181804000
2019-12-19,5742.61865234375,5847.029900568182,5733.917714991714,5829.62802586411,74171000
2019-12-20,5794.82421875,5864.431716873123,5751.319532423048,5812.226093280781,99453000
2019-12-23,5794.82421875,5855.730779607733,5786.12328148461,5812.226093280781,46558500
2019-12-26,5812.2265625,5851.380783355165,5794.824686564371,5794.824686564371,38188500
2019-12-27,5825.27783203125,5829.628300912528,5803.52548762486,5803.52548762486,29945000
2019-12-30,5816.576171875,5847.02945026178,5803.524766852094,5812.225703534031,61168000
2020-01-02,5820.927734375,5899.236179232063,5812.226796057548,5825.278203533726,49445000
2020-01-03,5916.63720703125,5916.63720703125,5851.3801790125235,5873.132521685432,47755500
2020-01-06,5860.08203125,5873.133438891982,5820.927808324053,5847.030623608018,27300000
2020-01-07,5864.431640625,5890.534452081788,5855.730703472737,5860.081172048868,45022500
2020-01-08,5812.2265625,5868.782659290794,5803.525624532186,5803.525624532186,53692500
2020-01-09,5864.431640625,5877.483046353394,5855.730703472737,5864.431640625,40363500
2020-01-10,5851.380859375,5938.39024018355,5838.329452253717,5886.18461169842,73362000
2020-01-13,5868.78271484375,5881.834121919013,5860.081776793573,5864.432245818662,67855000
2020-01-14,5977.54345703125,5990.5948619592655,5864.431280988446,5868.781749297785,93582000
2020-01-15,5947.09033203125,6142.861410993507,5916.637053081565,5977.543610980934,75623500
2020-01-16,5960.14208984375,5994.945839273495,5912.286934377851,5920.987871735288,88931500
2020-01-17,5981.89453125,5994.9459375,5916.6375,5951.44125,38249500
2020-01-20,5947.09033203125,6068.903447829988,5942.739863609866,6047.15110572307,93554500
2020-01-21,5942.7412109375,5999.297313237784,5938.390741529785,5990.596374422355,103984500
2020-01-22,5951.44140625,5999.296563756397,5947.090937385782,5964.492812842654,94311500
2020-01-23,5951.44140625,5999.296563756397,5942.740468521564,5990.595626027961,87728000
2020-01-24,5925.33837890625,5986.244940803965,5925.33837890625,5934.039316320209,69653500
2020-01-27,5951.44140625,6038.450783534357,5929.689061928911,5973.193750571089,39679000
2020-01-28,5907.93603515625,5955.791187134688,5877.482756624517,5947.090250411336,82615000
2020-01-29,5903.5859375,5955.791561118275,5890.534531595431,5916.637343404568,43821000
2020-01-30,5864.431640625,5955.791480723758,5855.730703472737,5955.791480723758,71990000
2020-01-31,5638.20751953125,5920.987989260826,5638.20751953125,5916.637520495756,163136500
2020-02-03,5603.40380859375,5729.567403663019,5542.4972454568615,5638.207558957686,149797000
2020-02-04,5742.61865234375,5760.020527047822,5673.011153527462,5716.515840287641,113316500
2020-02-05,5855.7314453125,5899.236136585252,5786.123939276095,5899.236136585252,123002500
2020-02-06,5864.431640625,5899.235389234051,5812.226017711424,5864.431640625,154693500
2020-02-07,5881.83349609375,5899.235370342548,5833.978341909556,5838.328810471755,82609000
2020-02-10,5903.5859375,5903.5859375,5768.7214098194545,5881.833594325718,66578500
2020-02-11,5899.23583984375,5903.586308752189,5868.782557484675,5903.586308752189,77526500
2020-02-12,5916.63720703125,5916.63720703125,5881.833458754596,5916.63720703125,69971500
2020-02-13,5907.93603515625,5934.038845326307,5864.431351539488,5934.038845326307,49737000
2020-02-14,5812.2265625,5912.287349129865,5807.8760935160935,5899.235942178144,147028500
2020-02-17,5847.0302734375,5873.133087158203,5812.2265218098955,5812.2265218098955,115319000
2020-02-18,5825.27783203125,5847.03017643764,5803.52548762486,5816.576894268695,98436500
2020-02-19,5825.27783203125,5881.8339274878645,5799.175018743583,5799.175018743583,74594000
2020-02-20,5738.2685546875,5825.277933833633,5712.16574094366,5820.927464876327,136724500
2020-02-21,5755.67041015625,5794.824630633503,5738.268534388581,5742.619003330498,98261000
2020-02-24,5677.361328125,5742.618354885058,5664.309922772989,5712.165075730364,84910000
2020-02-25,5681.712890625,5707.8157063552835,5664.311013471478,5699.114767778522,86446500
2020-02-26,5586.00244140625,5686.063232802156,5586.00244140625,5655.609948464272,92824500
2020-02-27,5472.8896484375,5633.856991038602,5394.581211496423,5629.506522319654,129254500
2020-02-28,5472.8896484375,5472.8896484375,5251.015743771115,5394.581211496423,169946500
2020-03-02,5290.16943359375,5472.889101530376,5251.015219035901,5472.889101530376,144871500
2020-03-03,5498.9921875,5525.0949985166135,5394.580943433544,5394.580943433544,114663500
2020-03-04,5603.40380859375,5655.609434139655,5446.786931956036,5494.642088706449,83025000
2020-03-05,5599.0537109375,5690.413561698718,5516.3947983440175,5690.413561698718,77583000
2020-03-06,5394.5810546875,5525.095112462198,5394.5810546875,5525.095112462198,77835500
2020-03-09,5033.4921875,5255.366086862576,5033.4921875,5220.562337942956,140889500
2020-03-10,5155.30517578125,5229.263140328322,5081.347211234177,5081.347211234177,133667000
2020-03-11,5090.048828125,5203.161024305556,5037.84319911859,5177.058209802351,93204500
2020-03-12,4837.72119140625,4907.328690563175,4750.711817460095,4872.524940984712,129845500
2020-03-13,4837.72119140625,4837.72119140625,4837.72119140625,4837.72119140625,0
2020-03-16,4837.72119140625,4837.72119140625,4837.72119140625,4837.72119140625,0
2020-03-17,4454.8798828125,4789.865967750549,4454.8798828125,4781.165030479431,212200000
2020-03-18,4350.46923828125,4681.104900390625,4145.997184082031,4454.8805,180053500
2020-03-19,4045.935302734375,4346.117599388861,4045.935302734375,4346.117599388861,264419000
2020-03-20,4119.89306640625,4685.453888616189,3763.1547016276727,4002.4304341011084,335132000
2020-03-23,3854.515625,4350.469102708804,3832.763279486456,4141.646585778782,217843500
2020-03-24,3915.421630859375,4346.118010253906,3871.916946072048,3871.916946072048,253971000
2020-03-26,4594.09423828125,4694.1550029407845,4045.935266668146,4045.935266668146,331633000
2020-03-27,4794.21630859375,5129.202384602569,4659.351784486304,4663.7022530058985,269683000
2020-03-30,4781.16455078125,4833.370169170126,4485.332713244285,4768.113146184031,159964500
2020-03-31,4807.26806640625,4968.235413426188,4772.464315699237,4924.730725042421,182638500
2020-04-01,4768.11328125,5003.038570654653,4720.258129704607,4837.720774406934,152831500
2020-04-02,4707.20654296875,4759.412160820529,4663.7018614256,4759.412160820529,136623500
2020-04-03,4781.16455078125,4811.617828174762,4668.0523776053515,4750.711273387739,110506000
2020-04-06,4989.9873046875,4994.337773130994,4781.1648193997935,4802.9171616172625,78184000
2020-04-07,4920.38037109375,5307.57210675011,4855.123336994363,4989.987874133096,149153500
2020-04-08,4902.97802734375,4924.73036996728,4768.113503077861,4920.379901442574,106111500
2020-04-09,4868.17529296875,4955.184681583026,4785.516373785188,4872.525762399464,89997000
2020-04-13,4785.515625,4885.57640625,4768.11375,4820.319375,58043000
2020-04-14,4798.56689453125,4863.823923921974,4737.660333766574,4789.865957279153,95796000
2020-04-15,4772.46435546875,4898.627952833011,4737.660604471713,4798.567168716528,95342000
2020-04-16,4559.29052734375,4802.916738728531,4511.435378678882,4772.463462305433,176990500
2020-04-17,4720.25830078125,4737.660174701181,4594.094714861751,4611.496588781682,160935500
2020-04-20,4659.3525390625,4785.516146562792,4637.60019294176,4724.60957742472,90744000
2020-04-21,4567.29736328125,4739.898717126181,4567.29736328125,4739.898717126181,73431000
2020-04-22,4554.0205078125,4633.68267412992,4465.506989682033,4567.29753553207,107263500
2020-04-23,4531.892578125,4642.53448677063,4531.892578125,4585.000694274902,105419500
2020-04-24,4354.86474609375,4549.594470512577,4354.86474609375,4531.891768292683,131149500
2020-04-27,4390.2705078125,4443.378618794102,4297.331313594695,4372.567804151966,151103500
2020-04-28,4275.20361328125,4403.548235212053,4253.075230189732,4390.271205357142,180488000
2020-04-29,4292.90576171875,4292.90576171875,4248.64900128866,4270.777381503705,121161000
2020-04-30,4576.14990234375,4646.960732554098,4319.460642831238,4319.460642831238,174081000
2020-05-04,4620.40625,4691.217073754789,4425.67648467433,4558.44677921456,114497500
2020-05-05,4677.93994140625,4726.622381666864,4602.703442821666,4620.406148370979,118643500
2020-05-06,4739.8994140625,4753.176443233543,4691.2169737686745,4704.494002939718,86395500
2020-05-08,4642.53466796875,4779.730640044089,4558.446814116122,4731.048198339937,123028000
2020-05-11,4686.79052734375,4713.344581323035,4642.533770711609,4642.533770711609,40615500
2020-05-12,4620.40625,4726.622485632184,4452.2305435823755,4726.622485632184,118660000
2020-05-13,4523.0419921875,4576.150117340386,4500.91360670713,4567.298763148238,94973000
2020-05-14,4354.86474609375,4523.040417182737,4341.5877194288305,4487.63501274295,131268000
2020-05-15,4235.37158203125,4421.24995867212,4142.432393710815,4354.864824157524,205790000
2020-05-18,4217.66943359375,4288.480253045481,4204.39240494655,4248.649167103882,139997500
2020-05-19,4142.4326171875,4390.27046607906,4142.4326171875,4284.054245125534,128504500
2020-05-20,4217.66943359375,4248.649167103882,4151.284290357752,4177.838347652151,119158000
2020-05-26,4399.1220703125,4425.676127074949,4226.520701356577,4226.520701356577,176076500
2020-05-27,4394.6962890625,4425.676021210977,4297.331416595858,4399.121965083711,151753500
2020-05-28,4686.79052734375,4708.918905659821,4425.675663214117,4425.675663214117,229233000
2020-05-29,4593.8515625,4686.790755960983,4593.8515625,4686.790755960983,399414000
2020-06-02,4744.3251953125,4868.24413698111,4638.108959596549,4655.811665549207,181369500
2020-06-03,5116.08154296875,5116.08154296875,4779.730161251081,4788.581513401546,279673500
2020-06-04,5124.93310546875,5301.960155744009,4956.757407707254,5116.081752954987,236158500
2020-06-05,5067.39892578125,5182.466499641785,4943.480000085289,5124.9327127115175,88157500
2020-06-08,5222.2978515625,5244.426232289459,5093.953243346134,5093.953243346134,173557500
2020-06-09,5138.2099609375,5306.385653026755,5129.358608722276,5257.703215843023,100110000
2020-06-10,5133.78369140625,5191.317474154768,4952.330991968615,5133.78369140625,115382500
2020-06-11,5027.56884765625,5142.636444521622,4961.183695618535,5089.52832289145,85187500
2020-06-12,5018.716796875,5027.568149250441,4850.541101741623,5027.568149250441,96044000
2020-06-15,4868.24365234375,5054.12204634233,4868.24365234375,5027.567990056818,100844500
2020-06-16,5098.3798828125,5129.359621683756,4939.055511474609,4939.055511474609,91518500
2020-06-17,5062.97314453125,5133.783957741478,5027.567737926137,5133.783957741478,79800000
2020-06-18,4943.47998046875,5080.6759333734335,4943.47998046875,5062.973229772829,68032000
2020-06-19,4934.62939453125,5001.014543336603,4908.075335009109,4956.757777466368,110071000
2020-06-22,4903.64892578125,5009.865148000338,4894.797573929659,4952.331360964999,51590500
2020-06-23,4974.46044921875,5009.865861668705,4885.946918093861,4930.203683656306,69954000
2020-06-24,5049.69677734375,5098.379217791411,4992.162984087424,5001.014336896089,57333000
2020-06-25,5067.39892578125,5085.101629452101,4992.162435180131,5045.270546192685,51415000
2020-06-26,4996.5888671875,5098.379428697963,4992.1631906000885,5062.974015998671,57467500
2020-06-29,5023.142578125,5040.845283246145,4943.480405079846,4992.1628441629955,48796500
2020-06-30,5040.8447265625,5080.675808686347,5009.864996021729,5045.270402354038,74474000
2020-07-01,5133.78369140625,5133.78369140625,5023.141801505253,5045.270179485453,63959000
2020-07-02,5195.744140625,5195.744140625,5098.379258943782,5111.656288263948,75585500
2020-07-03,5195.744140625,5226.723875705387,5169.190081984668,5195.744140625,52219000
2020-07-06,5253.27783203125,5253.27783203125,5178.041334015638,5186.892686723358,67800000
2020-07-07,5301.9599609375,5306.385637031772,5222.2977912406095,5257.703199994783,74168000
2020-07-08,5487.8388671875,5545.372661762853,5293.10910093246,5301.9604539440525,106444500
2020-07-09,5399.32470703125,5523.243634733607,5337.365243180072,5496.689578797387,93543500
2020-07-10,5487.8388671875,5523.244279233871,5381.622631048387,5399.325337071573,67224000
2020-07-13,5465.7099609375,5523.243750000001,5434.730228365385,5514.392397836538,86006000
2020-07-14,5487.8388671875,5487.8388671875,5408.176690083165,5465.710484658518,45616500
2020-07-15,5443.58154296875,5523.2437118902435,5443.58154296875,5487.838303480691,61468000
2020-07-16,5470.1357421875,5487.838446854774,5434.730332852953,5443.58168518659,66520500
2020-07-17,5417.02734375,5470.135454963235,5346.216528799019,5430.304371553309,73348000
2020-07-20,5434.73046875,5452.433173859935,5363.9196483102605,5417.027763640065,59794500
2020-07-21,5487.8388671875,5518.818602728074,5399.325337071573,5399.325337071573,84159500
2020-07-22,5470.1357421875,5532.095208522957,5425.878980519316,5496.689799188411,44725500
2020-07-23,5487.8388671875,5501.115896704889,5434.730749117944,5470.136161164314,84026500
2020-07-24,5399.32470703125,5487.838226818648,5399.32470703125,5487.838226818648,58366500
2020-07-27,5399.32470703125,5434.730114946209,5310.811187243852,5399.32470703125,41972500
2020-07-28,5474.56201171875,5487.839041658246,5363.920095556286,5417.028215314268,65279000
2020-07-29,5430.30419921875,5474.560957158593,5399.32446866086,5474.560957158593,50262500
2020-07-30,5523.244140625,5523.244140625,5359.494114019932,5430.304936335637,80533500
2020-08-03,5425.88037109375,5518.819594415911,5155.914055729379,5505.542562512745,137079000
2020-08-04,5496.6904296875,5505.541783036433,5425.879602896034,5448.007986268367,79357000
2020-08-05,5492.26416015625,5505.541188746475,5399.324960024678,5487.838483959508,49393000
2020-08-06,5540.94677734375,5571.92651172187,5474.561632247778,5501.115690286167,55258500
2020-08-07,5470.1357421875,5563.074941690686,5452.433037520227,5545.372237023413,43621000
2020-08-10,5417.02734375,5487.838158700981,5403.750315946691,5470.135454963235,37774500
2020-08-11,5465.7099609375,5487.838341346154,5425.878876201923,5434.730228365385,38795500
2020-08-12,5540.94677734375,5540.94677734375,5452.433250549121,5465.710279568316,35612000
2020-08-13,5576.35205078125,5576.35205078125,5470.135821242559,5540.94664093502,48581000
2020-08-14,5669.29150390625,5669.29150390625,5523.24418179157,5576.35229892418,57316000
2020-08-18,5629.46044921875,5686.994243117998,5576.35233177329,5669.2915373028445,81563500
2020-08-19,5602.90625,5673.717071484992,5585.203544628752,5629.460308056871,58793500
2020-08-24,5589.62890625,5647.162695467142,5558.6491735946165,5611.757286718132,66882500
2020-08-25,5633.88623046875,5647.163260077082,5580.778112035423,5594.055141643755,49211000
2020-08-26,5611.75732421875,5656.014085450759,5580.777591356344,5651.588409327558,42983000
2020-08-27,5841.89306640625,5841.89306640625,5611.757885002367,5633.886267829665,68326000
2020-08-28,5748.953125,5841.8923210161665,5686.993660989223,5806.486913010008,52292500
2020-08-31,5554.2236328125,5788.784471489043,5554.2236328125,5753.37906187749,97032000
2020-09-01,5771.08203125,5771.08203125,5523.244152607363,5558.649563842025,67446000
2020-09-02,5695.84521484375,5806.4871187839935,5633.8857486372135,5771.081709523116,66065000
2020-09-03,5753.3798828125,5753.3798828125,5576.352809495193,5722.400144981972,68208500
2020-09-04,5647.1630859375,5709.122555532425,5545.3725287458365,5709.122555532425,80613500
2020-09-07,5563.07470703125,5629.4598467332935,5487.8382153689345,5607.331466832613,64249500
2020-09-08,5607.33203125,5629.460413378059,5563.075266993883,5563.075266993883,39649000
2020-09-09,5527.6689453125,5594.054080764612,5496.689215434848,5576.351377977382,49285000
2020-09-10,5142.63623046875,5505.541713169642,5142.63623046875,5505.541713169642,175735000
2020-09-11,5226.72314453125,5288.682606024423,4974.459622737616,5133.78395229149,403032500
2020-09-14,5355.06884765625,5412.602645193053,5297.535050119447,5310.812080320248,138115000
2020-09-15,5186.89208984375,5399.3245303834265,5186.89208984375,5346.216420248507,170087000
2020-09-16,5089.52734375,5195.743566576087,5085.101667798913,5186.892214673913,158565500
2020-09-17,5093.953125,5182.466645851434,5014.29095623371,5089.5274489574285,138796000
2020-09-18,4983.3115234375,5076.25072591724,4930.203407734791,5045.270991757327,316912000
2020-09-21,4961.1826171875,5076.250189040199,4952.331265506524,4992.162348070919,112443000
2020-09-22,4823.98779296875,4925.778361077265,4806.285085471617,4885.947269208716,163442500
2020-09-23,4872.669921875,4943.480747261013,4801.859096488987,4823.987479422116,100517000
2020-09-24,4819.5615234375,4899.223697378616,4770.879083806818,4806.284494447314,88618500
2020-09-25,4965.6083984375,4978.885426240809,4832.838120404412,4850.540824142156,100705000
2020-09-28,4881.52099609375,5040.84534410769,4868.243967092589,5001.014257104205,93522000
2020-09-29,4872.669921875,4987.73751312727,4832.838832595367,4934.629394087761,117778500
2020-09-30,4797.43359375,4925.778219413053,4797.43359375,4925.778219413053,107377000
2020-10-01,4930.20263671875,4930.20263671875,4850.540475622755,4854.9661512391995,56893000
2020-10-02,4872.669921875,4925.77804091451,4815.1361262488645,4921.352364327884,66848000
2020-10-05,4885.9462890625,4921.351696954257,4832.838177224864,4881.520613076031,58291000
2020-10-06,5045.27099609375,5058.548025030838,4956.7574698464905,4983.311527720669,141955500
2020-10-07,5093.953125,5093.953125,4939.054463509991,4956.757167680278,89937500
2020-10-08,5116.08154296875,5133.784247269679,5054.122077915495,5124.932895119215,77384500
2020-10-09,5111.65576171875,5111.65576171875,5062.973325892857,5089.52738179789,54250500
2020-10-12,5182.46728515625,5200.169991510327,5160.338902213653,5169.190255390691,82918500
2020-10-13,5182.46728515625,5186.892961744769,5107.23078315142,5169.190255390691,48250500
2020-10-14,5222.2978515625,5222.2978515625,5142.635680945445,5169.189737817796,83117500
2020-10-15,5120.50732421875,5204.595171375325,5098.378943388073,5200.169495209188,82067000
2020-10-16,5098.3798828125,5124.933944702148,5071.825820922852,5120.50826772054,89051500
2020-10-19,5222.2978515625,5222.2978515625,5054.122158037606,5089.527567200741,56871500
2020-10-20,5138.2099609375,5204.59510255168,5120.507256507051,5204.59510255168,74995500
2020-10-21,5116.08154296875,5191.318036247702,5071.824782216425,5186.892360172469,77944000
2020-10-22,5133.78369140625,5133.78369140625,5049.6958550814925,5080.675584253771,96872500
2020-10-23,5107.23095703125,5169.190431379982,5089.528250074469,5169.190431379982,66328000
2020-10-26,5147.0625,5164.765208512467,5067.400311693895,5067.400311693895,70452500
2020-10-27,5124.93310546875,5160.338515523802,5093.95337167058,5147.061486753158,89482000
2020-11-02,5151.48779296875,5155.913469766833,5062.9742570070875,5098.379671391753,151006500
2020-11-03,5213.447265625,5217.872942420946,5164.764820869588,5169.190497665534,78152000
2020-11-04,5151.48779296875,5257.704036122745,5120.508055382168,5222.298621738079,78626000
2020-11-05,5443.58154296875,5470.1355992759145,5222.297740409044,5222.297740409044,161090000
2020-11-06,5576.35205078125,5576.35205078125,5363.91959170387,5452.433116319445,137303500
2020-11-09,5563.07470703125,5664.8652545743835,5501.115243309343,5576.3517349716585,82739500
2020-11-10,5735.67529296875,5841.891502097801,5647.161785361208,5660.438811502339,191073500
2020-11-11,5788.78466796875,5810.91304972704,5735.676551748853,5788.78466796875,131383500
2020-11-12,5682.56884765625,5748.9539977456925,5669.291817638362,5673.717494310991,83082500
2020-11-13,5656.01416015625,5709.12227433612,5594.054693613067,5682.568217246186,82374500
2020-11-16,5735.67529296875,5740.1009683491275,5651.587460741584,5740.1009683491275,54905000
2020-11-17,5797.6357421875,5810.912770604724,5744.527628518607,5753.378980796756,119784000
2020-11-18,5815.33935546875,5819.765032299396,5788.785294484874,5797.6366481461655,99789000
2020-11-19,5855.16943359375,5877.297813917234,5766.655912299816,5771.081588364513,147346500
2020-11-20,5841.89306640625,5886.149832060843,5797.6363007516575,5877.298478929924,68468500
2020-11-23,5841.89306640625,5850.744419537169,5797.6363007516575,5841.89306640625,75265500
2020-11-24,5810.9130859375,5841.892820592155,5793.2103804205535,5841.892820592155,72349500
2020-11-25,5673.71728515625,5828.615962988129,5647.1632260993565,5824.190286478646,170140500
2020-11-26,5735.67529296875,5744.526643729504,5576.350979275174,5620.607733078945,64339000
2020-11-27,5651.58935546875,5744.528569615064,5647.163678604639,5735.677215886843,87361500
2020-11-30,5492.26416015625,5664.86553182917,5430.3046934018685,5651.588503238946,393091500
2020-12-01,5660.4404296875,5695.845842852082,5505.541747092455,5505.541747092455,114563500
2020-12-02,5709.12255859375,5740.102293407825,5611.757677749515,5717.973911397771,93897500
2020-12-03,5717.97314453125,5775.50693004124,5686.9934138720255,5753.378550998936,98210000
2020-12-04,5656.01416015625,5722.399302881088,5629.460103066314,5717.973626699432,64995500
2020-12-07,5771.08203125,5824.190148101994,5735.676620015338,5753.379325632669,96636000
2020-12-08,5744.5283203125,5771.082380344761,5686.994523575934,5771.082380344761,70561500
2020-12-10,5837.39404296875,5859.589457580798,5806.3204625118815,5850.711291735979,151420500
2020-12-11,5979.4443359375,6019.396079830178,5855.150021604723,5859.589104259466,214160000
2020-12-14,6054.90869140625,6063.786856642916,6032.713278314585,6037.152360932918,179785500
2020-12-15,6028.2744140625,6125.934235203425,5864.028351234582,6063.787076295564,164024500
2020-12-16,6170.32470703125,6170.32470703125,6072.66489152428,6090.421221616456,138674000
2020-12-17,6157.0078125,6214.715888608508,6054.908908615717,6183.642309165465,91920000
2020-12-18,6037.15234375,6157.00757410386,5997.200600298714,6157.00757410386,147238500
2020-12-21,6063.787109375,6117.05610301519,6037.152612554904,6117.05610301519,93692500
2020-12-22,5961.6875,6054.908227848101,5957.248417721518,5983.882911392405,61790500
2020-12-23,5970.56591796875,6130.372886776835,5877.345186164033,6130.372886776835,76948000
2020-12-28,6019.396484375,6054.909147999631,5912.858493501106,6028.274650281158,60234000
2020-12-29,6006.07861328125,6046.030355719928,5983.883200815318,6014.956778267623,34212500
2020-12-30,6010.51708984375,6037.151582117799,5948.369941204302,6037.151582117799,52675500
2021-01-04,6068.2265625,6085.982894797001,5966.127651792246,6037.152980980249,47937000
2021-01-05,6294.619140625,6294.619140625,6081.5431753570165,6090.421340576516,104831000
2021-01-06,6165.8857421875,6281.301889989426,6108.177668286537,6259.106476950594,89753500
2021-01-07,6183.64208984375,6259.106494385992,6134.812181022299,6214.715668184674,71360000
2021-01-08,6259.10546875,6285.739960106383,6192.519240359043,6245.788223071809,75033500
2021-01-11,6521.01220703125,6534.329454560926,6343.448906635573,6347.887989145464,169034500
2021-01-12,6356.76611328125,6552.085742460283,6356.76611328125,6521.012165090891,95235000
2021-01-13,6321.25341796875,6458.864974118351,6276.862593404362,6432.230479379718,76581500
2021-01-14,6232.4716796875,6294.618833188658,6210.276267722801,6259.106174045139,89319500
2021-01-15,6174.763671875,6303.497062589863,6072.664775790798,6299.0579801514195,89853500
2021-01-18,6321.25341796875,6325.692500425189,6077.10388286462,6174.763696906271,86343000
2021-01-19,6299.05810546875,6321.253518102537,6219.154619987117,6321.253518102537,73777000
2021-01-20,6299.05810546875,6476.621406539046,6276.862692834963,6361.205260843354,107216000
2021-01-21,6281.3017578125,6481.06047095848,6267.984510269434,6463.30414090106,66428000
2021-01-22,6285.74072265625,6356.7660415563205,6281.301640224995,6281.301640224995,80829000
2021-01-25,6245.78955078125,6392.279284381663,6214.715970926617,6392.279284381663,76836500
2021-01-26,6054.90869140625,6214.715665666239,6054.90869140625,6174.763922101241,98658000
2021-01-27,6028.2744140625,6152.568731878222,5952.810006817241,6054.908910737297,97920000
2021-01-28,6125.93408203125,6148.1294953719425,6028.274263332201,6028.274263332201,104627000
2021-01-29,6001.6396484375,6214.715612287352,6001.6396484375,6125.933960683247,132762500
2021-02-01,6054.90869140625,6143.690343772911,5855.149973581264,6001.639699986254,113129000
2021-02-02,6037.15234375,6196.959317555147,6037.15234375,6183.642069738052,86741000
2021-02-03,6059.34716796875,6214.715044070513,6059.34716796875,6214.715044070513,67291000
2021-02-04,6085.98193359375,6214.715322415208,6068.225604101135,6143.690004444748,80950500
2021-02-05,6139.2509765625,6170.324553450379,6085.981987611849,6099.299234849512,51602000
2021-02-08,6143.6904296875,6263.545662058572,6108.17776824422,6259.106579378162,45604000
2021-02-09,6196.95947265625,6241.350299824275,6174.764059072238,6214.715803523461,75574000
2021-02-10,6143.6904296875,6259.106579378162,6125.93409896586,6259.106579378162,44984500
2021-02-11,6108.17724609375,6201.397974413495,6072.6645876862285,6201.397974413495,36926000
2021-02-15,6037.15234375,6117.055830652574,5966.127022058824,6063.786839384191,83922000
2021-02-16,6161.44677734375,6165.88586003636,6063.786958106312,6108.177785032421,47221000
2021-02-17,6125.93408203125,6179.203074048913,6081.543255349864,6117.055916694972,66011500
2021-02-18,5979.4443359375,6125.934063543987,5979.4443359375,6081.5432369965665,91204000
2021-02-19,6059.34716796875,6081.54257884043,6001.639099702381,6019.395428399725,70487500
2021-02-22,6028.2744140625,6161.446897436488,6028.2744140625,6125.934235203425,68913000
2021-02-23,6059.34716796875,6077.103496666094,6014.956346225389,6054.908085794414,58360000
2021-02-24,5970.56591796875,6068.2257322403575,5970.56591796875,6059.347567306575,71869000
2021-02-25,5952.8095703125,6010.517642209638,5930.61415804437,5983.8831474878825,78688000
2021-02-26,5957.24853515625,6046.030182476015,5899.540464398403,5952.809452790262,173631500
2021-03-01,6254.6669921875,6254.6669921875,6037.151958392477,6063.786452326562,205539000
2021-03-02,6228.033203125,6356.766605042766,6214.715954650749,6321.253942444761,81446500
2021-03-03,6214.71533203125,6290.17973249163,6214.71533203125,6272.423402971541,84470000
2021-03-04,5966.126953125,6214.715576171875,5966.126953125,6130.373007638114,120802500
2021-03-05,6037.15234375,6148.129408892463,5966.127022058824,5966.127022058824,111871500
2021-03-08,5966.126953125,6170.32475062779,5966.126953125,6170.32475062779,90883000
2021-03-09,5864.0283203125,5961.688140938446,5859.5892375567755,5948.370892671272,135582000
2021-03-10,5952.8095703125,5966.126817673378,5877.3451686008575,5966.126817673378,50302000
2021-03-12,6006.07861328125,6108.177510624538,5961.687788349385,6103.738428131352,74328000
2021-03-15,5917.2978515625,6054.909429505814,5917.2978515625,6050.470346346352,57416000
2021-03-16,5881.78369140625,5957.2480859375,5877.344609375,5957.2480859375,70755500
2021-03-17,5868.466796875,5917.296702144005,5864.027714577818,5903.979455252458,71474500
2021-03-18,5952.8095703125,5966.126817673378,5868.467003693606,5877.3451686008575,70067500
2021-03-19,6001.6396484375,6010.51781359791,5881.784418771958,6010.51781359791,125853000
2021-03-22,5877.34521484375,5930.614204706382,5868.467049866645,5895.101544797961,67523500
2021-03-23,5828.515625,5966.127189642041,5819.637459539223,5966.127189642041,127762500
2021-03-24,5717.53857421875,5815.19839458584,5699.782243242915,5784.12481537813,152050000
2021-03-25,5655.39013671875,5717.537281078297,5619.877482799009,5682.024627158556,119101500
2021-03-26,5695.34326171875,5721.97775865586,5593.2443567931605,5655.391516313085,134467500
2021-03-29,5646.5126953125,5784.124246849205,5646.5126953125,5690.903518388856,113370500
2021-03-30,5677.5869140625,5730.85590778318,5655.391500012216,5655.391500012216,83115500
2021-03-31,5517.779296875,5677.5862596163515,5455.632144697807,5673.14717731798,223390500
2021-04-01,5526.6572265625,5566.608965549699,5464.510077026857,5517.779062343123,112286000
2021-04-05,5464.5107421875,5584.365973738322,5464.5107421875,5548.853312538079,73311500
2021-04-06,5473.38818359375,5477.8272656566805,5397.923788523925,5446.753691216165,80215000
2021-04-07,5548.853515625,5571.048929687499,5446.7546109375,5464.5109421874995,107908000
2021-04-08,5523.10595703125,5595.12689860623,5514.103339334378,5581.622972060921,123697500
2021-04-09,5581.62255859375,5689.653962953629,5532.108164928805,5685.152654438633,116961000
2021-04-12,5460.0869140625,5667.147093820848,5455.585605806884,5667.147093820848,110411500
2021-04-13,5401.5703125,5455.586015625,5383.565078125001,5446.5833984375,119211500
2021-04-14,5676.14990234375,5676.14990234375,5455.585790357356,5496.097566028326,135519500
2021-04-15,5653.6435546875,5680.651406063395,5563.6173834345145,5676.150097500747,102686500
2021-04-16,5649.14208984375,5734.666950168078,5595.12638858628,5734.666950168078,79293500
2021-04-19,5644.640625,5653.643241626794,5608.630158492823,5649.141933313397,47095000
2021-04-20,5613.13134765625,5626.635272309793,5568.118265477771,5581.622190131315,72721000
2021-04-21,5550.11328125,5604.128982284064,5550.11328125,5581.622440186537,68397000
2021-04-22,5595.126953125,5649.1426598325625,5563.617790878922,5581.623026448109,63758000
2021-04-23,5752.67236328125,5757.173671859718,5604.129180191828,5653.643574554969,108498500
2021-04-26,5658.14501953125,5761.675119331742,5653.6437108442715,5757.173810644764,108742000
2021-04-27,5766.17626953125,5793.184120910787,5721.163183898688,5734.667109588456,132650000
2021-04-28,5689.65478515625,5766.177040969269,5685.153475990778,5761.675731803798,87660000
2021-04-29,5770.677734375,5815.690821226599,5725.664647523401,5815.690821226599,57355000
2021-04-30,5766.17626953125,5806.688046600556,5743.669726714968,5806.688046600556,65829500
2021-05-03,5752.67236328125,5833.695917693662,5712.160586075044,5833.695917693662,42065500
2021-05-04,5761.6748046875,5788.682655334473,5707.659103393555,5716.661720275879,50123500
2021-05-05,5784.18115234375,5788.682460633511,5761.674610894941,5779.679844053988,51685000
2021-05-06,5784.18115234375,5806.687693792558,5761.674610894941,5761.674610894941,38115500
2021-05-07,5761.6748046875,5815.690505981445,5748.170879364014,5815.690505981445,48864000
2021-05-10,5779.68017578125,5779.68017578125,5757.173633040669,5761.674941588785,68180500
2021-05-11,5833.6953125,5833.6953125,5676.149528597608,5761.674382716049,70680000
2021-05-17,5851.701171875,5851.701171875,5739.16845703125,5851.701171875,129058500
2021-05-18,5752.67236328125,5811.189374801325,5730.165820388914,5761.674980438184,73563000
2021-05-19,5712.16015625,5761.674546887312,5703.157539770488,5743.66931392829,64912500
2021-05-20,5743.669921875,5793.184317753233,5716.662069577782,5752.672539307406,64950000
2021-05-21,5725.6650390625,5806.688600936026,5635.638859203026,5806.688600936026,92620000
2021-05-24,5694.1552734375,5743.669667119565,5662.64611382164,5721.163124536808,59210000
2021-05-25,5721.16259765625,5797.684835390441,5671.648208534127,5671.648208534127,87470000
2021-05-27,5644.640625,5833.69557416268,5644.640625,5797.685107655502,537971500
2021-05-28,5707.6591796875,5734.667030695485,5698.656562684838,5698.656562684838,102108500
2021-05-31,5739.16845703125,5752.6723828125005,5694.155371093751,5725.66453125,101442000
2021-06-02,5820.19287109375,5865.205963677615,5779.681087768272,5851.7020359024555,141732500
2021-06-03,5941.7275390625,5941.7275390625,5788.683041844223,5847.200055486505,133810500
2021-06-04,5923.7216796875,5959.732145825417,5851.7007474116635,5959.732145825417,62108500
2021-06-07,5878.70947265625,5914.719944157972,5788.683293901942,5905.717326282542,62576000
2021-06-08,5788.68212890625,5919.220061828709,5788.68212890625,5919.220061828709,64348000
2021-06-09,5878.70947265625,5883.210781593965,5725.664968773928,5725.664968773928,77198000
2021-06-10,5959.732421875,5959.732421875,5842.698401505853,5901.215411690427,73262500
2021-06-11,5824.693359375,5923.722149101623,5815.690742127125,5914.719531853748,72780500
2021-06-14,5770.677734375,5869.706525448518,5761.67511700468,5869.706525448518,61478500
2021-06-15,5824.693359375,5824.693359375,5766.176347263814,5802.186816255313,87799000
2021-06-16,5748.171875,5793.184967208301,5725.66532889585,5779.681039545811,48984000
2021-06-17,5698.65673828125,5752.672441961641,5649.142343240892,5752.672441961641,68448500
2021-06-18,5694.1552734375,5712.160507503705,5653.643496788537,5671.648730854743,118043000
2021-06-21,5626.6357421875,5671.648828125,5590.6252734375,5671.648828125,60823500
2021-06-22,5707.6591796875,5752.672264700808,5617.633009660883,5626.635626663545,65824000
2021-06-23,5608.630859375,5707.659654644864,5608.630859375,5667.1478747617375,52451000
2021-06-24,5590.62548828125,5680.651663615892,5581.622870747786,5680.651663615892,56010000
2021-06-25,5572.61962890625,5635.637944580472,5572.61962890625,5608.630095005806,68939500
2021-06-28,5451.0849609375,5536.609828202415,5451.0849609375,5491.596740168249,84420500
2021-06-29,5442.08154296875,5482.59331624147,5437.580234827336,5446.582851110164,53704000
2021-06-30,5424.07666015625,5464.588436041235,5401.570117997925,5401.570117997925,65795000
2021-07-01,5424.07666015625,5469.089744472899,5401.570117997925,5455.585819177904,58153000
2021-07-02,5491.59619140625,5527.606658235143,5437.58049116291,5464.58834128458,67392500
2021-07-05,5500.5986328125,5518.60386565313,5464.58816713124,5491.5960163921845,39710500
2021-07-06,5451.0849609375,5500.599357775082,5451.0849609375,5500.599357775082,34279500
2021-07-07,5460.0869140625,5563.617003941674,5428.577756273186,5563.617003941674,35595000
2021-07-08,5415.07421875,5437.580761637572,5383.565058707398,5401.570293017456,47297000
2021-07-09,5419.57568359375,5419.57568359375,5392.5678313499275,5410.573066179142,40707500
2021-07-12,5554.61376953125,5563.616385041025,5419.574536884623,5464.587614433499,65981500
2021-07-13,5442.08154296875,5559.1155546454975,5415.07369412027,5554.614246504084,65946500
2021-07-14,5392.56787109375,5428.578341017581,5383.565253612792,5419.575723536624,59321000
2021-07-15,5505.10009765625,5505.10009765625,5397.068697538712,5401.570005876942,49724000
2021-07-16,5500.5986328125,5554.61433133439,5451.084242500767,5554.61433133439,47998500
2021-07-19,5406.0712890625,5500.598763725541,5406.0712890625,5500.598763725541,47119000
2021-07-21,5410.57275390625,5509.601539751456,5410.57275390625,5446.583221486325,55009500
2021-07-22,5541.111328125,5541.111328125,5446.583839992892,5505.100856455625,60792000
2021-07-23,5433.07861328125,5572.619157615731,5424.075997517735,5563.616541852216,79938000
2021-07-26,5406.0712890625,5455.585680552664,5406.0712890625,5437.580447283513,48171500
2021-07-27,5406.0712890625,5455.585680552664,5401.569980745212,5406.0712890625,53107500
2021-07-28,5383.56494140625,5410.57279228287,5374.562324447376,5406.071483803433,74133000
2021-07-29,5437.58056640625,5478.092342149343,5383.564865415459,5451.084491653947,84605000
2021-07-30,5374.5625,5491.5965242881075,5365.5598827470685,5437.5808207705195,105685000
2021-08-02,5365.56005859375,5460.087542847499,5316.045662079881,5455.586234073511,119981500
2021-08-03,5532.10791015625,5563.61706831011,5388.066044310033,5424.076510771587,110071500
2021-08-04,5509.60107421875,5536.608922621783,5455.585377412684,5532.10761455461,41112000
2021-08-05,5671.64892578125,5680.65154312376,5527.607048301092,5554.614900328621,93768000
2021-08-06,5545.6123046875,5725.664652242289,5523.105761243151,5725.664652242289,67285000
2021-08-09,5581.62255859375,5581.62255859375,5496.097696808845,5523.1055478988155,52858500
2021-08-10,5671.64892578125,5671.64892578125,5505.100504944817,5626.635839068701,60446000
2021-08-12,5671.64892578125,5689.65416046627,5509.601813616072,5509.601813616072,118325500
2021-08-13,5770.677734375,5793.1842778007995,5694.155486727282,5716.662030153081,86929000
2021-08-16,5779.68017578125,5779.68017578125,5676.150079174577,5779.68017578125,69282000
2021-08-18,5941.7275390625,6085.769418797348,5815.690894294507,5869.706599195076,186354500
2021-08-19,5941.7275390625,5941.7275390625,5878.709216678504,5941.7275390625,100926000
2021-08-20,5941.7275390625,5941.7275390625,5860.703981711647,5941.7275390625,120163500
2021-08-23,5932.72509765625,5932.72509765625,5865.205464526626,5865.205464526626,68253000
2021-08-24,5941.7275390625,5941.7275390625,5851.70136422822,5914.719686612216,59561500
2021-08-25,5941.7275390625,5946.228847804214,5928.223612837358,5941.7275390625,80751500
2021-08-26,5905.71630859375,5923.721541241902,5824.692761677067,5905.71630859375,74337000
2021-08-27,5860.70361328125,5878.708847116215,5842.698379446284,5842.698379446284,71572500
2021-08-30,5910.21826171875,5923.722187678503,5869.70648383949,5878.7091011459925,74564500
2021-08-31,5896.71435546875,5914.719590141937,5865.205194790673,5869.70650345897,115373500
2021-09-01,5910.21826171875,5941.727422291508,5883.210409799243,5896.714335758997,67362500
2021-09-02,5887.71142578125,5919.220584787725,5811.189182479811,5874.207500492761,53257000
2021-09-03,5941.7275390625,5941.7275390625,5865.205290453362,5905.717069128788,35764500
2021-09-06,5919.220703125,5946.22855424192,5896.7141605275665,5941.7272457224335,36780000
2021-09-07,5914.7197265625,5946.228887967323,5914.7197265625,5937.226270423088,53902000
2021-09-08,5797.68603515625,5937.226615194949,5779.680799022224,5896.714833893391,77888000
2021-09-09,5914.7197265625,5914.7197265625,5770.677845854737,5770.677845854737,110074000
2021-09-10,5869.70703125,5910.218812907401,5847.200485884778,5847.200485884778,41483500
2021-09-13,5901.21533203125,5905.716640446224,5874.207481541404,5905.716640446224,29929000
2021-09-14,5892.212890625,5937.225976114878,5847.199805135122,5932.72466756589,51990500
2021-09-15,5847.19970703125,5896.714100239366,5838.19709008432,5892.212791765902,44514000
2021-09-16,5851.701171875,5923.722109375,5833.695937500001,5923.722109375,58672500
2021-09-17,5869.70703125,5883.210958469133,5833.696558665644,5842.699176811733,117540000
2021-09-20,5928.22314453125,5932.724452917379,5860.703518739322,5914.719219372864,73157500
2021-09-21,5842.6982421875,5883.210017364455,5824.69300877552,5860.70347559948,57115500
2021-09-22,5901.21533203125,5923.721874106121,5851.700939466533,5851.700939466533,68722000
2021-09-23,5923.7216796875,5932.724296221979,5892.212521816821,5901.215138351301,60998500
2021-09-24,5928.22314453125,5928.22314453125,5851.700901967066,5851.700901967066,60539500
2021-09-27,5923.7216796875,5937.225604489219,5901.215138351301,5928.222987954739,55052500
2021-09-28,5869.70703125,5905.717503834356,5851.701794957822,5887.712267542178,80186000
2021-09-29,5923.7216796875,5923.7216796875,5865.204672213383,5869.705980480623,74079000
2021-09-30,6301.83203125,6301.83203125,5937.22603515625,5941.727343750001,156848000
2021-10-01,6085.76904296875,6211.80567995331,6040.755958331407,6211.80567995331,103954500
2021-10-04,6265.82177734375,6265.82177734375,6067.764192427712,6067.764192427712,74719000
2021-10-05,6252.31787109375,6252.31787109375,6175.79562213148,6220.808709756345,54986500
2021-10-06,6463.87890625,6463.87890625,6274.823952167479,6283.826569028552,174312000
2021-10-07,6445.8740234375,6459.377949464255,6373.853084628143,6459.377949464255,107263500
2021-10-08,6562.90771484375,6571.91033173654,6459.377620576668,6481.884162808642,94643500
2021-10-11,6531.3984375,6562.907596054445,6508.891895675396,6517.894512405238,47201000
2021-10-12,6589.91455078125,6589.91455078125,6522.394934482262,6531.397549988794,91067000
2021-10-13,6774.46923828125,7427.158965557516,6661.936526681893,6661.936526681893,210893300
2021-10-14,6977.0283203125,7112.067578125,6841.989062500001,6841.989062500001,138811900
2021-10-15,6887.00244140625,7089.561336741728,6706.950089996936,7022.041704963235,142378200
2021-10-18,6774.46923828125,6909.508492200477,6729.456153641508,6887.001949880606,116644300
2021-10-19,6751.9619140625,6774.468453776042,6616.92267578125,6729.455374348959,134601200
2021-10-21,6661.9365234375,6796.975777290963,6616.923438819679,6751.962692673143,106120100
2021-10-22,6774.46923828125,6796.975780601121,6684.443069001764,6706.9496113216355,96730700
2021-10-25,6774.46923828125,6774.46923828125,6661.936526681893,6661.936526681893,60329800
2021-10-26,6774.46923828125,6841.988865240864,6751.962695961379,6841.988865240864,70103000
2021-10-27,6706.9501953125,6819.482916710361,6684.443651032928,6819.482916710361,57067000
2021-10-28,6639.43017578125,6684.44326171875,6616.923632812501,6616.923632812501,75271900
2021-10-29,6729.45654296875,6729.45654296875,6639.430368480874,6706.949999346781,60639200
2021-11-01,6661.9365234375,6796.975777290963,6661.9365234375,6796.975777290963,38593400
2021-11-02,6571.91015625,6684.442864404966,6526.897072988014,6639.42978114298,90535400
2021-11-03,6616.92333984375,6661.9364237882655,6526.89717195472,6571.910255899235,61621500
2021-11-04,6639.43017578125,6729.456347656251,6639.43017578125,6684.44326171875,61081400
2021-11-05,6706.9501953125,6729.456739592072,6639.4305624737835,6729.456739592072,43120400
2021-11-08,6819.482421875,6841.9889645214525,6706.94970864274,6751.962793935644,85441700
2021-11-09,6909.50927734375,6909.50927734375,6819.483097834385,6841.989642711726,101785800
2021-11-10,6887.00244140625,6909.508985332414,6819.482809627757,6909.508985332414,47503900
2021-11-11,6909.50927734375,6977.028911975774,6841.989642711726,6932.015822221091,55790000
2021-11-12,6774.46923828125,6977.028119160091,6774.46923828125,6977.028119160091,52590100
2021-11-15,6751.9619140625,6864.494612630208,6751.9619140625,6864.494612630208,67344200
2021-11-16,6729.45654296875,6729.45654296875,6594.417281236935,6661.936912102843,98616900
2021-11-17,6842.36669921875,6842.36669921875,6706.87428933323,6774.6204942759905,61968100
2021-11-18,6684.2919921875,6774.620262352196,6684.2919921875,6706.874059728674,78839600
2021-11-19,6706.8740234375,6729.456090856481,6661.7098885995365,6706.8740234375,68203700
2021-11-22,6752.03857421875,6797.202711838942,6684.292367788462,6706.874436598558,66328300
2021-11-23,6752.03857421875,6774.620643028846,6684.292367788462,6684.292367788462,43477500
2021-11-24,6752.03857421875,6842.366849459135,6706.874436598558,6842.366849459135,35181400
2021-11-25,6706.8740234375,6797.202293113425,6706.8740234375,6729.456090856481,40216100
2021-11-26,6571.3818359375,6729.456313090635,6548.799767772766,6684.292176761168,113288400
2021-11-29,6684.2919921875,6706.874059728674,6481.053384316934,6571.38165448163,87907900
2021-11-30,6571.3818359375,6706.874244925902,6571.3818359375,6616.5459722669675,144923700
2021-12-01,6593.96337890625,6729.455777102954,6571.381312540133,6571.381312540133,76538100
2021-12-02,6774.61962890625,6774.61962890625,6593.96310546875,6661.709301757813,66831000
2021-12-03,6661.7099609375,6797.20236692267,6639.127893273305,6797.20236692267,63283700
2021-12-06,6639.1279296875,6752.0382686277635,6639.1279296875,6729.456200839711,56944100
2021-12-07,6639.1279296875,6752.0382686277635,6639.1279296875,6729.456200839711,51258200
2021-12-08,6706.8740234375,6752.038158275463,6684.291956018518,6729.456090856481,74775000
2021-12-09,6639.1279296875,6729.456200839711,6639.1279296875,6684.292065263605,54886400
2021-12-10,6661.7099609375,6661.7099609375,6571.38169028072,6616.545825609111,91092400
2021-12-13,6593.96337890625,6684.291644370719,6593.96337890625,6661.709578004602,59977100
2021-12-14,6593.96337890625,6661.709578004602,6571.381312540133,6593.96337890625,49763600
2021-12-15,6593.96337890625,6661.709578004602,6571.381312540133,6593.96337890625,52477600
2021-12-16,6571.3818359375,6684.292176761168,6571.3818359375,6661.710108596434,95171400
2021-12-17,6774.61962890625,6774.61962890625,6593.96310546875,6616.545170898437,107096800
2021-12-20,6661.7099609375,6684.292028601695,6616.545825609111,6639.127893273305,74753000
2021-12-21,6661.7099609375,6684.292028601695,6616.545825609111,6616.545825609111,52386100
2021-12-22,6616.54638671875,6706.87466503573,6616.54638671875,6706.87466503573,33232000
2021-12-23,6593.96337890625,6639.127511638485,6593.96337890625,6616.545445272368,37136400
2021-12-24,6593.96337890625,6639.127511638485,6593.96337890625,6593.96337890625,30802100
2021-12-27,6639.1279296875,6639.1279296875,6593.963794111394,6593.963794111394,20722100
2021-12-28,6639.1279296875,6684.292065263605,6616.545861899447,6661.709997475553,39343800
2021-12-29,6593.96337890625,6661.709578004602,6593.96337890625,6639.127511638485,42079500
2021-12-30,6593.96337890625,6639.127511638485,6593.96337890625,6639.127511638485,49954700
2022-01-03,6616.54638671875,6684.292595456485,6593.9643171395055,6616.54638671875,54287400
2022-01-04,6684.2919921875,6729.456127269848,6616.545789563978,6616.545789563978,70624000
2022-01-05,6729.45654296875,6797.2027497771605,6661.7103361603395,6729.45654296875,76164900
2022-01-06,6752.03857421875,6797.202711838942,6706.874436598558,6774.620643028846,63657100
2022-01-07,6910.11328125,6955.277420343137,6774.620863970588,6819.7850030637255,143433300
2022-01-10,6864.9482421875,6910.112375359787,6819.784109015214,6842.366175601357,45351900
2022-01-11,6955.27734375,6955.27734375,6887.531135856331,6910.113205154221,110334600
2022-01-12,6955.27734375,6955.27734375,6910.113205154221,6955.27734375,62606000
2022-01-13,6955.27734375,7000.441482345779,6910.113205154221,6955.27734375,50025200
2022-01-14,7090.76953125,7090.76953125,6910.112982683121,6955.277119824841,65898700
2022-01-17,7000.44091796875,7135.933322832661,6955.276783014113,7135.933322832661,63902600
2022-01-18,6932.6953125,7023.023590187297,6819.78496539088,7023.023590187297,71476300
2022-01-19,6932.6953125,6977.859451343648,6842.367034812704,6910.113243078176,60389700
2022-01-20,7023.0234375,7023.0234375,6887.531023914791,6977.859299638264,59925500
2022-01-21,7181.09765625,7181.09765625,6955.276975235849,7023.023179540095,63370500
2022-01-24,7045.60546875,7090.769606370192,7023.023399939903,7068.187537560096,40278300
2022-01-25,7023.0234375,7023.0234375,6887.531023914791,6932.695161776528,106796900
2022-01-26,6955.27734375,7000.441482345779,6910.113205154221,6955.27734375,53350200
2022-01-27,7045.60546875,7045.60546875,6887.530987079327,6887.530987079327,71945100
2022-01-28,7023.0234375,7068.187575361737,6955.277230707396,7045.605506430868,70595000
2022-01-31,6887.5302734375,7023.0226722592215,6887.5302734375,7023.0226722592215,68122000
2022-02-02,7045.60546875,7045.60546875,6932.6951246995195,7023.023399939903,65308100
2022-02-03,6977.8583984375,7068.186662494943,6955.276332423139,7045.604596480583,35100600
2022-02-04,6977.8583984375,7045.604596480583,6955.276332423139,7000.440464451861,39324700
2022-02-07,7045.60546875,7045.60546875,6955.277193509615,7023.023399939903,56813200
2022-02-08,6977.8583984375,7090.768728509304,6977.8583984375,7000.440464451861,61883100
2022-02-09,7181.09765625,7181.09765625,7045.60524764151,7090.76938384434,108922200
2022-02-10,7000.44091796875,7181.0974577872985,7000.44091796875,7181.0974577872985,93277000
2022-02-11,7068.18701171875,7068.18701171875,6910.112541808107,6932.694608938199,71968800
2022-02-14,6955.27734375,7023.023551643669,6955.27734375,7000.441482345779,57710700
2022-02-15,7113.3515625,7113.3515625,6977.859151785714,7000.441220238095,55617000
2022-02-16,7203.67919921875,7203.67919921875,7068.186800487363,7090.768866942594,77055100
2022-02-17,7135.93408203125,7158.516151911096,7045.605802511867,7090.769942271559,48704600
2022-02-18,7158.515625,7181.097693217665,7090.769420347004,7181.097693217665,56813400
2022-02-21,7181.09765625,7203.679724351416,7135.9335200471705,7158.515588148585,43821700
2022-02-22,7135.93408203125,7181.098221790941,7090.769942271559,7135.93408203125,80095500
2022-02-23,7271.42578125,7316.5899165372675,7113.351307744565,7135.933375388199,99240300
2022-02-24,7226.26171875,7361.754125976562,7158.515515136719,7339.172058105469,124947700
2022-02-25,7271.42578125,7384.336119468168,7158.515443031833,7181.097510675466,135899900
2022-03-01,7271.42578125,7384.336119468168,7226.261645962733,7226.261645962733,136616800
2022-03-02,7203.67919921875,7429.499863771062,7203.67919921875,7429.499863771062,100301000
2022-03-04,7135.93408203125,7248.844431430479,7135.93408203125,7203.6802916707875,132983400
2022-03-07,6955.27734375,7090.769759537337,6955.27734375,7045.605620941558,130990900
2022-03-08,6910.11328125,7090.769837622549,6910.11328125,6955.277420343137,119256500
2022-03-09,7090.76953125,7181.09780553344,6910.112982683121,6955.277119824841,132814500
2022-03-10,7158.515625,7203.679761435332,7045.605283911672,7158.515625,86484000
2022-03-11,7181.09765625,7181.09765625,6977.859043337265,6977.859043337265,61053900
2022-03-14,7294.00732421875,7316.589390238003,7181.096994122485,7271.425258199497,78432100
2022-03-15,7361.75439453125,7406.918531921013,7294.008188446607,7361.75439453125,111214500
2022-03-16,7406.91748046875,7474.663676936452,7294.00715302258,7474.663676936452,149761300
2022-03-17,7226.26171875,7497.246533203125,7226.26171875,7497.246533203125,132439400
2022-03-18,7135.93408203125,7316.590641070016,7135.93408203125,7226.262361550634,143981700
2022-03-21,7135.93408203125,7181.098221790941,7045.605802511867,7045.605802511867,85485500
2022-03-22,7158.515625,7181.097693217665,7113.351488564669,7135.933556782335,60010900
2022-03-23,7135.93408203125,7181.098221790941,7068.187872391713,7158.516151911096,82208000
2022-03-24,7158.515625,7181.097693217665,7045.605283911672,7090.769420347004,95245100
2022-03-25,7181.09765625,7181.09765625,7135.9335200471705,7135.9335200471705,85101200
2022-03-28,7245.296875,7245.296875,7153.584256329114,7176.512410996836,83911500
2022-03-29,7199.4404296875,7245.296738156847,7176.5122754528265,7222.3685839221735,62180600
2022-03-30,7222.36865234375,7245.296806795635,7176.51234343998,7245.296806795635,71430600
2022-03-31,7314.08056640625,7337.008718652038,7222.367957423099,7268.224261914675,112691900
2022-04-01,7268.224609375,7405.7935294262625,7199.44014934937,7405.7935294262625,105575400
2022-04-04,7245.296875,7268.225029667722,7176.512410996836,7268.225029667722,57321200
2022-04-05,7245.296875,7245.296875,7199.440565664558,7245.296875,48528300
2022-04-06,7107.7275390625,7199.440152469758,7107.7275390625,7176.511999117944,119263000
2022-04-07,7107.7275390625,7176.511999117944,7061.871232358871,7084.799385710685,68619400
2022-04-08,7199.4404296875,7222.3685839221735,7130.65596698348,7153.584121218153,69791600
2022-04-11,7084.798828125,7222.36773740898,7084.798828125,7176.5114343143205,62776200
2022-04-12,7153.583984375,7153.583984375,7061.871369190705,7084.799522986779,73471300
2022-04-13,7153.583984375,7199.4402919671475,7107.7276767828525,7153.583984375,57622100
2022-04-14,7061.87158203125,7153.5841999797085,7061.87158203125,7153.5841999797085,93342900
2022-04-18,7061.87158203125,7084.799736518365,6993.087118569907,7061.87158203125,68464700
2022-04-19,6993.08642578125,7061.8708824282785,6993.08642578125,7061.8708824282785,98632000
2022-04-20,7016.015625,7084.800091911765,6993.087469362745,7084.800091911765,124388800
2022-04-21,7268.224609375,7268.224609375,7107.727535981861,7153.5838426656155,129323400
2022-04-22,7222.36865234375,7268.22496124752,7153.584188988096,7199.440497891866,85956100
2022-04-25,7337.0087890625,7337.0087890625,7176.511721801758,7222.368026733398,91279600
2022-04-26,7451.650390625,7451.650390625,7268.225150240384,7268.225150240384,128360900
2022-04-27,7520.43359375,7520.43359375,7405.792837747714,7405.792837747714,89463100
2022-04-28,7451.650390625,7566.291165865385,7405.794080528846,7566.291165865385,133730600
2022-05-09,6970.158203125,7245.296026932566,6970.158203125,7222.367874948602,456796600
2022-05-10,6901.3740234375,6970.158482142857,6649.164341517857,6649.164341517857,268445700
2022-05-11,7016.015625,7061.87193627451,6832.590379901961,6901.3748468137255,156535200
2022-05-12,6672.0927734375,6924.302465904209,6672.0927734375,6901.374312043599,240529600
2022-05-13,6717.94921875,6855.518144731229,6649.164755759386,6649.164755759386,212968600
2022-05-17,6786.7333984375,6855.517858556799,6672.092631572002,6672.092631572002,159657600
2022-05-18,6947.23046875,6947.23046875,6763.80524185231,6878.446008663366,153514300
2022-05-19,6832.58984375,6855.517997588087,6763.805382235738,6786.733536073825,140908900
2022-05-20,6786.7333984375,6855.517858556799,6786.7333984375,6809.6615518106,86520200
2022-05-23,6763.80517578125,6855.517788334216,6740.877022643008,6832.589635195975,71603500
2022-05-24,6740.876953125,6855.517717633928,6717.948800223215,6717.948800223215,108710800
2022-05-25,6763.80517578125,6832.589635195975,6740.877022643008,6786.733328919491,76747400
2022-05-27,6947.23046875,6947.23046875,6855.517855301155,6901.374162025578,84336900
2022-05-30,6947.23046875,6970.158622112211,6855.517855301155,6947.23046875,105411400
2022-05-31,7107.7275390625,7107.7275390625,6901.374158896169,6970.158618951613,286292700
2022-06-02,6947.23046875,7038.943082198844,6901.374162025578,6993.086775474422,149226300
2022-06-03,6970.158203125,7038.942659076892,6947.230051141036,6970.158203125,80563100
2022-06-06,6832.58984375,6947.230612940436,6809.661689911913,6924.302459102349,81140300
2022-06-07,6763.80517578125,6855.517788334216,6695.020716366525,6695.020716366525,129242500
2022-06-08,6970.158203125,6970.158203125,6809.661139237253,6878.445595189145,108910500
2022-06-09,6878.4453125,6947.229765625,6878.4453125,6878.4453125,107828300
2022-06-10,6740.876953125,6832.589564732143,6740.876953125,6786.733258928572,111768600
2022-06-13,6740.876953125,6786.733258928572,6672.092494419643,6695.020647321428,85539500
2022-06-14,6786.7333984375,6786.7333984375,6649.1644781989025,6695.020784945102,80865100
2022-06-15,6717.94921875,6763.80552741041,6695.021064419795,6695.021064419795,130367100
2022-06-16,6947.23046875,6970.158622112211,6763.80524185231,6786.733395214521,132666300
2022-06-17,6878.4453125,6924.3016145833335,6809.660859375,6809.660859375,117839400
2022-06-20,6993.08642578125,7016.014577996926,6878.445664702868,6970.158273565574,88138700
2022-06-21,7016.015625,7016.015625,6924.30300245098,6970.15931372549,44295700
2022-06-22,6878.4453125,7016.01421875,6878.4453125,6993.086067708334,53041800
2022-06-23,6901.3740234375,6947.230329241072,6832.589564732143,6832.589564732143,60443000
2022-06-24,6855.51806640625,6970.1588367474915,6855.51806640625,6970.1588367474915,57956600
2022-06-27,6740.876953125,6878.445870535715,6740.876953125,6855.517717633928,76354100
2022-06-28,6695.0205078125,6786.733117508562,6695.0205078125,6695.0205078125,146078100
2022-06-29,6672.0927734375,6786.73354274055,6672.0927734375,6717.949081158719,98517800
2022-06-30,6649.16455078125,6786.733472521551,6649.16455078125,6695.020858028017,101343900
2022-07-01,6649.16455078125,6717.949011651401,6649.16455078125,6695.020858028017,68738800
2022-07-04,6465.73876953125,6672.09213451629,6419.882466201241,6649.163982851285,102238600
2022-07-05,6649.16455078125,6717.949011651401,6511.595629040949,6511.595629040949,69172900
2022-07-06,6695.0205078125,6717.948660236515,6580.379745692423,6695.0205078125,66801100
2022-07-07,6511.595703125,6649.164626430458,6511.595703125,6626.236472546215,86126800
2022-07-08,6557.4521484375,6580.380302802666,6488.667685342002,6534.523994072334,64312400
2022-07-11,6534.5234375,6603.307894736842,6534.5234375,6603.307894736842,36830800
2022-07-12,6580.3798828125,6649.164341517857,6557.451729910715,6580.3798828125,34269000
2022-07-13,6419.8828125,6534.523577008928,6419.8828125,6511.595424107143,71988200
2022-07-14,6442.8115234375,6511.595988100534,6419.883368549822,6442.8115234375,83316300
2022-07-15,6419.8828125,6511.595424107143,6419.8828125,6511.595424107143,57419900
2022-07-18,6557.4521484375,6557.4521484375,6442.811376611669,6442.811376611669,60077700
2022-07-19,6580.3798828125,6580.3798828125,6511.595424107143,6511.595424107143,59641000
2022-07-20,6786.7333984375,6786.7333984375,6580.380018079603,6603.308171452703,105792900
2022-07-21,6786.7333984375,6786.7333984375,6649.1644781989025,6786.7333984375,64337100
2022-07-22,6717.94921875,6786.733681740614,6695.021064419795,6786.733681740614,38956500
2022-07-25,6695.0205078125,6763.804965084546,6695.0205078125,6740.876812660531,31247600
2022-07-26,6695.0205078125,6763.804965084546,6649.164202964469,6649.164202964469,44379900
2022-07-27,6717.94921875,6740.877373080205,6672.09291008959,6717.94921875,58465500
2022-07-28,6740.876953125,6832.589564732143,6717.948800223215,6763.805106026785,86909700
2022-07-29,6740.876953125,6855.517717633928,6740.876953125,6786.733258928572,131553000
2022-08-01,6878.4453125,6878.4453125,6740.87640625,6740.87640625,104841600
2022-08-02,6970.158203125,6993.086355108963,6878.445595189145,6970.158203125,106466900
2022-08-03,6993.08642578125,6993.08642578125,6947.230121349898,6993.08642578125,60170600
2022-08-04,7153.583984375,7153.583984375,7016.015061598558,7038.943215394632,164221000
2022-08-05,7222.36865234375,7222.36865234375,7084.799725632441,7176.51234343998,118734200
2022-08-08,7222.36865234375,7268.22496124752,7107.727880084326,7222.36865234375,84328900
2022-08-09,7245.296875,7314.081339003165,7222.368720332279,7222.368720332279,92875800
2022-08-10,7245.296875,7245.296875,7084.79979232595,7153.584256329114,104376300
2022-08-11,7291.15283203125,7291.15283203125,7176.512064232016,7199.440217791863,73204700
2022-08-12,7268.224609375,7314.080916058754,7199.44014934937,7268.224609375,59381200
2022-08-15,7291.15283203125,7314.080985591097,7245.296524911557,7291.15283203125,81411000
2022-08-16,7314.08056640625,7314.08056640625,7199.439805177311,7291.152414160462,83556700
2022-08-18,7337.0087890625,7359.93694152832,7222.368026733398,7245.296179199218,86136900
2022-08-19,7245.296875,7382.86580300633,7245.296875,7382.86580300633,58194900
2022-08-22,7337.0087890625,7337.0087890625,7176.511721801758,7199.439874267578,97293300
2022-08-23,7245.296875,7337.0094936708865,7245.296875,7337.0094936708865,71671800
2022-08-24,7291.15283203125,7359.93729271079,7245.296524911557,7291.15283203125,108892400
2022-08-25,7405.79296875,7428.721120356036,7245.29590750774,7337.008513931888,99503500
2022-08-26,7337.0087890625,7451.649551391602,7337.0087890625,7359.93694152832,80472400
2022-08-29,7474.578125,7474.578125,7291.15289493865,7337.009202453988,57762100
2022-08-30,7497.505859375,7589.218469275612,7405.793249474388,7428.721401949541,124467000
2022-08-31,7520.43359375,7543.361744950457,7382.864686547256,7405.792837747714,137659900
2022-09-01,7474.578125,7566.290740030675,7451.649971242331,7474.578125,74960800
2022-09-02,7543.36279296875,7543.36279296875,7474.57832981098,7474.57832981098,71430600
2022-09-05,7589.21826171875,7612.146413566843,7520.433806174471,7543.361958022564,62906000
2022-09-06,7589.21826171875,7658.002717263029,7566.290109870657,7612.146413566843,67079900
2022-09-07,7680.931640625,7680.931640625,7566.290869869404,7566.290869869404,117931700
2022-09-08,7658.00341796875,7795.572341644835,7658.00341796875,7703.859725860778,132777400
2022-09-09,7680.931640625,7795.572411380597,7589.219024020523,7795.572411380597,91234600
2022-09-12,7680.931640625,7726.787948927239,7635.075332322762,7635.075332322762,52395300
2022-09-13,7818.50048828125,7864.356796130407,7680.931564733779,7680.931564733779,124485200
2022-09-14,7795.572265625,7933.141187959559,7680.931497012867,7680.931497012867,116642400
2022-09-15,8024.85400390625,8139.494775390625,7795.5724609375,7795.5724609375,190404800
2022-09-16,7749.7158203125,8001.925506772374,7749.7158203125,7978.99735345784,363127600
2022-09-19,7933.140625,8024.853233381503,7749.715408236994,7772.64356033237,102530600
2022-09-20,7841.42822265625,7933.140833447552,7841.42822265625,7841.42822265625,89238400
2022-09-21,7772.64453125,7887.285306047198,7726.788221331121,7818.50084116888,90933700
2022-09-22,7772.64453125,7818.50084116888,7680.931911412242,7680.931911412242,61908500
2022-09-23,7680.931640625,7772.644257229478,7680.931640625,7680.931640625,60567600
2022-09-26,7726.78857421875,7795.573042238501,7520.435170159495,7520.435170159495,106228200
2022-09-27,7612.146484375,7749.715396743223,7612.146484375,7680.930940559112,89567100
2022-09-28,7635.0751953125,7726.787810271208,7566.290734093468,7566.290734093468,89153400
2022-09-29,7680.931640625,7749.716103078358,7635.075332322762,7635.075332322762,62643700
2022-09-30,7841.42822265625,7864.356375354076,7589.218542980172,7680.931153771473,176524800
2022-10-03,7795.572265625,7818.500419347426,7749.715958180147,7749.715958180147,115079600
2022-10-04,7841.42822265625,7910.212680749726,7818.500069958425,7818.500069958425,80524500
2022-10-05,7749.7158203125,7841.428433570636,7726.787666997966,7818.500280256102,63788000
2022-10-06,7726.78857421875,7795.573042238501,7726.78857421875,7772.644886231918,43967400
2022-10-07,7520.43359375,7680.930652153201,7520.43359375,7635.074349752286,112043400
2022-10-10,7612.146484375,7680.930940559112,7451.649419945406,7474.577572006778,80238200
2022-10-11,7566.291015625,7612.147324810606,7474.578397253787,7520.434706439393,64060000
2022-10-12,7635.0751953125,7635.0751953125,7497.506272874437,7520.434426614113,47569700
2022-10-13,7589.21826171875,7680.930869111122,7589.21826171875,7589.21826171875,62282800
2022-10-14,7566.291015625,7658.003633996212,7566.291015625,7612.147324810606,70642900
2022-10-17,7566.291015625,7612.147324810606,7497.506551846591,7566.291015625,56387500
2022-10-18,7612.146484375,7772.643548804594,7566.290180252259,7589.21833231363,85665300
2022-10-19,7589.21826171875,7658.002717263029,7543.361958022564,7566.290109870657,66753500
2022-10-20,7795.572265625,7795.572265625,7566.290728400735,7566.290728400735,91812300
2022-10-21,7933.140625,8001.925081286127,7749.715408236994,7749.715408236994,122777800
2022-10-24,8162.42138671875,8162.42138671875,8001.924336979898,8024.852486942591,89416500
2022-10-25,7978.99755859375,8139.494635921785,7978.99755859375,8093.638328113775,84696300
2022-10-26,7841.42822265625,7933.140833447552,7841.42822265625,7910.212680749726,98962100
2022-10-27,7978.99755859375,7978.99755859375,7841.428635169719,7841.428635169719,77003400
2022-10-28,8024.85400390625,8024.85400390625,7933.14138671875,7933.14138671875,84980600
2022-10-31,8070.70947265625,8116.56577647816,8047.781320745295,8116.56577647816,138922800
2022-11-01,8070.70947265625,8254.134687943892,8001.925016923384,8254.134687943892,118118400
2022-11-02,8024.85400390625,8093.638466796875,8001.925849609375,8070.7103125,68323600
2022-11-03,8070.70947265625,8093.637624567205,7978.996865012428,7978.996865012428,81856300
2022-11-04,8047.78125,8070.709401709401,7956.068643162393,8047.78125,84458300
2022-11-07,8116.56640625,8116.56640625,7956.069330420198,8001.925637800141,94794000
2022-11-08,8024.85400390625,8139.494775390625,8001.925849609375,8116.56662109375,42525500
2022-11-09,8139.49560546875,8139.49560546875,7956.070352387764,7956.070352387764,96599500
2022-11-10,8070.70947265625,8070.70947265625,8001.925016923384,8001.925016923384,89463000
2022-11-11,8116.56640625,8185.350867319915,8093.6382525600275,8162.422713629943,59597900
2022-11-14,8024.85400390625,8162.4229296875,8024.85400390625,8139.494775390625,49208200
2022-11-15,8070.70947265625,8116.56577647816,8024.853168834339,8047.781320745295,59092900
2022-11-16,7887.28466796875,7956.069127282431,7841.428361759629,7910.21282107331,143424800
2022-11-17,8001.92578125,8093.638397654011,7887.285010744986,7910.213164845988,72679800
2022-11-18,8093.63818359375,8162.42264407755,8001.925569615351,8001.925569615351,83556900
2022-11-21,8001.92578125,8162.42285995702,8001.92578125,8139.494705856017,35901000
2022-11-22,8162.42138671875,8208.277686644136,8116.565086793364,8162.42138671875,84684200
2022-11-23,8139.49560546875,8231.208232009243,8139.49560546875,8162.423762103874,84642100
2022-11-24,8254.1357421875,8254.1357421875,8208.279432508682,8231.20758734809,53520800
2022-11-25,8231.2060546875,8254.13420525766,8162.42160297702,8254.13420525766,75048300
2022-11-28,8277.0615234375,8345.84596823061,8231.20522690876,8299.98967170187,96209700
2022-11-29,8231.2060546875,8322.91865696814,8185.34975354718,8231.2060546875,91562100
2022-11-30,8529.271484375,8620.984080981183,8116.564799647177,8139.492948798723,644359600
2022-12-01,8254.1357421875,8575.129909939236,8254.1357421875,8506.345445421008,155775400
2022-12-02,8194.2890625,8263.342060217698,8194.2890625,8194.2890625,130982100
2022-12-05,8079.20068359375,8194.289012419873,8079.20068359375,8102.218349358975,114656300
2022-12-06,7987.13134765625,8056.184356425612,7895.0606692971005,8033.166686835825,180553800
2022-12-07,7779.9716796875,7895.060018144416,7779.9716796875,7826.007015070267,229308700
2022-12-08,7826.00634765625,7895.059344841452,7687.900353285846,7710.918019014246,172590100
2022-12-09,7895.06005859375,7918.077726403061,7779.971719547194,7826.007055165816,90851300
2022-12-12,8010.1484375,8010.1484375,7802.989426185344,7849.024762033046,102851800
2022-12-13,8010.1484375,8010.1484375,7872.042429956896,7941.095433728448,104580200
2022-12-14,7941.0947265625,8010.147724184782,7849.024063066124,7918.077060688406,118164300
2022-12-15,7826.00634765625,7918.077010569853,7826.00634765625,7895.059344841452,113255700
2022-12-16,7918.07763671875,7964.112971815952,7733.936296329942,7756.953963878543,181516700
2022-12-19,7964.1123046875,8010.147635928468,7918.076973446532,7964.1123046875,67482900
2022-12-20,7895.06005859375,7964.113062021684,7872.042390784439,7872.042390784439,41243700
2022-12-21,7987.13134765625,8010.149017246038,7895.0606692971005,7918.078338886888,33617700
2022-12-22,7895.06005859375,7987.130729830995,7895.06005859375,7964.113062021684,59591500
2022-12-23,7826.00634765625,7895.059344841452,7826.00634765625,7849.024013384651,47393000
2022-12-26,7895.06005859375,7941.095394212372,7826.007055165816,7826.007055165816,20495900
2022-12-27,7918.07763671875,7964.112971815952,7895.059969170149,7918.07763671875,27193800
2022-12-28,7964.1123046875,7964.1123046875,7872.041642205563,7964.1123046875,40420200
2022-12-29,7895.06005859375,7918.077726403061,7826.007055165816,7849.024722975128,47020900
2022-12-30,7872.0419921875,7964.112658762792,7872.0419921875,7895.059658831323,44681400
2023-01-02,7872.0419921875,7918.077325475146,7826.006658899853,7895.059658831323,10653900
2023-01-03,7872.0419921875,7918.077325475146,7849.024325543676,7872.0419921875,27399100
2023-01-04,7687.90087890625,7895.0598846252815,7687.90087890625,7849.024550021052,90918800
2023-01-05,7595.830078125,7710.918412642045,7503.759410511363,7687.900745738636,128838500
2023-01-06,7641.865234375,7664.8829007436,7457.723903426205,7457.723903426205,69286600
2023-01-09,7779.9716796875,7779.9716796875,7664.883341230585,7664.883341230585,86916900
2023-01-10,7526.77685546875,7756.9535177155,7503.759189244075,7733.935851490825,101759100
2023-01-11,7480.74169921875,7503.759365985577,7365.653365384615,7411.6886989182685,96069100
2023-01-12,7526.77685546875,7618.847520367451,7480.7415230194,7503.759189244075,103804600
2023-01-13,7411.68896484375,7526.777302807162,7388.671297251068,7503.75963521448,119748200
2023-01-16,7503.75927734375,7549.794610333589,7411.688611364072,7411.688611364072,105710700
2023-01-17,7664.88330078125,7710.918635921077,7503.759627791855,7526.777295361768,88695900
2023-01-18,7641.865234375,7664.8829007436,7526.776902532003,7549.794568900603,96814600
2023-01-19,7664.88330078125,7687.900968351164,7595.830298071509,7687.900968351164,66391800
2023-01-20,7641.865234375,7664.8829007436,7595.829901637801,7618.847568006401,96859500
2023-01-24,7572.81201171875,7687.900340164324,7572.81201171875,7641.865008786094,42474500
2023-01-25,7549.794921875,7641.865591653963,7549.794921875,7641.865591653963,66124500
2023-01-26,7802.98876953125,7802.98876953125,7572.812109663072,7572.812109663072,77582300
2023-01-27,8010.1484375,8148.254445043103,7872.042429956896,8010.1484375,196804700
2023-01-30,8010.1484375,8079.201441271552,7895.060097880747,8033.16610542385,68544300
2023-01-31,7802.98876953125,7987.130097425793,7802.98876953125,7941.094765452158,200589000
2023-02-01,7826.00634765625,7895.059344841452,7779.971016199448,7895.059344841452,77396200
2023-02-02,7779.9716796875,7849.024682761649,7733.936344304734,7756.9540119961175,99109500
2023-02-03,8010.1484375,8010.1484375,7826.007094109195,7872.042429956896,71716700
2023-02-06,8033.166015625,8056.183683291548,7964.113012625358,8056.183683291548,117757700
2023-02-07,8148.25439453125,8148.25439453125,8056.183723406603,8079.201391187765,116014700
2023-02-08,8125.236328125,8148.253994776912,8102.218661473087,8125.236328125,54495500
2023-02-09,8194.2890625,8194.2890625,8102.2183988764045,8125.236064782303,72381700
2023-02-10,8125.236328125,8194.289328080737,8010.147994865439,8171.271661428824,62060900
2023-02-13,8171.271484375,8194.28915052817,8079.200819762324,8171.271484375,63775000
2023-02-14,8240.32421875,8240.32421875,8125.235891672486,8148.253557087989,81678200
2023-02-15,8171.271484375,8194.28915052817,8056.183153609155,8171.271484375,38037000
2023-02-16,8010.1484375,8148.254445043103,8010.1484375,8125.236777119252,66040400
2023-02-17,8033.166015625,8148.254353957736,8033.166015625,8079.201350958095,43588900
2023-02-20,8056.18408203125,8125.23708844866,8010.148744419643,8033.166413225446,40077000
2023-02-21,8010.1484375,8102.219109195402,8010.1484375,8079.201441271552,25390500
2023-02-22,7987.13134765625,8056.184356425612,7941.096008476676,8010.149017246038,38671900
2023-02-23,8033.166015625,8056.183683291548,7941.095344958811,7941.095344958811,53412300
2023-02-24,7987.13134765625,8148.255034784763,7987.13134765625,8079.2020260154,44123400
2023-02-27,8079.20068359375,8079.20068359375,7964.112354767629,7987.1300205328525,59983900
2023-02-28,8056.18408203125,8079.201750837054,7987.131075613839,8079.201750837054,106349400
2023-03-01,7918.07763671875,8056.183642010356,7918.07763671875,8033.1659744617555,67034700
2023-03-02,7941.0947265625,8010.147724184782,7918.077060688406,7918.077060688406,56672000
2023-03-03,7802.98876953125,7987.130097425793,7802.98876953125,7964.112431438975,95376900
2023-03-06,7733.9365234375,7872.042532784598,7733.9365234375,7872.042532784598,92652000
2023-03-07,7756.95361328125,7802.988946297756,7687.900613756491,7687.900613756491,106115600
2023-03-08,7895.06005859375,7895.06005859375,7733.936383928572,7733.936383928572,79350900
2023-03-09,7895.06005859375,7964.113062021684,7872.042390784439,7964.113062021684,54201400
2023-03-10,7779.9716796875,7872.042350453033,7779.9716796875,7826.007015070267,59580100
2023-03-13,7872.0419921875,7941.094992118969,7779.971325612207,7779.971325612207,82077700
2023-03-14,7664.88330078125,7802.989306200732,7664.88330078125,7756.953971060904,90495300
2023-03-15,7664.88330078125,7802.989306200732,7664.88330078125,7779.971638630818,86747400
2023-03-16,7641.865234375,7687.9005671121995,7595.829901637801,7641.865234375,105894000
2023-03-17,7710.91796875,7779.970965485075,7664.882637593284,7710.91796875,198558600
2023-03-20,7733.9365234375,7802.989528111049,7710.9188552129835,7733.9365234375,37277900
2023-03-21,7826.00634765625,7826.00634765625,7710.918019014246,7733.935684742647,91617400
2023-03-24,8125.236328125,8125.236328125,7941.094994909702,8010.147994865439,145603600
2023-03-27,8010.1484375,8125.236777119252,8010.1484375,8125.236777119252,110692800
2023-03-28,7987.13134765625,8102.219695605188,7987.13134765625,8102.219695605188,98296600
2023-03-29,8264.1669921875,8264.1669921875,8099.822762229226,8146.778256503018,101068200
2023-03-30,8287.6455078125,8358.078755754248,8264.167758498583,8358.078755754248,118912100
2023-03-31,8217.212890625,8311.123895089286,8193.735139508928,8287.646143973214,97146900
2023-04-03,8264.1669921875,8287.644739324396,8217.211497913708,8287.644739324396,60288900
2023-04-04,8240.689453125,8287.644948584402,8123.300714476495,8287.644948584402,60975800
2023-04-05,8193.734375,8264.167621776503,8193.734375,8240.689872851002,36922100
2023-04-06,8217.212890625,8240.690641741072,8170.257388392857,8170.257388392857,45489400
2023-04-10,8264.1669921875,8264.1669921875,8170.2560036399145,8193.733750776812,32996000
2023-04-11,8287.6455078125,8287.6455078125,8217.21225987075,8287.6455078125,44554300
2023-04-12,8358.078125,8358.078125,8287.644882373595,8358.078125,91903600
2023-04-13,8381.556640625,8405.034390318628,8334.601141237745,8405.034390318628,51726500
2023-04-14,8451.990234375,8451.990234375,8405.034733072916,8451.990234375,110354200
2023-04-17,8475.4677734375,8498.945523502423,8358.079023112881,8475.4677734375,83946900
2023-04-18,8569.37890625,8616.334407106164,8475.46790453767,8498.945654965753,91178700
2023-04-26,8639.8115234375,8639.8115234375,8451.989533797554,8569.378277322521,186928200
2023-04-27,8592.8564453125,8616.334195163081,8522.423195760759,8545.900945611338,54842400
2023-04-28,8498.9453125,8569.378560946132,8498.9453125,8545.90081146409,145775300
2023-05-02,8498.9453125,8545.90081146409,8358.078815607734,8545.90081146409,83645900
2023-05-03,8381.556640625,8498.945389093136,8334.601141237745,8498.945389093136,83728800
2023-05-04,8451.990234375,8475.467985026042,8334.601481119793,8381.556982421875,67565000
2023-05-05,8451.990234375,8498.945735677084,8405.034733072916,8451.990234375,64815100
2023-05-08,8451.990234375,8522.423486328125,8405.034733072916,8451.990234375,84754500
2023-05-09,8381.556640625,8428.512140012255,8358.078890931372,8405.034390318628,40929600
2023-05-10,8381.556640625,8405.034390318628,8358.078890931372,8381.556640625,45322600
2023-05-11,8287.6455078125,8358.078755754248,8264.167758498583,8358.078755754248,81993900
2023-05-12,8264.1669921875,8334.600233598188,8193.733750776812,8217.211497913708,96525600
2023-05-15,8240.689453125,8334.600444043803,8193.733957665598,8334.600444043803,64830300
2023-05-16,8170.2568359375,8287.64558358028,8170.2568359375,8264.167834051725,49497000
2023-05-17,8240.689453125,8311.122696314102,8217.211705395299,8240.689453125,69996100
2023-05-19,8451.990234375,8451.990234375,8287.64597981771,8358.079231770833,123592500
2023-05-22,8451.990234375,8522.423486328125,8381.556982421875,8451.990234375,91000000
2023-05-23,8569.37890625,8592.856656678083,8475.46790453767,8498.945654965753,102980500
2023-05-24,8475.4677734375,8639.812023891967,8475.4677734375,8639.812023891967,77392900
2023-05-25,8498.9453125,8592.856310428177,8498.9453125,8545.90081146409,76325700
2023-05-26,8592.8564453125,8639.811945013662,8545.900945611338,8616.334195163081,55675900
2023-05-29,8592.8564453125,8686.767444714822,8522.423195760759,8686.767444714822,79148200
2023-05-30,8686.767578125,8757.200828758447,8592.856577280405,8639.812077702703,97189500
2023-05-31,8498.9453125,8757.200556802487,8498.9453125,8733.722807320442,722827900
2023-06-05,8639.8115234375,8757.200266962465,8545.900528617527,8592.856026027514,163535600
2023-06-06,8592.8564453125,8639.811945013662,8498.945445910178,8498.945445910178,74872200
2023-06-07,8545.900390625,8616.33363560268,8522.422642299107,8569.378138950893,87492200
2023-06-08,8569.37890625,8569.37890625,8522.423405393836,8522.423405393836,53188400
2023-06-09,8545.900390625,8616.33363560268,8545.900390625,8616.33363560268,44632400
2023-06-12,8592.8564453125,8592.8564453125,8545.900945611338,8592.8564453125,38082300
2023-06-13,8592.8564453125,8616.334195163081,8545.900945611338,8616.334195163081,45552600
2023-06-14,8522.4228515625,8569.378349367253,8498.945102660124,8545.900600464876,72223700
2023-06-15,8498.9453125,8545.90081146409,8498.9453125,8545.90081146409,59073000
2023-06-16,8498.9453125,8545.90081146409,8428.512064053868,8545.90081146409,112769400
2023-06-19,8451.990234375,8498.945735677084,8451.990234375,8451.990234375,32330600
2023-06-20,8498.9453125,8498.9453125,8405.034314571823,8475.467563017955,54990100
2023-06-21,8569.37890625,8569.37890625,8451.99015410959,8498.945654965753,42676300
2023-06-22,8498.9453125,8592.856310428177,8498.9453125,8569.378560946132,48291100
2023-06-23,8498.9453125,8592.856310428177,8475.467563017955,8475.467563017955,47813500
2023-06-26,8522.4228515625,8569.378349367253,8475.467353757747,8475.467353757747,36389900
2023-06-27,8592.8564453125,8592.8564453125,8498.945445910178,8498.945445910178,36225100
2023-07-03,8522.4228515625,8522.4228515625,8475.467353757747,8475.467353757747,108855900
2023-07-04,8498.9453125,8592.856310428177,8498.9453125,8592.856310428177,35049300
2023-07-05,8498.9453125,8522.423061982045,8475.467563017955,8498.9453125,44609200
2023-07-06,8522.4228515625,8545.900600464876,8475.467353757747,8498.945102660124,52532400
2023-07-07,8475.4677734375,8545.901023632272,8475.4677734375,8475.4677734375,37641300
2023-07-10,8498.9453125,8545.90081146409,8498.9453125,8545.90081146409,28981500
2023-07-11,8475.4677734375,8545.901023632272,8475.4677734375,8545.901023632272,43703500
2023-07-12,8616.333984375,8616.333984375,8498.94523799387,8522.422987270096,61566500
2023-07-13,8569.37890625,8663.28990796233,8569.37890625,8639.812157534247,65230900
2023-07-14,8639.8115234375,8639.8115234375,8569.378277322521,8616.333774732508,55554500
2023-07-17,8616.333984375,8686.76723220368,8616.333984375,8639.811733651226,62550100
2023-07-18,8592.8564453125,8686.767444714822,8545.900945611338,8639.811945013662,52924600
2023-07-20,8592.8564453125,8663.289694864241,8569.378695461919,8639.811945013662,83476600
2023-07-21,8592.8564453125,8616.334195163081,8569.378695461919,8592.8564453125,42667800
2023-07-24,8545.900390625,8639.811383928572,8545.900390625,8639.811383928572,62061200
2023-07-25,8592.8564453125,8733.722944415984,8592.8564453125,8616.334195163081,122802700
2023-07-26,8780.6787109375,8780.6787109375,8569.378955861464,8616.334456989473,113868700
2023-07-27,8663.2890625,8827.633299457995,8663.2890625,8827.633299457995,77848400
2023-07-28,8569.37890625,8663.28990796233,8569.37890625,8639.812157534247,74510200
2023-07-31,8569.37890625,8639.812157534247,8545.901155821917,8616.334407106164,80868000
2023-08-01,8569.37890625,8616.334407106164,8545.901155821917,8616.334407106164,49756400
2023-08-02,8639.8115234375,8639.8115234375,8569.378277322521,8569.378277322521,60629900
2023-08-03,8686.767578125,8733.723078547297,8592.856577280405,8592.856577280405,64596100
2023-08-04,8592.8564453125,8710.245194565403,8569.378695461919,8686.767444714822,52675900
2023-08-07,8710.2451171875,8710.2451171875,8592.856368977426,8592.856368977426,55589300
2023-08-08,8639.8115234375,8733.722518257473,8639.8115234375,8710.244769552479,43373400
2023-08-09,8827.6328125,8827.6328125,8686.76633144947,8710.244078291224,77056800
2023-08-10,8827.6328125,8851.110559341756,8780.67731881649,8827.6328125,76738100
2023-08-11,8827.6328125,8874.58830618351,8804.155065658246,8851.110559341756,68898600
2023-08-14,8780.6787109375,8780.6787109375,8663.28995811748,8757.200960373495,75495400
2023-08-15,8733.72265625,8804.155903477822,8733.72265625,8757.20040532594,59303700
2023-08-16,8733.72265625,8757.20040532594,8686.767158098119,8710.24490717406,53440000
2023-08-18,8686.767578125,8780.678578969595,8686.767578125,8686.767578125,79328900
2023-08-21,8616.333984375,8686.76723220368,8616.333984375,8663.289482927452,73573000
2023-08-22,8733.72265625,8757.20040532594,8592.856161794354,8592.856161794354,65664600
2023-08-23,8733.72265625,8757.20040532594,8710.24490717406,8733.72265625,63749800
2023-08-24,8639.8115234375,8757.200266962465,8639.8115234375,8686.767020847486,53725900
2023-08-25,8710.2451171875,8710.2451171875,8616.334118619441,8639.811868261455,50379000
2023-08-28,8639.8115234375,8686.767020847486,8639.8115234375,8686.767020847486,44423100
2023-08-29,8686.767578125,8733.723078547297,8639.812077702703,8710.245328336148,45428500
2023-08-30,8639.8115234375,8733.722518257473,8639.8115234375,8733.722518257473,56227000
2023-08-31,8616.333984375,8663.289482927452,8545.900736546322,8639.811733651226,136107200
2023-09-01,8663.2890625,8710.244558773713,8616.333566226287,8639.811314363144,42152700
2023-09-04,8663.2890625,8710.244558773713,8616.333566226287,8663.2890625,40610600
2023-09-05,8663.2890625,8686.766810636856,8639.811314363144,8686.766810636856,42007200
2023-09-06,8592.8564453125,8686.767444714822,8592.8564453125,8639.811945013662,49318400
2023-09-07,8616.333984375,8616.333984375,8545.900736546322,8569.378485822548,61405200
2023-09-08,8569.37890625,8592.856656678083,8498.945654965753,8545.901155821917,80732300
2023-09-11,8569.37890625,8569.37890625,8522.423405393836,8522.423405393836,53155900
2023-09-12,8545.900390625,8569.378138950893,8522.422642299107,8545.900390625,66479000
2023-09-13,8522.4228515625,8522.4228515625,8451.989604855373,8498.945102660124,69490200
2023-09-14,8545.900390625,8569.378138950893,8451.98939732143,8451.98939732143,112757900
2023-09-15,8451.990234375,8545.901236979167,8451.990234375,8498.945735677084,121005300
2023-09-18,8451.990234375,8522.423486328125,8451.990234375,8498.945735677084,34272200
2023-09-19,8522.4228515625,8522.4228515625,8428.511855952996,8451.989604855373,33325800
2023-09-20,8592.8564453125,8616.334195163081,8522.423195760759,8569.378695461919,54305500
2023-09-21,8569.37890625,8592.856656678083,8522.423405393836,8569.37890625,40607000
2023-09-22,8522.4228515625,8592.856098269629,8522.4228515625,8569.378349367253,42445300
2023-09-25,8451.990234375,8522.423486328125,8451.990234375,8522.423486328125,56132200
2023-09-26,8405.0341796875,8475.467427003317,8405.0341796875,8451.989677898046,73544700
2023-09-27,8334.6005859375,8451.989326584506,8334.6005859375,8358.0783340669,84345000
2023-09-29,8287.6455078125,8358.078755754248,8287.6455078125,8287.6455078125,118960000
2023-10-02,8522.4228515625,8545.900600464876,8334.600860343491,8358.078609245867,93663000
2023-10-03,8639.8115234375,8639.8115234375,8475.467282502548,8522.422779912535,98380200
2023-10-04,8639.8115234375,8686.767020847486,8569.378277322521,8639.8115234375,112582800
2023-10-05,8522.4228515625,8639.81159607438,8522.4228515625,8639.81159607438,72855700
2023-10-06,8475.4677734375,8545.901023632272,8475.4677734375,8545.901023632272,53344400
2023-10-09,8498.9453125,8569.378560946132,8475.467563017955,8475.467563017955,43774500
2023-10-10,8381.556640625,8451.989889705883,8381.556640625,8451.989889705883,71966100
2023-10-11,8381.556640625,8475.46763939951,8381.556640625,8381.556640625,84305800
2023-10-12,8498.9453125,8545.90081146409,8451.989813535913,8451.989813535913,71064500
2023-10-13,8522.4228515625,8569.378349367253,8475.467353757747,8545.900600464876,62941800
2023-10-16,8545.900390625,8569.378138950893,8498.944893973214,8569.378138950893,29429200
2023-10-17,8405.0341796875,8522.422925213861,8405.0341796875,8498.94517610859,59606000
2023-10-18,8311.1240234375,8405.035029352048,8311.1240234375,8381.557277873411,50919200
2023-10-19,8217.212890625,8311.123895089286,8217.212890625,8287.646143973214,89509700
2023-10-20,8428.5107421875,8475.46623378743,8193.733284187847,8193.733284187847,64554500
2023-10-23,8311.1240234375,8381.557277873411,8311.1240234375,8334.601774916136,50633500
2023-10-24,8240.689453125,8334.600444043803,8240.689453125,8240.689453125,76963200
2023-10-25,8334.6005859375,8381.556082196303,8287.645089678697,8287.645089678697,54748400
2023-10-26,8193.734375,8405.034115329512,8193.734375,8381.556366404011,63199400
2023-10-27,8170.2568359375,8264.167834051725,8170.2568359375,8193.734585466056,52450700
2023-10-30,8311.1240234375,8311.1240234375,8170.257514565677,8170.257514565677,51958200
2023-10-31,8217.212890625,8287.646143973214,8193.735139508928,8264.168392857144,64907600
2023-11-01,8076.345703125,8240.68994708394,8076.345703125,8217.212197946948,67027600
2023-11-02,8311.1240234375,8358.079526394773,8193.735266044314,8193.735266044314,56050900
2023-11-03,8358.078125,8405.033620084268,8311.12262991573,8381.555872542134,60414100
2023-11-06,8498.9453125,8498.9453125,8405.034314571823,8428.512064053868,84994200
2023-11-07,8428.5107421875,8475.46623378743,8358.077504787605,8451.988487987464,60648200
2023-11-08,8451.990234375,8451.990234375,8358.079231770833,8405.034733072916,31829300
2023-11-09,8451.990234375,8498.945735677084,8358.079231770833,8358.079231770833,46076800
2023-11-10,8287.6455078125,8451.989753009915,8287.6455078125,8405.034254382083,50754600
2023-11-13,8334.6005859375,8381.556082196303,8311.122837808098,8334.6005859375,20827700
2023-11-14,8381.556640625,8405.034390318628,8334.601141237745,8358.078890931372,37195700
2023-11-15,8498.9453125,8498.9453125,8405.034314571823,8428.512064053868,84977900
2023-11-16,8522.4228515625,8522.4228515625,8405.03410705062,8498.945102660124,48714300
2023-11-17,8522.4228515625,8522.4228515625,8428.511855952996,8475.467353757747,57050500
2023-11-20,8334.6005859375,8475.467074713908,8334.6005859375,8428.511578455105,49216000
2023-11-21,8240.689453125,8358.078191773504,8240.689453125,8287.644948584402,107614800
2023-11-22,8334.6005859375,8334.6005859375,8240.689593419895,8240.689593419895,40364800
2023-11-23,8381.556640625,8428.512140012255,8311.123391544117,8311.123391544117,55542100
2023-11-24,8381.556640625,8428.512140012255,8358.078890931372,8381.556640625,43631900
2023-11-27,8334.6005859375,8405.033830325703,8334.6005859375,8358.0783340669,35679000
2023-11-28,8334.6005859375,8405.033830325703,8311.122837808098,8334.6005859375,69070600
2023-11-29,8358.078125,8405.033620084268,8358.078125,8358.078125,54715600
2023-11-30,8428.5107421875,8428.5107421875,8358.077504787605,8381.55525058757,205312100
2023-12-01,8405.0341796875,8428.511928792772,8358.078681476956,8381.556430582228,80566400
2023-12-04,8421.546875,8515.905943627451,8421.546875,8445.136642156864,54747400
2023-12-05,8397.9560546875,8445.13558308462,8327.186762091818,8445.13558308462,94363900
2023-12-06,8303.59765625,8445.136252663353,8303.59765625,8350.777188387785,81852800
2023-12-07,8327.1875,8327.1875,8232.828434844192,8256.418201133145,91322500
2023-12-08,8256.4189453125,8350.778018973215,8256.4189453125,8303.598482142857,43891600
2023-12-11,8256.4189453125,8280.008713727679,8185.649640066965,8185.649640066965,78642800
2023-12-12,8209.2392578125,8256.41879377694,8209.2392578125,8209.2392578125,87589300
2023-12-13,8185.6484375,8256.417732348704,8185.6484375,8209.238202449567,51560500
2023-12-14,8539.49609375,8539.49609375,8256.418875172652,8280.008643387431,115332800
2023-12-15,8704.6240234375,8704.6240234375,8563.085421430387,8610.264955432758,275013500
2023-12-18,8681.0341796875,8704.62394648013,8633.854646102242,8681.0341796875,111712200
2023-12-19,8728.2138671875,8728.2138671875,8610.265031144425,8610.265031144425,65174500
2023-12-20,8775.3935546875,8775.3935546875,8704.624251827117,8728.214019447245,72938100
2023-12-21,8798.982421875,8798.982421875,8728.213126256702,8775.3926566689,88116700
2023-12-22,8798.982421875,8822.5721870811,8751.802891462801,8751.802891462801,64449600
2023-12-27,8846.162109375,8869.751875,8798.982578125,8846.162109375,64464700
2023-12-28,8869.751953125,8893.34171895778,8798.982655626662,8798.982655626662,70184600
2023-12-29,8869.751953125,8916.931484790559,8822.572421459441,8893.34171895778,79903400
2024-01-02,8893.3427734375,8893.3427734375,8822.573467548076,8869.753004807691,30545200
2024-01-03,8822.5732421875,8893.342546269218,8798.98347416026,8893.342546269218,34603300
2024-01-04,8940.521484375,8940.521484375,8846.162418576847,8869.752185026386,56501800
2024-01-05,9034.880859375,9058.470626631854,8940.521790347584,8964.11155760444,85290100
2024-01-08,9034.880859375,9082.060393888707,8940.521790347584,9058.470626631854,50896000
2024-01-09,9082.060546875,9082.060546875,9034.881011566558,9058.47077922078,59848600
2024-01-10,9011.291015625,9105.65008385144,9011.291015625,9105.65008385144,52774900
2024-01-11,9034.880859375,9105.65016114556,9034.880859375,9082.060393888707,39381500
2024-01-12,9152.830078125,9152.830078125,9058.471005154639,9105.65054163982,68253400
2024-01-15,9176.419921875,9200.009690311697,9105.65061656491,9200.009690311697,88399500
2024-01-16,9152.830078125,9200.00961461018,9129.24030988241,9152.830078125,44869200
2024-01-17,9200.0078125,9200.0078125,9105.64875801282,9200.0078125,107706100
2024-01-18,9129.2392578125,9200.00855438469,9082.059726764373,9129.2392578125,71048900
2024-01-19,9082.060546875,9223.599152800323,9058.47077922078,9223.599152800323,63176500
2024-01-22,9082.060546875,9105.65031452922,8987.701476258117,9058.47077922078,52868300
2024-01-23,9058.4697265625,9058.4697265625,8916.931137084961,8916.931137084961,92348600
2024-01-24,8987.701171875,9058.470472440946,8940.52163816437,9058.470472440946,84906000
2024-01-25,8964.111328125,9034.880628083882,8916.931794819078,8916.931794819078,63212700
2024-01-26,8822.5732421875,8916.932314296457,8775.393706133022,8869.752778241978,78977300
2024-01-29,9011.291015625,9011.291015625,8846.16264622873,8869.75241328534,73452800
2024-01-30,9105.6494140625,9105.6494140625,8940.521056812662,8964.110822134067,73136400
2024-01-31,9011.291015625,9152.82961796466,9011.291015625,9152.82961796466,102581200
2024-02-01,9152.830078125,9176.41984636759,9034.88123691205,9105.65054163982,104208700
2024-02-02,9152.830078125,9247.189151095361,9082.06077339723,9223.59938285277,99324000
2024-02-05,9034.880859375,9129.239928402416,8987.701324861293,9129.239928402416,57983300
2024-02-06,9082.060546875,9200.009385146104,9082.060546875,9200.009385146104,87651000
2024-02-07,9152.830078125,9176.41984636759,9105.65054163982,9152.830078125,92953500
2024-02-12,9247.1884765625,9247.1884765625,9152.829410475128,9200.008943518813,87949400
2024-02-13,9176.419921875,9247.18922718509,9152.830153438304,9200.009690311697,66072400
2024-02-15,9294.3681640625,9412.31699863182,9294.3681640625,9388.727231717956,164748900
2024-02-16,9388.7265625,9435.906092964824,9317.957266802763,9412.316327732413,142277200
2024-02-19,9317.9580078125,9412.317076246045,9270.778473595728,9341.547774920886,53341300
2024-02-20,9459.49609375,9459.49609375,9294.367733011222,9294.367733011222,63997700
2024-02-21,9412.3173828125,9435.907150689223,9294.368543428885,9388.727614935777,75371600
2024-02-22,9317.9580078125,9412.317076246045,9317.9580078125,9412.317076246045,66913000
2024-02-23,9270.779296875,9365.138373687976,9247.189527671755,9341.548604484733,55192300
2024-02-26,9247.1884765625,9317.957776128029,9176.419176996971,9200.008943518813,41356000
2024-02-27,9317.9580078125,9341.547774920886,9200.00917227057,9200.00917227057,43735800
2024-02-28,9435.9072265625,9435.9072265625,9341.548154296876,9412.317458496094,54043100
2024-02-29,9317.9580078125,9435.90684335443,9294.368240704114,9435.90684335443,126671200
2024-03-01,9270.779296875,9365.138373687976,9247.189527671755,9341.548604484733,51520600
2024-03-04,9200.0078125,9270.777103365384,9200.0078125,9247.18733974359,43822900
2024-03-05,9247.1884765625,9341.547542649872,9223.598710040656,9341.547542649872,61952900
2024-03-06,9388.7265625,9435.906092964824,9223.598205873115,9341.547032035176,70242200
2024-03-07,9553.8564453125,9601.035983314043,9435.907600308641,9483.087138310186,118369300
2024-03-08,9577.4453125,9718.98391317734,9553.855545720444,9671.804379618226,100947200
2024-03-13,9435.9072265625,9813.343515625,9435.9072265625,9813.343515625,141622600
2024-03-14,9742.57421875,9742.57421875,9459.497001740316,9483.086769824455,110681100
2024-03-15,9577.4453125,9718.98391317734,9483.086245381774,9624.624846059114,154176800
2024-03-18,9577.4453125,9695.394146397783,9577.4453125,9601.035079279556,62444100
2024-03-19,9601.03515625,9671.804457156019,9577.445389281327,9577.445389281327,55004800
2024-03-20,9553.8564453125,9577.446214313271,9506.676907310957,9530.266676311729,66269700
2024-03-21,9553.8564453125,9648.215521315586,9483.087138310186,9601.035983314043,90279400
2024-03-22,9530.265625,9553.855391398516,9388.72702660891,9435.906559405941,91968200
2024-03-25,9725.74609375,9725.74609375,9580.94590376861,9725.74609375,66971000
2024-03-26,9701.6123046875,9701.6123046875,9605.078848919466,9701.6123046875,65742700
2024-03-27,9725.74609375,9725.74609375,9653.345998759305,9677.479363756203,39514100
2024-03-28,9725.74609375,9749.879458746898,9629.212633762407,9677.479363756203,79229700
2024-04-01,9508.5458984375,9749.879550682106,9484.412533213039,9725.746185457645,79248700
2024-04-02,9556.8125,9605.079229797979,9460.27904040404,9580.94586489899,76763100
2024-04-03,9194.8125,9460.279527559056,9194.8125,9412.01279527559,177418400
2024-04-04,9508.5458984375,9508.5458984375,9243.078880968433,9243.078880968433,75993500
2024-04-05,9484.4130859375,9605.07991909192,9484.4130859375,9605.07991909192,70428600
2024-04-16,9146.544921875,9243.078377514841,8929.344646685357,9025.878102325198,283265900
2024-04-17,9194.8125,9339.612696850394,9194.8125,9218.945866141732,95620700
2024-04-18,9146.544921875,9243.078377514841,9122.41155796504,9194.81164969492,127134000
2024-04-19,9146.544921875,9170.678285784961,8977.611374505277,9025.878102325198,147784300
2024-04-22,9025.87890625,9098.279004428476,9025.87890625,9074.145638368984,128908000
2024-04-23,9387.8798828125,9436.146617428503,9074.146107808483,9074.146107808483,178833000
2024-04-24,9605.0791015625,9605.0791015625,9412.012184948178,9484.412278678548,132832700
2024-04-25,9436.1455078125,9653.345788043478,9363.745414402174,9653.345788043478,104874100
2024-04-26,9291.345703125,9484.412626826299,9291.345703125,9363.745799512986,100932900
2024-04-29,9460.279296875,9508.546027981505,9194.812275789222,9194.812275789222,90063500
2024-04-30,9460.279296875,9701.612952407526,9460.279296875,9701.612952407526,109623000
2024-05-02,9218.9453125,9556.812418193716,9170.678583115183,9556.812418193716,97079400
2024-05-03,9508.5458984375,9508.5458984375,9339.612341866276,9412.012437539657,81200400
2024-05-06,9460.279296875,9532.679393534758,9436.145931321747,9508.546027981505,53076200
2024-05-07,9363.74609375,9412.012826192009,9291.345995086984,9363.74609375,66746800
2024-05-08,9050.01171875,9363.745458333333,9050.01171875,9267.212,112808900
2024-05-13,9194.8125,9194.8125,8881.078740157482,8881.078740157482,145469900
2024-05-14,9218.9453125,9339.612135962041,9194.811947807591,9291.345406577226,95363500
2024-05-15,9170.6787109375,9267.212171052632,9098.278615851152,9170.6787109375,54741900
2024-05-16,9267.2119140625,9339.612007141113,9194.811820983887,9243.078549702961,61126000
2024-05-17,9412.01171875,9508.54517227564,9243.078175080127,9267.211538461539,99848500
2024-05-20,9146.544921875,9460.278652704486,9146.544921875,9363.745197064643,87890100
2024-05-21,9050.01171875,9243.078635416667,9050.01171875,9122.4118125,75311400
2024-05-22,9098.279296875,9243.079497886274,9001.745829534151,9146.546030545425,121712700
2024-05-27,8977.6123046875,9050.01240391885,8953.47893827705,8977.6123046875,128578500
2024-05-28,8977.6123046875,9074.145770329302,8977.6123046875,8977.6123046875,73945700
2024-05-29,8832.8125,9001.746072404372,8832.8125,8953.479337431694,117351600
2024-05-30,8688.01171875,8929.345377604166,8470.81142578125,8688.01171875,207115100
2024-05-31,8929.345703125,8929.345703125,8712.145402238175,8784.545502533783,756431600
2024-06-03,8953.478515625,9025.878611438678,8905.211785082547,9025.878611438678,72197700
2024-06-04,9025.87890625,9194.812468666443,9025.87890625,9194.812468666443,75353100
2024-06-05,9122.4130859375,9170.679821841932,8977.612878224207,9170.679821841932,82087300
2024-06-06,9146.544921875,9194.81164969492,9122.41155796504,9194.81164969492,44991300
2024-06-07,9001.7451171875,9170.67867166555,9001.7451171875,9170.67867166555,51599800
2024-06-10,9194.8125,9194.8125,9122.412401574804,9170.679133858268,45584700
2024-06-11,8977.6123046875,9218.945968792003,8977.6123046875,9218.945968792003,68690900
2024-06-12,8929.345703125,9001.745803420608,8929.345703125,8977.612436655405,49785700
2024-06-13,8881.078125,9146.545134171196,8881.078125,9146.545134171196,84652200
2024-06-14,8881.078125,8929.344853940218,8784.544667119566,8881.078125,52986300
2024-06-19,8736.2783203125,8929.345244518301,8736.2783203125,8929.345244518301,100051000
2024-06-20,9098.279296875,9098.279296875,8784.545528017241,8832.812261687666,81474800
2024-06-21,9267.2119140625,9339.612007141113,9074.144999186197,9146.54509226481,166841200
2024-06-24,9267.2119140625,9412.012100219727,9243.078549702961,9267.2119140625,79592300
2024-06-25,9267.2119140625,9267.2119140625,9122.411727905273,9267.2119140625,80029000
2024-06-26,9170.6787109375,9315.478901110197,9122.411980879933,9194.812075966283,77913200
2024-06-27,9412.01171875,9412.01171875,9218.944811698717,9243.078175080127,89150700
2024-06-28,9580.9462890625,9629.213020997324,9436.146093258028,9460.279459225441,166172300
2024-07-01,9532.6796875,9556.813053797468,9484.412954905063,9508.546321202532,68634600
2024-07-02,9556.8125,9653.34595959596,9508.54577020202,9653.34595959596,78848500
2024-07-03,9653.3466796875,9653.3466796875,9580.946579589843,9629.21331298828,55860200
2024-07-04,9484.4130859375,9653.34665235369,9484.4130859375,9629.213285722804,67054000
2024-07-05,9605.0791015625,9629.21246613929,9532.67900783213,9580.94573698571,36946900
2024-07-08,9701.6123046875,9701.6123046875,9605.078848919466,9653.345576803482,72903600
2024-07-09,9725.74609375,9798.146188740695,9725.74609375,9749.879458746898,61853200
2024-07-10,9749.8798828125,9870.546713045327,9701.61315071937,9822.279980952197,62325900
2024-07-11,9725.74609375,9774.012823743797,9653.345998759305,9653.345998759305,55908400
2024-07-12,9725.74609375,9749.879458746898,9677.479363756203,9701.612728753102,62646500
2024-07-15,9701.6123046875,9725.745668629508,9605.078848919466,9701.6123046875,36682600
2024-07-16,9605.0791015625,9677.47919529287,9605.0791015625,9629.21246613929,37192700
2024-07-17,9460.279296875,9605.079490194516,9460.279296875,9556.81275908801,90666000
2024-07-18,9749.8798828125,9749.8798828125,9460.279490253713,9460.279490253713,65383200
2024-07-19,9774.013671875,9774.013671875,9629.213469328703,9701.613570601852,53880300
2024-07-22,9749.8798828125,9798.14661490563,9749.8798828125,9774.013248859066,31285300
2024-07-23,9822.279296875,9846.412661240787,9774.012568143427,9846.412661240787,39321100
2024-07-24,9725.74609375,9822.279553737593,9725.74609375,9774.012823743797,24658000
2024-07-25,9942.9462890625,9942.9462890625,9846.412829945388,9870.546194724666,98088100
2024-07-26,9967.080078125,10039.480175544793,9942.946712318402,10015.346809738196,75565800
2024-07-29,9894.6796875,10063.613243140244,9822.27959222561,10039.479878048782,69092500
2024-07-30,9822.279296875,9942.946118703932,9822.279296875,9942.946118703932,32122900
2024-07-31,9918.8134765625,9991.21357493157,9870.546744316454,9991.21357493157,82519900
2024-08-01,10015.3466796875,10015.3466796875,9846.41312123494,9846.41312123494,61176200
2024-08-02,9846.4130859375,9991.213278377758,9846.4130859375,9918.813182157628,55699900
2024-08-05,9532.6796875,9798.146716772151,9532.6796875,9653.34651898734,126328300
2024-08-06,9653.3466796875,9725.746779785157,9605.079946289063,9725.746779785157,78473900
2024-08-07,9749.8798828125,9749.8798828125,9653.346418626237,9653.346418626237,52327400
2024-08-08,9870.546875,9870.546875,9725.746676344743,9798.14677567237,54162100
2024-08-09,9798.146484375,9894.679947275246,9749.879752924877,9870.546581550185,47062400
2024-08-12,9846.4130859375,9846.4130859375,9725.746258903951,9749.879624310663,40364100
2024-08-13,9942.9462890625,9942.9462890625,9822.279465166112,9894.679559503944,55207100
2024-08-14,9846.4130859375,9942.946547564337,9846.4130859375,9942.946547564337,47999100
2024-08-15,9870.546875,9942.946974327628,9822.280142114914,9846.413508557456,33396600
2024-08-16,9967.080078125,9967.080078125,9894.679980705205,9942.946712318402,40731400
2024-08-19,10015.3466796875,10063.613410673946,9918.813217714609,9967.079948701054,51054400
2024-08-20,10063.6142578125,10087.74762533723,9942.947420188848,9967.08078771358,60304400
2024-08-21,10063.6142578125,10136.01436038669,10063.6142578125,10136.01436038669,84848800
2024-08-22,9967.080078125,10039.480175544793,9870.546614898607,9991.213443931598,56611600
2024-08-23,9967.080078125,10015.346809738196,9942.946712318402,9967.080078125,46651600
2024-08-26,9967.080078125,10015.346809738196,9894.679980705205,9918.813346511803,35145600
2024-08-27,9846.4130859375,9942.946547564337,9822.27972053079,9918.813182157628,60448400
2024-08-28,9991.212890625,9991.212890625,9894.679432744566,9942.946161684782,38489900
2024-08-29,9870.546875,10136.01390586797,9870.546875,10136.01390586797,53004700
2024-08-30,9967.080078125,9967.080078125,9846.41324909201,9967.080078125,158403700
2024-09-02,9918.8134765625,10015.346941054593,9846.41337819343,10015.346941054593,72008600
2024-09-03,9822.279296875,9967.079483069718,9798.145932509215,9967.079483069718,50950200
2024-09-04,9942.9462890625,9942.9462890625,9774.012735607555,9798.146100386833,44817000
2024-09-05,9894.6796875,9991.213147865854,9894.6796875,9991.213147865854,39332900
2024-09-06,9942.9462890625,9942.9462890625,9870.546194724666,9870.546194724666,31541800
2024-09-09,9918.8134765625,9991.21357493157,9846.41337819343,9942.946842685524,36185100
2024-09-10,9991.212890625,9991.212890625,9918.812797214674,9991.212890625,55093100
2024-09-11,10063.6142578125,10063.6142578125,9991.21415523831,10063.6142578125,64621300
2024-09-12,10111.8798828125,10136.013247687948,10015.34642331071,10087.746517937052,70759100
2024-09-13,10063.6142578125,10063.6142578125,9967.08078771358,10039.480890287768,70057100
2024-09-17,10136.013671875,10136.013671875,9991.2134765625,10087.746940104167,89745000
2024-09-18,10256.6806640625,10256.6806640625,10087.747100183824,10136.013832720588,65420200
2024-09-19,10522.1474609375,10522.1474609375,10280.813803576548,10329.080535048739,140886600
2024-09-20,10401.48046875,10522.147295533643,10401.48046875,10522.147295533643,142194600
2024-09-23,10570.4140625,10570.4140625,10353.213773544521,10353.213773544521,72553800
2024-09-24,10425.6142578125,10570.414455837674,10401.480891474972,10401.480891474972,105191100
2024-09-25,10473.880859375,10473.880859375,10160.147100914459,10304.947297127017,158369100
2024-09-26,10329.0810546875,10498.01462333893,10304.947687737294,10498.01462333893,84960100
2024-09-27,10280.8134765625,10377.346936436326,10039.479826877934,10136.01328675176,93027400
2024-09-30,9967.080078125,10184.280370384382,9967.080078125,10111.880272964589,144692100
2024-10-01,10184.2802734375,10184.2802734375,10015.346714399437,10039.480079976303,59797700
2024-10-02,10136.013671875,10184.280403645833,9967.080110677083,9967.080110677083,86746200
2024-10-03,10087.74609375,10160.146185331938,10039.479366028707,10087.74609375,60887000
2024-10-04,10111.8798828125,10111.8798828125,9991.213058435262,10039.479788186158,58500400
2024-10-07,9942.9462890625,10015.346383400334,9894.679559503944,9991.213018621056,91867900
2024-10-08,10039.48046875,10136.013934795674,9798.146803635816,9846.413536658654,99622900
2024-10-09,10063.6142578125,10160.14772791142,10039.480890287768,10039.480890287768,56835200
2024-10-10,10136.013671875,10136.013671875,10039.480208333332,10063.613574218749,51080000
2024-10-11,10015.3466796875,10208.413603633284,10015.3466796875,10208.413603633284,44632100
2024-10-14,10136.013671875,10136.013671875,10015.346842447916,10015.346842447916,31738600
2024-10-15,10256.6806640625,10256.6806640625,10087.747100183824,10184.280565257353,66635200
2024-10-16,10111.8798828125,10353.213531566975,10111.8798828125,10329.080166691527,63255900
2024-10-17,10353.212890625,10425.61298076923,10136.012620192307,10184.279346955127,66993300
2024-10-18,10377.3466796875,10498.01350154433,10353.213315316134,10498.01350154433,56299600
2024-10-21,10304.947265625,10473.880827356557,10304.947265625,10473.880827356557,36472500
2024-10-22,10136.013671875,10232.547135416666,10111.880305989584,10111.880305989584,94799500
2024-10-23,10280.8134765625,10280.8134765625,10111.879921783304,10111.879921783304,48903000
2024-10-24,10329.0810546875,10473.881256388726,10329.0810546875,10353.214421637704,85341200
2024-10-25,10377.3466796875,10377.3466796875,10256.679857830668,10280.813222202034,34847500
2024-10-28,10232.546875,10449.747162441037,10232.546875,10449.747162441037,39061500
2024-10-29,10136.013671875,10208.41376953125,10136.013671875,10160.147037760416,49680100
2024-10-30,9991.212890625,10039.479619565218,9918.812797214674,9918.812797214674,114484100
2024-10-31,9894.6796875,10111.879973323172,9894.6796875,9967.07978277439,97553400
2024-11-01,10063.6142578125,10063.6142578125,9918.814052664118,9918.814052664118,47710000
2024-11-04,10015.3466796875,10136.013507153615,9942.946583207831,10063.613410673946,49275700
2024-11-05,10136.013671875,10208.41376953125,9942.946744791667,9942.946744791667,50296500
2024-11-06,10087.74609375,10136.012821471291,10015.346002168062,10111.879457610645,50324900
2024-11-07,9822.279296875,10087.746304898648,9822.279296875,9967.079483069718,131579100
2024-11-08,9725.74609375,9870.54628373139,9701.612728753102,9846.412918734492,92166100
2024-11-11,9701.6123046875,9701.6123046875,9460.278665267413,9460.278665267413,128707600
2024-11-12,9798.146484375,9870.546581550185,9653.34629002463,9749.879752924877,80378500
2024-11-13,9798.146484375,9894.679947275246,9798.146484375,9870.546581550185,62933100
2024-11-14,9749.8798828125,9822.279980952197,9701.61315071937,9774.013248859066,56381400
2024-11-15,9822.279296875,9918.812754338145,9701.61247504607,9701.61247504607,63598200
2024-11-18,9653.3466796875,9774.013513183594,9653.3466796875,9725.746779785157,65716200
2024-11-19,9580.9462890625,9677.479752932148,9556.812923095087,9556.812923095087,85295300
2024-11-20,9725.74609375,9798.146188740695,9653.345998759305,9677.479363756203,58584400
2024-11-21,9555.970703125,9701.493099619289,9555.970703125,9701.493099619289,93181200
2024-11-22,9555.970703125,9652.985634121193,9555.970703125,9628.731901372144,58396100
2024-11-25,9871.2685546875,9895.522285780098,9604.477512668918,9652.984974854115,165369400
2024-11-26,9701.4931640625,9944.030493164062,9701.4931640625,9944.030493164062,62310100
2024-11-28,9701.4931640625,9774.254362792968,9628.731965332032,9677.239431152344,57443500
2024-11-29,9701.4931640625,9798.508095703126,9652.985698242188,9701.4931640625,76886000
2024-12-02,9458.955078125,9749.999849759615,9458.955078125,9701.492387820514,87879600
2024-12-03,9895.5224609375,9919.776192459405,9604.477682674631,9725.74634028416,126087100
2024-12-04,9895.5224609375,9944.02992398131,9750.000071806066,9871.268729415593,97876300
2024-12-05,9944.0302734375,10041.04520293445,9919.776541063262,9944.0302734375,96904400
2024-12-06,9774.25390625,9871.268833359181,9750.000174472705,9798.507638027295,68247200
2024-12-09,10041.044921875,10041.044921875,9701.492678140097,9725.746409835447,64458400
2024-12-10,10041.044921875,10041.044921875,9968.28372678895,10016.79119017965,61230400
2024-12-11,10113.806640625,10113.806640625,9919.776777015888,9919.776777015888,37934300
2024-12-12,9871.2685546875,10065.298403428285,9871.2685546875,9992.53721015049,44780100
2024-12-13,9750.0,9919.776119402984,9725.746268656716,9822.76119402985,75126400
2024-12-16,9798.5078125,9822.761544709158,9701.492883663366,9701.492883663366,57746100
2024-12-17,9604.4775390625,9749.999926017992,9604.4775390625,9652.985001380997,99845900
2024-12-18,9507.462890625,9725.746477399554,9507.462890625,9604.477818080357,84868500
2024-12-19,9386.1943359375,9483.209264474322,9264.925675266473,9410.448068071706,104254100
2024-12-20,9361.9404296875,9458.955356420012,9337.686698004372,9361.9404296875,91576900
2024-12-23,9483.208984375,9555.970178628517,9410.447790121483,9410.447790121483,43292100
2024-12-24,9458.955078125,9604.477463942309,9458.955078125,9555.970002003205,32415700
2024-12-27,9507.462890625,9531.71662248884,9434.701695033482,9507.462890625,24016700
2024-12-30,9386.1943359375,9531.716728742733,9386.1943359375,9507.462996608527,56350100
2025-01-02,9604.4775390625,9604.4775390625,9361.940227470013,9361.940227470013,38124800
2025-01-03,9555.970703125,9628.731901372144,9531.716970375952,9555.970703125,41916000
2025-01-06,9386.1943359375,9580.224193011143,9361.940603803296,9555.970460876939,41593900
2025-01-07,9240.671875,9434.701730643044,9240.671875,9386.194266732284,71318600
2025-01-08,9386.1943359375,9483.209264474322,9289.17940740068,9386.1943359375,55943100
2025-01-09,9555.970703125,9580.224435874048,9434.70203937976,9458.955772128807,42733800
2025-01-10,9434.7021484375,9628.732012672719,9434.7021484375,9507.463347525707,72531300
2025-01-13,9386.1943359375,9434.701800205912,9337.68687166909,9337.68687166909,88270100
2025-01-14,9240.671875,9434.701730643044,9240.671875,9313.433070866142,70942600
2025-01-15,9507.462890625,9507.462890625,9264.925571986607,9289.179303850447,77098000
2025-01-16,9458.955078125,9628.73119491186,9458.955078125,9555.970002003205,76979000
2025-01-17,9604.4775390625,9604.4775390625,9361.940227470013,9458.955152107008,71033100
2025-01-20,9337.6865234375,9580.223835734578,9337.6865234375,9555.97010450487,112111200
2025-01-21,9289.1796875,9386.194618962141,9264.925954634466,9313.433420365536,124547900
2025-01-22,9313.4326171875,9386.193809509277,9289.178886413574,9361.940078735352,90154800
2025-01-23,9313.4326171875,9458.955001831055,9313.4326171875,9313.4326171875,120515400
2025-01-24,9070.8955078125,9361.940283464237,9070.8955078125,9337.686552159927,152057000
2025-01-30,8876.8662109375,8998.134875021346,8876.8662109375,8876.8662109375,154645800
