Price,Close,High,Low,Open,Volume
Ticker,BBRI.JK,BBRI.JK,BBRI.JK,BBRI.JK,BBRI.JK
Date,,,,,
2019-01-01,2372.93701171875,2372.93701171875,2372.93701171875,2372.93701171875,0
2019-01-02,2340.519775390625,2359.9700502584606,2327.552983518293,2340.519775390625,82441033
2019-01-03,2347.00341796875,2359.9702107227486,2321.0696583420654,2321.0696583420654,102805905
2019-01-04,2372.93701171875,2372.93701171875,2340.519770921802,2347.0032539049266,125907734
2019-01-07,2372.93701171875,2405.354078397023,2372.93701171875,2398.8707695325734,82106628
2019-01-08,2385.904052734375,2385.904052734375,2353.486982670677,2372.9372595326345,89499635
2019-01-09,2411.837646484375,2424.804438789496,2392.387370967353,2405.354163272474,131331598
2019-01-10,2431.287841796875,2431.287841796875,2405.3540839234674,2424.8043587988545,156122176
2019-01-11,2418.32080078125,2444.254555982932,2398.870527909653,2437.771073652847,118649479
2019-01-14,2457.2216796875,2457.2216796875,2418.3211286699643,2418.3211286699643,126576436
2019-01-15,2450.738037109375,2457.22151989691,2424.8042800779035,2444.2547284405096,154948896
2019-01-16,2450.738037109375,2463.705002684446,2437.771245652974,2457.22151989691,114151831
2019-01-17,2470.1884765625,2489.638926225976,2450.7382010177057,2457.2216842388643,131847617
2019-01-18,2476.672119140625,2496.1223959369117,2457.221842344338,2496.1223959369117,105708085
2019-01-21,2463.705322265625,2483.155599032567,2463.705322265625,2463.705322265625,89020137
2019-01-22,2444.254638671875,2457.221429652053,2424.804191023614,2444.254638671875,131658634
2019-01-23,2444.254638671875,2470.1882206322302,2418.3208825928564,2437.7711561224546,179807675
2019-01-24,2457.2216796875,2470.188471987118,2431.2879209695825,2431.2879209695825,193786497
2019-01-25,2450.738037109375,2476.671794140847,2450.738037109375,2476.671794140847,139857845
2019-01-28,2450.738037109375,2457.22151989691,2431.2877628654387,2431.2877628654387,102940988
2019-01-29,2392.387451171875,2476.6720392774964,2366.4536915735252,2450.7382796791467,206378414
2019-01-30,2431.287841796875,2437.771324794896,2398.870775044122,2398.870775044122,159225000
2019-01-31,2496.122314453125,2509.0892813064825,2463.705245557105,2463.705245557105,277698146
2019-02-01,2541.50634765625,2547.9898310764333,2509.089278792708,2515.572762212891,154119152
2019-02-04,2528.539306640625,2560.9565464395914,2522.055823857098,2560.9565464395914,83552603
2019-02-05,2528.539306640625,2528.539306640625,2528.539306640625,2528.539306640625,0
2019-02-06,2541.50634765625,2554.4733144966162,2535.0230383547537,2541.50634765625,85882773
2019-02-07,2547.98974609375,2547.98974609375,2522.0559873966686,2547.98974609375,91233705
2019-02-08,2522.0556640625,2535.022628807982,2496.1219086901942,2502.6053910629353,86321790
2019-02-11,2509.089111328125,2541.5061780280494,2502.60562834067,2522.0559031843595,61147416
2019-02-12,2496.122314453125,2528.539557467832,2476.6720382917756,2528.539557467832,104459344
2019-02-13,2457.2216796875,2522.0559894229527,2450.7381964783503,2522.0559894229527,119001265
2019-02-14,2463.705322265625,2496.122392170964,2431.288078241593,2476.672115404022,131498911
2019-02-15,2444.254638671875,2489.638668280492,2431.287673573034,2489.638668280492,96513687
2019-02-18,2489.63916015625,2502.6059536982652,2457.221915123165,2457.221915123165,103030419
2019-02-19,2535.023193359375,2593.374025352839,2515.5729160282203,2528.5397095427575,153943258
2019-02-20,2522.0556640625,2554.472901807547,2502.6053910629353,2535.022628807982,136475507
2019-02-21,2535.023193359375,2554.4734706905297,2483.1556710638306,2483.1556710638306,125997166
2019-02-22,2528.539306640625,2535.0227894241525,2502.605549625186,2502.605549625186,89872212
2019-02-25,2567.43994140625,2573.923424407713,2528.539391634825,2554.4731495220003,117405577
2019-02-26,2554.47314453125,2573.923419378962,2535.0228696835384,2567.4399363901666,67561846
2019-02-27,2509.089111328125,2541.5061780280494,2496.1221453532153,2535.0228691592692,96869983
2019-02-28,2496.122314453125,2509.0892813064825,2489.639005145133,2496.122314453125,117143553
2019-03-01,2509.089111328125,2522.0559031843595,2502.60562834067,2509.089111328125,78576447
2019-03-04,2515.572509765625,2541.5060926064502,2515.572509765625,2528.5393011860374,62730673
2019-03-05,2502.605712890625,2528.5394715979355,2502.605712890625,2528.5394715979355,77678611
2019-03-06,2528.539306640625,2541.50609808901,2502.605549625186,2522.055823857098,62160643
2019-03-07,2528.539306640625,2528.539306640625,2528.539306640625,2528.539306640625,0
2019-03-08,2496.122314453125,2515.572764733161,2470.188554865097,2476.6720382917756,142765635
2019-03-11,2502.605712890625,2528.5394715979355,2483.1554373898125,2528.5394715979355,51418628
2019-03-12,2489.63916015625,2522.0562310706373,2470.1887086651805,2515.5729213589784,69851316
2019-03-13,2457.2216796875,2470.188471987118,2450.7381964783503,2463.7051628966497,51432598
2019-03-14,2489.63916015625,2496.122469867909,2450.7384312928084,2450.7384312928084,99175072
2019-03-15,2560.956787109375,2560.956787109375,2522.0560608711266,2528.539544263949,106867285
2019-03-18,2593.37353515625,2612.8238088109356,2580.406744092681,2586.8900525651334,102196275
2019-03-19,2580.40673828125,2625.790768079527,2573.9232557047353,2619.307285503012,63741150
2019-03-20,2586.89013671875,2599.857102322809,2567.4398624313317,2567.4398624313317,94567643
2019-03-21,2586.89013671875,2619.307376610228,2573.923345233361,2599.857102322809,121229463
2019-03-22,2625.790771484375,2638.757562535555,2593.373532678429,2612.823806314531,104102388
2019-03-25,2599.857421875,2619.30769855308,2586.8904546771523,2612.824214954156,90384491
2019-03-26,2632.274169921875,2645.240960558538,2599.8569321522295,2625.790687544214,75475383
2019-03-27,2625.790771484375,2645.2410451204773,2619.307288899453,2645.2410451204773,56170270
2019-03-28,2638.757568359375,2645.241050958606,2612.8238120811143,2638.757568359375,67263631
2019-03-29,2664.691650390625,2684.14192644741,2625.791098277055,2625.791098277055,71215890
2019-04-01,2690.625244140625,2697.1087271331717,2677.6584522742064,2684.141761148078,73530330
2019-04-02,2690.625244140625,2703.5920360070436,2677.6584522742064,2703.5920360070436,48845023
2019-04-03,2690.625244140625,2690.625244140625,2690.625244140625,2690.625244140625,0
2019-04-04,2736.009033203125,2774.9095794568716,2684.141522119023,2710.075277661074,69303837
2019-04-05,2768.427001953125,2781.393796087717,2755.460033699827,2761.9435178264757,54041183
2019-04-08,2755.4599609375,2781.393722640568,2729.5261992344326,2781.393722640568,82999953
2019-04-09,2787.876708984375,2820.2937747380206,2761.9429519102564,2774.9097433879806,80659003
2019-04-10,2794.3603515625,2800.843660612739,2761.943109836585,2787.876868393581,116840608
2019-04-11,2787.876708984375,2800.843500462099,2774.9097433879806,2787.876708984375,188618827
2019-04-12,2794.3603515625,2800.843660612739,2774.909902055743,2787.876868393581,84244625
2019-04-15,2820.293701171875,2826.7771838009535,2794.360118892893,2820.293701171875,70577659
2019-04-16,2813.810546875,2826.777338725148,2800.8435809061766,2807.3270638905883,99923195
2019-04-17,2813.810546875,2813.810546875,2813.810546875,2813.810546875,0
2019-04-18,2891.61181640625,3066.664648457811,2839.7444718342,2885.1285071589223,200241958
2019-04-19,2891.61181640625,2891.61181640625,2891.61181640625,2891.61181640625,0
2019-04-22,2878.64501953125,2891.611812125395,2859.1947435806906,2891.611812125395,112161787
2019-04-23,2872.16162109375,2885.128588189964,2859.1948281162267,2859.1948281162267,60325921
2019-04-24,2852.7109375,2872.1612112501703,2852.7109375,2859.1944201229453,190094393
2019-04-25,2807.326904296875,2846.227451754538,2761.9428742233795,2839.744143257371,202913024
2019-04-26,2807.326904296875,2826.7771780257062,2729.5256352628835,2748.975908991715,146163924
2019-04-29,2813.810546875,2820.2938557407365,2774.909823087205,2781.3933060716167,84609831
2019-04-30,2833.2607421875,2859.19449927858,2813.810467898857,2846.2275336737052,140586828
2019-05-01,2833.2607421875,2833.2607421875,2833.2607421875,2833.2607421875,0
2019-05-02,2833.2607421875,2865.6778079623477,2813.810467898857,2865.6778079623477,139594281
2019-05-03,2839.744140625,2852.7109317259797,2794.3601105935745,2807.326901694554,120435690
2019-05-06,2742.49267578125,2787.8767071006246,2716.5589187246546,2787.8767071006246,157313497
2019-05-07,2755.4599609375,2774.9102386851255,2729.5261992344326,2729.5261992344326,124070152
2019-05-08,2736.009033203125,2755.459306329998,2710.075277661074,2755.459306329998,132170032
2019-05-09,2671.175048828125,2697.108807451934,2671.175048828125,2684.141841080689,179677103
2019-05-10,2671.175048828125,2697.108807451934,2651.724773389939,2658.2080824568807,132313475
2019-05-13,2658.2080078125,2684.14176570807,2658.2080078125,2677.658456823184,79066285
2019-05-14,2625.790771484375,2651.7245277053994,2573.923259042327,2593.373532678429,126601626
2019-05-15,2522.0556640625,2632.274167924464,2522.0556640625,2625.790685551723,184137240
2019-05-16,2502.605712890625,2586.890298100373,2476.6719541833145,2554.4732303052456,158507017
2019-05-17,2457.2216796875,2535.0229558412516,2444.254887387882,2535.0229558412516,170721848
2019-05-20,2431.287841796875,2496.1221494210567,2372.937017170714,2463.7050826683035,181806520
2019-05-21,2431.287841796875,2489.6388405417115,2405.3540839234674,2463.7050826683035,227189674
2019-05-22,2444.254638671875,2483.1551857310715,2405.3539174940156,2405.3539174940156,130499434
2019-05-23,2496.122314453125,2522.056074041153,2463.705245557105,2476.6720382917756,230153565
2019-05-24,2584.86328125,2638.5747700786596,2531.151972730213,2537.865773602141,165441097
2019-05-27,2631.860595703125,2665.430318834032,2591.5770721931244,2618.432814636078,135938587
2019-05-28,2558.00732421875,2652.0025120106316,2558.00732421875,2638.574550765138,414291135
2019-05-29,2645.288330078125,2652.0023101899296,2591.576849801377,2611.7186098279467,153687174
2019-05-30,2645.288330078125,2645.288330078125,2645.288330078125,2645.288330078125,0
2019-05-31,2752.711181640625,2766.1391422121287,2672.1441394469985,2678.857939423902,287219580
2019-06-03,2752.711181640625,2752.711181640625,2752.711181640625,2752.711181640625,0
2019-06-04,2752.711181640625,2752.711181640625,2752.711181640625,2752.711181640625,0
2019-06-05,2752.711181640625,2752.711181640625,2752.711181640625,2752.711181640625,0
2019-06-06,2752.711181640625,2752.711181640625,2752.711181640625,2752.711181640625,0
2019-06-07,2752.711181640625,2752.711181640625,2752.711181640625,2752.711181640625,0
2019-06-10,2839.992431640625,2866.848172921231,2819.850670757384,2833.278451243261,216423568
2019-06-11,2839.992431640625,2853.420212126502,2786.2809490794134,2853.420212126502,127900199
2019-06-12,2826.564453125,2826.564453125,2799.708712012764,2799.708712012764,102196275
2019-06-13,2819.8505859375,2853.4201262968613,2806.422625546679,2853.4201262968613,128510489
2019-06-14,2839.992431640625,2846.706231729138,2799.7087295652905,2799.7087295652905,79530053
2019-06-17,2819.8505859375,2853.4201262968613,2819.8505859375,2853.4201262968613,60714008
2019-06-18,2860.134765625,2860.134765625,2806.4232723013174,2806.4232723013174,174179428
2019-06-19,2880.27587890625,2913.84559971591,2873.561898682549,2900.417639268507,183945837
2019-06-20,2893.7041015625,2907.131882917795,2873.5621590662627,2907.131882917795,118489316
2019-06-21,2927.2734375,2927.2734375,2860.1341748673826,2880.275935626283,187213443
2019-06-24,2893.7041015625,2920.55966427309,2880.276139898342,2893.7041015625,90828128
2019-06-25,2907.131591796875,2920.559371807509,2880.275851466763,2920.559371807509,65402729
2019-06-26,2927.2734375,2933.987417855917,2900.4176963851833,2907.1316767411,113137174
2019-06-27,2940.701171875,2947.4149714053256,2920.5592323575133,2940.701171875,89922813
2019-06-28,2927.2734375,2954.129178614817,2920.5594571440834,2933.987417855917,112840719
2019-07-01,2967.55712890625,2967.55712890625,2940.7015665628405,2954.1293477345453,115331382
2019-07-02,2960.84326171875,2967.5570619988007,2927.2735390830703,2967.5570619988007,147886774
2019-07-03,2954.129150390625,2967.556930665317,2927.2734095323917,2947.415170098854,81810503
2019-07-04,2947.415283203125,2954.1292637525385,2927.2735218637413,2927.2735218637413,42557425
2019-07-05,2954.129150390625,2967.556930665317,2940.7013701159326,2967.556930665317,59149341
2019-07-08,2954.129150390625,2960.8431306823954,2933.987389824162,2940.7013701159326,50857398
2019-07-09,2960.84326171875,2960.84326171875,2933.9875196719777,2933.9875196719777,71191359
2019-07-10,3001.126708984375,3007.8406894040418,2954.1292066644146,2960.843187084081,89077008
2019-07-11,3027.982666015625,3048.1246087091904,3007.840903630925,3014.554704219915,100559886
2019-07-12,3027.982666015625,3048.1246087091904,3014.554704219915,3027.982666015625,71034166
2019-07-15,3041.41015625,3061.551735202945,3034.696176393127,3048.1241361068733,75851590
2019-07-16,3054.83837890625,3054.83837890625,3021.2688333872716,3021.2688333872716,92926745
2019-07-17,3034.696533203125,3054.838114524253,3021.2685719105616,3034.696533203125,71834980
2019-07-18,2987.698974609375,3027.9824971319895,2980.9849940859876,3021.268516608602,84732483
2019-07-19,3007.8408203125,3014.5546207155153,2980.98507777386,2987.6990584857353,70769832
2019-07-22,3021.268798828125,3027.9827799786717,2994.4130545348103,3021.268798828125,46139636
2019-07-23,3014.554931640625,3021.268913044989,3001.127149140776,3021.268913044989,47649853
2019-07-24,2987.698974609375,3034.696477655377,2980.9849940859876,3034.696477655377,58359418
2019-07-25,2994.412841796875,3007.8408031439794,2987.6990414321817,3001.126822470427,66445547
2019-07-26,2980.985107421875,3001.1268694489645,2954.1293646161357,2960.843345394786,85121120
2019-07-29,2994.412841796875,3007.8408031439794,2980.9850607586295,3007.8408031439794,101066445
2019-07-30,3021.268798828125,3021.268798828125,2994.4130545348103,3021.268798828125,75632686
2019-07-31,3007.8408203125,3027.982582139265,2987.6990584857353,3021.26860142739,116420070
2019-08-01,2987.698974609375,3027.9824971319895,2960.8432328246804,3014.5545360852147,157991988
2019-08-02,2987.698974609375,3001.126755347295,2947.4152717779057,2954.129252301293,131279017
2019-08-05,2866.8486328125,2967.5574533841145,2866.8486328125,2960.843652218594,165923785
2019-08-06,2752.711181640625,2826.5644238573486,2698.999880281157,2752.711181640625,272405185
2019-08-07,2853.420654296875,2880.2763997390875,2779.5673994080103,2779.5673994080103,161676832
2019-08-08,2880.27587890625,2900.417639268507,2853.4201383202917,2853.4201383202917,102671923
2019-08-09,2907.131591796875,2920.559371807509,2886.989831626502,2907.131591796875,90719996
2019-08-12,2886.98974609375,2940.701225162666,2880.2757661329256,2940.701225162666,56163890
2019-08-13,2873.562255859375,2907.13198084167,2853.4204929935454,2907.13198084167,88148482
2019-08-14,2907.131591796875,2920.559371807509,2893.7038117862417,2907.131591796875,102602292
2019-08-15,2853.420654296875,2873.5624183013147,2806.423144850223,2826.5649088546625,126758709
2019-08-16,2826.564453125,2860.134174592508,2819.850653078579,2853.420194237236,102969368
2019-08-19,2806.42236328125,2833.278101244328,2772.852826059025,2772.852826059025,66407047
2019-08-20,2752.711181640625,2819.8506238804453,2745.997381663722,2806.422663308942,112883069
2019-08-21,2719.1416015625,2799.70864259266,2712.427621373705,2752.711141888785,92826643
2019-08-22,2732.5693359375,2779.5668358554876,2685.5718360195124,2725.855536169818,136489697
2019-08-23,2739.283447265625,2752.711227753218,2698.9999254939944,2705.713725583365,64061696
2019-08-26,2732.5693359375,2732.5693359375,2685.5718360195124,2698.9997961725617,71268030
2019-08-27,2819.8505859375,2826.5643858240646,2739.28336451911,2772.8530851873174,196025365
2019-08-28,2813.136962890625,2846.706507511888,2813.136962890625,2833.2787257251566,109954819
2019-08-29,2819.8505859375,2833.2783660194755,2792.9948454647033,2833.2783660194755,74831102
2019-08-30,2866.8486328125,2866.8486328125,2766.139631932005,2813.137141635052,119899980
2019-09-02,2833.2783203125,2873.561840217411,2826.5643402254004,2866.8480404391544,75321490
2019-09-03,2786.281005859375,2866.8482313430236,2772.853225099861,2806.422767153073,83772936
2019-09-04,2792.994873046875,2806.422653261456,2752.711171785436,2806.422653261456,84356057
2019-09-05,2833.2783203125,2839.9923003995996,2806.422580272945,2833.2783203125,84846225
2019-09-06,2866.8486328125,2880.276415452422,2853.420669863698,2860.134651338099,125869894
2019-09-09,2799.70849609375,2880.2757132169563,2799.70849609375,2880.2757132169563,75150988
2019-09-10,2813.136962890625,2813.136962890625,2786.281219008293,2806.422981842825,76217016
2019-09-11,2853.420654296875,2860.134635734648,2786.281380845783,2786.281380845783,125741191
2019-09-12,2873.562255859375,2920.5597626492668,2866.8484551100114,2886.9902179758406,95813194
2019-09-13,2893.7041015625,2900.417902085716,2873.5621590662627,2900.417902085716,61703145
2019-09-16,2813.136962890625,2880.2762324420205,2752.7114940781607,2880.2762324420205,145880779
2019-09-17,2853.420654296875,2853.420654296875,2772.853598279117,2792.9953622835565,117840195
2019-09-18,2846.706298828125,2860.1342599393606,2826.564537470127,2846.706298828125,84048931
2019-09-19,2833.2783203125,2839.9923003995996,2819.8505404471443,2819.8505404471443,101320660
2019-09-20,2792.994873046875,2833.278393999466,2772.8531125705795,2819.850613784885,239258752
2019-09-23,2806.42236328125,2819.8503224172036,2792.9945844541257,2792.9945844541257,93391943
2019-09-24,2759.42529296875,2792.9950156828527,2759.42529296875,2792.9950156828527,104585626
2019-09-25,2739.283447265625,2766.139188549663,2698.9999254939944,2732.5694668674028,91472409
2019-09-26,2826.564453125,2826.564453125,2752.7112101435637,2759.4251904988355,88134402
2019-09-27,2806.42236328125,2826.564121676351,2792.9945844541257,2826.564121676351,63434135
2019-09-30,2766.13916015625,2819.8506421729967,2759.4251798269443,2819.8506421729967,83981500
2019-10-01,2732.5693359375,2772.853036087806,2732.5693359375,2766.139056011281,87507501
2019-10-02,2638.574462890625,2745.9974280415513,2631.860482491479,2719.1416867538196,182983980
2019-10-03,2558.00732421875,2611.718808583009,2558.00732421875,2598.291027646373,195391424
2019-10-04,2652.002685546875,2658.7164863000876,2591.5772166058728,2605.0051787300376,103236563
2019-10-07,2618.4326171875,2678.8578978960018,2591.576876769662,2665.4301178415053,139378677
2019-10-08,2638.574462890625,2658.716223779211,2611.7187216028933,2658.716223779211,131777876
2019-10-09,2658.71630859375,2678.8580701248693,2631.860566449305,2652.002508289282,129617548
2019-10-10,2611.718505859375,2678.8577633781756,2605.0047063236807,2665.4299839979503,118644859
2019-10-11,2631.860595703125,2658.7163381460787,2625.1467953240312,2652.0025377669845,112429201
2019-10-14,2631.860595703125,2672.144299521985,2625.1467953240312,2652.0025377669845,120763165
2019-10-15,2645.288330078125,2665.4300901046945,2611.7186098279467,2665.4300901046945,140902423
2019-10-16,2678.85791015625,2678.85791015625,2645.28836971195,2658.7161498279006,90212558
2019-10-17,2719.1416015625,2719.1416015625,2678.8579007385742,2685.5718809273694,115003686
2019-10-18,2799.70849609375,2813.1364557687025,2719.1414592793803,2719.1414592793803,113976708
2019-10-21,2766.13916015625,2813.136661843691,2759.4251798269443,2799.7087011850795,89234971
2019-10-22,2779.567138671875,2779.567138671875,2732.569633633804,2739.283614441775,90846609
2019-10-23,2806.42236328125,2806.42236328125,2739.2831085279704,2786.2806048861494,139892606
2019-10-24,2886.98974609375,2886.98974609375,2806.4225274903756,2806.4225274903756,172727403
2019-10-25,2839.992431640625,2900.417714290349,2833.278451243261,2886.989933804472,123528393
2019-10-28,2839.992431640625,2860.1341925238667,2833.278451243261,2839.992431640625,42188588
2019-10-29,2839.992431640625,2853.420212126502,2806.422709962655,2846.706231729138,90745077
2019-10-30,2853.420654296875,2860.134635734648,2813.1371262879957,2860.134635734648,52187101
2019-10-31,2826.564453125,2846.7062138819647,2792.994911966343,2826.564453125,83146256
2019-11-01,2806.42236328125,2833.278101244328,2786.2806048861494,2833.278101244328,69610742
2019-11-04,2792.994873046875,2826.5644137377517,2786.28089278516,2806.422653261456,55300375
2019-11-05,2886.98974609375,2886.98974609375,2799.708547529551,2813.1365074512,145802018
2019-11-06,2792.994873046875,2907.131635951782,2792.994873046875,2907.131635951782,145752957
2019-11-07,2685.57177734375,2792.9947349857425,2658.7160379332518,2792.9947349857425,321561514
2019-11-08,2678.85791015625,2705.7136506969982,2672.144110252698,2692.2858705810477,148082467
2019-11-11,2685.57177734375,2685.57177734375,2652.0022383122564,2652.0022383122564,125489617
2019-11-12,2685.57177734375,2705.713536824414,2672.1439977929203,2685.57177734375,120754695
2019-11-13,2658.71630859375,2692.2860313515207,2631.860566449305,2685.572050738195,165100201
2019-11-14,2645.288330078125,2665.4300901046945,2618.4325899397513,2652.0023101899296,129874843
2019-11-15,2745.99755859375,2752.7113590032363,2658.716350181823,2685.57209274635,134210348
2019-11-18,2766.13916015625,2779.5669405060116,2719.1416584688095,2745.9973994771826,102464019
2019-11-19,2813.136962890625,2813.136962890625,2739.2837122914293,2786.281219008293,155302002
2019-11-20,2833.2783203125,2860.1340603520553,2786.28082032049,2799.7086001858456,170292181
2019-11-21,2833.2783203125,2839.9923003995996,2779.5668402333904,2819.8505404471443,125613039
2019-11-22,2826.564453125,2853.420194237236,2792.994911966343,2839.9924138355436,82167459
2019-11-25,2772.853271484375,2806.4228140991413,2766.1392908378784,2786.2810524685096,62254255
2019-11-26,2786.281005859375,2806.422767153073,2752.7112834973072,2786.281005859375,244288809
2019-11-27,2799.70849609375,2826.564235134819,2752.710997849089,2752.710997849089,72910799
2019-11-28,2719.1416015625,2799.70864259266,2719.1416015625,2772.8530824551704,67893172
2019-11-29,2745.99755859375,2766.1393204399296,2692.2860734646965,2725.85579674757,70620339
2019-12-02,2826.564453125,2826.564453125,2766.139170854107,2786.2809316110715,60937642
2019-12-03,2799.70849609375,2833.2782149722952,2792.99469656511,2826.564235134819,48090300
2019-12-04,2772.853271484375,2819.8507753921344,2766.1392908378784,2819.8507753921344,55684281
2019-12-05,2833.2783203125,2839.9923003995996,2799.7086001858456,2819.8505404471443,80063892
2019-12-06,2799.70849609375,2853.4199741758875,2799.70849609375,2853.4199741758875,73924136
2019-12-09,2806.42236328125,2826.564121676351,2786.2806048861494,2813.136342849227,52623808
2019-12-10,2799.70849609375,2806.4224759312265,2772.852937361518,2779.5667368901577,88013950
2019-12-11,2826.564453125,2826.564453125,2792.994911966343,2813.1366727233076,69260056
2019-12-12,2853.420654296875,2866.848617172421,2826.5649088546625,2839.9928717302087,138108485
2019-12-13,2873.562255859375,2880.276236917608,2846.7065119353124,2873.562255859375,184381444
2019-12-16,2907.131591796875,2920.559371807509,2880.275851466763,2886.989831626502,196854450
2019-12-17,2920.559326171875,2927.2733062267043,2886.9897865154144,2927.2733062267043,155154269
2019-12-18,2954.129150390625,2954.129150390625,2920.559429240621,2940.7013701159326,174183278
2019-12-19,2920.559326171875,2933.987286281533,2900.4175663162305,2920.559326171875,103421146
2019-12-20,2927.2734375,2933.987417855917,2900.4176963851833,2920.5594571440834,171838258
2019-12-23,2987.698974609375,3001.126755347295,2927.2735105165984,2987.698974609375,135606712
2019-12-26,2960.84326171875,2987.699003765523,2954.1292811298426,2967.5570619988007,55258354
2019-12-27,2974.271240234375,2980.9852212694404,2940.701695676784,2940.701695676784,62113562
2019-12-30,2954.129150390625,2987.6988715406287,2927.2734095323917,2987.6988715406287,73085482
2020-01-02,2960.84326171875,2960.84326171875,2927.2735390830703,2954.1292811298426,45886302
2020-01-03,2967.55712890625,2980.9850903868155,2947.4153669942625,2967.55712890625,91189705
2020-01-06,2933.9873046875,2947.415084572553,2900.417584511602,2927.2733245905515,48648450
2020-01-07,2954.129150390625,2960.8431306823954,2940.7013701159326,2960.8431306823954,114344885
2020-01-08,2940.701171875,2954.128951244488,2913.845432827188,2940.701171875,188929583
2020-01-09,2954.129150390625,2967.556930665317,2933.987389824162,2954.129150390625,79280569
2020-01-10,2960.84326171875,2974.271042587708,2947.4153005409357,2974.271042587708,137292491
2020-01-13,3027.982666015625,3027.982666015625,2967.55719855266,2974.271179450515,122488655
2020-01-14,3068.266357421875,3088.4083012093447,3034.6968117271754,3048.124774252155,174258629
2020-01-15,3074.980224609375,3074.980224609375,3041.4106801600315,3068.266243595959,112825318
2020-01-16,3068.266357421875,3081.6943199468546,3027.982830464686,3068.266357421875,147387255
2020-01-17,3108.549560546875,3115.263541109938,3088.407979475398,3101.835579983812,133295352
2020-01-20,3128.691650390625,3148.833232415877,3108.5497077476443,3148.833232415877,90022804
2020-01-21,3135.40576171875,3142.1197428790756,3115.2638182377727,3135.40576171875,81224962
2020-01-22,3162.26123046875,3162.26123046875,3135.405667254304,3142.1196482123487,90609115
2020-01-23,3182.4033203125,3195.830922230969,3148.8334139719514,3168.9753577762804,153849977
2020-01-24,3182.4033203125,3189.1173015806094,3142.1197933215917,3175.68933904439,105620964
2020-01-27,3121.9775390625,3155.5470814470864,3115.2635584620402,3155.5470814470864,103076840
2020-01-28,3101.8359375,3115.2639001738266,3068.2663914331865,3074.9803727701,104935872
2020-01-29,3101.8359375,3128.6918628476533,3088.4083354439267,3101.8359375,214362682
2020-01-30,3074.980224609375,3155.5472755348933,3074.980224609375,3155.5472755348933,96500596
2020-01-31,2994.412841796875,3074.9800689529234,2994.412841796875,3068.2660882793716,150763654
2020-02-03,2994.412841796875,3014.5546035086722,2987.6990414321817,2994.412841796875,144745560
2020-02-04,3061.552490234375,3148.833528663379,3034.6969248015134,3148.833528663379,123617275
2020-02-05,3061.552490234375,3074.9804532596877,3027.9829432888573,3068.266471747031,100395764
2020-02-06,3054.83837890625,3081.6943038156314,3041.410777069307,3081.6943038156314,104342852
2020-02-07,3054.83837890625,3074.980322588286,3048.1247582966525,3074.980322588286,146349277
2020-02-10,3021.268798828125,3041.4107422797647,2954.1295282492742,3021.268798828125,187982906
2020-02-11,3027.982666015625,3048.1246087091904,3007.840903630925,3048.1246087091904,93666727
2020-02-12,3041.41015625,3061.551735202945,3034.696176393127,3034.696176393127,143167912
2020-02-13,3068.266357421875,3081.6943199468546,3048.124774252155,3074.980338684365,87683284
2020-02-14,3054.83837890625,3081.6943038156314,3041.410777069307,3041.410777069307,139707803
2020-02-17,3001.126708984375,3048.124391613188,3001.126708984375,3007.8406894040418,131738165
2020-02-18,2954.129150390625,3021.2684123817835,2954.129150390625,3001.1266518153207,97565635
2020-02-19,3007.8408203125,3007.8408203125,2987.6990584857353,2994.41285888875,110893685
2020-02-20,3061.552490234375,3074.9804532596877,3027.9829432888573,3034.6969248015134,108000305
2020-02-21,3027.982666015625,3061.55220988717,3027.982666015625,3061.55220988717,117658802
2020-02-24,3014.554931640625,3048.124838662444,3001.127149140776,3048.124838662444,113200755
2020-02-25,3021.268798828125,3054.8383439631143,2994.4130545348103,2994.4130545348103,125324724
2020-02-26,3007.8408203125,3027.982582139265,3001.1268396006253,3021.26860142739,164120194
2020-02-27,2881.021728515625,3055.417709666734,2874.045836813633,3055.417709666734,227877075
2020-02-28,2922.876708984375,2922.876708984375,2727.5532397396987,2783.3598114219835,211162617
2020-03-02,2776.384033203125,2929.852522768383,2776.384033203125,2922.876631240144,206428685
2020-03-03,2860.09375,2915.9005030104026,2790.335402408322,2825.214669875487,218258509
2020-03-04,2943.803955078125,2957.7555500175145,2881.02149683689,2887.9972006352564,127937929
2020-03-05,2894.973388671875,2999.61101714776,2881.021792301672,2992.6351252913205,146949558
2020-03-06,2797.3115234375,2825.214902237638,2790.335631901799,2818.239010701937,175334118
2020-03-09,2615.939453125,2755.4563363639245,2615.939453125,2720.5770687185304,163934401
2020-03-10,2727.552978515625,2811.262921693293,2636.8669569496133,2636.8669569496133,182576203
2020-03-11,2727.552978515625,2811.262921693293,2706.625492721208,2755.456355355732,195275262
2020-03-12,2518.278076171875,2678.7224672099733,2511.302184211259,2664.7706832887416,167137546
2020-03-13,2595.011962890625,2629.8912304744035,2343.8817608468453,2518.277724080434,295725807
2020-03-16,2441.543701171875,2615.939679827009,2413.640322105933,2615.939679827009,196265939
2020-03-17,2274.12353515625,2490.3744812302466,2274.12353515625,2441.5436163960326,229429422
2020-03-18,2190.41357421875,2399.688832837938,2155.5344893440033,2281.099607046981,272919333
2020-03-19,2043.9207763671875,2190.4133687200037,2043.9207763671875,2183.4376648051025,151744210
2020-03-20,1960.2108154296875,2071.824335980754,1904.4042424968302,2043.9209558429873,658210668
2020-03-23,1827.6697998046875,1883.4765541520037,1827.6697998046875,1848.597285849267,180848183
2020-03-24,1702.10498046875,1918.3559555030731,1702.10498046875,1799.766723216037,544651637
2020-03-26,2050.896484375,2092.7514534952597,1743.959544579383,1743.959544579383,698059077
2020-03-27,2253.196044921875,2560.132828827963,2092.751667948394,2092.751667948394,529032687
2020-03-30,2099.7275390625,2197.389267638183,2099.7275390625,2197.389267638183,239264252
2020-03-31,2106.70361328125,2232.268730545316,2071.8243411857466,2162.510186354309,346502244
2020-04-01,2043.9207763671875,2148.558395859959,2022.993289937165,2099.7275317423537,298923123
2020-04-02,2002.06591796875,2022.9934055952335,1953.2350510593985,1988.114134655981,329876337
2020-04-03,2016.017333984375,2057.8724928439215,1974.1623624674817,2043.9207107765214,322467159
2020-04-06,2106.70361328125,2113.67931782621,2029.9693645452835,2057.872744753151,313615306
2020-04-07,2113.679443359375,2260.17205764399,2057.8728669719176,2162.51031478758,445935822
2020-04-08,1967.1866455078125,2120.6551377735386,1967.1866455078125,2092.7517585122546,322246825
2020-04-09,1946.2591552734375,2029.969292944425,1918.355776049775,1995.0900220791796,292370749
2020-04-13,1932.3076171875,1981.1384854552705,1883.4767489197297,1946.2592135457166,136106890
2020-04-14,2022.9930419921875,2022.9930419921875,1932.3072161293037,1946.2588095918102,241711574
2020-04-15,1925.3319091796875,2085.776125661424,1904.4044189727388,2022.9936550405776,351010672
2020-04-16,1820.6939697265625,1932.3074821637852,1799.7664829802488,1932.3074821637852,404530667
2020-04-17,1974.16259765625,1981.138489521012,1855.5733726686756,1862.5490771907619,442565694
2020-04-20,1939.283203125,2022.9933381841788,1925.331607619802,2009.0415553363173,244213568
2020-04-21,1897.42822265625,1946.2590877683153,1876.500735800031,1918.3557095124688,146163154
2020-04-22,1946.2591552734375,1974.1625344971,1848.5974216619534,1883.4766925271988,197501041
2020-04-23,1953.2352294921875,2009.0418058133198,1946.259337198538,1974.162719030448,237791877
2020-04-24,1834.645751953125,1953.2351678306743,1834.645751953125,1953.2351678306743,323088010
2020-04-27,1855.5732421875,1883.4766203417475,1820.693972659025,1869.5248375932927,200872709
2020-04-28,1806.7425537109375,1876.50091223826,1792.7907695998645,1869.5250201827237,295130807
2020-04-29,1799.766357421875,1827.6697335845377,1785.814575669219,1813.7179518318817,230054013
2020-04-30,1904.4041748046875,1911.3798790841706,1820.694037366869,1827.6699289890212,475289499
2020-05-04,1834.645751953125,1869.5250249775831,1813.7182630755226,1862.5491329041554,220673601
2020-05-05,1834.645751953125,1869.5250249775831,1820.6941551489504,1834.645751953125,203241160
2020-05-06,1827.6697998046875,1848.597285849267,1813.7180175465307,1834.6455035911104,190361478
2020-05-08,1806.7425537109375,1855.5734234143315,1799.766661655401,1841.6216393032585,226345299
2020-05-11,1827.6697998046875,1841.6213947201888,1813.7180175465307,1834.6455035911104,170062057
2020-05-12,1736.98388671875,1834.645619315456,1723.0322909232211,1827.6699150890254,405546974
2020-05-13,1723.0323486328125,1757.9116203038493,1702.10486056726,1716.0564568300704,372457853
2020-05-14,1639.3221435546875,1730.008171340385,1625.3705478490929,1702.1047925865294,517300545
2020-05-15,1562.5880126953125,1674.2014354827395,1541.6604315236275,1660.2496522540598,654135428
2020-05-18,1513.7569580078125,1583.515397127598,1506.7810672601724,1569.5636156323183,501017513
2020-05-19,1653.2740478515625,1688.1531333448615,1569.5639054508206,1569.5639054508206,584451204
2020-05-20,1730.008056640625,1743.9596514212271,1618.3945490251926,1646.2979259290507,433842983
2020-05-26,1757.91162109375,1778.8391091687063,1723.0323494070406,1778.8391091687063,444514707
2020-05-27,1834.645751953125,1834.645751953125,1757.911688516143,1771.8632853203176,476102523
2020-05-28,1904.4041748046875,1939.2832582301103,1841.6215248906565,1841.6215248906565,498739044
2020-05-29,2057.872802734375,2057.872802734375,1883.4768120285473,1883.4768120285473,959884609
2020-06-02,2218.31689453125,2295.051141460214,2057.872696292632,2057.872696292632,514215761
2020-06-03,2162.510009765625,2288.075116776153,2099.727549931691,2232.26854826021,481917223
2020-06-04,2134.606689453125,2232.26860851308,2113.6792022769437,2176.461851148153,275162272
2020-06-05,2169.486328125,2183.438113507249,2064.848687128924,2141.5829447032,294137820
2020-06-08,2302.02685546875,2350.8577190772307,2211.3408320939584,2218.3167232787864,422772612
2020-06-09,2239.244140625,2343.8817558087694,2239.244140625,2336.9058648384776,279951975
2020-06-10,2113.679443359375,2218.317078517725,2092.7519537962426,2218.317078517725,487562851
2020-06-11,2071.823974609375,2183.437475692607,2022.9931147211214,2183.437475692607,409589324
2020-06-12,2113.679443359375,2120.655335661315,1953.2352318135681,2022.9935928049053,519350210
2020-06-15,2022.9930419921875,2127.6306486602143,2016.017151589616,2120.654758257643,253847754
2020-06-16,2183.437744140625,2197.3893398200203,2064.8483378237693,2071.8242293348,372556634
2020-06-17,2162.510009765625,2232.26854826021,2148.5584144723043,2232.26854826021,240003025
2020-06-18,2127.630859375,2176.4617223438036,2120.6549682815553,2127.630859375,144039347
2020-06-19,2162.510009765625,2169.4859010836158,2134.606631836323,2148.5584144723043,183669732
2020-06-22,2134.606689453125,2169.4859596418705,2113.6792022769437,2162.5100681355884,104916512
2020-06-23,2099.7275390625,2134.606620786581,2078.8000525595194,2106.70343034438,188566907
2020-06-24,2176.4619140625,2190.4135101356933,2099.7276673032575,2127.631046792316,339338591
2020-06-25,2134.606689453125,2169.4859596418705,2120.655093783226,2162.5100681355884,174033235
2020-06-26,2113.679443359375,2176.4620993914596,2106.7037384001223,2162.51031478758,162039618
2020-06-29,2120.655029296875,2134.606624542524,2078.800056217268,2120.655029296875,130693147
2020-06-30,2113.679443359375,2169.4862070895197,2113.679443359375,2141.5828252244473,147418716
2020-07-01,2134.606689453125,2141.582580959407,2113.6792022769437,2120.655093783226,111421694
2020-07-02,2134.606689453125,2155.5343639719717,2120.655093783226,2155.5343639719717,186436280
2020-07-03,2127.630859375,2155.5342364061244,2120.6549682815553,2134.6065631257898,54421019
2020-07-06,2120.655029296875,2162.510002376482,2113.6791380027203,2141.5825158366783,148148028
2020-07-07,2113.679443359375,2148.558717526387,2113.679443359375,2141.5828252244473,228112810
2020-07-08,2225.292724609375,2232.26861613949,2113.6792094982006,2120.6551010283156,373640813
2020-07-09,2190.41357421875,2253.1962267415774,2190.41357421875,2225.292846436174,211404181
2020-07-10,2169.486328125,2197.3897115468003,2162.5104354338755,2183.438113507249,117829855
2020-07-13,2204.365234375,2218.31683007366,2127.6309896757016,2183.437747155676,105451891
2020-07-14,2211.341064453125,2267.147825110392,2183.437871467168,2204.3653598779742,232365483
2020-07-15,2183.437744140625,2260.1718013912973,2183.437744140625,2232.268610032507,182296468
2020-07-16,2190.41357421875,2204.3653580427904,2183.437869649407,2183.437869649407,128809144
2020-07-17,2162.510009765625,2197.3892790129175,2162.510009765625,2190.4133876949268,131548742
2020-07-20,2127.630859375,2183.4376134372483,2113.67907718811,2162.509940156914,150206164
2020-07-21,2197.3896484375,2218.3171385671358,2127.6312855578176,2127.6312855578176,224576578
2020-07-22,2162.510009765625,2211.340874306238,2155.534305790295,2204.3651703309083,190916547
2020-07-23,2190.41357421875,2204.3653580427904,2162.5101939133465,2176.461977737387,162646279
2020-07-24,2155.5341796875,2190.4132595516403,2155.5341796875,2183.437555984402,104287961
2020-07-27,2197.3896484375,2197.3896484375,2155.534668178229,2155.534668178229,103970385
2020-07-28,2190.41357421875,2211.3410626121336,2162.5101939133465,2204.3653580427904,113763744
2020-07-29,2176.4619140625,2197.389401843626,2162.5101306466354,2190.4135101356933,73895646
2020-07-30,2204.365234375,2211.340938552997,2169.4859641143494,2183.437747155676,86328061
2020-08-03,2085.776123046875,2218.317143981666,2071.824525373962,2211.3412514738634,373214336
2020-08-04,2148.558349609375,2148.558349609375,2092.7515954355235,2092.7515954355235,171919769
2020-08-05,2148.558349609375,2169.4858355889055,2120.654972522449,2162.50994448151,177648668
2020-08-06,2169.486328125,2183.438113507249,2155.534730085449,2162.5104354338755,126064817
2020-08-07,2169.486328125,2183.438113507249,2134.6070520120757,2169.486328125,98910738
2020-08-10,2183.437744140625,2197.3893398200203,2162.5100696075333,2169.485961118564,100613457
2020-08-11,2225.292724609375,2246.2202118570535,2183.437750114018,2183.437750114018,189708286
2020-08-12,2336.906005859375,2350.8577886418802,2225.2926803126447,2225.2926803126447,505369848
2020-08-13,2322.954345703125,2406.664478038045,2302.0268594550594,2336.905940754283,235648930
2020-08-14,2329.93017578125,2336.905879452513,2288.0750170404067,2322.954284767334,109069303
2020-08-18,2455.495361328125,2462.4710652380477,2329.9302554949522,2329.9302554949522,288206078
2020-08-19,2483.398681640625,2539.2054398970295,2455.495489855092,2455.495489855092,239290433
2020-08-24,2539.205078125,2546.180968748831,2455.495140009596,2462.470843290785,214473234
2020-08-25,2650.818603515625,2650.818603515625,2539.205101861532,2560.1325865860135,197233406
2020-08-26,2608.963623046875,2664.7703776455364,2581.060433090201,2650.8187826671997,178162157
2020-08-27,2581.060546875,2636.8671165912106,2553.1571683455627,2608.963738061773,206786961
2020-08-28,2574.084716796875,2608.9638002835122,2546.1813376019636,2588.0363127229957,85678499
2020-08-31,2448.519287109375,2608.96346253091,2441.543396378069,2581.0602742909737,292651694
2020-09-01,2518.278076171875,2532.2298600931067,2427.59223005458,2476.4230990935353,216658972
2020-09-02,2553.1572265625,2553.1572265625,2504.3263598582116,2525.253847396811,117619091
2020-09-03,2497.350341796875,2574.084583782,2476.422855317779,2553.1570973029043,197577052
2020-09-04,2476.4228515625,2518.277824457223,2427.5919874044375,2518.277824457223,148013826
2020-09-07,2448.519287109375,2490.374256811924,2441.543396378069,2476.4226626919562,104297421
2020-09-08,2455.495361328125,2490.3744429057147,2448.5194700755437,2448.5194700755437,89521636
2020-09-09,2378.76123046875,2434.567801062968,2357.833743078085,2427.5920968278583,196282440
2020-09-10,2218.31689453125,2302.0270331835754,2218.31689453125,2302.0270331835754,305637969
2020-09-11,2267.147705078125,2309.00267968376,2099.7276193129183,2106.7035108614127,641858446
2020-09-14,2399.6884765625,2406.664367438828,2302.026753664505,2302.026753664505,303482811
2020-09-15,2322.954345703125,2413.6401818922955,2309.0025633093096,2399.6885868411373,215087925
2020-09-16,2274.12353515625,2364.809373464744,2260.1717524363817,2350.857778087538,152384862
2020-09-17,2232.268310546875,2309.002357502752,2211.340638821482,2281.09916988751,184375724
2020-09-18,2246.219970703125,2281.0992372663995,2225.292485702219,2232.2683764834032,223172404
2020-09-21,2225.292724609375,2267.147699104732,2197.3893458315815,2232.26861613949,125587849
2020-09-22,2183.437744140625,2225.292718521476,2162.5100696075333,2169.485961118564,148046607
2020-09-23,2148.558349609375,2218.3166986553615,2127.6308636298445,2211.340807547966,132670981
2020-09-24,2113.679443359375,2148.558717526387,2099.7278460981825,2113.679443359375,180569548
2020-09-25,2204.365234375,2218.31683007366,2120.655098155038,2134.6066938536987,186363128
2020-09-28,2155.5341796875,2253.1959030553326,2148.5582887776122,2218.3166358485423,149014953
2020-09-29,2120.655029296875,2204.365162798749,2106.703434051226,2176.461784964791,200970281
2020-09-30,2120.655029296875,2148.558407130833,2092.751651462917,2134.606624542524,184622458
2020-10-01,2204.365234375,2211.340938552997,2134.6066938536987,2155.5343684156887,143036570
2020-10-02,2162.510009765625,2239.24425223554,2134.606631836323,2218.316765624229,172772944
2020-10-05,2204.365234375,2211.340938552997,2169.4859641143494,2204.365234375,101996951
2020-10-06,2225.292724609375,2260.171807574617,2218.31683307926,2246.2202118570535,132900775
2020-10-07,2176.4619140625,2211.340997916819,2148.5585345734416,2204.3652935515584,317619596
2020-10-08,2197.3896484375,2211.3412460763598,2169.4862658170887,2197.3896484375,136318754
2020-10-09,2197.3896484375,2211.3412460763598,2176.4621583078647,2197.3896484375,89241681
2020-10-12,2225.292724609375,2239.2443203269386,2197.3893458315815,2204.3652373616965,172174643
2020-10-13,2288.074951171875,2302.026732798067,2197.389119972219,2225.292495881955,224885904
2020-10-14,2343.8818359375,2357.8336183550437,2295.050972161413,2302.026863370185,213271353
2020-10-15,2309.002685546875,2357.833739167666,2309.002685546875,2343.881956035249,201627762
2020-10-16,2267.147705078125,2343.8819500835675,2239.244326226813,2329.930354329245,154490628
2020-10-19,2288.074951171875,2295.050841984971,2253.1958717916905,2274.123356888331,105821057
2020-10-20,2267.147705078125,2295.0510839294375,2239.244326226813,2288.0751923809426,147444676
2020-10-21,2260.171875,2309.0027424821933,2253.1961706044526,2288.0752546102067,128682202
2020-10-22,2302.02685546875,2302.02685546875,2232.2685056484424,2246.220100675441,176153302
2020-10-23,2295.051025390625,2336.9059989286843,2281.0994299921595,2336.9059989286843,128973377
2020-10-26,2329.93017578125,2343.8817704664293,2295.0509080543225,2302.0267990682387,111346673
2020-10-27,2343.8818359375,2371.7852134299296,2322.954349653842,2329.930240862614,201640192
2020-11-02,2357.833740234375,2364.8094444610715,2302.026982364796,2343.881957095646,172465378
2020-11-03,2357.833740234375,2371.7853360304357,2343.881957095646,2364.8094444610715,133604017
2020-11-04,2295.051025390625,2385.7368638373077,2295.051025390625,2385.7368638373077,152055736
2020-11-05,2434.56787109375,2434.56787109375,2343.882027344717,2350.857919123157,258276321
2020-11-06,2483.398681640625,2511.3020607688272,2420.616219109172,2448.5195982373743,295649686
2020-11-09,2574.084716796875,2574.084716796875,2497.350470846536,2567.1088251624797,283205831
2020-11-10,2790.33544921875,2797.31134029774,2629.8912658005584,2650.818751694874,622129055
2020-11-11,2874.045654296875,2922.876518424466,2755.4564396073906,2769.4080347827053,392814584
2020-11-12,2755.45654296875,2860.0939790653692,2734.5288684067596,2860.0939790653692,366633582
2020-11-13,2790.33544921875,2846.142203165362,2762.432072245444,2769.407963324434,261115910
2020-11-16,2762.43212890625,2839.1663703210897,2741.5046425826863,2825.2147752195997,212327977
2020-11-17,2762.43212890625,2804.287288896036,2741.5046425826863,2790.335506451888,198939646
2020-11-18,2818.23876953125,2825.2146604699897,2769.4079076453745,2776.383798584114,200926500
2020-11-19,2818.23876953125,2881.021413294605,2776.383798584114,2797.3112840576823,219674674
2020-11-20,2804.287353515625,2846.142327127223,2783.3596793671636,2818.2389489386032,137266310
2020-11-23,2846.142333984375,2860.0939294409663,2797.3114688723094,2797.3114688723094,135864336
2020-11-24,2929.8525390625,2950.780026420937,2846.142402286085,2874.045781211557,226784757
2020-11-25,3013.5625,3062.393366470312,2964.7316335296887,3013.5625,311676963
2020-11-26,2992.634765625,3013.5622513364965,2943.8039031839576,2943.8039031839576,150181303
2020-11-27,2978.68359375,3048.4419518046043,2978.68359375,3020.5385711142267,126437063
2020-11-30,2853.1181640625,2985.6589737507684,2783.359626250859,2964.7314873443397,493687757
2020-12-01,2957.755615234375,2971.707397824049,2839.166399935445,2881.0215603618076,251258199
2020-12-02,2999.610595703125,3027.5139718657874,2964.7313286641343,3013.5621901131317,149985830
2020-12-03,3069.369384765625,3069.369384765625,2999.611027977408,3034.4901127001785,218887830
2020-12-04,2999.610595703125,3069.368942438457,2978.68311041679,3069.368942438457,165420527
2020-12-07,3069.369384765625,3083.320981186198,3034.4901127001785,3034.4901127001785,154937236
2020-12-08,3069.369384765625,3069.369384765625,3027.51440816123,3069.369384765625,89400744
2020-12-10,3020.538330078125,3104.2484654692685,3020.538330078125,3104.2484654692685,212997338
2020-12-11,2985.6591796875,3069.3693184298054,2971.707583568452,3069.3693184298054,191894904
2020-12-14,2985.6591796875,3006.5868548800804,2978.683475299312,2999.61096314922,140126140
2020-12-15,2985.6591796875,2992.63507141836,2957.7558001067314,2985.6591796875,147085740
2020-12-16,3013.5625,3034.489987438324,2999.6109041553404,3027.514283187328,143051750
2020-12-17,3020.538330078125,3041.465817090245,3006.5867345176,3041.465817090245,155902502
2020-12-18,2985.6591796875,2999.61096314922,2978.683475299312,2978.683475299312,228155710
2020-12-21,2936.828125,3027.514149690881,2936.828125,3020.5382584048148,240869950
2020-12-22,2881.021728515625,2985.6591673321536,2874.045836813633,2957.7557878668554,188635658
2020-12-23,2901.948974609375,2915.9005695088226,2755.4563851232274,2894.9730834883235,187175822
2020-12-28,2964.731689453125,2971.7075811783748,2901.9492259538943,2964.731689453125,94730336
2020-12-29,2915.900390625,2985.6587355280335,2908.9244999319035,2964.731250791388,82725388
2020-12-30,2908.924560546875,2936.827936558056,2881.021371878342,2922.87634222379,99024700
2021-01-04,3006.5869140625,3013.5626185879996,2894.973393542397,2894.973393542397,106226854
2021-01-05,2978.68359375,2999.611082432113,2957.755917725207,2999.611082432113,106964857
2021-01-06,2929.8525390625,2999.610892704845,2901.9491601370282,2985.6591095707754,128299616
2021-01-07,2985.6591796875,2992.63507141836,2936.8283122568228,2971.707583568452,141798389
2021-01-08,3062.3935546875,3062.3935546875,2999.6110885138673,3020.5385772384116,205011531
2021-01-11,3243.76513671875,3250.7410280978143,3076.3450550198454,3083.320759056247,422093240
2021-01-12,3292.595947265625,3327.4750288991268,3257.7168656321232,3264.692756895887,260390447
2021-01-13,3341.4267578125,3376.305838886357,3313.523567890477,3327.4749755088324,231181533
2021-01-14,3327.47509765625,3369.3300714183843,3292.596015302026,3362.3545546958003,146980798
2021-01-15,3194.934326171875,3327.475140575769,3174.0066516782085,3327.475140575769,225189839
2021-01-18,3222.837890625,3243.765567541717,3167.031501551172,3194.934696088086,182568723
2021-01-19,3222.837890625,3278.644654384203,3215.8623730048025,3278.644654384203,152430182
2021-01-20,3411.185546875,3432.112847192593,3243.765270907554,3257.717054242843,277723446
2021-01-21,3341.4267578125,3453.0402668712177,3327.4749755088324,3432.1125934157158,177275431
2021-01-22,3292.595947265625,3390.2576755876853,3264.692756895887,3390.2576755876853,183332136
2021-01-25,3334.450927734375,3341.426819013979,3215.861900037063,3341.426819013979,165278734
2021-01-26,3243.76513671875,3341.4268666549992,3222.8374625815572,3334.450975275935,163850580
2021-01-27,3222.837890625,3292.5964389953474,3139.127932328883,3243.765567541717,198692361
2021-01-28,3118.2001953125,3243.7653101352407,3083.320923895144,3194.9344425565455,176270344
2021-01-29,2915.900390625,3215.8616296590667,2915.900390625,3187.9580668866806,308226863
2021-02-01,3069.369384765625,3097.272764949447,2762.4323900862596,2915.9008874259425,355113743
2021-02-02,3041.465576171875,3132.151408488608,2971.7072292095686,3132.151408488608,167527833
2021-02-03,3055.41748046875,3125.1758302278317,3041.4656981113394,3125.1758302278317,124241205
2021-02-04,3132.15185546875,3194.934507834207,3048.4419021050417,3104.2486625759648,162519997
2021-02-05,3118.2001953125,3167.0312502338675,3083.320923895144,3167.0312502338675,99005120
2021-02-08,3111.22412109375,3160.055173151279,3104.248417093527,3160.055173151279,120218986
2021-02-09,3222.837890625,3327.4755258378336,3139.127932328883,3139.127932328883,464366860
2021-02-10,3243.76513671875,3285.62011030781,3208.8860545087537,3229.8133539606215,202155881
2021-02-11,3264.693115234375,3285.6204166373664,3229.813655087123,3278.6445246079156,99681961
2021-02-15,3285.6201171875,3334.4509822578707,3278.6442257938293,3285.6201171875,93158189
2021-02-16,3257.717041015625,3306.5479078055296,3250.7411493763047,3306.5479078055296,71623667
2021-02-17,3229.8134765625,3299.572018315812,3222.837584918635,3285.620235028082,101529553
2021-02-18,3257.717041015625,3327.475208038152,3243.765257736984,3278.6443412482477,152089286
2021-02-19,3341.4267578125,3341.4267578125,3208.8859499835935,3208.8859499835935,109884637
2021-02-22,3341.4267578125,3397.233512341859,3320.4990843569985,3383.2817300381907,157619632
2021-02-23,3341.4267578125,3369.329947734523,3306.547676738643,3355.378540116168,107810772
2021-02-24,3299.572021484375,3362.3546716541114,3285.620238183247,3341.4269967024193,105582023
2021-02-25,3299.572021484375,3327.4752134012915,3257.7170462663303,3327.4752134012915,131635423
2021-02-26,3285.6201171875,3313.523682762184,3278.6442257938293,3299.571899974842,161796404
2021-03-01,3369.330078125,3369.330078125,3292.5960218559035,3348.4027785449402,127020403
2021-03-02,3348.403076171875,3404.209837821365,3348.403076171875,3397.2339457795088,75195758
2021-03-03,3383.2822265625,3383.2822265625,3306.548162001601,3348.4031403698523,85026738
2021-03-04,3320.49951171875,3383.2821654803247,3299.572210255132,3383.2821654803247,117897176
2021-03-05,3327.47509765625,3327.47509765625,3278.6442324862055,3306.547798117846,71188389
2021-03-08,3299.572021484375,3362.3546716541114,3299.5720214843745,3348.4028883529836,69917647
2021-03-09,3194.934326171875,3313.5237322653225,3180.9825431760974,3313.5237322653225,165527119
2021-03-10,3229.8134765625,3250.7411514940954,3201.910284672379,3243.7652598502304,77405916
2021-03-12,3194.934326171875,3271.6683832779895,3167.031134865651,3271.6683832779895,152360111
2021-03-15,3187.95849609375,3229.813471202137,3180.9826044614624,3194.9343877260376,95483079
2021-03-16,3292.595947265625,3327.4750288991268,3215.861892734857,3250.7409743683593,151028868
2021-03-17,3257.717041015625,3278.6443412482477,3208.886174225721,3264.6929326549457,116245827
2021-03-18,3320.49951171875,3327.4754037684093,3271.6686420564943,3285.620426155813,95635541
2021-03-19,3257.717041015625,3313.52379944485,3257.717041015625,3313.52379944485,166398004
2021-03-22,3229.8134765625,3278.644343384217,3222.837584918635,3278.644343384217,67100278
2021-03-23,3257.717041015625,3292.5961245268886,3243.765257736984,3292.5961245268886,115036356
2021-03-24,3257.717041015625,3299.572016166209,3243.765257736984,3299.572016166209,120514341
2021-03-25,3222.837890625,3278.644654384203,3194.934696088086,3278.644654384203,95145043
2021-03-26,3292.595947265625,3292.595947265625,3222.8374093133025,3229.813300577067,106978057
2021-03-29,3292.595947265625,3334.450920162891,3292.595947265625,3334.450920162891,106807554
2021-03-30,3139.127685546875,3278.644396634111,3125.1760893752203,3278.644396634111,214898061
2021-03-31,3069.369384765625,3125.1761451332686,2971.707647793586,3104.2486568310715,323139711
2021-04-01,2992.634765625,3048.4415190840923,2936.8280121659077,3034.489737047993,340183845
2021-04-05,2929.8525390625,3020.5383800632817,2901.9491601370282,3013.562488496247,345533898
2021-04-06,3000.511474609375,3021.943667908027,2964.7910245377625,2979.0790894499332,167319270
2021-04-07,3000.511474609375,3029.087604433717,2971.935152924243,3021.943667908027,116953800
2021-04-08,3107.672607421875,3114.8167361907017,3021.9438296391586,3036.231895316011,158572578
2021-04-09,3107.672607421875,3143.393059405207,3107.672607421875,3129.1049937283547,125277643
2021-04-12,3007.655517578125,3136.248873781834,3000.511580799606,3136.248873781834,115119078
2021-04-13,2971.93505859375,3043.375764608626,2943.3587378156426,3007.655315670796,120186645
2021-04-14,3107.672607421875,3107.672607421875,3014.7997008703323,3057.6640897616903,113531640
2021-04-15,3150.536865234375,3150.536865234375,3057.663776341807,3136.248609161312,86272180
2021-04-16,3100.52880859375,3186.2575901943383,3079.096613193603,3179.1136529681617,74495706
2021-04-19,3129.104736328125,3129.104736328125,3079.0962227816417,3114.8164799658243,62185614
2021-04-20,3079.09619140625,3093.3842557621733,3014.799422152638,3064.807935189544,98216076
2021-04-21,3021.94384765625,3064.808236803169,3021.94384765625,3029.087784606869,51954007
2021-04-22,3000.511474609375,3043.375861206678,3000.511474609375,3021.943667908027,118813822
2021-04-23,3036.23193359375,3057.6641283096246,2993.367544162001,3000.511673020894,120513461
2021-04-26,2957.64697265625,3036.2318113579063,2950.5030359457683,3029.0876827866296,157367288
2021-04-27,2979.078857421875,3000.5112409120375,2964.790793622542,3000.5112409120375,146082083
2021-04-28,2950.5029296875,3014.799508931051,2950.5029296875,2979.0790592218864,126586116
2021-04-29,2971.93505859375,3000.5113793718574,2957.6468022743043,2993.3672512121343,124711354
2021-04-30,2893.350341796875,2971.9351791595113,2893.350341796875,2964.791050709965,257497837
2021-05-03,2864.774169921875,2907.63855914289,2857.6300410981053,2900.4946221799223,124235705
2021-05-04,2900.49462890625,2907.638565885785,2864.7741765653664,2871.9183054057034,84287635
2021-05-05,2921.926513671875,2950.502834141665,2914.7823855892316,2936.214577976379,117321536
2021-05-06,2936.214599609375,2950.5028558799318,2907.638278929044,2950.5028558799318,86226199
2021-05-07,2893.350341796875,2957.6469222604183,2886.2062133473282,2957.6469222604183,83358229
2021-05-10,2893.350341796875,2921.9266637342694,2893.350341796875,2893.350341796875,81377755
2021-05-11,2850.48583984375,2886.2062911941434,2843.341903062309,2879.0621625519057,167031505
2021-05-17,2786.189208984375,2857.629918576632,2786.189208984375,2829.0535963675707,214824800
2021-05-18,2786.189208984375,2829.0535963675707,2779.0450804669113,2829.0535963675707,127276708
2021-05-19,2764.757080078125,2814.765597150612,2750.4688227083866,2750.4688227083866,135307947
2021-05-20,2771.901123046875,2807.621381645038,2729.0365441239696,2743.3248010518687,164832677
2021-05-21,2779.045166015625,2821.909746579136,2757.6129716642695,2800.4773603669805,121124632
2021-05-24,2886.206298828125,2900.4945561503937,2793.3333936765694,2836.19778192178,147190132
2021-05-25,2900.49462890625,2957.647084046541,2886.2063712255754,2907.638565885785,168676803
2021-05-27,2821.90966796875,2993.367409864068,2821.90966796875,2957.6469590330125,622692705
2021-05-28,2907.63818359375,2979.0788870217957,2871.917927810116,2886.205991751414,274099434
2021-05-31,3043.375732421875,3057.663796729426,2936.2145786025053,2950.5028347708385,326538660
2021-06-02,3043.375732421875,3129.104693849527,3021.9435400301577,3107.6723095970274,312257333
2021-06-03,3114.81640625,3114.81640625,3014.799381524055,3050.5198297236557,173444725
2021-06-04,3100.52880859375,3136.249070307059,3064.8083550196325,3129.1051330808823,138144236
2021-06-07,3036.23193359375,3107.672646600266,3007.655610018983,3100.5287096021766,152755788
2021-06-08,3000.511474609375,3057.663926118849,2993.3673462228944,3057.663926118849,108888570
2021-06-09,3014.79931640625,3050.5197638343107,2929.0703576953697,2929.0703576953697,107433795
2021-06-10,3071.952392578125,3086.2404584655756,3043.376068942421,3057.6641348298717,106984877
2021-06-11,3057.663818359375,3107.6723315807376,3057.663818359375,3107.6723315807376,57809408
2021-06-14,3107.672607421875,3107.672607421875,3057.6640897616903,3093.3845417450225,133363443
2021-06-15,3021.94384765625,3107.6726259500883,3007.6555900334088,3107.6726259500883,200713646
2021-06-16,2864.774169921875,2979.079271798182,2864.774169921875,2964.7912060114445,481002668
2021-06-17,2879.06201171875,2907.6383329298014,2807.621304621516,2843.3417541005265,336253477
2021-06-18,2793.3330078125,2900.4941554833495,2793.3330078125,2900.4941554833495,325605954
2021-06-21,2814.76513671875,2836.1973274067377,2757.6125003102716,2771.9007553427746,159544775
2021-06-22,2886.206298828125,2907.6384929507303,2800.4773304769064,2814.7655877991747,132832794
2021-06-23,2814.76513671875,2907.6380269869524,2814.76513671875,2893.3499638152166,178751767
2021-06-24,2850.48583984375,2864.7740971282265,2829.0536457778326,2857.6299684859882,55421157
2021-06-25,2850.48583984375,2886.2062911941434,2850.48583984375,2879.0621625519057,83150216
2021-06-28,2807.621337890625,2850.485724284733,2807.621337890625,2843.341787792908,155357663
2021-06-29,2786.189208984375,2793.333337501839,2757.6128867753137,2757.6128867753137,133952393
2021-06-30,2814.76513671875,2836.1973274067377,2779.0446909982593,2786.188818514511,124133954
2021-07-01,2814.76513671875,2836.1973274067377,2793.3329460307623,2814.76513671875,105240907
2021-07-02,2850.48583984375,2879.0621625519057,2836.197774420071,2857.6299684859882,93832940
2021-07-05,2786.189208984375,2829.0535963675707,2771.901143810241,2807.621402675973,93466744
2021-07-06,2779.045166015625,2821.909746579136,2779.045166015625,2821.909746579136,60849751
2021-07-07,2729.03662109375,2814.7655894966692,2721.8924924283074,2800.4773321657835,163599005
2021-07-08,2764.757080078125,2786.189274271934,2729.036628514578,2779.045145587065,162349164
2021-07-09,2714.748291015625,2764.7568030777707,2700.460035077424,2757.61267510867,140611578
2021-07-12,2686.172119140625,2729.0365055976126,2679.0279907775302,2714.7484407322136,131702194
2021-07-13,2700.460205078125,2714.7484619158076,2686.1721401012337,2714.7484619158076,175683484
2021-07-14,2650.451904296875,2714.748681546655,2643.3079671608602,2700.460423553012,115704508
2021-07-15,2721.892333984375,2743.3247187331035,2664.739883570125,2679.027948208491,139855425
2021-07-16,2743.32470703125,2757.612771608669,2721.892322373943,2750.4686433895668,108336691
2021-07-19,2700.460205078125,2750.4687202884315,2700.460205078125,2750.4687202884315,69326497
2021-07-21,2729.03662109375,2771.9012012256085,2721.8924924283074,2750.46881522928,111008747
2021-07-22,2786.189208984375,2793.333337501839,2743.32482160118,2764.7570152927774,93842180
2021-07-23,2764.757080078125,2821.9097258354814,2736.180757199447,2814.765597150612,95960267
2021-07-26,2736.180419921875,2786.188930830021,2729.036292117633,2786.188930830021,90198037
2021-07-27,2714.748291015625,2757.61267510867,2693.3160989691023,2757.61267510867,99741692
2021-07-28,2664.739990234375,2721.892442936324,2657.5958616988337,2714.748506261577,77777283
2021-07-29,2693.31640625,2743.324924017625,2679.0281486816493,2686.1722774658247,102817895
2021-07-30,2650.451904296875,2736.180876676313,2650.451904296875,2736.180876676313,113633172
2021-08-02,2671.884033203125,2693.3164196623816,2643.30790164572,2693.3164196623816,105807637
2021-08-03,2679.02783203125,2700.4600239897754,2657.5956400727246,2671.883704091482,87862477
2021-08-04,2750.468505859375,2750.468505859375,2693.316058546676,2707.6041224096566,91847406
2021-08-05,2893.350341796875,2921.9266637342694,2786.189182496844,2786.189182496844,294149590
2021-08-06,2807.621337890625,2900.494430892244,2786.1891446935715,2893.35030253963,152456913
2021-08-09,2750.468505859375,2821.9094007566073,2729.036314134516,2814.7652728947287,102404178
2021-08-10,2729.03662109375,2779.0451380302534,2721.8924924283074,2779.0451380302534,94349949
2021-08-12,2721.892333984375,2750.4686551218933,2714.7483975955856,2750.4686551218933,94464021
2021-08-13,2764.757080078125,2771.901208762994,2729.036628514578,2729.036628514578,104829940
2021-08-16,2807.621337890625,2807.621337890625,2743.3247582994636,2764.7569514965176,70083530
2021-08-18,2907.63818359375,2921.9264393958256,2807.621160422331,2850.4855441070026,247351372
2021-08-19,2771.901123046875,2871.9181540990003,2757.612866118976,2857.6298971711008,218214729
2021-08-20,2807.621337890625,2814.7654662432396,2736.1806299468494,2771.9010798491317,88330535
2021-08-23,2829.053466796875,2850.485659506878,2807.621274086872,2843.3417231774,68133856
2021-08-24,2779.045166015625,2829.053683455721,2736.180777312914,2821.909746579136,150882016
2021-08-25,2779.045166015625,2786.18929475301,2750.4688429268845,2750.4688429268845,86571495
2021-08-26,2764.757080078125,2786.189274271934,2743.324885884316,2779.045145587065,69144334
2021-08-27,2743.32470703125,2779.0449644051905,2736.180578812148,2779.0449644051905,79498923
2021-08-30,2814.76513671875,2814.76513671875,2743.3244371385354,2750.46837279402,128539860
2021-08-31,2807.621337890625,2821.909594595854,2764.7569514965176,2814.7654662432396,134879489
2021-09-01,2779.045166015625,2807.6214891043655,2771.90122913904,2807.6214891043655,97691477
2021-09-02,2764.757080078125,2779.045145587065,2743.324885884316,2757.612951393256,81242343
2021-09-03,2807.621337890625,2807.621337890625,2721.8923732416206,2750.4686947912887,165056860
2021-09-06,2750.468505859375,2843.3415924814663,2750.468505859375,2821.9094007566073,188929693
2021-09-07,2793.3330078125,2800.476943625991,2764.756688976222,2779.0447524639753,140380354
2021-09-08,2931.264404296875,3049.1436698852212,2923.4057865909854,3001.9919636498826,228087900
2021-09-09,2931.264404296875,2962.698875120434,2868.395462649757,2907.6885511792057,306319600
2021-09-10,2970.5576171875,2978.4162352223875,2884.1128188037364,2915.547290943287,177033000
2021-09-13,2907.6884765625,2946.981564083615,2876.2540065456083,2915.5470940667233,169825000
2021-09-14,2907.6884765625,2931.264329075169,2876.2540065456083,2923.405711570946,216363400
2021-09-15,2876.254150390625,2884.1127682878673,2844.8196788016567,2884.1127682878673,263544000
2021-09-16,2860.537109375,2876.2543462396975,2836.961254077953,2868.3957278073485,194782800
2021-09-17,2836.96142578125,2860.537282505194,2805.526950149325,2852.6786635972126,346529100
2021-09-20,2821.243896484375,2821.243896484375,2758.3749517159213,2821.243896484375,357971300
2021-09-21,2805.5263671875,2813.3849844625347,2750.516046262255,2758.37466353729,410533900
2021-09-22,2836.96142578125,2868.395901413175,2766.2338556094182,2766.2338556094182,416087300
2021-09-23,2962.698974609375,2962.698974609375,2821.2438511532246,2829.1024691230105,432390800
2021-09-24,3001.9921875,3033.426660667539,2962.699096040576,2978.4163326243456,634549600
2021-09-27,2946.9814453125,2986.27453125,2931.2642109375,2962.6986796875,380151200
2021-09-28,2923.406005859375,2962.6990973359793,2899.8301509734124,2962.6990973359793,306827400
2021-09-29,2939.123046875,2946.9816646473932,2899.8299580130347,2923.405811330214,143081800
2021-09-30,3025.56787109375,3041.285106787743,2946.9816926237822,2954.840310470779,416099000
2021-10-01,3064.861083984375,3080.5783203124997,3009.8507568359373,3025.5679931640625,359864700
2021-10-04,3119.871337890625,3151.305809808918,3057.002394054038,3064.861012033611,335762600
2021-10-05,3088.43701171875,3127.730103470897,3072.719775017891,3104.154248419609,236562700
2021-10-06,3237.750732421875,3261.326587269607,3080.5783667703276,3080.5783667703276,446708800
2021-10-07,3237.750732421875,3277.043823834762,3198.457641008988,3261.326587269607,264905400
2021-10-08,3269.184814453125,3332.0537531926084,3245.608962425819,3292.760666480431,196631600
2021-10-11,3284.902587890625,3300.6198251532596,3245.6094947340384,3269.1853506279904,146720100
2021-10-12,3316.336669921875,3332.0539053243483,3284.9021991169284,3284.9021991169284,241196000
2021-10-13,3363.488525390625,3379.205761490581,3316.3368170907565,3324.1954351407344,264629400
2021-10-14,3339.912353515625,3418.4985265395217,3324.1951189108454,3363.4882054227937,196989500
2021-10-15,3394.923095703125,3402.7817139802155,3316.336912932219,3339.9127677634906,318189600
2021-10-18,3465.650634765625,3465.650634765625,3410.6403072296625,3418.4989254490856,286829000
2021-10-19,3457.792236328125,3497.085329922763,3426.3577614524147,3497.085329922763,161256300
2021-10-21,3426.357421875,3504.9436012758024,3394.9229501146788,3497.0849833357224,319230200
2021-10-22,3457.792236328125,3457.792236328125,3394.9232865767044,3410.6405240145596,160459300
2021-10-25,3379.205810546875,3434.216137695312,3379.205810546875,3402.7816650390623,128240100
2021-10-26,3418.498779296875,3434.2160150637574,3355.6298362293464,3363.4884541127876,108782400
2021-10-27,3371.34716796875,3410.640258504516,3347.7713136472903,3402.781640397363,258038300
2021-10-28,3332.05419921875,3379.2059095850527,3300.6197256412142,3308.478344035598,159645200
2021-10-29,3339.912353515625,3379.2054400275733,3316.336501608456,3379.2054400275733,155011100
2021-11-01,3324.19580078125,3402.781989925015,3316.3371818668734,3402.781989925015,102079300
2021-11-02,3308.478271484375,3355.629980816694,3308.478271484375,3355.629980816694,124799700
2021-11-03,3371.34716796875,3379.2057860759032,3308.478223111524,3339.912695540137,100486300
2021-11-04,3339.912353515625,3410.639909237132,3339.912353515625,3402.7812919347425,119591100
2021-11-05,3332.05419921875,3355.6300544019014,3308.478344035598,3355.6300544019014,74347000
2021-11-08,3324.19580078125,3347.7716575243794,3316.3371818668734,3339.913038610003,79465600
2021-11-09,3339.912353515625,3339.912353515625,3316.336501608456,3324.1951189108454,92453200
2021-11-10,3339.912353515625,3347.7709708180146,3308.477884306066,3324.1951189108454,69475400
2021-11-11,3339.912353515625,3379.2054400275733,3324.1951189108454,3371.3468227251838,149637700
2021-11-12,3316.336669921875,3371.346993830532,3308.4780522206383,3355.6297584280583,80234400
2021-11-15,3269.184814453125,3316.3365185077373,3253.4675797682544,3316.3365185077373,220142300
2021-11-16,3245.609130859375,3277.043601860434,3237.75051310911,3237.75051310911,163555000
2021-11-17,3300.619384765625,3300.619384765625,3269.1849144345238,3277.043532017299,126523700
2021-11-18,3284.902587890625,3292.7612065219423,3253.4681133653557,3261.326731996673,114881200
2021-11-19,3363.488525390625,3371.347143440603,3316.3368170907565,3316.3368170907565,182167700
2021-11-22,3363.488525390625,3387.064379540559,3339.9126712406905,3387.064379540559,151514000
2021-11-23,3308.478271484375,3363.488599038747,3300.619653262322,3363.488599038747,104294200
2021-11-24,3308.478271484375,3324.195507928481,3292.761035040269,3300.619653262322,111072800
2021-11-25,3316.336669921875,3339.912523025585,3284.9021991169284,3284.9021991169284,123609400
2021-11-26,3269.184814453125,3316.3365185077373,3261.3261971106895,3292.760666480431,148652500
2021-11-29,3277.0439453125,3292.761182460282,3206.3163781474823,3261.326708164718,164312800
2021-11-30,3214.1748046875,3316.3368400443155,3214.1748046875,3261.326513313723,316653200
2021-12-01,3206.316162109375,3284.9023425532323,3198.4575440649896,3214.174780153761,163457900
2021-12-02,3300.619384765625,3316.336619931176,3190.598738606771,3190.598738606771,139281800
2021-12-03,3277.0439453125,3316.3370381819545,3277.0439453125,3308.4784196080636,93227100
2021-12-06,3229.89208984375,3316.3368903018554,3229.89208984375,3300.619653854927,106610000
2021-12-07,3324.19580078125,3324.19580078125,3269.1854683806146,3292.761325123744,182048000
2021-12-08,3308.478271484375,3339.912744372588,3277.0437985961626,3339.912744372588,143230200
2021-12-09,3292.760986328125,3316.33684064551,3269.18513201074,3316.33684064551,90471500
2021-12-10,3245.609130859375,3269.1849841101694,3245.609130859375,3245.609130859375,122999200
2021-12-13,3269.184814453125,3300.6192838228667,3269.184814453125,3277.0434317955605,86848900
2021-12-14,3245.609130859375,3269.1849841101694,3245.609130859375,3261.3263663599046,100110000
2021-12-15,3300.619384765625,3324.1952375139513,3253.4676792689734,3261.326296851749,124522800
2021-12-16,3253.468017578125,3316.336964777702,3237.7507807782304,3316.336964777702,136646600
2021-12-17,3229.89208984375,3253.4679445141423,3214.174853396822,3214.174853396822,153165400
2021-12-20,3237.750732421875,3245.6093507044525,3190.599022726411,3198.457641008988,89198900
2021-12-21,3206.316162109375,3237.750634286918,3206.316162109375,3222.0333981981466,109561800
2021-12-22,3182.740478515625,3229.8921893084494,3182.740478515625,3222.0335708429784,104738000
2021-12-23,3222.033203125,3229.8918206935978,3190.59873285061,3214.1745855564027,72736800
2021-12-24,3198.457275390625,3237.750362311886,3182.740040622121,3222.0331275433814,59795000
2021-12-27,3190.598876953125,3229.8919665707745,3190.598876953125,3198.457494876655,65491200
2021-12-28,3214.1748046875,3229.8920408962413,3198.457568478759,3214.1748046875,52952500
2021-12-29,3206.316162109375,3222.0333981981466,3198.4575440649896,3214.174780153761,27676500
2021-12-30,3229.89208984375,3253.4679445141423,3190.5989987264297,3206.3162351733577,146989400
2022-01-03,3284.902587890625,3292.7612065219423,3214.175020208769,3237.750876102721,90842500
2022-01-04,3269.184814453125,3308.477901165302,3269.184814453125,3300.6192838228667,93950000
2022-01-05,3308.478271484375,3324.195507928481,3245.60932570795,3284.9024168182154,174376400
2022-01-06,3269.184814453125,3332.0537531926084,3253.4675797682544,3332.0537531926084,137280000
2022-01-07,3292.760986328125,3300.61960443392,3261.326513904945,3277.0437501165347,101275000
2022-01-10,3284.902587890625,3308.478443784577,3284.902587890625,3292.7612065219423,70722600
2022-01-11,3261.326416015625,3284.9022696253764,3245.6091802757905,3284.9022696253764,99404900
2022-01-12,3269.184814453125,3284.9020491379956,3245.608962425819,3277.0434317955605,65907000
2022-01-13,3292.760986328125,3292.760986328125,3277.0437501165347,3284.90236822233,103522400
2022-01-14,3284.902587890625,3308.478443784577,3269.1853506279904,3292.7612065219423,110213800
2022-01-17,3308.478271484375,3308.478271484375,3284.9024168182154,3300.619653262322,102957100
2022-01-18,3292.760986328125,3332.0540768571004,3253.4678957991496,3332.0540768571004,120275000
2022-01-19,3245.609130859375,3308.4780728614937,3245.609130859375,3308.4780728614937,109954700
2022-01-20,3245.609130859375,3269.1849841101694,3229.8918953588454,3245.609130859375,86394600
2022-01-21,3277.0439453125,3277.0439453125,3229.892233869155,3245.6094710169364,84972500
2022-01-24,3237.750732421875,3269.1852055521845,3222.03349585672,3253.4679689870295,76709900
2022-01-25,3198.457275390625,3229.8917449276337,3143.44695370086,3222.0331275433814,185007800
2022-01-26,3214.1748046875,3222.0334227918706,3167.0230960612776,3167.0230960612776,97589500
2022-01-27,3253.468017578125,3253.468017578125,3190.5990703785474,3198.4576887784947,80682900
2022-01-28,3253.468017578125,3277.0438727779665,3214.174925578389,3277.0438727779665,84812100
2022-01-31,3198.457275390625,3277.0434492331465,3198.457275390625,3277.0434492331465,78498500
2022-02-02,3198.457275390625,3237.750362311886,3190.5986580063727,3237.750362311886,81546300
2022-02-03,3245.609130859375,3284.902219610699,3245.609130859375,3284.902219610699,157898800
2022-02-04,3308.478271484375,3308.478271484375,3261.3265621520563,3277.0437985961626,236602900
2022-02-07,3457.792236328125,3465.6508550470526,3316.337099387429,3332.0543368252843,468016600
2022-02-08,3489.2265625,3575.671364724099,3457.7920889639636,3497.085180884009,310878100
2022-02-09,3497.0849609375,3536.3780503862363,3442.07463570927,3457.791871488764,149000100
2022-02-10,3512.802001953125,3536.3778543152266,3497.0847670450576,3536.3778543152266,112521600
2022-02-11,3497.0849609375,3497.0849609375,3442.07463570927,3473.5091072682585,103418200
2022-02-14,3465.650634765625,3497.0851076433178,3442.0747801073553,3497.0851076433178,105260000
2022-02-15,3481.36767578125,3497.0849113378245,3449.933204668101,3489.226293559537,96658500
2022-02-16,3473.509033203125,3512.8021218140198,3465.650415480946,3512.8021218140198,89636300
2022-02-17,3457.792236328125,3465.6508550470526,3410.6405240145596,3449.9336176091974,118305100
2022-02-18,3481.36767578125,3489.226293559537,3434.215969111526,3457.7918224463883,127058000
2022-02-21,3528.519287109375,3528.519287109375,3489.2261992796493,3504.94343441154,133717300
2022-02-22,3481.36767578125,3512.802146894399,3473.509058002963,3489.226293559537,109060900
2022-02-23,3520.66064453125,3552.0951145717077,3504.9434095110214,3552.0951145717077,160827800
2022-02-24,3449.933349609375,3512.802294476972,3434.2161133924756,3512.802294476972,217523600
2022-02-25,3575.671142578125,3575.671142578125,3465.6504920372595,3497.084963620364,301346400
2022-03-01,3638.540283203125,3819.288504614943,3638.540283203125,3811.4298862926903,494657800
2022-03-02,3583.529541015625,3685.691567404228,3575.670923601117,3677.83294998972,186635200
2022-03-04,3669.974365234375,3717.1260701410265,3622.8226603277235,3709.2674526565847,292022600
2022-03-07,3552.094970703125,3638.539759813157,3552.094970703125,3599.2466738540516,224515800
2022-03-08,3481.36767578125,3583.529706898984,3481.36767578125,3536.3780002292606,214870200
2022-03-09,3591.38818359375,3607.1054185328912,3536.377861306756,3559.953713715468,191967100
2022-03-10,3591.38818359375,3646.398505880744,3544.2364787763267,3646.398505880744,225575800
2022-03-11,3594.8623046875,3627.54287109375,3570.351879882812,3594.8623046874995,275965300
2022-03-14,3692.903564453125,3709.2438457117673,3603.0320175305933,3627.5424394185566,212052100
2022-03-15,3766.4345703125,3790.9449905097613,3701.0734497864696,3717.413729917977,357755700
2022-03-16,3799.115478515625,3807.285619329637,3766.4349152595764,3799.115478515625,226817000
2022-03-17,3799.115478515625,3839.9661825856856,3766.4349152595764,3831.7960417716736,224068000
2022-03-18,3741.9248046875,3839.9665026269104,3741.9248046875,3839.9665026269104,257863400
2022-03-21,3750.0947265625,3782.775290628404,3725.584303513072,3758.264867578976,118791900
2022-03-22,3790.945556640625,3848.136545641669,3790.945556640625,3831.796263069942,177758500
2022-03-23,3799.115478515625,3831.7960417716736,3774.605056073589,3823.625900957661,146545100
2022-03-24,3864.476318359375,3864.476318359375,3774.604776071948,3790.945056487844,206271600
2022-03-25,3848.13671875,3888.987427016985,3799.1158688296177,3888.987427016985,137104800
2022-03-28,3864.476318359375,3872.646458567323,3815.4554771116877,3864.476318359375,106801800
2022-03-29,3831.7958984375,3880.816741487873,3815.455617420709,3880.816741487873,93155100
2022-03-30,3848.13671875,3872.647143710191,3831.7964354432056,3872.647143710191,83364400
2022-03-31,3807.285400390625,3880.816663488298,3807.2854003906255,3839.9659617673688,158650000
2022-04-01,3864.476318359375,3864.476318359375,3782.774916279896,3831.795757527583,145105000
2022-04-04,3839.96630859375,3864.476731840093,3807.2857442652926,3864.476731840093,103902000
2022-04-05,3839.96630859375,3872.6468729222074,3815.455885347407,3864.476731840093,76154300
2022-04-06,3758.2646484375,3831.7959132982337,3758.2646484375,3831.7959132982337,111009800
2022-04-07,3782.775390625,3815.4559555548053,3774.6052493925486,3815.4559555548053,91942500
2022-04-08,3766.4345703125,3799.115130575515,3758.264430246746,3782.7748504440074,125657900
2022-04-11,3733.754150390625,3774.604852254855,3733.754150390625,3758.264571509163,109861100
2022-04-12,3766.4345703125,3766.4345703125,3717.413729917977,3717.413729917977,96961200
2022-04-13,3766.4345703125,3790.9449905097613,3750.094290180992,3790.9449905097613,112327600
2022-04-14,3709.243896484375,3766.43488167246,3701.07375574322,3758.264740931305,150659600
2022-04-18,3717.4140625,3741.92448489011,3709.2439217032966,3717.4140625,82795100
2022-04-19,3733.754150390625,3758.264571509163,3709.243729272087,3717.413869644933,148475600
2022-04-20,3962.517822265625,3978.858101945071,3758.264326272552,3766.4344661122745,404383100
2022-04-21,3921.66796875,3962.518676757812,3888.9874023437496,3962.518676757812,208253300
2022-04-22,3880.817138671875,3962.5185521175986,3856.3067146381577,3880.817138671875,174349500
2022-04-25,3954.348388671875,3962.518529970784,3815.455986590425,3839.9664104871513,235752400
2022-04-26,4036.049560546875,4068.7301237901697,3946.178011627815,3954.348152438639,262734300
2022-04-27,3962.517822265625,4027.8789409834085,3962.517822265625,4003.36852146424,191955100
2022-04-28,3978.858642578125,4027.8794882772395,3970.6885016282727,3978.858642578125,193821200
2022-05-09,3701.073486328125,3888.9867096957782,3701.073486328125,3880.8165695493585,561600400
2022-05-10,3701.073486328125,3701.073486328125,3480.4797023747933,3480.4797023747933,435782800
2022-05-11,3668.39306640625,3741.924330543569,3660.2229259465475,3717.4139091644624,205233800
2022-05-12,3529.501220703125,3668.393629851165,3513.160937273944,3668.393629851165,207373600
2022-05-13,3472.3095703125,3562.181112132353,3472.3095703125,3472.3095703125,336711300
2022-05-17,3635.712646484375,3692.9036319346906,3488.6501124692763,3488.6501124692763,272650400
2022-05-18,3635.712646484375,3701.0737727133073,3619.3723649271415,3676.5633503774575,129716500
2022-05-19,3627.542724609375,3643.8830071526604,3513.1607468063767,3554.0114531645904,132614900
2022-05-20,3619.372314453125,3668.3931584412035,3603.0320331237654,3627.542455117805,122101000
2022-05-23,3537.6708984375,3627.5424455109696,3529.500757794457,3603.0320235818417,175709000
2022-05-24,3643.883056640625,3676.5636221710342,3529.501077284193,3529.501077284193,165758600
2022-05-25,3554.011474609375,3635.712887818786,3554.011474609375,3619.372605176904,138961700
2022-05-27,3709.243896484375,3709.243896484375,3627.542489072825,3676.563333519755,209962100
2022-05-30,3619.372314453125,3709.243861764602,3586.691751794406,3709.243861764602,193724500
2022-05-31,3782.775390625,3782.7753906249995,3635.7128484408745,3652.0531309057774,379626500
2022-06-02,3660.222900390625,3758.264585222517,3660.222900390625,3709.243742806571,225697500
2022-06-03,3692.903564453125,3733.7542675997306,3684.733423823804,3701.073705082446,117643300
2022-06-06,3619.372314453125,3684.733439770563,3594.8618924590855,3652.052877111844,157277700
2022-06-07,3594.8623046875,3643.8831542968746,3594.8623046874995,3643.8831542968746,133318000
2022-06-08,3652.052978515625,3652.052978515625,3578.5217104918206,3594.861992274888,150604000
2022-06-09,3668.39306640625,3692.903487785356,3660.2229259465475,3676.563206865952,161768800
2022-06-10,3594.8623046875,3652.053295898437,3562.1817382812496,3652.053295898437,222410400
2022-06-13,3545.84130859375,3554.011449857791,3480.480178481423,3480.480178481423,164017200
2022-06-14,3562.181396484375,3603.0321005724986,3513.160551578627,3513.160551578627,150381800
2022-06-15,3635.712646484375,3635.7126464843745,3562.1813794768254,3562.1813794768254,160729900
2022-06-16,3619.372314453125,3701.0737210999223,3603.0320331237654,3611.202173788445,240023000
2022-06-17,3570.3515625,3594.861985125858,3554.011280749428,3570.3515625,185763100
2022-06-20,3594.8623046875,3603.032446289062,3545.841455078125,3594.8623046874995,95058800
2022-06-21,3578.521728515625,3619.3724331790454,3578.521728515625,3619.3724331790454,103964600
2022-06-22,3529.501220703125,3603.0324961344404,3521.3310789885345,3603.0324961344404,106208500
2022-06-23,3521.33056640625,3562.181269032773,3513.1604258809457,3513.1604258809457,127600700
2022-06-24,3545.84130859375,3554.011449857791,3521.3308848016272,3529.501026065668,66083900
2022-06-27,3496.8203125,3537.6710170852803,3488.650171582944,3521.3307352511683,152306100
2022-06-28,3513.16064453125,3537.6710676326306,3496.8203624636626,3529.500926598837,178535800
2022-06-29,3415.119140625,3521.3309799267345,3415.119140625,3496.820555472488,228536100
2022-06-30,3390.608642578125,3447.7996317300453,3366.0982186558736,3366.0982186558736,239939100
2022-07-01,3382.4384765625,3431.459324048913,3357.9280528192935,3390.6086178102355,154659500
2022-07-04,3300.737060546875,3366.0981904586943,3235.3759306350557,3341.587766741762,246853600
2022-07-05,3341.587890625,3398.778881418093,3300.737182915648,3300.737182915648,180648400
2022-07-06,3333.41748046875,3349.757762235754,3284.396635167739,3308.9070578182445,125309100
2022-07-07,3308.9072265625,3357.928074363426,3300.7370852623458,3300.7370852623458,172127500
2022-07-08,3431.459228515625,3431.459228515625,3308.9071132114955,3341.5876772925967,112914000
2022-07-11,3366.09814453125,3406.948850168765,3349.757862276244,3390.608567913759,80867700
2022-07-12,3357.927978515625,3382.438401716469,3349.757837448677,3366.098119582573,56085200
2022-07-13,3317.0771484375,3374.2681337553877,3292.566726158405,3357.9278522359914,165745200
2022-07-14,3325.247314453125,3341.587596096629,3276.226469522612,3276.226469522612,188729700
2022-07-15,3357.927978515625,3366.098119582573,3308.9071321139368,3317.0772731808847,91362800
2022-07-18,3382.4384765625,3382.4384765625,3333.417629076087,3357.9280528192935,135284500
2022-07-19,3357.927978515625,3390.608542783417,3357.927978515625,3390.608542783417,122905900
2022-07-20,3513.16064453125,3513.16064453125,3398.778670058139,3415.1189521257265,220223600
2022-07-21,3521.33056640625,3521.33056640625,3455.9694422038137,3513.1604258809457,130405400
2022-07-22,3488.650146484375,3537.6709916340383,3488.650146484375,3537.6709916340383,86561100
2022-07-25,3472.3095703125,3513.160271139706,3472.3095703125,3472.3095703125,60952800
2022-07-26,3537.6708984375,3554.0111797235854,3480.479913936201,3488.6500545792437,97709800
2022-07-27,3529.501220703125,3578.5220709906685,3513.160937273944,3578.5220709906685,88570800
2022-07-28,3562.181396484375,3594.861959754874,3545.841114849126,3545.841114849126,136421400
2022-07-29,3562.181396484375,3619.372382207748,3545.841114849126,3586.691818937249,228669400
2022-08-01,3562.181396484375,3603.0321005724986,3537.670974031501,3586.691818937249,200791700
2022-08-02,3594.8623046875,3594.8623046874995,3513.1608886718745,3562.1817382812496,173931000
2022-08-03,3578.521728515625,3611.2022922463616,3554.011305717573,3603.0321513136773,103412300
2022-08-04,3562.181396484375,3586.691818937249,3554.0112556667505,3578.5216781196245,120175700
2022-08-05,3562.181396484375,3594.861959754874,3529.5008332138764,3562.181396484375,168879400
2022-08-08,3570.3515625,3594.861985125858,3545.841139874142,3562.181421624714,107242600
2022-08-09,3603.032470703125,3652.053320644664,3586.6921873892784,3594.8623290462015,181747100
2022-08-10,3521.33056640625,3570.351409558077,3513.1604258809457,3554.011128507468,205341100
2022-08-11,3554.011474609375,3603.0323225350216,3545.841333288434,3578.5218985721986,193329000
2022-08-12,3529.501220703125,3554.011645846897,3529.501220703125,3545.8415041323065,103916700
2022-08-15,3513.16064453125,3554.011349700218,3513.16064453125,3537.6710676326306,135099400
2022-08-16,3496.8203125,3554.0112989193926,3488.650171582944,3554.0112989193926,205432400
2022-08-18,3537.6708984375,3545.8410390805425,3521.3306171514146,3537.6708984375,138795300
2022-08-19,3513.16064453125,3545.8412086664243,3513.16064453125,3545.8412086664243,84552100
2022-08-22,3488.650146484375,3537.6709916340383,3488.650146484375,3529.500850775761,121124400
2022-08-23,3513.16064453125,3521.3307855650432,3480.480080396075,3480.480080396075,107799500
2022-08-24,3504.990478515625,3537.6710424178686,3496.8203375400644,3513.160619491186,75055900
2022-08-25,3488.650146484375,3513.160569059207,3488.650146484375,3496.820287342652,117653800
2022-08-26,3488.650146484375,3504.9904282009297,3488.650146484375,3496.820287342652,87375200
2022-08-29,3472.3095703125,3488.6498506433823,3447.7991498161764,3472.3095703125,88409800
2022-08-30,3480.480224609375,3513.160790098665,3472.310083237053,3472.310083237053,157219500
2022-08-31,3545.84130859375,3554.011449857791,3464.1398959533412,3472.310037217382,191475700
2022-09-01,3586.69189453125,3586.69189453125,3521.330766612685,3529.5009076025053,139929300
2022-09-02,3635.712646484375,3635.7126464843745,3578.521661034059,3603.0320833699084,220616600
2022-09-05,3750.0947265625,3758.264867578976,3611.2023292824074,3619.3724702988834,261126600
2022-09-06,3725.583740234375,3831.7955573901795,3717.4136004531592,3815.4552778277484,188042700
2022-09-07,3643.883056640625,3717.4143290840457,3643.883056640625,3684.7337635536364,231936700
2022-09-08,3758.2646484375,3774.604929517663,3660.222961956522,3660.222961956522,250373200
2022-09-09,3766.4345703125,3790.9449905097613,3733.754010049485,3790.9449905097613,119286700
2022-09-12,3725.583740234375,3782.7747187028854,3725.583740234375,3766.434439140454,97988000
2022-09-13,3741.9248046875,3790.945653657205,3725.584521697598,3725.584521697598,141828800
2022-09-14,3741.9248046875,3766.4352291723526,3684.7338142228436,3692.903955717795,149960600
2022-09-15,3766.4345703125,3839.9658309042843,3750.094290180992,3758.264430246746,295664100
2022-09-16,3676.563232421875,3774.6049186197915,3676.563232421875,3766.4347781032984,282492200
2022-09-19,3733.754150390625,3758.264571509163,3676.5631677807028,3692.903448526395,134432000
2022-09-20,3668.39306640625,3758.264611462973,3668.39306640625,3733.754190083867,138695500
2022-09-21,3717.4140625,3717.4140625,3652.052936126374,3668.3932177197803,159976900
2022-09-22,3725.583740234375,3741.9240197968065,3676.562901547081,3676.562901547081,100425300
2022-09-23,3660.222900390625,3725.584023611886,3660.222900390625,3709.243742806571,139074000
2022-09-26,3709.243896484375,3709.243896484375,3603.0320668493596,3660.223052037445,280747500
2022-09-27,3701.073486328125,3717.4137666209645,3660.2227855960264,3676.563065888866,213704600
2022-09-28,3692.903564453125,3725.584126970409,3660.223001935841,3684.733423823804,161815300
2022-09-29,3660.222900390625,3709.243742806571,3643.88261958531,3692.903462001256,169368600
2022-09-30,3668.39306640625,3684.733347325654,3603.031942728633,3635.7125045674416,224229200
2022-10-03,3701.073486328125,3717.4137666209645,3660.2227855960264,3676.563065888866,159559600
2022-10-04,3790.945556640625,3799.1156979264883,3725.584426353718,3725.584426353718,256367100
2022-10-05,3709.243896484375,3807.2855853782353,3709.243896484375,3807.2855853782353,182246200
2022-10-06,3684.7333984375,3733.754241875693,3684.7333984375,3709.2438201565965,123346200
2022-10-07,3627.542724609375,3668.3934309675888,3619.3725833377325,3660.2232896959463,133678600
2022-10-10,3570.3515625,3619.3724077517163,3545.841139874142,3611.2022668764303,193923600
2022-10-11,3619.372314453125,3619.372314453125,3570.3514704650465,3586.691751794406,133742200
2022-10-12,3594.8623046875,3652.053295898437,3594.8623046874995,3652.053295898437,128741800
2022-10-13,3554.011474609375,3611.202463855963,3554.011474609375,3586.6920398931393,104269900
2022-10-14,3488.650146484375,3586.691836783702,3488.650146484375,3578.5216959254244,180841100
2022-10-17,3513.16064453125,3529.500926598837,3480.480080396075,3488.650221429869,145506000
2022-10-18,3504.990478515625,3545.8411833934297,3496.8203375400644,3496.8203375400644,161444100
2022-10-19,3513.16064453125,3545.8412086664243,3496.8203624636626,3496.8203624636626,81682300
2022-10-20,3586.69189453125,3594.8620355210705,3496.820343643223,3496.820343643223,149521700
2022-10-21,3619.372314453125,3643.882736447164,3562.1813298003667,3562.1813298003667,165052200
2022-10-24,3676.563232421875,3709.243794487847,3619.3722488064236,3619.3722488064236,186997700
2022-10-25,3750.0947265625,3766.435008595452,3717.414162496596,3725.584303513072,233948800
2022-10-26,3701.073486328125,3766.434607499483,3676.563065888866,3758.264467353063,178298500
2022-10-27,3758.2646484375,3758.2646484375,3701.0736646569294,3717.4139457370925,131385300
2022-10-28,3782.775390625,3782.7753906249995,3725.58440199784,3758.2649669276457,227256400
2022-10-31,3799.115478515625,3823.625900957661,3782.775196887601,3782.775196887601,275184000
2022-11-01,3807.285400390625,3839.9659617673688,3782.7749793580674,3831.795821423183,230590200
2022-11-02,3766.4345703125,3823.6255507727765,3733.754010049485,3823.6255507727765,163816900
2022-11-03,3799.115478515625,3807.285619329637,3750.0946336315524,3782.775196887601,174423000
2022-11-04,3799.115478515625,3807.285619329637,3766.4349152595764,3799.115478515625,85292300
2022-11-07,3831.7958984375,3831.7958984375,3766.434774370336,3799.115336403918,112070500
2022-11-08,3774.60498046875,3831.7959650213065,3766.4348398183847,3831.7959650213065,80916300
2022-11-09,3799.115478515625,3799.115478515625,3758.2647744455644,3758.2647744455644,126493900
2022-11-10,3701.073486328125,3741.9241870602236,3692.9033461817053,3725.583906767384,196277400
2022-11-11,3799.115478515625,3799.115478515625,3750.0946336315524,3774.605056073589,153238500
2022-11-14,3741.9248046875,3790.945653657205,3717.4143802026474,3774.6053706673033,140187600
2022-11-15,3741.9248046875,3766.4352291723526,3725.584521697598,3741.9248046875,87986300
2022-11-16,3692.903564453125,3766.434830117015,3668.3931425651617,3750.0945488583725,245789200
2022-11-17,3815.455810546875,3815.455810546875,3676.5634148738623,3692.9036967177462,214514600
2022-11-18,3766.4345703125,3823.6255507727765,3766.4345703125,3815.4554107070226,105313200
2022-11-21,3750.0947265625,3782.775290628404,3725.584303513072,3774.605149611928,82279300
2022-11-22,3750.0947265625,3815.455854694308,3733.754444529548,3733.754444529548,154866000
2022-11-23,3815.455810546875,3815.455810546875,3782.7752468591075,3790.9453877810492,147280600
2022-11-24,3856.30615234375,3872.646432650291,3815.4554515773966,3839.9658720372086,156735700
2022-11-25,3880.817138671875,3880.817138671875,3831.7962906044404,3839.966431949013,177861100
2022-11-28,3938.008544921875,3946.1786871312565,3864.4772650374416,3864.4772650374416,214611600
2022-11-29,3962.517822265625,3970.687962105348,3913.4969832272877,3938.0074027464566,184916300
2022-11-30,4068.72998046875,4068.72998046875,3921.667451054217,3929.8375915772467,560639800
2022-12-01,4036.049560546875,4105.495757438876,4003.3689973035807,4085.070405411817,267382600
2022-12-02,3995.19873046875,4027.8792926811734,3970.6883088094323,4003.3688710218557,199981400
2022-12-05,3995.19873046875,4027.8792926811734,3970.6883088094323,4011.5390115749615,88463000
2022-12-06,3970.6884765625,3995.19889925733,3921.6676311728393,3970.6884765625,151325300
2022-12-07,3888.98681640625,3954.347939371061,3872.646535665047,3954.347939371061,253330100
2022-12-08,3954.348388671875,3954.348388671875,3848.1365517860604,3888.9872582806042,154313900
2022-12-09,3921.66796875,3954.34853515625,3888.9874023437496,3946.1783935546873,203573100
2022-12-12,3962.517822265625,3962.517822265625,3888.986563708119,3921.6671230670104,139582400
2022-12-13,4060.559814453125,4068.7299549248614,3954.347988320548,3978.8584097357584,194233200
2022-12-14,4068.72998046875,4085.0702615148093,3978.858434715424,4085.0702615148093,201275800
2022-12-15,4011.539306640625,4036.0497301027876,3987.0288831784624,4003.3691654865706,170702300
2022-12-16,4068.72998046875,4068.72998046875,3938.0077321002764,3938.0077321002764,594601900
2022-12-19,4060.559814453125,4068.7299549248614,4019.7091120944415,4060.559814453125,82959800
2022-12-20,4011.539306640625,4060.5601535649503,3995.1990243325163,4027.8795889487333,78671600
2022-12-21,3995.19873046875,4036.049433234279,3978.858449362538,4011.5390115749615,71277800
2022-12-22,4052.3896484375,4060.559788857737,4003.3688059160786,4011.538946336316,87321400
2022-12-23,3987.029052734375,4036.0499017434045,3987.0290527343755,4019.7096187403945,53350600
2022-12-26,4027.87939453125,4027.87939453125,3995.198831492457,4003.368972252155,43581100
2022-12-27,3978.858642578125,4044.219770176944,3970.6885016282727,4027.8794882772395,74123800
2022-12-28,3938.008544921875,3987.029398178164,3929.8384027124935,3978.8592559687827,117912500
2022-12-29,3978.858642578125,3978.858642578125,3921.667655929158,3938.007937828863,106690700
2022-12-30,4036.049560546875,4044.219701357699,3978.85857487111,3978.85857487111,182091500
2023-01-02,3978.858642578125,4019.709347327387,3938.007937828863,4011.5392063775344,100200100
2023-01-03,3962.517822265625,4003.36852146424,3946.1775425861792,3946.1775425861792,95136500
2023-01-04,3897.1572265625,3962.5183540520175,3897.1572265625,3962.5183540520175,188071000
2023-01-05,3790.945556640625,3888.987252070986,3733.754567639581,3880.8171107851226,292142000
2023-01-06,3774.60498046875,3790.9452617694806,3717.413995916193,3717.413995916193,175932000
2023-01-09,3750.0947265625,3790.94543164488,3717.414162496596,3741.924585546024,166164900
2023-01-10,3664.884033203125,3780.7042961034495,3648.338281360221,3764.1585442605456,282510000
2023-01-11,3623.519775390625,3664.8841563882347,3606.974022991581,3648.3384039891907,211610100
2023-01-12,3722.794189453125,3739.33994140625,3648.338305664063,3706.2484375000004,210887800
2023-01-13,3706.24853515625,3747.612916128976,3656.611277988979,3731.067163739886,134592100
2023-01-16,3739.340087890625,3747.612964191268,3656.6113248841953,3664.8842011848383,172170900
2023-01-17,3772.431396484375,3788.9771482233414,3731.0670171369584,3739.339893006442,150577400
2023-01-18,3805.522705078125,3822.0684559697693,3772.431203294837,3772.431203294837,178026000
2023-01-19,3813.795654296875,3830.341405508575,3788.977027479325,3797.249903085175,117204100
2023-01-20,3846.887451171875,3863.4332036500336,3822.068822454637,3830.3416986937164,116038300
2023-01-24,3822.06884765625,3871.7061054180194,3797.250218775365,3855.160352830763,81964700
2023-01-25,3772.431396484375,3822.0686517012746,3764.1585206148916,3822.0686517012746,84009300
2023-01-26,3797.25048828125,3822.069118923611,3764.1589807581017,3772.4318576388887,113840400
2023-01-27,3838.61474609375,3871.706252525593,3805.5232396619076,3805.5232396619076,178282600
2023-01-30,3813.795654296875,3871.7057835378255,3780.7041518734745,3846.887156720275,185972400
2023-01-31,3788.9775390625,3822.0690459538755,3780.704662339656,3813.7961692310314,280039200
2023-02-01,3871.706298828125,3879.9791755350225,3822.0690385867388,3830.3419152936362,181849300
2023-02-02,3805.522705078125,3871.705708644701,3805.522705078125,3846.8870823072352,145413400
2023-02-03,3929.6162109375,3954.434839638158,3830.3416961348685,3846.8874486019736,198479900
2023-02-06,3921.34375,3979.253889767933,3871.706487341772,3954.435258438819,141366300
2023-02-07,3929.6162109375,3962.7077158717107,3904.797582236842,3921.3433347039477,140923100
2023-02-08,3962.707763671875,3962.707763671875,3896.5247530051215,3896.5247530051215,168599500
2023-02-09,3979.25341796875,4004.0720463552493,3946.161913453417,3962.7076657110833,177400700
2023-02-10,4020.617919921875,4037.163672678755,3946.1620325159142,4004.072167164995,181146600
2023-02-13,3970.980712890625,4053.709477742513,3970.9807128906255,4053.709477742513,144569400
2023-02-14,4028.890869140625,4028.890869140625,3979.253609972568,3987.526486500578,120995200
2023-02-15,4028.890869140625,4045.4366221966443,3979.253609972568,4045.4366221966443,84568100
2023-02-16,4028.890869140625,4045.4366221966443,4012.345116084606,4045.4366221966443,69966200
2023-02-17,4037.163818359375,4045.436695036341,3995.7994349745454,4045.436695036341,104019300
2023-02-20,4037.163818359375,4053.709571713307,4004.0723116515114,4053.709571713307,88432500
2023-02-21,3987.52685546875,4037.164119229772,3987.52685546875,4037.164119229772,59319100
2023-02-22,3937.888916015625,3979.253295385537,3913.070288393678,3962.7075436375726,107327900
2023-02-23,3970.980712890625,3979.253589375814,3913.0705774943035,3979.253589375814,139144500
2023-02-24,3937.888916015625,4004.0719230074847,3937.8889160156255,3970.980419511555,46409300
2023-02-27,3979.25341796875,3979.25341796875,3937.889037324584,3954.4347895822502,89918800
2023-02-28,3863.43310546875,3962.7076178148423,3863.43310546875,3937.888989728319,273125500
2023-03-01,3904.79736328125,3929.6159905902414,3888.2516117419227,3913.0702390509136,115578600
2023-03-02,3954.434814453125,3954.434814453125,3904.797557367939,3929.6161859105323,59377900
2023-03-03,3937.888916015625,3970.980419511555,3913.070288393678,3970.980419511555,84777000
2023-03-06,3962.707763671875,3970.9806400052194,3954.4348873385306,3962.707763671875,78292000
2023-03-07,4004.07177734375,4012.344652916774,3946.1616483325797,3946.1616483325797,111953700
2023-03-08,4004.07177734375,4012.344652916774,3987.5260261977014,4012.344652916774,125766100
2023-03-09,3979.25341796875,4028.8906747417486,3979.25341796875,4020.6177986129155,79549800
2023-03-10,3987.52685546875,3995.799732762254,3970.981100881743,3987.52685546875,125140500
2023-03-13,3995.79931640625,4028.8908221321817,3946.1620578173524,3979.253563543284,106769300
2023-03-14,3896.525146484375,3962.708163834428,3879.9793921468618,3946.1624094969147,192444400
2023-03-15,3888.251953125,3946.162088597074,3888.251953125,3937.889212101064,107761200
2023-03-16,3913.0703125,3929.6160643498943,3838.614429175476,3888.2516847251586,155984500
2023-03-17,4053.708740234375,4053.708740234375,3929.6156155333224,3946.161365493463,267753300
2023-03-20,4037.163818359375,4037.163818359375,3987.5265582975794,4004.0723116515114,113829400
2023-03-21,4053.708740234375,4070.2544901945153,4004.071490353954,4028.8901152941644,214639300
2023-03-24,4141.59619140625,4185.009149387448,4098.183233425053,4124.231008213771,266103900
2023-03-27,4115.54833984375,4158.961297015097,4098.18315697521,4124.230931278019,144925200
2023-03-28,4141.59619140625,4150.27878300249,4115.548416617532,4115.548416617532,105217100
2023-03-29,4176.326171875,4185.008762668918,4141.595808699324,4167.643581081081,141800500
2023-03-30,4124.23046875,4176.326011513158,4115.547878289473,4176.326011513158,98847200
2023-03-31,4106.865234375,4124.230415070032,4089.5000536799685,4106.865234375,161561800
2023-04-03,4167.6435546875,4167.6435546875,4132.913191731771,4141.595782470703,133511700
2023-04-04,4185.00927734375,4185.00927734375,4132.913726173496,4167.644093620332,88097800
2023-04-05,4193.69140625,4237.104360766046,4167.643633540372,4176.326224443582,119316500
2023-04-06,4202.37353515625,4219.73871505359,4185.00835525891,4219.73871505359,88012300
2023-04-10,4219.7392578125,4219.7392578125,4185.008893550668,4219.7392578125,58886800
2023-04-11,4237.1044921875,4245.7870833600155,4193.691536324924,4219.739309842469,67275600
2023-04-12,4280.51708984375,4297.882270735611,4245.786728060028,4297.882270735611,194839900
2023-04-13,4323.9296875,4341.294866967872,4280.516738830321,4297.881918298192,141279800
2023-04-14,4406.4150390625,4428.121517087438,4341.295604987685,4384.708561037562,190097200
2023-04-17,4332.61279296875,4406.414814492266,4306.565020666332,4406.414814492266,121231300
2023-04-18,4297.88232421875,4363.00175337358,4297.88232421875,4332.612686434659,95747700
2023-04-26,4363.00146484375,4471.533839591107,4280.516860035759,4471.533839591107,273336000
2023-04-27,4471.53466796875,4471.53466796875,4332.613202556128,4332.613202556128,125947200
2023-04-28,4428.12109375,4580.066425398284,4428.12109375,4493.240521599265,251912000
2023-05-02,4471.53466796875,4493.241146939472,4384.708752085861,4493.241146939472,84246100
2023-05-03,4428.12109375,4536.6534734987745,4384.70814185049,4536.6534734987745,183524700
2023-05-04,4471.53466796875,4493.241146939472,4406.415231056584,4471.53466796875,140482000
2023-05-05,4536.654296875,4558.360776764354,4449.8283773175835,4536.654296875,182599600
2023-05-08,4428.12109375,4558.35994944853,4384.70814185049,4558.35994944853,107804200
2023-05-09,4449.82763671875,4449.82763671875,4363.001731612042,4384.70820788872,102987300
2023-05-10,4471.53466796875,4471.53466796875,4384.708752085861,4406.415231056584,108369600
2023-05-11,4471.53466796875,4493.241146939472,4428.121710027306,4493.241146939472,85618800
2023-05-12,4471.53466796875,4493.241146939472,4428.121710027306,4428.121710027306,92625800
2023-05-15,4471.53466796875,4493.241146939472,4363.002273115139,4471.53466796875,163732600
2023-05-16,4514.947265625,4514.947265625,4428.121356670673,4493.240788386418,73611200
2023-05-17,4514.947265625,4558.360220102163,4493.240788386418,4558.360220102163,115834500
2023-05-19,4688.59912109375,4732.012075918692,4514.947301793982,4536.653779206453,185672200
2023-05-22,4710.3056640625,4775.425097206221,4601.7732754896315,4601.7732754896315,162655900
2023-05-23,4775.4248046875,4862.250710227273,4753.718328302557,4753.718328302557,255251600
2023-05-24,4862.25048828125,4862.25048828125,4732.011635916574,4797.131062098912,187436100
2023-05-25,4753.71826171875,4840.54416604238,4732.011785637842,4775.424737799657,224391900
2023-05-26,4862.25048828125,4862.25048828125,4710.305160522461,4710.305160522461,154003100
2023-05-29,4818.837890625,4883.957321579392,4753.718459670607,4862.250844594594,125049100
2023-05-30,4775.4248046875,4862.250710227273,4775.4248046875,4775.4248046875,67363200
2023-05-31,4840.54443359375,4840.54443359375,4666.892615348234,4840.54443359375,898453700
2023-06-05,4710.3056640625,4862.251008064516,4710.3056640625,4862.251008064516,255472600
2023-06-06,4732.01220703125,4775.42516305906,4645.1862949756305,4688.59925100344,92019300
2023-06-07,4688.59912109375,4753.718553331163,4645.186166268808,4753.718553331163,150377000
2023-06-08,4753.71826171875,4753.71826171875,4645.185881314212,4666.89235739512,92794100
2023-06-09,4710.3056640625,4732.012141777073,4666.892708633352,4710.3056640625,77251000
2023-06-12,4688.59912109375,4688.59912109375,4666.892643681279,4688.59912109375,92314200
2023-06-13,4818.837890625,4818.837890625,4688.599028716216,4688.599028716216,108831400
2023-06-14,4818.837890625,4840.544367609797,4753.718459670607,4840.544367609797,79137600
2023-06-15,4797.13134765625,4797.13134765625,4732.011917597568,4753.718394283795,74388400
2023-06-16,4818.837890625,4818.837890625,4688.599028716216,4753.718459670607,189062600
2023-06-19,4797.13134765625,4797.13134765625,4732.011917597568,4775.424870970022,55144200
2023-06-20,4818.837890625,4818.837890625,4753.718459670607,4753.718459670607,102926800
2023-06-21,4840.54443359375,4840.54443359375,4775.4250017516815,4775.4250017516815,84605400
2023-06-22,4753.71826171875,4862.250642123287,4753.71826171875,4818.837689961472,94143200
2023-06-23,4688.59912109375,4753.718553331163,4688.59912109375,4710.305598506221,123350300
2023-06-26,4732.01220703125,4753.718685045155,4666.892772989536,4710.305729017346,85472100
2023-06-27,4710.3056640625,4775.425097206221,4710.3056640625,4732.012141777073,110716500
2023-07-03,4753.71826171875,4818.837689961472,4732.011785637842,4775.424737799657,168559800
2023-07-04,4732.01220703125,4775.42516305906,4710.305729017346,4775.42516305906,94462600
2023-07-05,4732.01220703125,4732.01220703125,4688.59925100344,4688.59925100344,109632800
2023-07-06,4710.3056640625,4753.718619491648,4688.599186347927,4732.012141777073,109446200
2023-07-07,4666.892578125,4710.305532340116,4666.892578125,4688.599055232558,114043800
2023-07-10,4688.59912109375,4775.425030743634,4688.59912109375,4710.305598506221,78972100
2023-07-11,4710.3056640625,4732.012141777073,4666.892708633352,4666.892708633352,122094700
2023-07-12,4732.01220703125,4753.718685045155,4710.305729017346,4732.01220703125,104993700
2023-07-13,4732.01220703125,4753.718685045155,4710.305729017346,4710.305729017346,134905700
2023-07-14,4797.13134765625,4797.13134765625,4710.30544091134,4732.011917597568,127814200
2023-07-17,4840.54443359375,4883.957388155129,4797.131479032371,4818.83795631306,166951300
2023-07-18,4883.95703125,4949.076458333333,4862.250555555555,4883.95703125,120810300
2023-07-20,4883.95703125,4905.663506944445,4818.837604166666,4840.544079861111,111117300
2023-07-21,4883.95703125,4883.95703125,4840.544079861111,4862.250555555555,63094600
2023-07-24,4862.25048828125,4905.663439069475,4862.25048828125,4862.25048828125,62962500
2023-07-25,4905.6640625,4949.07701880531,4883.957584347345,4883.957584347345,111248100
2023-07-26,4927.3701171875,4949.07659347467,4905.66364090033,4949.07659347467,76200300
2023-07-27,4905.6640625,4992.4899751106195,4905.6640625,4927.370540652655,109859200
2023-07-28,4949.07666015625,4949.07666015625,4883.957230417352,4883.957230417352,74036700
2023-07-31,4905.6640625,4949.07701880531,4905.6640625,4949.07701880531,186727400
2023-08-01,4949.07666015625,4992.489613315515,4905.663706996985,4905.663706996985,100137500
2023-08-02,4949.07666015625,4970.783136735882,4905.663706996985,4905.663706996985,90611300
2023-08-03,4949.07666015625,4992.489613315515,4905.663706996985,4927.370183576617,82775000
2023-08-04,4840.54443359375,4970.783297277887,4840.54443359375,4949.076819997197,150738500
2023-08-07,4949.07666015625,4970.783136735882,4840.544277258086,4862.2507538377195,88104900
2023-08-08,4883.95703125,4992.489409722222,4862.250555555555,4949.076458333333,89189600
2023-08-09,4949.07666015625,4970.783136735882,4883.957230417352,4905.663706996985,91930000
2023-08-10,4949.07666015625,4970.783136735882,4927.370183576617,4927.370183576617,85474200
2023-08-11,4905.6640625,4949.07701880531,4905.6640625,4927.370540652655,74321000
2023-08-14,4905.6640625,4927.370540652655,4840.544628042036,4905.6640625,127358400
2023-08-15,4840.54443359375,4927.370342716508,4840.54443359375,4905.6638654358185,89597300
2023-08-16,4797.13134765625,4840.5443010287045,4732.011917597568,4818.837824342477,188191900
2023-08-18,4840.54443359375,4862.25091087444,4775.4250017516815,4775.4250017516815,121561200
2023-08-21,4775.4248046875,4840.54423384233,4775.4248046875,4818.837757457387,91640000
2023-08-22,4840.54443359375,4883.957388155129,4775.4250017516815,4775.4250017516815,101221500
2023-08-23,4862.25048828125,4883.956963675363,4840.544012887137,4862.25048828125,78686900
2023-08-24,4818.837890625,4883.957321579392,4818.837890625,4883.957321579392,74407500
2023-08-25,4862.25048828125,4862.25048828125,4797.131062098912,4818.837537493025,65096500
2023-08-28,4818.837890625,4883.957321579392,4818.837890625,4862.250844594594,37126600
2023-08-29,4862.25048828125,4862.25048828125,4797.131062098912,4797.131062098912,57547200
2023-08-30,4797.13134765625,4862.250777714932,4775.424870970022,4862.250777714932,171282700
2023-08-31,4818.837890625,4818.837890625,4753.718459670607,4797.1314136402025,175088200
2023-09-01,4840.54443359375,4862.25091087444,4797.131479032371,4862.25091087444,87366100
2023-09-04,4883.95703125,4883.95703125,4840.544079861111,4862.250555555555,43898200
2023-09-05,4883.95703125,4905.663506944445,4862.250555555555,4883.95703125,72464300
2023-09-06,4840.54443359375,4905.6638654358185,4840.54443359375,4883.957388155129,106367800
2023-09-07,4732.01220703125,4818.8381190868695,4732.01220703125,4797.131641072965,157998600
2023-09-08,4645.18603515625,4732.011942355432,4601.773081556658,4710.305465555636,243324500
2023-09-11,4710.3056640625,4710.3056640625,4601.7732754896315,4645.186230918779,80474100
2023-09-12,4666.892578125,4753.718486555233,4666.892578125,4732.012009447674,121654400
2023-09-13,4688.59912109375,4710.305598506221,4645.186166268808,4645.186166268808,59408000
2023-09-14,4710.3056640625,4710.3056640625,4623.479753204205,4623.479753204205,76831700
2023-09-15,4666.892578125,4732.012009447674,4666.892578125,4688.599055232558,141455400
2023-09-18,4623.4794921875,4688.59892165493,4601.773015698357,4645.185968676643,61329000
2023-09-19,4666.892578125,4666.892578125,4601.773146802326,4623.479623909883,50612700
2023-09-20,4666.892578125,4732.012009447674,4645.186101017442,4645.186101017442,98710100
2023-09-21,4645.18603515625,4710.305465555636,4645.18603515625,4710.305465555636,68584900
2023-09-22,4645.18603515625,4710.305465555636,4645.18603515625,4645.18603515625,83184100
2023-09-25,4601.7734375,4645.186394457547,4514.947523584906,4623.4799159787735,120196700
2023-09-26,4514.947265625,4580.066697340745,4514.947265625,4558.360220102163,180280600
2023-09-27,4536.654296875,4601.773736543062,4493.241337096291,4493.241337096291,119774700
2023-09-29,4536.654296875,4623.4802164324165,4536.654296875,4601.773736543062,140331100
2023-10-02,4558.3603515625,4601.773307291667,4558.3603515625,4558.3603515625,81674600
2023-10-03,4580.06689453125,4601.773372704384,4558.360416358116,4558.360416358116,54462700
2023-10-04,4558.3603515625,4580.066829427084,4514.947395833334,4558.3603515625,121445000
2023-10-05,4493.24072265625,4580.066630340429,4493.24072265625,4558.360153419384,116814800
2023-10-06,4493.24072265625,4558.360153419384,4493.24072265625,4514.947199577295,70202300
2023-10-09,4449.82763671875,4536.653541825457,4449.82763671875,4514.94706554878,144477000
2023-10-10,4493.24072265625,4558.360153419384,4449.827768814161,4449.827768814161,98457000
2023-10-11,4558.3603515625,4580.066829427084,4471.534440104167,4471.534440104167,100394800
2023-10-12,4601.7734375,4666.892872936321,4580.0669590212265,4601.7734375,174022400
2023-10-13,4580.06689453125,4623.4798508775175,4558.360416358116,4580.06689453125,84648800
2023-10-16,4558.3603515625,4623.47978515625,4558.3603515625,4623.47978515625,45782300
2023-10-17,4471.53466796875,4580.067062822361,4471.53466796875,4558.360583851639,127287200
2023-10-18,4471.53466796875,4536.654104880916,4449.828188998028,4449.828188998028,77217600
2023-10-19,4341.29541015625,4471.534272460937,4341.29541015625,4428.121318359375,195831400
2023-10-20,4384.70849609375,4428.121451500619,4306.565176361386,4323.930358524134,173353600
2023-10-23,4341.29541015625,4406.414841308594,4332.612819335937,4341.29541015625,82756100
2023-10-24,4428.12109375,4428.12109375,4297.88223805147,4341.295189950981,104021500
2023-10-25,4493.24072265625,4514.947199577295,4428.121291893116,4428.121291893116,142215000
2023-10-26,4271.83447265625,4493.240527641482,4271.83447265625,4493.240527641482,330618800
2023-10-27,4341.29541015625,4384.708364257813,4289.1998652343755,4297.882456054687,129599800
2023-10-30,4341.29541015625,4363.001887207031,4315.247637695313,4323.9302285156255,108523700
2023-10-31,4306.56494140625,4341.295303836946,4306.56494140625,4323.930122621598,106760300
2023-11-01,4193.69140625,4306.565087991718,4193.69140625,4271.834724378882,191567200
2023-11-02,4341.29541015625,4406.414841308594,4263.152092773437,4289.1998652343755,208075400
2023-11-03,4428.12109375,4493.240521599265,4363.001665900735,4363.001665900735,125504000
2023-11-06,4514.947265625,4514.947265625,4428.121356670673,4428.121356670673,122333800
2023-11-07,4558.3603515625,4580.066829427084,4493.24091796875,4536.653873697917,137039400
2023-11-08,4536.654296875,4558.360776764354,4493.241337096291,4514.947816985646,86713700
2023-11-09,4514.947265625,4580.066697340745,4514.947265625,4536.653742863582,66236400
2023-11-10,4406.4150390625,4471.534473137315,4384.708561037562,4471.534473137315,113811900
2023-11-13,4363.00146484375,4449.8273646416355,4363.00146484375,4406.414414742693,63126900
2023-11-14,4406.4150390625,4449.827995112377,4384.708561037562,4406.4150390625,85419500
2023-11-15,4558.3603515625,4601.773307291667,4493.24091796875,4514.947395833334,193790400
2023-11-16,4558.3603515625,4580.066829427084,4493.24091796875,4580.066829427084,99488800
2023-11-17,4536.654296875,4558.360776764354,4493.241337096291,4493.241337096291,70727500
2023-11-20,4558.3603515625,4580.066829427084,4493.24091796875,4493.24091796875,54123600
2023-11-21,4514.947265625,4558.360220102163,4493.240788386418,4536.653742863582,104110500
2023-11-22,4580.06689453125,4601.773372704384,4493.240981838714,4493.240981838714,103585500
2023-11-23,4645.18603515625,4688.598988755841,4601.773081556658,4623.479558356455,174572400
2023-11-24,4688.59912109375,4732.012075918692,4666.892643681279,4688.59912109375,92571400
2023-11-27,4645.18603515625,4732.011942355432,4645.18603515625,4710.305465555636,76019100
2023-11-28,4645.18603515625,4710.305465555636,4623.479558356455,4623.479558356455,147993400
2023-11-29,4601.7734375,4666.892872936321,4601.7734375,4645.186394457547,106197800
2023-11-30,4580.06689453125,4666.892807223786,4580.06689453125,4666.892807223786,224426400
2023-12-01,4645.18603515625,4666.892511956045,4580.066604756863,4580.066604756863,99499500
2023-12-04,4775.4248046875,4840.54423384233,4732.011851917614,4732.011851917614,235595700
2023-12-05,4732.01220703125,4775.42516305906,4710.305729017346,4710.305729017346,114689900
2023-12-06,4710.3056640625,4732.012141777073,4688.599186347927,4710.3056640625,119716700
2023-12-07,4753.71826171875,4753.71826171875,4688.598833476027,4688.598833476027,102126600
2023-12-08,4666.892578125,4732.012009447674,4666.892578125,4710.305532340116,130542600
2023-12-11,4601.7734375,4666.892872936321,4601.7734375,4623.4799159787735,124468600
2023-12-12,4623.4794921875,4688.59892165493,4623.4794921875,4666.892445165787,134501600
2023-12-13,4601.7734375,4645.186394457547,4580.0669590212265,4601.7734375,98881600
2023-12-14,4818.837890625,4818.837890625,4710.305505701013,4732.011982685811,239261700
2023-12-15,4818.837890625,4862.250844594594,4818.837890625,4840.544367609797,252448800
2023-12-18,4775.4248046875,4840.54423384233,4775.4248046875,4840.54423384233,102780900
2023-12-19,4818.837890625,4818.837890625,4732.011982685811,4732.011982685811,135207300
2023-12-20,4818.837890625,4949.076752533783,4818.837890625,4949.076752533783,138470900
2023-12-21,4840.54443359375,4862.25091087444,4797.131479032371,4818.83795631306,99049600
2023-12-22,4927.3701171875,4949.07659347467,4862.250688325991,4905.66364090033,109411300
2023-12-27,4883.95703125,4970.782934027778,4883.95703125,4949.076458333333,122236700
2023-12-28,4970.783203125,4992.489679994542,4927.370249385917,4949.076726255459,121434600
2023-12-29,4970.783203125,4992.489679994542,4927.370249385917,4992.489679994542,93126000
2024-01-02,5000.74365234375,5000.74365234375,4956.684236904598,4978.7139446241745,91143100
2024-01-03,4934.654296875,4978.713710239956,4934.654296875,4956.684003557478,83659700
2024-01-04,5022.7734375,5022.7734375,4912.6248972039475,4934.6546052631575,92683500
2024-01-05,5066.83251953125,5154.95134595788,5022.773106317934,5044.802812924592,134929600
2024-01-08,4956.68408203125,5110.89203125,4956.68408203125,5066.832617187501,152015000
2024-01-09,5022.7734375,5022.7734375,4956.684313322368,4956.684313322368,105666200
2024-01-10,5022.7734375,5022.7734375,4956.684313322368,4956.684313322368,82626400
2024-01-11,5066.83251953125,5110.891932744566,5022.773106317934,5066.83251953125,116804400
2024-01-12,5154.95166015625,5154.95166015625,5088.862536308094,5110.8922442574785,109715700
2024-01-15,5132.921875,5199.010997854078,5088.862459763948,5154.951582618026,115126700
2024-01-16,5132.921875,5176.981290236052,5088.862459763948,5132.921875,97074300
2024-01-17,5088.8623046875,5132.921718580898,5066.832597740801,5132.921718580898,107941600
2024-01-18,5066.83251953125,5110.891932744566,5022.773106317934,5110.891932744566,87259100
2024-01-19,5110.89208984375,5110.89208984375,5022.773260708513,5066.832675276131,75370700
2024-01-22,5088.8623046875,5110.8920116342,5022.773183847403,5088.8623046875,97545600
2024-01-23,5022.7734375,5066.832853618421,4978.714021381579,5022.7734375,122999700
2024-01-24,4978.71435546875,5022.773774543694,4912.625226856333,5000.744065006223,104225000
2024-01-25,4868.5654296875,4978.713968820702,4868.5654296875,4912.624845340781,120478800
2024-01-26,4780.44677734375,4824.5061946464575,4758.417068692396,4802.476485995104,185244400
2024-01-29,4912.625,4912.625,4758.417040358744,4758.417040358744,145629600
2024-01-30,4956.68408203125,4978.7137890625,4824.50583984375,4868.56525390625,150513700
2024-01-31,5022.7734375,5088.862561677632,5000.743729440789,5044.803145559211,245117200
2024-02-01,5066.83251953125,5110.891932744566,5044.802812924592,5088.862226137908,156633900
2024-02-02,5154.95166015625,5154.95166015625,5066.832828358708,5110.8922442574785,177209700
2024-02-05,5088.8623046875,5132.921718580898,5066.832597740801,5110.8920116342,113760000
2024-02-06,5132.921875,5199.010997854078,5110.892167381974,5199.010997854078,126704300
2024-02-07,5154.95166015625,5199.0110760550215,5132.921952206864,5154.95166015625,147005300
2024-02-12,5309.15966796875,5309.15966796875,5154.951710807832,5176.981418973677,171514600
2024-02-13,5287.1298828125,5331.189298502604,5243.070467122396,5331.189298502604,145852200
2024-02-15,5397.27880859375,5529.45706513074,5375.249099170918,5529.45706513074,308685100
2024-02-16,5419.30859375,5463.368013211382,5397.278884019309,5419.30859375,130814400
2024-02-19,5375.24853515625,5441.337656490138,5353.218828044954,5397.278242267546,111382900
2024-02-20,5551.486328125,5551.486328125,5441.337789868551,5441.337789868551,160872600
2024-02-21,5551.486328125,5617.575451078869,5485.397205171131,5573.51603577629,168423000
2024-02-22,5507.4267578125,5551.486171875,5485.39705078125,5507.4267578125,100256000
2024-02-23,5397.27880859375,5441.3382274394135,5331.189680325256,5397.27880859375,148643000
2024-02-26,5441.337890625,5463.367598684211,5353.2190583881575,5375.248766447368,98920800
2024-02-27,5397.27880859375,5463.367936862245,5397.27880859375,5397.27880859375,99187500
2024-02-28,5485.3974609375,5485.3974609375,5375.248917545181,5375.248917545181,97236700
2024-02-29,5397.27880859375,5463.367936862245,5397.27880859375,5419.308518016582,173774600
2024-03-01,5397.27880859375,5441.3382274394135,5353.2193897480865,5441.3382274394135,76286400
2024-03-04,5331.18896484375,5397.278084242639,5331.18896484375,5397.278084242639,70354900
2024-03-05,5397.27880859375,5441.3382274394135,5353.2193897480865,5375.249099170918,115084600
2024-03-06,5463.36767578125,5463.36767578125,5375.248842300907,5375.248842300907,84108800
2024-03-07,5485.3974609375,5529.456878294428,5463.367752259036,5463.367752259036,117724700
2024-03-08,5595.5458984375,5639.6053149606305,5507.427065391241,5529.456773652805,163060000
2024-03-13,5639.60498046875,5683.664394378662,5595.545566558838,5595.545566558838,195173100
2024-03-14,5625.8837890625,5671.622681656504,5534.406003874492,5648.7532353595025,271254000
2024-03-15,5465.79736328125,5557.275143419849,5442.927918246601,5488.6668083159,305995800
2024-03-18,5488.66650390625,5580.144278971355,5465.797060139974,5488.66650390625,110564700
2024-03-19,5488.66650390625,5534.405391438802,5465.797060139974,5488.66650390625,114338600
2024-03-20,5580.14453125,5580.14453125,5488.66675204918,5488.66675204918,120885400
2024-03-21,5580.14453125,5671.62231045082,5580.14453125,5648.752865650615,136020000
2024-03-22,5603.01416015625,5603.01416015625,5534.405823501275,5534.405823501275,46529200
2024-03-25,5717.361328125,5717.361328125,5603.0141015625,5717.361328125,115729600
2024-03-26,5763.10009765625,5763.10009765625,5671.622318328373,5763.10009765625,120748400
2024-03-27,5717.361328125,5785.9696640625,5694.4918828125,5763.10021875,73308900
2024-03-28,5534.4052734375,5671.621933109504,5511.535830158833,5580.144159994835,288926900
2024-04-01,5420.05859375,5511.536375922996,5328.580811577004,5488.666930379747,217207800
2024-04-02,5191.36376953125,5442.927652636288,5145.624881693971,5351.449876961729,412180900
2024-04-03,5145.625,5191.363888888889,5054.147222222222,5099.886111111111,333518700
2024-04-04,5214.2333984375,5259.972287897478,5168.494508977522,5168.494508977522,131936100
2024-04-05,5168.49462890625,5214.233519427544,5145.625183645602,5145.625183645602,178817800
2024-04-16,4894.06103515625,5099.886031961887,4894.06103515625,4916.930479245765,600717500
2024-04-17,4848.322265625,5031.277822818396,4848.322265625,5008.408378169222,244002000
2024-04-18,5008.408203125,5031.277646974886,4848.322096175799,4848.322096175799,247410700
2024-04-19,4825.453125,4916.93090936019,4802.583678909953,4894.061463270142,258211500
2024-04-22,4848.322265625,4871.1917102741745,4711.105597729953,4756.844487028302,342282800
2024-04-23,4848.322265625,4939.800044221698,4779.7139316774765,4894.061154923349,281403100
2024-04-24,4779.71435546875,4894.061588853169,4711.1060154380975,4802.583802145634,471241400
2024-04-25,4711.10546875,4756.844356796117,4619.627692657767,4688.236024726942,479170900
2024-04-26,4418.376953125,4665.366969138198,4418.376953125,4619.628077283903,782589900
2024-04-29,4363.490234375,4473.2635736045595,4281.16022995283,4299.45578649109,700644800
2024-04-30,4519.00244140625,4619.628001842421,4409.229102748608,4436.672437413019,565609200
2024-05-02,4354.34228515625,4500.706731716124,4299.455617696297,4491.558953806132,636922100
2024-05-03,4345.1943359375,4418.376556332237,4308.603225740132,4354.342113486842,321697200
2024-05-06,4381.78564453125,4427.524534348904,4326.898976750065,4390.933422494781,262707400
2024-05-07,4272.01220703125,4372.637762228988,4272.01220703125,4363.489984483739,304013600
2024-05-08,4281.16015625,4336.046824919872,4180.534597021901,4253.716821915064,572275800
2024-05-13,4281.16015625,4299.455712473291,4235.421265691773,4253.716821915064,320067100
2024-05-14,4326.89892578125,4400.081148627444,4299.455592213927,4317.751147925475,341458900
2024-05-15,4409.22900390625,4454.967893988265,4354.342335807833,4372.637891840638,298990300
2024-05-16,4427.5244140625,4537.297746642562,4427.5244140625,4509.854413497546,371295000
2024-05-17,4500.70654296875,4537.297653074187,4409.228767705157,4427.524322757876,208991800
2024-05-20,4409.22900390625,4619.627898283519,4409.22900390625,4564.741230185101,335150700
2024-05-21,4281.16015625,4454.967940371261,4281.16015625,4400.081271701389,271568800
2024-05-22,4317.7509765625,4363.489864026085,4253.71653411348,4253.71653411348,215066000
2024-05-27,4162.23876953125,4317.750987293956,4162.23876953125,4299.455432263049,363719300
2024-05-28,4143.943359375,4235.421137727649,4134.795581539735,4189.682248551325,258070200
2024-05-29,4034.170166015625,4116.500169403699,4025.0223878613947,4098.2046130952385,465008500
2024-05-30,4006.726806640625,4098.204587614156,3942.692359959154,4025.022362835331,502927800
2024-05-31,3970.1357421875,4089.0568588889687,3960.9879639796945,4052.4657460577478,655144100
2024-06-03,4143.943359375,4171.386692880795,4025.0222475165565,4052.465581022351,345770100
2024-06-04,4070.76123046875,4198.830123112711,4070.76123046875,4171.386788974719,332902200
2024-06-05,4025.0224609375,4116.500244140625,4025.0224609375,4116.500244140625,240788500
2024-06-06,4116.5,4116.5,4015.8744444444446,4070.7611111111114,281534200
2024-06-07,3979.28369140625,4116.500370420258,3979.28369140625,4107.3525918193245,375439600
2024-06-10,4025.0224609375,4052.465795898437,3951.840234375,3979.2835693359375,181387000
2024-06-11,3970.1357421875,4061.6135242655528,3970.1357421875,4006.726855018721,197854400
2024-06-12,3979.28369140625,3988.4314700071836,3942.692577002514,3970.135912805316,187332500
2024-06-13,3942.692138671875,4043.317692095055,3933.5443610879493,4025.022136927204,238349600
2024-06-14,3823.771240234375,3951.8401334479668,3814.62346214769,3933.544577274596,358893200
2024-06-19,3750.5888671875,3878.657755335366,3741.4410894626526,3750.5888671875,410338400
2024-06-20,3906.101318359375,3906.101318359375,3778.032422675461,3778.032422675461,387133400
2024-06-21,4061.61328125,4107.352169552365,3896.9532833614867,3915.2488386824325,532713300
2024-06-24,4025.0224609375,4125.648022460938,4025.0224609375,4061.61357421875,303830800
2024-06-25,4006.726806640625,4025.022362835331,3915.249025667095,3951.840138056507,383572500
2024-06-26,3997.578857421875,4052.4655236565004,3979.283302010333,4015.8744128334165,150303400
2024-06-27,4079.9091796875,4116.500293406671,4006.7269522491592,4034.170287538537,299430600
2024-06-28,4207.9775390625,4244.568648097827,4189.681984544837,4198.829761803669,581319300
2024-07-01,4235.42138671875,4272.012500210921,4171.386938107451,4235.42138671875,261421200
2024-07-02,4180.53466796875,4235.42133757009,4180.53466796875,4217.12578103631,234403100
2024-07-03,4207.9775390625,4244.568648097827,4171.386430027174,4235.420870838995,176310400
2024-07-04,4381.78564453125,4418.3767563853735,4262.86453100535,4281.160086932411,422261500
2024-07-05,4390.93359375,4454.968041992187,4381.785815429687,4436.6724853515625,218278000
2024-07-08,4345.1943359375,4418.376556332237,4336.046558388158,4390.933223684211,222042100
2024-07-09,4454.9677734375,4509.854440050693,4345.194440211114,4372.63777351771,291320400
2024-07-10,4436.67236328125,4500.706809761598,4427.524585212629,4454.967919418492,167619700
2024-07-11,4427.5244140625,4500.7066357825415,4427.5244140625,4491.558858067536,170461300
2024-07-12,4482.4111328125,4555.593355389031,4464.115577168367,4546.445577566964,301125400
2024-07-15,4409.22900390625,4509.8545620866835,4400.081225889847,4500.70678407028,188713000
2024-07-16,4326.89892578125,4427.524482194767,4326.89892578125,4409.228926483219,189271400
2024-07-17,4354.34228515625,4400.081174706211,4317.751173516282,4345.194507246258,263325400
2024-07-18,4473.263671875,4473.263671875,4345.1947732937115,4354.342551763804,296614900
2024-07-19,4482.4111328125,4491.558910634566,4436.672243702168,4454.967799346301,135104800
2024-07-22,4491.55908203125,4519.002416544679,4464.115747517821,4500.706860202393,140128300
2024-07-23,4381.78564453125,4491.5589800936195,4372.637866567719,4482.411202130089,170919500
2024-07-24,4372.6376953125,4390.933250523013,4354.342140101988,4363.489917707244,116037600
2024-07-25,4299.45556640625,4354.342233211436,4262.864455202793,4354.342233211436,274397700
2024-07-26,4354.34228515625,4400.081174706211,4336.046729336265,4354.34228515625,192267300
2024-07-29,4372.6376953125,4390.933250523013,4354.342140101988,4390.933250523013,126109900
2024-07-30,4272.01220703125,4336.0466512479925,4272.01220703125,4317.751095757495,201835700
2024-07-31,4272.01220703125,4308.603318012246,4253.7166515407525,4253.7166515407525,168490300
2024-08-01,4345.1943359375,4345.1943359375,4290.307670641448,4308.603225740132,169636700
2024-08-02,4308.603515625,4345.1946282842355,4290.307959295382,4326.899071954618,113328400
2024-08-05,4143.943359375,4272.012249068709,4125.64780370447,4262.8644712334435,329430900
2024-08-06,4207.9775390625,4253.716425356658,4134.795320991848,4162.238652768343,238051800
2024-08-07,4226.2734375,4244.568993506494,4198.83010349026,4244.568993506494,125937500
2024-08-08,4262.8642578125,4290.30758994434,4198.82981617154,4207.97759354882,131343400
2024-08-09,4272.01220703125,4326.898873502743,4272.01220703125,4299.455540266997,98730900
2024-08-12,4281.16015625,4317.751268696581,4253.716821915064,4317.751268696581,83552800
2024-08-13,4317.7509765625,4345.194309040651,4290.307644084349,4299.455421577066,109533400
2024-08-14,4409.22900390625,4427.524559939056,4354.342335807833,4363.490113824235,262716500
2024-08-15,4418.376953125,4454.968066608437,4381.785839641563,4436.672509866718,214394900
2024-08-16,4418.376953125,4454.968066608437,4418.376953125,4436.672509866718,149701700
2024-08-19,4409.22900390625,4409.22900390625,4345.194557791429,4409.22900390625,196203200
2024-08-20,4528.150390625,4528.150390625,4427.524826388889,4445.820383522728,310085500
2024-08-21,4665.36669921875,4665.36669921875,4555.5933651194855,4564.741142961091,390307000
2024-08-22,4619.6279296875,4711.105710473391,4596.758484491027,4688.236265276919,474043100
2024-08-23,4711.10546875,4756.844356796117,4688.236024726942,4711.10546875,217759300
2024-08-26,4848.322265625,4871.1917102741745,4756.844487028302,4756.844487028302,361169800
2024-08-27,4733.97509765625,4825.452877321105,4665.366762907609,4802.583432404891,271088700
2024-08-28,4711.10546875,4733.974912773058,4596.758248634709,4665.366580703883,277561700
2024-08-29,4688.236328125,4733.975219131097,4665.366882621951,4688.236328125,160041900
2024-08-30,4711.10546875,4733.974912773058,4688.236024726942,4733.974912773058,275298000
2024-09-02,4733.97509765625,4779.713987488678,4711.105652740036,4711.105652740036,136717200
2024-09-03,4733.97509765625,4802.583432404891,4711.105652740036,4779.713987488678,166033900
2024-09-04,4665.36669921875,4733.975033030791,4665.36669921875,4665.36669921875,141890400
2024-09-05,4711.10546875,4711.10546875,4642.497136680825,4688.236024726942,166436800
2024-09-06,4779.71435546875,4802.583802145634,4711.1060154380975,4756.844908791866,170520700
2024-09-09,4733.97509765625,4848.322322237319,4711.105652740036,4825.452877321105,201448700
2024-09-10,4802.58349609375,4802.58349609375,4688.23626999628,4756.844605654762,202326400
2024-09-11,4733.97509765625,4802.583432404891,4688.236207823823,4779.713987488678,165284900
2024-09-12,4733.97509765625,4779.713987488678,4711.105652740036,4733.97509765625,138542100
2024-09-13,4848.322265625,4848.322265625,4733.975042379127,4756.844487028302,259722600
2024-09-17,4848.322265625,4894.061154923349,4802.583376326651,4894.061154923349,201331600
2024-09-18,4894.06103515625,4916.930479245765,4871.191591066735,4894.06103515625,186877300
2024-09-19,4939.7998046875,5031.27757884838,4939.7998046875,4962.66924822772,332941100
2024-09-20,4916.9306640625,4985.538998909884,4916.9306640625,4939.800109011628,260437400
2024-09-23,5031.27783203125,5031.27783203125,4894.061163884943,4894.061163884943,245292000
2024-09-24,5054.1474609375,5099.886351986708,5054.1474609375,5077.016906462104,195415700
2024-09-25,4871.19189453125,4962.669676588175,4756.8446669600935,4939.800231073944,607065900
2024-09-26,4619.6279296875,4756.844600866337,4596.758484491027,4711.105710473391,855266800
2024-09-27,4665.36669921875,4711.105588426777,4573.888920802696,4619.627810010723,304694300
2024-09-30,4528.150390625,4619.628176294193,4528.150390625,4619.628176294193,539169900
2024-10-01,4642.4970703125,4642.4970703125,4546.445406788793,4546.445406788793,197069300
2024-10-02,4519.00244140625,4642.497447396097,4482.411328520369,4573.889110735071,307487600
2024-10-03,4500.70654296875,4537.297653074187,4445.819877810594,4482.410987916031,354814800
2024-10-04,4445.81982421875,4500.706488715278,4436.672046802662,4454.9676016348385,289960700
2024-10-07,4409.22900390625,4509.8545620866835,4400.081225889847,4445.820115971862,308452200
2024-10-08,4573.88916015625,4619.6280517578125,4354.34248046875,4390.93359375,527474400
2024-10-09,4509.8544921875,4642.497271369485,4509.8544921875,4573.888937309838,309336600
2024-10-10,4445.81982421875,4546.445375795718,4445.81982421875,4500.706488715278,226564700
2024-10-11,4482.4111328125,4519.002244100765,4473.263354990434,4491.558910634566,104875300
2024-10-14,4482.4111328125,4509.854466278699,4454.967799346301,4482.4111328125,125414400
2024-10-15,4500.70654296875,4564.740985653265,4500.70654296875,4509.854320495109,142372200
2024-10-16,4528.150390625,4546.445947758839,4500.707054924243,4528.150390625,118014300
2024-10-17,4555.59326171875,4619.627705156564,4519.002151182856,4537.297706450803,188127700
2024-10-18,4546.4453125,4619.627530809859,4537.297535211267,4596.758087588028,157113000
2024-10-21,4564.7412109375,4596.758433859907,4546.445654981839,4555.593432959669,110708200
2024-10-22,4482.4111328125,4546.445577566964,4482.4111328125,4537.297799744898,199707500
2024-10-23,4445.81982421875,4473.263156467014,4400.08093713831,4418.376491970486,222147300
2024-10-24,4409.22900390625,4482.411228037474,4400.081225889847,4409.22900390625,218162100
2024-10-25,4363.490234375,4445.82023879717,4363.490234375,4409.22912572065,195647800
2024-10-28,4354.34228515625,4390.933396796218,4308.603395606289,4363.490063066242,191211000
2024-10-29,4299.45556640625,4372.637788813165,4299.45556640625,4326.898899808843,203658600
2024-10-30,4308.603515625,4345.1946282842355,4235.421290306529,4235.421290306529,296314500
2024-10-31,4390.93359375,4454.968041992187,4308.603588867188,4308.603588867188,307110400
2024-11-01,4299.45556640625,4409.228900016622,4299.45556640625,4363.490011012301,235656400
2024-11-04,4317.7509765625,4363.489864026085,4253.71653411348,4308.603199069783,209831500
2024-11-05,4308.603515625,4336.046850119426,4281.160181130574,4290.307959295382,199499300
2024-11-06,4207.9775390625,4326.89864342731,4207.9775390625,4308.603088909646,249059500
2024-11-07,4162.23876953125,4244.56876717033,4162.23876953125,4217.12543462397,296218600
2024-11-08,4134.7958984375,4244.569240873893,4134.7958984375,4207.978126728429,198589900
2024-11-11,4079.9091796875,4153.091407125841,3997.5791738193666,4089.0569581172927,507192300
2024-11-12,4116.5,4134.795555555555,4052.4655555555555,4052.4655555555555,252380100
2024-11-13,4189.6826171875,4217.125953107942,4079.9092735057316,4089.057052145879,209627200
2024-11-14,4116.5,4198.83,4116.5,4180.5344444444445,159871800
2024-11-15,4089.056884765625,4125.647997828404,4070.761328234235,4070.761328234235,106365600
2024-11-18,3979.28369140625,4079.909256016523,3979.28369140625,4061.613698814655,253272300
2024-11-19,3988.430908203125,4034.1697947650878,3979.2831308907325,3979.2831308907325,294838700
2024-11-20,3960.98779296875,4061.6133489102194,3960.98779296875,4025.022237658776,298734600
2024-11-21,3887.805419921875,3951.8398621323527,3887.805419921875,3915.248752297794,376788400
2024-11-22,4025.0224609375,4043.318017578125,3887.8057861328125,3887.8057861328125,280188100
2024-11-25,4089.056884765625,4143.943554359795,4043.31799343715,4043.31799343715,401446400
2024-11-26,4025.0224609375,4089.0569091796874,4006.7269042968746,4070.7613525390625,266677500
2024-11-28,3960.98779296875,4015.874459845915,3960.98779296875,3979.2833485944716,277081800
2024-11-29,3887.805419921875,3933.5443072150733,3887.805419921875,3915.248752297794,412519800
2024-12-02,3814.623291015625,3915.248845454886,3805.4755133393282,3906.1010677785894,337188900
2024-12-03,3878.657958984375,3887.8057371895266,3851.2146243689194,3878.657958984375,384146700
2024-12-04,3979.28369140625,3997.5792486081177,3860.362569594109,3878.658126795977,345762200
2024-12-05,3896.953369140625,3970.135592035285,3887.8055912787927,3942.6922584497875,183249300
2024-12-06,3942.692138671875,3942.692138671875,3860.3621404165456,3887.805473168322,151433000
2024-12-09,4015.87451171875,4015.87451171875,3933.54451033955,3942.692288270572,158897200
2024-12-10,3988.430908203125,4006.72646282791,3924.3964670163778,3988.430908203125,196160900
2024-12-11,4006.726806640625,4052.4656971273903,3970.135694251213,3970.135694251213,203980300
2024-12-12,3896.953369140625,3988.43114775895,3896.953369140625,3970.135592035285,226698900
2024-12-13,3814.623291015625,3915.248845454886,3814.623291015625,3869.5099570734037,287838100
2024-12-16,3887.805419921875,3915.248752297794,3796.327645335478,3796.327645335478,325441900
2024-12-17,3796.327880859375,3924.396773225715,3796.327880859375,3887.8056611210463,327919000
2024-12-18,3796.327880859375,3851.214549016378,3778.0323248070404,3814.623436911709,205055500
2024-12-19,3741.441162109375,3759.7367179143107,3704.8500504995036,3741.441162109375,381986300
2024-12-20,3713.997802734375,3768.8844697698582,3704.8500248951277,3723.1455805736223,252689600
2024-12-23,3851.214599609375,3851.214599609375,3759.7368181459697,3778.0323744386505,167689800
2024-12-24,3842.066650390625,3887.8055390857517,3814.6233171735494,3860.3622058686756,199536100
2024-12-27,3875.147216796875,3894.050373951982,3856.244059641768,3875.147216796875,143104400
2024-12-30,3856.244140625,3894.050455729167,3846.7925618489585,3856.244140625,153934700
2025-01-02,3979.11474609375,3988.566325063094,3865.6957984616242,3875.147377430968,181361700
2025-01-03,3922.4052734375,4007.469484186747,3922.4052734375,3988.56632624247,134632300
2025-01-06,3875.147216796875,3950.7598454173017,3875.147216796875,3950.7598454173017,153048700
2025-01-07,3808.986328125,3865.6958019928657,3808.986328125,3856.244223014888,171997400
2025-01-08,3856.244140625,3875.1472981770835,3808.986246744792,3808.986246744792,133655700
2025-01-09,3808.986328125,3875.1473809708436,3808.986328125,3846.7926440369106,99300400
2025-01-10,3790.0830078125,3837.3409006779925,3790.0830078125,3808.986164958697,132774300
2025-01-13,3638.85791015625,3771.1800159801137,3638.85791015625,3771.1800159801137,413408100
2025-01-14,3591.599853515625,3705.0187962582236,3591.599853515625,3610.5030106393915,293621700
2025-01-15,3865.69580078125,3865.69580078125,3629.406326405868,3629.406326405868,407813500
2025-01-16,3931.856689453125,4007.469318096454,3903.5019537118765,3979.1145823552056,349387500
2025-01-17,3865.69580078125,3960.2115905314026,3856.2442218062347,3922.405274631342,268758600
2025-01-20,3988.566162109375,3988.566162109375,3903.501954860597,3903.501954860597,167348600
2025-01-21,4026.37255859375,4139.79150390625,4016.9209798177085,4035.824137369792,345223800
2025-01-22,4026.37255859375,4083.08203125,3998.017822265625,4073.6304524739585,193218900
2025-01-23,4064.178955078125,4101.985270939317,4026.3726392169333,4026.3726392169333,216018100
2025-01-24,3960.21142578125,4111.436683090319,3960.21142578125,4111.436683090319,276421900
2025-01-30,3894.050537109375,3941.3084319772074,3865.695800188676,3903.5021160829415,220222400
