Price,Close,High,Low,Open,Volume
Ticker,BMRI.JK,BMRI.JK,BMRI.JK,BMRI.JK,BMRI.JK
Date,,,,,
2019-01-01,2581.069091796875,2581.069091796875,2581.069091796875,2581.069091796875,0
2019-01-02,2563.570068359375,2589.8182260558874,2537.3219106628626,2589.8182260558874,45319200
2019-01-03,2511.073974609375,2572.3196813071645,2484.8258145960367,2546.071521293826,74174000
2019-01-04,2607.3173828125,2607.3173828125,2502.324736524748,2511.0741237153943,78514000
2019-01-07,2598.56787109375,2651.0641917219064,2598.56787109375,2624.816031407828,53624800
2019-01-08,2572.31982421875,2616.066760004783,2572.31982421875,2598.56798569037,80073200
2019-01-09,2651.064208984375,2651.064208984375,2589.818501186056,2624.8160484993814,104903400
2019-01-10,2694.811279296875,2694.811279296875,2642.3149556742087,2668.5631174855416,130603200
2019-01-11,2694.811279296875,2729.8088283786524,2686.0618920264305,2712.3100538377635,88899400
2019-01-14,2694.811279296875,2712.3100538377635,2677.312504755986,2712.3100538377635,71320000
2019-01-15,2729.80859375,2729.80859375,2677.3122746394233,2712.309820713141,86697200
2019-01-16,2729.80859375,2738.5579802684297,2686.0616611578525,2729.80859375,78625600
2019-01-17,2756.056640625,2817.30234375,2729.808482142857,2729.808482142857,101961200
2019-01-18,2756.056640625,2773.5554129464285,2738.5578683035715,2764.806026785714,56790000
2019-01-21,2729.80859375,2764.8061398237182,2729.80859375,2738.5579802684297,111624400
2019-01-22,2712.3095703125,2729.8083417338707,2677.312027469758,2703.5601846018144,123558000
2019-01-23,2616.06640625,2694.8108800167224,2616.06640625,2651.063950146321,162196000
2019-01-24,2616.06640625,2624.8157922240803,2598.5676343018395,2616.06640625,179821400
2019-01-25,2581.069091796875,2633.5654123079976,2554.8209315413133,2616.06663880429,143184800
2019-01-28,2511.073974609375,2598.5678413205032,2476.076427924924,2581.0690679782774,207013400
2019-01-29,2493.574951171875,2537.3218801398025,2467.3267937911182,2511.073722759046,162587800
2019-01-30,2537.322021484375,2563.570180327317,2493.575090079472,2493.575090079472,175565200
2019-01-31,2607.3173828125,2616.066770003146,2546.071672477978,2563.57044685927,214008600
2019-02-01,2659.8134765625,2668.562862998561,2616.0665443821954,2624.815930818256,104295400
2019-02-04,2572.31982421875,2659.8136957908164,2572.31982421875,2624.8161471619896,80919200
2019-02-05,2572.31982421875,2572.31982421875,2572.31982421875,2572.31982421875,0
2019-02-06,2616.06640625,2633.5651781981605,2598.5676343018395,2607.3170202759197,60281400
2019-02-07,2642.314697265625,2642.314697265625,2598.567765191691,2616.0665380212645,31622800
2019-02-08,2651.064208984375,2651.064208984375,2598.5678880143873,2624.8160484993814,46828400
2019-02-11,2668.56298828125,2668.56298828125,2633.565440893955,2659.813601434426,72358200
2019-02-12,2598.56787109375,2686.061738807344,2581.069097551031,2686.061738807344,82644200
2019-02-13,2537.322021484375,2616.0664980132005,2537.322021484375,2598.5677254512393,75046400
2019-02-14,2511.073974609375,2581.0690679782774,2511.073974609375,2572.3196813071645,95699000
2019-02-15,2511.073974609375,2528.572747951601,2484.8258145960367,2502.324587938262,92002800
2019-02-18,2546.071533203125,2554.8209199151634,2511.073986354972,2554.8209199151634,86216800
2019-02-19,2519.8232421875,2563.5701734754775,2493.5750834147134,2546.0714009602866,92714200
2019-02-20,2484.826171875,2537.322499449824,2432.3298443001763,2537.322499449824,192881200
2019-02-21,2563.570068359375,2563.570068359375,2484.825595269838,2493.574981168675,100203800
2019-02-22,2484.826171875,2554.821275308099,2467.3273960167253,2546.0718873789615,167596800
2019-02-25,2537.322021484375,2537.322021484375,2493.575090079472,2502.3244763604525,91520000
2019-02-26,2546.071533203125,2546.071533203125,2502.324599642934,2546.071533203125,94091000
2019-02-27,2519.8232421875,2546.0714009602866,2502.324469672309,2519.8232421875,72356800
2019-02-28,2493.574951171875,2537.3218801398025,2484.8255653782894,2528.572494346217,84980200
2019-03-01,2511.073974609375,2528.572747951601,2493.575201267149,2502.324587938262,47003200
2019-03-04,2484.826171875,2511.074335662412,2484.826171875,2511.074335662412,29659800
2019-03-05,2432.329345703125,2493.575048652484,2379.8330288893885,2467.3268902456157,223113200
2019-03-06,2476.076416015625,2476.076416015625,2406.081322983381,2449.8282561285337,94977600
2019-03-07,2476.076416015625,2476.076416015625,2476.076416015625,2476.076416015625,0
2019-03-08,2414.83056640625,2467.3268830672555,2414.83056640625,2467.3268830672555,71523400
2019-03-11,2397.332275390625,2432.3298268561816,2388.582887524236,2432.3298268561816,53912400
2019-03-12,2353.5849609375,2406.0812797688195,2336.0861879937265,2388.5825068250465,60509600
2019-03-13,2344.8359375,2379.83348880597,2327.337161847015,2379.83348880597,55730600
2019-03-14,2414.83056640625,2423.5799525164175,2353.584863635077,2379.83302196558,44212200
2019-03-15,2484.826171875,2484.826171875,2423.580456371039,2423.580456371039,71744400
2019-03-18,2484.826171875,2528.573111520687,2458.578008087588,2502.3249477332747,52140200
2019-03-19,2581.069091796875,2589.8184785487288,2502.3246110301907,2511.0739977820444,158696000
2019-03-20,2589.818359375,2607.31713207348,2554.820813978041,2589.818359375,51652800
2019-03-21,2616.06640625,2633.5651781981605,2607.3170202759197,2624.8157922240803,68829800
2019-03-22,2607.3173828125,2624.8161571937917,2598.5679956218537,2616.066770003146,45259400
2019-03-25,2511.073974609375,2563.570294636052,2511.073974609375,2537.3221346227133,45751600
2019-03-26,2554.82080078125,2572.319573389341,2546.0714144772046,2546.0714144772046,28799400
2019-03-27,2528.572998046875,2598.5680983388297,2528.572998046875,2598.5680983388297,38906600
2019-03-28,2581.069091796875,2581.069091796875,2537.3221580376057,2554.8209315413133,47868600
2019-03-29,2616.06640625,2624.8157922240803,2563.5700904055184,2589.818248327759,71140200
2019-04-01,2624.816162109375,2633.5655493164063,2607.317387695313,2624.816162109375,57890600
2019-04-02,2598.56787109375,2633.5654181791874,2563.570324008312,2633.5654181791874,36872800
2019-04-03,2598.56787109375,2598.56787109375,2598.56787109375,2598.56787109375,0
2019-04-04,2686.0615234375,2694.810909507329,2624.8158209486974,2624.8158209486974,119083400
2019-04-05,2642.314697265625,2686.061629339559,2642.314697265625,2686.061629339559,40534200
2019-04-08,2624.816162109375,2659.8137109375,2581.069226074219,2659.8137109375,45862600
2019-04-09,2686.0615234375,2703.560295577158,2642.314593088355,2651.0639791581843,61437800
2019-04-10,2642.314697265625,2686.061629339559,2633.565310850838,2677.3122429247724,30552600
2019-04-11,2589.818359375,2659.813450168919,2589.818359375,2651.064063819679,70389000
2019-04-12,2563.570068359375,2589.8182260558874,2554.8206824605377,2572.3194542582123,53372400
2019-04-15,2572.31982421875,2607.3173728475763,2563.5704370615435,2589.8185985331634,48251000
2019-04-16,2668.56298828125,2668.56298828125,2572.3197329661884,2581.069119813012,143066800
2019-04-17,2668.56298828125,2668.56298828125,2668.56298828125,2668.56298828125,0
2019-04-18,2729.80859375,2843.5506184895835,2721.059207231571,2729.80859375,243343400
2019-04-19,2729.80859375,2729.80859375,2729.80859375,2729.80859375,0
2019-04-22,2712.3095703125,2756.0564988659276,2677.312027469758,2729.8083417338707,69981800
2019-04-23,2686.0615234375,2721.059067716816,2686.0615234375,2694.810909507329,65384600
2019-04-24,2686.0615234375,2703.560295577158,2668.562751297842,2694.810909507329,55408400
2019-04-25,2677.3125,2686.061887254902,2642.314950980392,2677.3125,111185200
2019-04-26,2703.560302734375,2729.8084610133496,2616.0664418044603,2642.3146000834345,150697400
2019-04-29,2721.059326171875,2729.8087130727495,2686.0617785683785,2694.8111654692525,112773000
2019-04-30,2703.560302734375,2756.0566192923243,2703.560302734375,2738.5578471063413,103243000
2019-05-01,2703.560302734375,2703.560302734375,2703.560302734375,2703.560302734375,0
2019-05-02,2694.811279296875,2703.5606665673195,2668.5631174855416,2694.811279296875,68943800
2019-05-03,2677.3125,2694.8112745098038,2651.064338235294,2694.8112745098038,60141600
2019-05-06,2633.565185546875,2651.063957543864,2563.570097558918,2624.8157995483803,100956600
2019-05-07,2677.3125,2686.061887254902,2642.314950980392,2686.061887254902,68861800
2019-05-08,2633.565185546875,2651.063957543864,2607.317027551391,2624.8157995483803,79916800
2019-05-09,2624.816162109375,2651.064323730469,2607.317387695313,2607.317387695313,90947000
2019-05-10,2616.06640625,2651.063950146321,2581.068862353679,2642.314564172241,65009400
2019-05-13,2633.565185546875,2677.312115539348,2624.8157995483803,2651.063957543864,83342800
2019-05-14,2607.3173828125,2633.565544384438,2589.818608431208,2607.3173828125,85983800
2019-05-15,2598.56787109375,2659.8135784932656,2598.56787109375,2633.5654181791874,112972400
2019-05-16,2572.31982421875,2607.3173728475763,2537.3222755899233,2572.31982421875,86481000
2019-05-17,2476.076416015625,2624.8159887091433,2476.076416015625,2624.8159887091433,59716600
2019-05-20,2528.572998046875,2546.071773119864,2441.079122681931,2449.8285102184254,93447200
2019-05-21,2537.322021484375,2572.3195666082975,2476.0763175175107,2546.0714077653556,128877200
2019-05-22,2554.82080078125,2589.8183459974316,2528.572641869114,2563.5701870852954,88253000
2019-05-23,2651.064208984375,2659.8135958127064,2563.5703407010624,2572.3197275293937,65668800
2019-05-24,2694.811279296875,2721.059441108208,2651.0643429446527,2659.813730215097,99151200
2019-05-27,2790.9931640625,2790.9931640625,2718.7344413683254,2745.831462378641,144611000
2019-05-28,2664.54052734375,2781.9609573622884,2655.508186573093,2781.9609573622884,298780800
2019-05-29,2727.766845703125,2727.766845703125,2673.57280241101,2691.6374835083816,89397400
2019-05-30,2727.766845703125,2727.766845703125,2727.766845703125,2727.766845703125,0
2019-05-31,2772.928466796875,2809.057827927779,2727.766765383245,2745.831445948697,173453000
2019-06-03,2772.928466796875,2772.928466796875,2772.928466796875,2772.928466796875,0
2019-06-04,2772.928466796875,2772.928466796875,2772.928466796875,2772.928466796875,0
2019-06-05,2772.928466796875,2772.928466796875,2772.928466796875,2772.928466796875,0
2019-06-06,2772.928466796875,2772.928466796875,2772.928466796875,2772.928466796875,0
2019-06-07,2772.928466796875,2772.928466796875,2772.928466796875,2772.928466796875,0
2019-06-10,2836.155029296875,2872.2843927274084,2827.1226884392418,2836.155029296875,208042400
2019-06-11,2845.187255859375,2854.2195963541667,2818.0902343750004,2845.187255859375,107140400
2019-06-12,2845.187255859375,2854.2195963541667,2818.0902343750004,2854.2195963541667,69330800
2019-06-13,2827.122802734375,2854.2198264027556,2781.9610966204073,2845.187485179962,63482400
2019-06-14,2827.122802734375,2845.187485179962,2818.0904615115815,2845.187485179962,61672200
2019-06-17,2818.090087890625,2854.219447991787,2818.090087890625,2854.219447991787,47269400
2019-06-18,2836.155029296875,2845.1873701545082,2809.058006723975,2809.058006723975,104106200
2019-06-19,2881.31689453125,2890.349235893417,2845.1875290825824,2854.219870444749,156615200
2019-06-20,2872.284423828125,2908.413787649862,2863.2520828726906,2890.349105738994,93589200
2019-06-21,2881.31689453125,2899.3815772555836,2854.219870444749,2890.349235893417,145919600
2019-06-24,2881.31689453125,2899.3815772555836,2854.219870444749,2854.219870444749,70252200
2019-06-25,2872.284423828125,2899.381446694428,2863.2520828726906,2899.381446694428,59303200
2019-06-26,2872.284423828125,2890.349105738994,2836.1550600063874,2836.1550600063874,72115200
2019-06-27,2890.348876953125,2908.413557434082,2881.3165367126467,2881.3165367126467,63152000
2019-06-28,2899.38134765625,2908.4136883031542,2881.3166663624415,2899.38134765625,61888000
2019-07-01,2890.348876953125,2917.445897674561,2881.3165367126467,2908.413557434082,61455600
2019-07-02,2899.38134765625,2908.4136883031542,2881.3166663624415,2908.4136883031542,64875600
2019-07-03,2899.38134765625,2899.38134765625,2872.2843257155373,2872.2843257155373,93933600
2019-07-04,2899.38134765625,2908.4136883031542,2890.3490070093458,2908.4136883031542,31578600
2019-07-05,2827.122802734375,2899.3815325167234,2790.993437843201,2863.252167625549,186756200
2019-07-08,2845.187255859375,2845.187255859375,2790.9932128906253,2800.025553385417,105905600
2019-07-09,2854.219970703125,2863.252312382565,2818.090603985364,2827.122945664804,88590800
2019-07-10,2872.284423828125,2890.349105738994,2863.2520828726906,2872.284423828125,100964600
2019-07-11,2890.348876953125,2908.413557434082,2881.3165367126467,2899.381217193604,70231200
2019-07-12,2917.446044921875,2935.51072631458,2899.38136352917,2908.4137042255225,73474000
2019-07-15,2944.54296875,2953.5753091449383,2926.4782879601225,2944.54296875,89444800
2019-07-16,2917.446044921875,2935.51072631458,2881.316682136465,2917.446044921875,146626400
2019-07-17,2881.31689453125,2908.413918617751,2872.284553169083,2890.349235893417,128231000
2019-07-18,2836.155029296875,2872.2843927274084,2827.1226884392418,2854.219711012142,142262000
2019-07-19,2845.187255859375,2854.2195963541667,2818.0902343750004,2818.0902343750004,104530000
2019-07-22,2809.05810546875,2827.122787819031,2800.0257642936094,2818.0904466438906,82851000
2019-07-23,2781.9609375,2836.1549817370133,2781.9609375,2827.122641030844,74981800
2019-07-24,2781.9609375,2827.122641030844,2781.9609375,2781.9609375,65565800
2019-07-25,2818.090087890625,2818.090087890625,2781.9607277894634,2790.993067814754,77462000
2019-07-26,2800.025390625,2809.057730594758,2754.8636907762098,2763.896030745968,62727400
2019-07-29,2818.090087890625,2827.1224279159155,2772.928387764173,2827.1224279159155,55206400
2019-07-30,2872.284423828125,2881.3167647835594,2790.993355229216,2818.0903780955186,87075600
2019-07-31,2881.31689453125,2881.31689453125,2818.0905049960816,2845.1875290825824,59008800
2019-08-01,2809.05810546875,2854.2198113444533,2790.9934231184684,2845.1874701693127,96731000
2019-08-02,2772.928466796875,2800.025487645053,2745.831445948697,2781.960807079601,103727000
2019-08-05,2682.605224609375,2763.89629202178,2646.4758613149725,2745.831610374579,129862600
2019-08-06,2619.37890625,2673.572952586207,2565.1848599137934,2637.443588362069,157132400
2019-08-07,2655.50830078125,2673.57298309949,2628.4112773038905,2628.4112773038905,103932800
2019-08-08,2709.702392578125,2718.734733886719,2655.5083447265624,2691.6377099609376,85711800
2019-08-09,2691.637451171875,2727.7668129325716,2691.637451171875,2709.702132052223,39017600
2019-08-12,2673.572509765625,2709.7018680057013,2655.507830645587,2709.7018680057013,69256600
2019-08-13,2655.50830078125,2727.7670300542095,2637.4436184630104,2727.7670300542095,68067800
2019-08-14,2709.702392578125,2718.734733886719,2655.5083447265624,2709.702392578125,107613000
2019-08-15,2673.572509765625,2673.572509765625,2637.443151525549,2655.507830645587,57456400
2019-08-16,2664.54052734375,2682.605208885064,2646.4758458024367,2673.572868114407,47693000
2019-08-19,2655.50830078125,2691.6376654177297,2646.47595962213,2691.6376654177297,38551200
2019-08-20,2664.54052734375,2691.6375496557202,2637.4435050317798,2682.605208885064,75396200
2019-08-21,2610.346435546875,2655.508138584018,2610.346435546875,2646.4757979765895,49841400
2019-08-22,2610.346435546875,2646.4757979765895,2583.2494137245894,2637.443457369161,77652800
2019-08-23,2592.281982421875,2619.3790066283755,2583.249641019708,2619.3790066283755,44535800
2019-08-26,2547.1201171875,2565.184798869681,2529.055435505319,2565.184798869681,78614600
2019-08-27,2538.087890625,2574.217255616103,2538.087890625,2547.1202318727755,153201600
2019-08-28,2547.1201171875,2565.184798869681,2510.990753823138,2538.0877763464096,96082400
2019-08-29,2556.152587890625,2565.184929190592,2538.087905290691,2547.120246590658,63748800
2019-08-30,2619.37890625,2619.37890625,2556.152518857759,2574.217200969828,106370600
2019-09-02,2592.281982421875,2610.3466652262086,2574.2172996175414,2610.3466652262086,37622200
2019-09-03,2492.926025390625,2601.314113451087,2465.8290033755097,2592.2817727793818,96998200
2019-09-04,2501.958251953125,2520.0229324726424,2474.8612311738493,2520.0229324726424,74434600
2019-09-05,2520.023193359375,2538.087875749048,2501.9585109697023,2529.0555345542116,78642800
2019-09-06,2547.1201171875,2583.2494805518613,2520.0230946642287,2538.0877763464096,88646000
2019-09-09,2520.023193359375,2556.152558138721,2501.9585109697023,2556.152558138721,55841400
2019-09-10,2547.1201171875,2547.1201171875,2492.9260721409573,2492.9260721409573,52070400
2019-09-11,2583.249755859375,2583.249755859375,2510.991021429742,2529.0557050371503,80777800
2019-09-12,2583.249755859375,2646.476148485304,2565.1850722519666,2619.3791230741913,84564600
2019-09-13,2601.314208984375,2619.378890991211,2574.217185974121,2610.346549987793,28700200
2019-09-16,2529.05517578125,2565.1845354352677,2501.9581560407364,2547.119855608259,66615800
2019-09-17,2520.023193359375,2565.1848993335575,2501.9585109697023,2501.9585109697023,70992200
2019-09-18,2601.314208984375,2601.314208984375,2547.120162963867,2556.152503967285,53708400
2019-09-19,2565.18505859375,2592.2820838605853,2556.152716838138,2592.2820838605853,35941600
2019-09-20,2556.152587890625,2583.2496117905257,2520.0232226907574,2565.184929190592,104743400
2019-09-23,2529.05517578125,2565.1845354352677,2510.990495954241,2547.119855608259,49012600
2019-09-24,2510.99072265625,2520.0230633852293,2474.861359740333,2501.9583819272707,52110000
2019-09-25,2492.926025390625,2529.055388077446,2483.8936847189198,2520.0230474057407,37565400
2019-09-26,2565.18505859375,2565.18505859375,2510.9910080600794,2529.0556915713028,45471400
2019-09-27,2520.023193359375,2547.1202169438843,2510.9908521645384,2529.0555345542116,44329400
2019-09-30,2520.023193359375,2520.023193359375,2492.9261697748657,2492.9261697748657,58294000
2019-10-01,2492.926025390625,2547.120069420856,2492.926025390625,2492.926025390625,31243400
2019-10-02,2357.44091796875,2510.9907095605845,2348.4085772868775,2483.8936875149666,129586200
2019-10-03,2312.279296875,2357.44100189209,2267.11759185791,2357.44100189209,146789000
2019-10-04,2312.279296875,2357.44100189209,2285.182273864746,2330.343978881836,69121800
2019-10-07,2294.214599609375,2339.376304326095,2285.182258666031,2339.376304326095,36656400
2019-10-08,2348.408447265625,2348.408447265625,2294.21440617488,2294.21440617488,104992000
2019-10-09,2321.3115234375,2339.376204553745,2312.2791828793775,2330.3438639956225,55131400
2019-10-10,2357.44091796875,2384.537940014368,2321.3115552412596,2321.3115552412596,120255400
2019-10-11,2366.47314453125,2402.60250551646,2339.3761237923427,2348.408464038645,96816400
2019-10-14,2384.537841796875,2411.634862726385,2348.4084805575285,2393.570182106712,65272800
2019-10-15,2375.505859375,2384.5382010456274,2348.408834363118,2366.4735177043726,94139600
2019-10-16,2393.5703125,2402.602653301887,2366.4732900943395,2384.5379716981133,118973800
2019-10-17,2420.667236328125,2420.667236328125,2393.5702150259444,2393.5702150259444,150037800
2019-10-18,2447.76416015625,2483.8935204537593,2402.6024597843634,2411.6347998587407,117544400
2019-10-21,2456.796630859375,2465.828971414005,2420.6672686408547,2456.796630859375,83622800
2019-10-22,2465.8291015625,2474.8614425938645,2438.7320784684066,2474.8614425938645,62050200
2019-10-23,2556.152587890625,2565.184929190592,2438.7321509910557,2465.8291748909564,98440400
2019-10-24,2610.346435546875,2619.3787761543035,2556.1523919023034,2574.2170731171605,132797200
2019-10-25,2529.05517578125,2628.410914829799,2520.0228358677455,2628.410914829799,105735200
2019-10-28,2529.05517578125,2556.152195521763,2501.9581560407364,2529.05517578125,46389600
2019-10-29,2565.18505859375,2583.249742104974,2529.0556915713028,2565.18505859375,91735400
2019-10-30,2538.087890625,2556.1525731205516,2520.0232081294484,2556.1525731205516,47667200
2019-10-31,2538.087890625,2547.1202318727755,2492.926184386121,2547.1202318727755,78160000
2019-11-01,2520.023193359375,2538.087875749048,2501.9585109697023,2538.087875749048,24366800
2019-11-04,2483.893798828125,2538.0878453480113,2483.893798828125,2529.0555042613637,56584800
2019-11-05,2601.314208984375,2601.314208984375,2501.9584579467773,2510.9907989501953,94253000
2019-11-06,2520.023193359375,2601.3142641129034,2465.8291461903564,2592.281922918067,113175200
2019-11-07,2529.05517578125,2538.0875156947545,2447.7641165597097,2538.0875156947545,78753600
2019-11-08,2565.18505859375,2583.249742104974,2474.861641037632,2520.0233498156913,76355000
2019-11-11,2547.1201171875,2565.184798869681,2520.0230946642287,2556.1524580285904,45212000
2019-11-12,2538.087890625,2565.1849143683276,2501.958525633897,2529.055549377224,52900800
2019-11-13,2483.893798828125,2529.0555042613637,2447.764434481534,2529.0555042613637,75148400
2019-11-14,2483.893798828125,2492.9261399147726,2420.667411221591,2483.893798828125,66698600
2019-11-15,2510.99072265625,2538.087744843188,2501.9583819272707,2501.9583819272707,47017200
2019-11-18,2520.023193359375,2538.087875749048,2483.893828580029,2510.9908521645384,61287000
2019-11-19,2583.249755859375,2583.249755859375,2510.991021429742,2538.0880468408545,67006200
2019-11-20,2565.18505859375,2601.3144256161972,2547.1203750825266,2583.249742104974,46727600
2019-11-21,2592.281982421875,2601.314323824042,2510.9909098023736,2529.0555926067073,60944600
2019-11-22,2556.152587890625,2592.2819530904926,2547.120246590658,2565.184929190592,40452800
2019-11-25,2520.023193359375,2547.1202169438843,2501.9585109697023,2529.0555345542116,47676200
2019-11-26,2501.958251953125,2547.119953251918,2492.9259116933663,2529.0552727324007,173533200
2019-11-27,2492.926025390625,2520.0230474057407,2456.7966627038045,2465.8290033755097,72928800
2019-11-28,2447.76416015625,2492.9258605281366,2447.76416015625,2474.861180379382,56275200
2019-11-29,2520.023193359375,2529.0555345542116,2447.764463800683,2447.764463800683,53250600
2019-12-02,2565.18505859375,2583.249742104974,2501.9586663044674,2520.0233498156913,74561000
2019-12-03,2592.281982421875,2592.281982421875,2538.087934008874,2547.120275411041,79039000
2019-12-04,2556.152587890625,2583.2496117905257,2547.120246590658,2556.152587890625,65802200
2019-12-05,2592.281982421875,2601.314323824042,2556.1526168132077,2565.1849582153745,74217800
2019-12-06,2592.281982421875,2610.3466652262086,2574.2172996175414,2601.314323824042,53720600
2019-12-09,2619.37890625,2637.443588362069,2601.314224137931,2601.314224137931,72098600
2019-12-10,2664.54052734375,2673.572868114407,2601.3141419491526,2601.3141419491526,132230000
2019-12-11,2655.50830078125,2673.57298309949,2646.47595962213,2655.50830078125,68454200
2019-12-12,2637.443359375,2691.637401005993,2628.4110191031677,2646.4756996468323,79738600
2019-12-13,2664.54052734375,2691.6375496557202,2655.508186573093,2673.572868114407,127472400
2019-12-16,2655.50830078125,2682.60532425861,2655.50830078125,2655.50830078125,96037400
2019-12-17,2655.50830078125,2673.57298309949,2646.47595962213,2655.50830078125,100790000
2019-12-18,2718.734130859375,2727.766470164556,2646.47541641793,2655.50775572311,123281600
2019-12-19,2745.83154296875,2745.83154296875,2700.6698399593956,2718.7345211631373,112903200
2019-12-20,2781.9609375,2781.9609375,2727.766893262987,2727.766893262987,150472200
2019-12-23,2790.9931640625,2818.0901850728155,2772.9284833889565,2818.0901850728155,131246800
2019-12-26,2818.090087890625,2827.1224279159155,2800.0254078400444,2809.057747865335,140936400
2019-12-27,2800.025390625,2827.122410534274,2790.993050655242,2827.122410534274,58182800
2019-12-30,2772.928466796875,2818.090168210505,2763.896126514149,2790.993147362327,78005800
2020-01-02,2800.025390625,2809.057730594758,2763.896030745968,2772.9283707157256,37379800
2020-01-03,2790.9931640625,2827.1225254095875,2754.863802715413,2800.025504399272,70294600
2020-01-06,2745.83154296875,2772.9285647743627,2718.7345211631373,2763.8962241724917,61892000
2020-01-07,2745.83154296875,2790.9932459781044,2736.799202366879,2790.9932459781044,70895600
2020-01-08,2709.702392578125,2727.7670751953124,2664.5406860351563,2727.7670751953124,105080600
2020-01-09,2781.9609375,2790.9932782061687,2718.7345525568185,2727.766893262987,75587000
2020-01-10,2790.9931640625,2790.9931640625,2763.8961430521845,2781.9608237257285,64231800
2020-01-13,2790.9931640625,2800.025504399272,2763.8961430521845,2790.9931640625,75399600
2020-01-14,2800.025390625,2818.0900705645163,2781.9607106854837,2818.0900705645163,104134400
2020-01-15,2763.896484375,2818.090533088235,2745.831801470588,2800.0258501838234,89795200
2020-01-16,2727.766845703125,2772.928548446554,2718.734505154439,2745.8315268004967,145432200
2020-01-17,2790.9931640625,2800.025504399272,2718.7344413683254,2736.799122041869,130500200
2020-01-20,2754.864013671875,2818.0904008709017,2745.8316726434423,2818.0904008709017,24031800
2020-01-21,2781.9609375,2800.025618912338,2754.863915381494,2800.025618912338,39166600
2020-01-22,2818.090087890625,2836.154767941206,2790.993067814754,2800.0254078400444,122175200
2020-01-23,2809.05810546875,2827.122787819031,2781.961081943328,2818.0904466438906,83127800
2020-01-24,2863.251953125,2890.3489747634067,2790.9932287559145,2827.1225909404575,154702000
2020-01-27,2790.9931640625,2881.3165674302186,2781.9608237257285,2872.2842270934466,98280000
2020-01-28,2800.025390625,2827.122410534274,2745.8313508064516,2763.896030745968,69349600
2020-01-29,2818.090087890625,2863.2517880170776,2809.057747865335,2827.1224279159155,109661000
2020-01-30,2763.896484375,2827.122874540441,2745.831801470588,2818.090533088235,85395600
2020-01-31,2727.766845703125,2781.96088899524,2691.6374835083816,2772.928548446554,157661000
2020-02-03,2709.702392578125,2736.7994165039063,2655.5083447265624,2673.57302734375,87271800
2020-02-04,2718.734130859375,2772.928166690459,2709.701791554194,2745.831148774917,138857400
2020-02-05,2781.9609375,2781.9609375,2727.766893262987,2745.8315746753246,130211200
2020-02-06,2781.9609375,2836.1549817370133,2772.9285967938313,2818.0903003246754,111029400
2020-02-07,2790.9931640625,2800.025504399272,2772.9284833889565,2772.9284833889565,86438600
2020-02-10,2790.9931640625,2800.025504399272,2745.831462378641,2781.9608237257285,78553800
2020-02-11,2809.05810546875,2827.122787819031,2772.9287407681873,2790.9934231184684,98520200
2020-02-12,2818.090087890625,2854.219447991787,2809.057747865335,2827.1224279159155,104678800
2020-02-13,2836.155029296875,2872.2843927274084,2818.0903475816085,2827.1226884392418,87904000
2020-02-14,2827.122802734375,2836.1551439571685,2800.0257790659944,2800.0257790659944,41345200
2020-02-17,2836.155029296875,2845.1873701545082,2818.0903475816085,2836.155029296875,29816600
2020-02-18,2827.122802734375,2836.1551439571685,2818.0904615115815,2818.0904615115815,65442000
2020-02-19,2872.284423828125,2872.284423828125,2818.0903780955186,2836.1550600063874,121614200
2020-02-20,2890.348876953125,2908.413557434082,2863.2518562316895,2899.381217193604,114537600
2020-02-21,2854.219970703125,2890.349337420886,2827.122945664804,2872.2846540620053,91798000
2020-02-24,2809.05810546875,2827.122787819031,2763.8963995930467,2818.0904466438906,128768800
2020-02-25,2818.090087890625,2854.219447991787,2781.9607277894634,2809.057747865335,105951800
2020-02-26,2763.896484375,2800.0258501838234,2763.896484375,2800.0258501838234,198171000
2020-02-27,2655.50830078125,2781.961077008929,2619.3789361447707,2763.896394690689,223088600
2020-02-28,2761.149658203125,2761.149658203125,2485.9835410626074,2561.8914354461986,188868200
2020-03-02,2637.799560546875,2751.6614120812724,2637.799560546875,2713.7074615698066,101550200
2020-03-03,2732.684326171875,2789.615249633789,2666.2649154663086,2694.7303771972656,96445200
2020-03-04,2837.057861328125,2846.546349158654,2742.172983022837,2751.6614708533657,92555400
2020-03-05,2884.5,2903.4769736842104,2846.546052631579,2865.5230263157896,104748600
2020-03-06,2751.661376953125,2808.5923019935344,2742.17288944639,2808.5923019935344,72311200
2020-03-09,2495.472412109375,2656.776712511882,2495.472412109375,2656.776712511882,113132400
2020-03-10,2609.334228515625,2656.776669034091,2523.9378355823865,2523.9378355823865,114052000
2020-03-11,2590.357177734375,2675.7535682091348,2514.4492750901445,2628.3111290564907,97168800
2020-03-12,2438.54150390625,2533.426387326727,2362.6335971698686,2457.5184805903455,91578200
2020-03-13,2410.075927734375,2457.518367256705,2277.2370970718503,2353.145000307579,238623800
2020-03-16,2410.075927734375,2410.075927734375,2410.075927734375,2410.075927734375,0
2020-03-17,2096.955810546875,2248.771615835337,2096.955810546875,2248.771615835337,186380400
2020-03-18,1954.6282958984375,2144.3980333643053,1954.6282958984375,2125.4210596177186,215103400
2020-03-19,1817.994140625,1897.697432802714,1817.994140625,1897.697432802714,167876200
2020-03-20,1692.74609375,1799.0171489630045,1692.74609375,1799.0171489630045,478236600
2020-03-23,1575.0889892578125,1650.9968923545746,1575.0889892578125,1650.9968923545746,59985800
2020-03-24,1465.0225830078125,1605.4522088401677,1465.0225830078125,1575.0890464980369,237296200
2020-03-26,1696.54150390625,1738.2908474028243,1434.6592583368288,1442.2500480634787,386557200
2020-03-27,1874.92529296875,1983.0940598707932,1707.9278984533148,1711.723293783211,396812000
2020-03-30,1745.8817138671875,1836.971194590693,1745.8817138671875,1836.971194590693,39766600
2020-03-31,1776.244873046875,1829.380403437166,1688.9507874056824,1764.8586879632412,208047600
2020-04-01,1749.6771240234375,1852.1527907232917,1685.1554079531588,1764.8587042752677,152367000
2020-04-02,1802.8125,1802.8125,1654.792105263158,1734.4953947368422,132225200
2020-04-03,1907.1859130859375,1907.1859130859373,1821.7895289179103,1821.7895289179103,105225600
2020-04-06,1973.6055908203125,1983.0940792377178,1859.7437298114482,1907.186171898475,113980400
2020-04-07,1945.1400146484375,2125.4212842987804,1886.3113898151676,2049.5133812881095,191464600
2020-04-08,1810.4033203125,1964.116809772995,1810.4033203125,1964.116809772995,155834800
2020-04-09,1772.449462890625,1859.7435477867373,1749.6770929177262,1821.789597831906,163570800
2020-04-13,1696.54150390625,1776.2447960360737,1696.54150390625,1776.2447960360737,115331000
2020-04-14,1734.495361328125,1761.063123974289,1669.9736520445845,1700.336809354486,132848000
2020-04-15,1669.973876953125,1780.0403370250356,1669.973876953125,1761.0633611505682,124661000
2020-04-16,1597.8612060546875,1669.9737070405286,1575.0888373223167,1669.9737070405286,215224000
2020-04-17,1662.3831787109375,1677.5647602516767,1601.6568525479809,1601.6568525479809,163407600
2020-04-20,1658.587646484375,1719.3139676371209,1620.6336957639087,1688.9508070607478,120672000
2020-04-21,1650.996826171875,1673.7691961880387,1613.0428761449352,1658.5876161772628,92203200
2020-04-22,1704.13232421875,1707.927719150195,1613.042845864073,1643.406005315632,126786800
2020-04-23,1707.927734375,1734.4954991319446,1700.3369444444445,1704.1323394097224,115336400
2020-04-24,1624.4290771484375,1707.9277680298992,1624.4290771484375,1707.9277680298992,131631400
2020-04-27,1575.0889892578125,1650.9968923545746,1552.316618328784,1635.8153117352222,205382600
2020-04-28,1575.0889892578125,1609.2475456513555,1544.7258280191077,1590.270569877165,157370600
2020-04-29,1518.157958984375,1601.6566467285156,1518.157958984375,1594.0658569335938,192650200
2020-04-30,1692.74609375,1700.3368834080718,1540.9303005885652,1544.725695417601,229509600
2020-05-04,1628.224365234375,1692.746076677229,1609.2473912805942,1692.746076677229,80572600
2020-05-05,1601.6566162109375,1669.9737230635367,1578.8842472600709,1632.0197748120927,185282400
2020-05-06,1578.88427734375,1616.8382263183594,1578.88427734375,1613.0428314208984,138733000
2020-05-08,1594.0657958984375,1635.8151381719679,1586.4750063941592,1594.0657958984375,127482200
2020-05-11,1605.4520263671875,1624.4290006741282,1590.2704469216349,1624.4290006741282,83552200
2020-05-12,1521.953369140625,1605.4520577219062,1518.1579742051122,1605.4520577219062,188578000
2020-05-13,1521.953369140625,1537.134948882676,1480.2040248499843,1514.3625792695993,134821600
2020-05-14,1499.180908203125,1521.9532764289952,1480.2039346815664,1506.7716976117483,141388800
2020-05-15,1427.068603515625,1514.3626936242936,1396.705441738697,1499.1811127358296,227234200
2020-05-18,1411.886962890625,1442.2501233828966,1389.1145925214214,1442.2501233828966,158710600
2020-05-19,1465.0225830078125,1518.1581171065416,1427.068630080149,1427.068630080149,199655000
2020-05-20,1544.7257080078125,1563.7026823076628,1453.6362313685313,1461.2270210884712,237644400
2020-05-26,1556.1119384765625,1578.8843083079269,1540.9303585889863,1567.4981233922447,180545000
2020-05-27,1559.907470703125,1594.0660284557482,1521.953517644655,1575.089051926513,124329600
2020-05-28,1628.224365234375,1647.2013391881555,1575.0888381637892,1575.0888381637892,265460200
2020-05-29,1696.54150390625,1704.1322936329,1613.0428169131012,1628.224396366401,350546800
2020-06-02,1753.4725341796875,1893.9021527178877,1719.3139783190443,1726.9047685102983,207635400
2020-06-03,1844.5618896484375,1878.7204431604457,1742.0862291124133,1772.4493877897537,296607800
2020-06-04,1795.2216796875,1897.6973358218816,1791.4262850158561,1859.7433891054438,169836200
2020-06-05,1840.7664794921875,1848.357269098341,1745.8816094152708,1795.2217418552675,185391000
2020-06-08,1992.5823974609375,2021.0478602818082,1878.7205461774554,1897.697521391369,292605200
2020-06-09,2002.0709228515625,2068.4903373537472,1954.6284839214309,2011.559410637589,147413600
2020-06-10,1863.5390625,1983.0940125381874,1863.5390625,1973.6055244399186,289644200
2020-06-11,1780.0401611328125,1848.357267530234,1734.4954235345317,1821.7895039312368,364783800
2020-06-12,1855.9483642578125,1859.7437596857424,1681.3601745730284,1742.0865014199098,289959400
2020-06-15,1791.42626953125,1863.5387676691603,1780.0400856147378,1840.766399836136,169814600
2020-06-16,1907.1859130859375,1916.6744002157182,1829.380318621735,1829.380318621735,146116600
2020-06-17,1859.74365234375,1973.6055086096937,1855.9482571348851,1935.651556521046,213944600
2020-06-18,1829.38037109375,1886.3112955053812,1814.1987912506484,1836.9711610153008,152175200
2020-06-19,1852.1529541015625,1878.7207218858061,1829.3805817150678,1852.1529541015625,126356800
2020-06-22,1825.5849609375,1863.53891022934,1821.7895660083161,1852.1527254417879,66825000
2020-06-23,1817.994140625,1840.7665098186326,1780.040191968946,1840.7665098186326,95010400
2020-06-24,1954.6282958984375,1973.6052696450245,1855.9480324161864,1855.9480324161864,278417000
2020-06-25,1907.1859130859375,1973.605322994403,1874.9250568446828,1926.162887345499,146123000
2020-06-26,1897.697509765625,1954.6284350585938,1890.1067197265627,1945.1399475097658,85829000
2020-06-29,1874.92529296875,1897.6976649481276,1848.3575256594763,1890.1068742883351,99123000
2020-06-30,1878.720703125,1916.6746567234848,1878.720703125,1907.1861683238635,113994400
2020-07-01,1893.902099609375,1907.1859820715651,1863.538939695798,1897.6974945985721,67747600
2020-07-02,1897.697509765625,1907.1859973144533,1882.5159296875001,1890.1067197265627,80606600
2020-07-03,1897.697509765625,1926.1629724121094,1859.7435595703125,1882.5159296875001,57839800
2020-07-06,1926.1629638671875,1954.6284263873922,1897.6975013469826,1897.6975013469826,90019000
2020-07-07,1916.674560546875,1954.6285122408724,1916.674560546875,1945.140024317373,80447600
2020-07-08,2002.0709228515625,2030.5363862096417,1907.186044991299,1916.6745327773253,149466800
2020-07-09,1992.5823974609375,2049.5133231026784,1973.6054222470239,2030.536347888765,98277200
2020-07-10,1964.1170654296875,2002.0710183848507,1945.140088952106,1992.5825301460598,77850000
2020-07-13,1992.5823974609375,2021.0478602818082,1983.0939098539807,1992.5823974609375,72688200
2020-07-14,2011.5594482421875,2021.047936205594,1973.6054963885613,2011.5594482421875,78259800
2020-07-15,2002.0709228515625,2059.001849567721,1992.5824350655362,2030.5363862096417,60755400
2020-07-16,2002.0709228515625,2030.5363862096417,1992.5824350655362,2002.0709228515625,43859400
2020-07-17,1964.1170654296875,2011.5595066236415,1964.1170654296875,2002.0710183848507,60177000
2020-07-20,1935.6512451171875,1983.09367759555,1916.6742721258427,1964.116704604205,52111600
2020-07-21,2011.5594482421875,2068.4903760226266,1926.1630565715286,1954.6285204617482,145051400
2020-07-22,2059.00146484375,2096.955408896169,2011.5590347782256,2040.0244928175402,119245000
2020-07-23,2163.375,2191.840460526316,2059.001644736842,2077.9786184210525,145829600
2020-07-24,2125.421142578125,2163.3750915527344,2106.4441680908203,2163.3750915527344,66603400
2020-07-27,2229.79443359375,2229.79443359375,2106.444103224734,2134.9095640791224,58848200
2020-07-28,2220.30615234375,2277.2370793269233,2191.8406888521636,2239.2831280048076,74524600
2020-07-29,2163.375,2220.3059210526317,2153.886513157895,2220.3059210526317,69737200
2020-07-30,2201.3291015625,2201.3291015625,2134.9096890153555,2172.8636390422953,52644600
2020-08-03,2087.46728515625,2229.794600053267,2068.490309836648,2220.3061123934663,259720800
2020-08-04,2115.9326171875,2125.42110426009,2068.4901818245517,2096.955643042321,89173800
2020-08-05,2163.375,2163.375,2068.4901315789475,2106.4440789473683,133844600
2020-08-06,2191.840576171875,2229.7945255428167,2163.3751141436687,2163.3751141436687,90911200
2020-08-07,2201.3291015625,2201.3291015625,2134.9096890153555,2163.3751515355602,57228800
2020-08-10,2201.3291015625,2210.8175890692346,2144.3981765220906,2201.3291015625,50162400
2020-08-11,2267.748291015625,2315.190723882061,2201.328885002615,2210.817371575902,117978200
2020-08-12,2334.16796875,2381.6104071392274,2258.2600673272354,2277.2370426829266,92910400
2020-08-13,2296.214111328125,2372.1220158348397,2296.214111328125,2372.1220158348397,85989200
2020-08-14,2286.7255859375,2315.191049662863,2258.260122212137,2305.7025617544086,66653400
2020-08-18,2334.16796875,2362.6334317835363,2286.725530360772,2286.725530360772,115981200
2020-08-19,2315.19091796875,2372.1218421810963,2305.7024306000258,2343.656380074923,64511800
2020-08-24,2277.237060546875,2343.6564748128258,2248.771597290039,2296.2140360514322,132486400
2020-08-25,2372.1220703125,2381.61055859375,2296.2141640625,2296.2141640625,132365800
2020-08-26,2410.075927734375,2410.075927734375,2343.6565124031126,2372.1219761165107,78703400
2020-08-27,2391.09912109375,2410.076098245288,2353.145166790675,2410.076098245288,93450200
2020-08-28,2362.63330078125,2410.07573653991,2353.144813629518,2381.610275084714,75655000
2020-08-31,2258.260009765625,2391.0988338694856,2239.283034893645,2362.6333715615156,222818800
2020-09-01,2324.679443359375,2324.679443359375,2229.794568120217,2267.74851821588,85330800
2020-09-02,2305.702392578125,2353.1448286394034,2296.2139053658693,2324.6793670026364,93203600
2020-09-03,2267.748291015625,2334.1676970286353,2258.259804442338,2305.702237308774,129014800
2020-09-04,2248.771484375,2267.748458926688,2220.3060225474683,2258.259971650844,106844400
2020-09-07,2220.30615234375,2258.2601036658657,2191.8406888521636,2248.771615835337,100673600
2020-09-08,2267.748291015625,2277.2367775889124,2229.7943447224766,2239.2828312957636,60346000
2020-09-09,2191.840576171875,2239.283012885552,2182.3520888291396,2239.283012885552,98282200
2020-09-10,2040.0247802734375,2096.9557043740915,2040.0247802734377,2096.9557043740915,172775200
2020-09-11,2077.978515625,2096.9554883704336,1916.6742472888127,1916.6742472888127,271155800
2020-09-14,2182.35205078125,2191.8405379585597,2077.9786918308423,2077.9786918308423,143569800
2020-09-15,2153.88671875,2210.8176452367843,2125.421255506608,2182.352181993392,128927400
2020-09-16,2144.39794921875,2182.351895222622,2134.909462717782,2182.351895222622,57936000
2020-09-17,2115.9326171875,2182.352026695628,2096.955643042321,2125.42110426009,76432000
2020-09-18,2115.9326171875,2153.8865654778588,2087.4671559697313,2115.9326171875,91596600
2020-09-21,2077.978515625,2134.9094338613013,2049.5130565068494,2115.9324611158677,52930000
2020-09-22,2011.5594482421875,2059.00188805922,2002.0709602787808,2011.5594482421875,113596600
2020-09-23,1973.6055908203125,2040.02500974215,1945.1401255680964,2011.5595444899338,84710800
2020-09-24,1926.1629638671875,1954.6284263873922,1897.6975013469826,1916.6744763604524,121965000
2020-09-25,2030.5360107421875,2030.5360107421877,1926.1626643956265,1973.6050945531542,140455600
2020-09-28,1954.6282958984375,2059.001651504665,1954.6282958984375,2049.5131646313716,99702600
2020-09-29,1926.1629638671875,1992.5823764143317,1907.1859888537176,1973.605401400862,111325600
2020-09-30,1882.5159912109375,1954.628498938776,1844.5620397752332,1935.6515232209238,151529800
2020-10-01,1973.6055908203125,1973.6055908203125,1890.1068927471454,1897.6976834810696,78954200
2020-10-02,1973.6055908203125,1983.0940792377178,1897.6976834810696,1964.117102402907,99143400
2020-10-05,2030.5360107421875,2040.0244967736933,1964.1166085216487,1992.5820666161655,74300800
2020-10-06,2087.46728515625,2106.4442604758524,2068.490309836648,2087.46728515625,89104400
2020-10-07,2106.4443359375,2106.4443359375,2040.0249199394707,2049.513407939189,88748600
2020-10-08,2068.490234375,2115.932670943234,2059.001747061353,2106.4441836295873,88763400
2020-10-09,2106.4443359375,2115.9328239372185,2068.490383938626,2068.490383938626,90248600
2020-10-12,2134.90966796875,2144.3981553819444,2106.4442057291667,2115.932693142361,77947000
2020-10-13,2153.88671875,2153.88671875,2096.9557922632157,2134.9097432544054,69863400
2020-10-14,2191.840576171875,2191.840576171875,2134.909652115463,2172.863601486404,109787200
2020-10-15,2125.421142578125,2182.352066040039,2125.421142578125,2163.3750915527344,77289200
2020-10-16,2115.9326171875,2144.398078405269,2068.4901818245517,2125.42110426009,67817800
2020-10-19,2163.375,2172.8634868421054,2115.9325657894738,2125.421052631579,58936200
2020-10-20,2144.39794921875,2182.351895222622,2125.420976216814,2172.8634087216537,77213200
2020-10-21,2096.955810546875,2172.863713191106,2077.9788348858174,2153.8867375300483,113901800
2020-10-22,2068.490234375,2106.4441836295873,2049.5132597477063,2087.4672090022937,138701400
2020-10-23,2106.4443359375,2115.9328239372185,2077.9788719383446,2096.9558479377815,65900200
2020-10-26,2191.840576171875,2220.3060382000813,2134.909652115463,2134.909652115463,188574400
2020-10-27,2191.840576171875,2220.3060382000813,2163.3751141436687,2182.3520888291396,112695800
2020-11-02,2267.748291015625,2286.7252641621994,2125.4209924163183,2153.8864521361797,216862800
2020-11-03,2277.237060546875,2277.237060546875,2239.2831095377605,2267.7485727945964,75963400
2020-11-04,2163.375,2286.7253289473683,2163.375,2258.2598684210525,152817400
2020-11-05,2267.748291015625,2277.2367775889124,2210.817371575902,2229.7943447224766,175877400
2020-11-06,2296.214111328125,2315.1910874548034,2248.771671011428,2267.7486471381067,164219000
2020-11-09,2334.16796875,2391.098894817073,2296.2140180386177,2372.121919461382,122653200
2020-11-10,2419.564453125,2476.4953814338232,2391.0989889705884,2429.0529411764705,249588800
2020-11-11,2419.564453125,2467.0068933823527,2410.0759650735295,2438.541429227941,166490200
2020-11-12,2343.656494140625,2429.0528846153848,2315.1910306490386,2419.564396784856,136150600
2020-11-13,2372.1220703125,2372.1220703125,2305.70265234375,2315.191140625,122043800
2020-11-16,2353.14501953125,2448.0298993510582,2334.1680435672884,2391.0989714591733,133917600
2020-11-17,2372.1220703125,2419.56451171875,2353.14509375,2381.61055859375,106261600
2020-11-18,2410.075927734375,2410.075927734375,2334.1680244986464,2334.1680244986464,124936000
2020-11-19,2400.587646484375,2410.076135205657,2353.1452028779645,2372.122180320529,94808200
2020-11-20,2391.09912109375,2410.076098245288,2372.1221439422125,2381.6106325179812,100573600
2020-11-23,2429.052978515625,2438.5414667129517,2381.6105375289917,2391.0990257263184,106905400
2020-11-24,2438.54150390625,2467.006968932393,2419.5645272221545,2448.0299922482977,140929200
2020-11-25,2476.4951171875,2523.937552382663,2467.0066301484676,2467.0066301484676,197704000
2020-11-26,2552.403076171875,2552.403076171875,2485.983665267774,2504.960639811803,132275400
2020-11-27,2523.937744140625,2580.868670700188,2514.4492563806975,2571.3801829402605,124346800
2020-11-30,2400.587646484375,2514.4495111397605,2362.6336915992465,2485.984044975914,307900800
2020-12-01,2476.4951171875,2514.44906534363,2400.5872208752394,2400.5872208752394,176568000
2020-12-02,2523.937744140625,2523.937744140625,2457.5183298211346,2476.495305340989,114721600
2020-12-03,2495.472412109375,2533.426365145259,2476.495435591433,2523.937876886288,155342400
2020-12-04,2504.960693359375,2504.960693359375,2438.5412810354524,2467.0067434599905,74976000
2020-12-07,2542.91455078125,2561.8915250408113,2514.4490893919074,2533.426063651469,133585800
2020-12-08,2533.42626953125,2552.4032453329824,2504.9608058286517,2533.42626953125,70350400
2020-12-10,2580.868896484375,2599.8458736644075,2552.403430714327,2571.380407894359,187847000
2020-12-11,2571.380126953125,2609.3340771664552,2542.9146642931273,2599.8455896131227,94541800
2020-12-14,2552.403076171875,2580.868537987918,2533.426101627846,2552.403076171875,94645200
2020-12-15,2542.91455078125,2552.4030379110304,2504.9606022621265,2542.91455078125,135663800
2020-12-16,2571.380126953125,2590.35710205979,2552.40315184646,2580.8686145064576,97361800
2020-12-17,2609.334228515625,2609.334228515625,2571.3802761008524,2571.3802761008524,109966000
2020-12-18,2542.91455078125,2590.356986430154,2542.91455078125,2580.868499300373,142797800
2020-12-21,2542.91455078125,2580.868499300373,2533.426063651469,2571.380012170592,83174600
2020-12-22,2429.052978515625,2514.449372291565,2410.0760021209717,2495.4723958969116,165929800
2020-12-23,2410.075927734375,2504.9608067790355,2353.145000307579,2467.006855161171,110032400
2020-12-28,2476.4951171875,2495.4720912655653,2391.098733836207,2467.0066301484676,75527000
2020-12-29,2438.54150390625,2504.9609223005837,2429.0530155642023,2495.472433958536,57422600
2020-12-30,2400.587646484375,2476.495556254632,2400.587646484375,2476.495556254632,88941400
2021-01-04,2467.0068359375,2476.495323768029,2362.6334698016826,2410.075908954327,61058000
2021-01-05,2438.54150390625,2485.983945616488,2429.0530155642023,2485.983945616488,69928200
2021-01-06,2438.54150390625,2476.495457274441,2381.610573853964,2438.54150390625,87109000
2021-01-07,2457.51806640625,2476.4950398920128,2438.5410929204877,2448.029579663369,80114200
2021-01-08,2485.98388671875,2495.472374835997,2448.0299342497615,2457.5184223670085,93635600
2021-01-11,2599.845703125,2599.845703125,2485.983847513686,2495.472335481296,212763000
2021-01-12,2637.799560546875,2656.776535802608,2590.3571224075426,2618.8225852911423,168626000
2021-01-13,2628.311279296875,2685.2422095343527,2628.311279296875,2675.7537211614394,107392200
2021-01-14,2599.845703125,2675.753606865876,2590.357215157391,2675.753606865876,70295000
2021-01-15,2552.403076171875,2628.3109743479904,2514.4491270838175,2609.3339998039614,77235600
2021-01-18,2628.311279296875,2637.7997676697883,2504.9609304490073,2504.9609304490073,119006800
2021-01-19,2647.2880859375,2666.2650614639338,2599.845647121416,2656.776573700717,77834600
2021-01-20,2799.103759765625,2827.569221729343,2656.776449947034,2656.776449947034,220934600
2021-01-21,2751.661376953125,2799.1038144867994,2732.684401939655,2799.1038144867994,82052000
2021-01-22,2732.684326171875,2789.615249633789,2704.218864440918,2761.149787902832,117367200
2021-01-25,2770.638427734375,2770.638427734375,2666.2650623060254,2751.6614522019477,100647600
2021-01-26,2799.103759765625,2827.569221729343,2751.661323159428,2770.638297801907,206712400
2021-01-27,2770.638427734375,2808.5923787992297,2723.195988903307,2808.5923787992297,171581400
2021-01-28,2675.753662109375,2751.6615674174427,2618.8227331283247,2713.707614763409,135745000
2021-01-29,2495.472412109375,2742.173106842621,2495.472412109375,2694.730665547766,334227600
2021-02-01,2542.91455078125,2552.4030379110304,2353.1448081856342,2523.9375765216882,242540200
2021-02-02,2457.51806640625,2580.8683940637065,2429.0526061776063,2580.8683940637065,160482800
2021-02-03,2467.0068359375,2523.9377629206733,2448.0298602764424,2504.9607872596157,167044600
2021-02-04,2495.472412109375,2533.426365145259,2448.02997081452,2495.472412109375,139040400
2021-02-05,2485.98388671875,2542.914815422233,2448.0299342497615,2542.914815422233,97199600
2021-02-08,2495.472412109375,2533.426365145259,2485.983923850404,2504.960900368346,125050800
2021-02-09,2467.0068359375,2542.914738581731,2448.0298602764424,2504.9607872596157,208380400
2021-02-10,2467.0068359375,2495.472299429087,2457.518348106971,2495.472299429087,102693600
2021-02-11,2467.0068359375,2485.9838115985576,2467.0068359375,2485.9838115985576,35879400
2021-02-15,2467.0068359375,2495.472299429087,2467.0068359375,2485.9838115985576,48995200
2021-02-16,2457.51806640625,2485.983526634894,2448.029579663369,2467.0065531491314,63202000
2021-02-17,2410.075927734375,2457.518367256705,2391.098951925443,2448.0298793522393,117413600
2021-02-18,2372.1220703125,2429.053,2362.63358203125,2372.1220703125,113989000
2021-02-19,2419.564453125,2429.0529411764705,2353.1450367647058,2372.122012867647,102020400
2021-02-22,2419.564453125,2467.0068933823527,2419.564453125,2448.0299172794116,107680600
2021-02-23,2400.587646484375,2419.5646239269395,2391.099157763093,2391.099157763093,89107800
2021-02-24,2419.564453125,2429.0529411764705,2400.587477022059,2410.0759650735295,82498600
2021-02-25,2381.610595703125,2457.518503135894,2381.610595703125,2438.541526277702,133614800
2021-02-26,2334.16796875,2400.5873824949185,2315.190993394309,2343.6564564278456,246190600
2021-03-01,2495.472412109375,2504.960900368346,2362.633576483781,2362.633576483781,220785400
2021-03-02,2504.960693359375,2523.9376683090672,2467.0067434599905,2523.9376683090672,163296600
2021-03-03,2504.960693359375,2533.4261557839136,2476.495230934837,2533.4261557839136,78532200
2021-03-04,2485.98388671875,2523.9378391877385,2476.495398601503,2514.4493510704915,120612600
2021-03-05,2457.51806640625,2495.472013377775,2448.029579663369,2476.4950398920128,87239000
2021-03-08,2438.54150390625,2495.472433958536,2419.5645272221545,2485.983945616488,54098000
2021-03-09,2438.54150390625,2476.495457274441,2419.5645272221545,2419.5645272221545,111838800
2021-03-10,2467.0068359375,2467.0068359375,2448.0298602764424,2467.0068359375,51903000
2021-03-12,2552.403076171875,2561.8915634438895,2485.983665267774,2485.983665267774,159202400
2021-03-15,2523.937744140625,2571.3801829402605,2514.4492563806975,2571.3801829402605,79922400
2021-03-16,2485.98388671875,2552.40330353948,2467.006910484256,2523.9378391877385,112248400
2021-03-17,2476.4951171875,2523.937552382663,2476.4951171875,2504.9605783045977,50841200
2021-03-18,2580.868896484375,2599.8458736644075,2514.4494763542625,2514.4494763542625,152427600
2021-03-19,2571.380126953125,2580.8686145064576,2542.9146642931273,2580.8686145064576,150713800
2021-03-22,2514.44921875,2590.3571196933963,2514.44921875,2561.8916568396226,115979200
2021-03-23,2533.42626953125,2561.8917332338483,2514.4492937295176,2561.8917332338483,97289600
2021-03-24,2521.758056640625,2561.007209273164,2511.94576848249,2551.194921115029,115254200
2021-03-25,2511.94580078125,2541.3826656341553,2482.5089359283447,2531.5703773498535,71666600
2021-03-26,2521.758056640625,2541.382632956894,2492.3211921662205,2531.5703447987594,84478000
2021-03-29,2502.133544921875,2551.194986979167,2502.133544921875,2511.945833333333,79520400
2021-03-30,2482.509033203125,2521.7581878782735,2462.884455865551,2511.9458992094865,41180600
2021-03-31,2413.822998046875,2482.5090183165016,2404.0107094369287,2453.0721524866617,159155800
2021-04-01,2433.447509765625,2482.508951494771,2413.822933073967,2453.072086457283,77715200
2021-04-05,2443.259765625,2472.6966302710844,2433.447477409639,2472.6966302710844,39468400
2021-04-06,2462.88427734375,2472.696565301295,2413.822837556026,2443.2597014286607,29650600
2021-04-07,2482.509033203125,2482.509033203125,2453.072167196764,2472.696744534338,46420200
2021-04-08,2462.88427734375,2502.1334291739295,2433.447413471116,2453.071989386205,88449600
2021-04-09,2541.382568359375,2570.819432085545,2482.508840907034,2502.133416724481,126420200
2021-04-12,2472.69677734375,2551.195087735615,2462.884488544767,2521.758221338666,48429000
2021-04-13,2472.69677734375,2492.3213549417164,2433.4476221478176,2433.4476221478176,76327000
2021-04-14,2482.509033203125,2511.9458992094865,2453.072167196764,2492.321321871912,80914000
2021-04-15,2472.69677734375,2511.9459325396824,2443.2599109468006,2511.9459325396824,68337400
2021-04-16,2472.69677734375,2492.3213549417164,2453.0721997457836,2492.3213549417164,63194400
2021-04-19,2443.259765625,2462.884342055723,2433.447477409639,2453.0720538403616,43598600
2021-04-20,2433.447509765625,2453.072086457283,2423.635221419796,2433.447509765625,63882600
2021-04-21,2404.0107421875,2423.635319674745,2404.0107421875,2413.8230309311225,65425600
2021-04-22,2404.0107421875,2443.25989716199,2394.1984534438775,2423.635319674745,71452000
2021-04-23,2413.822998046875,2413.822998046875,2364.761554997142,2374.5738436070887,104928400
2021-04-26,2345.13671875,2404.0104439069037,2335.3244312238494,2394.198156380753,115305000
2021-04-27,2374.57373046875,2384.386018611183,2335.3245778990185,2345.1368660414514,96850800
2021-04-28,2433.447509765625,2462.884374803112,2394.1983563823082,2394.1983563823082,161162600
2021-04-29,2443.259765625,2462.884342055723,2413.8229009789156,2443.259765625,82870600
2021-04-30,2423.635009765625,2453.0718722324136,2404.0104347877655,2443.259584743484,69941600
2021-05-03,2374.57373046875,2413.8228830384815,2354.9491541838843,2394.1983067536157,65334000
2021-05-04,2394.1982421875,2394.1982421875,2345.1368027984117,2374.5736664318647,56355200
2021-05-05,2374.57373046875,2413.8228830384815,2374.57373046875,2413.8228830384815,45851800
2021-05-06,2384.385986328125,2404.0105623472864,2364.761410308963,2404.0105623472864,37091000
2021-05-07,2335.32470703125,2404.0107278262867,2335.32470703125,2404.0107278262867,65331800
2021-05-10,2345.13671875,2364.761293802301,2335.3244312238494,2364.761293802301,35481400
2021-05-11,2315.699951171875,2354.9491028866523,2296.0753753144863,2354.9491028866523,69381800
2021-05-17,2325.51220703125,2354.9490704113923,2305.8876314444883,2345.1367826180117,95099800
2021-05-18,2315.699951171875,2354.9491028866523,2286.263087385792,2345.136814957958,73965200
2021-05-19,2227.389404296875,2296.0754211694657,2207.7648280475632,2276.450844920154,98436000
2021-05-20,2217.5771484375,2256.8263015071902,2197.952571902655,2217.5771484375,69610000
2021-05-21,2286.26318359375,2315.7000486185625,2227.389453544126,2247.014030227334,140453000
2021-05-24,2256.826416015625,2305.8878598420515,2256.826416015625,2305.8878598420515,54897600
2021-05-25,2315.699951171875,2335.3245270292637,2266.638511528403,2266.638511528403,90594400
2021-05-27,2256.826416015625,2354.9493036684785,2256.826416015625,2354.9493036684785,353889800
2021-05-28,2276.45068359375,2315.6998333108836,2266.6383961644665,2286.2629710230335,78305800
2021-05-31,2354.94921875,2394.1983723958333,2286.2631998697916,2305.8877766927085,96660000
2021-06-02,2394.1982421875,2433.4473936987706,2384.3859543096823,2413.8228179431353,157335600
2021-06-03,2453.072021484375,2462.8843095703123,2404.0105810546875,2423.6351572265626,86426400
2021-06-04,2404.0107421875,2482.5090521364796,2404.0107421875,2453.0721859056125,76307800
2021-06-07,2404.0107421875,2433.4476084183675,2384.386164700255,2433.4476084183675,42514400
2021-06-08,2354.94921875,2413.82294921875,2354.94921875,2413.82294921875,57084000
2021-06-09,2413.822998046875,2423.635286656822,2354.949266387195,2384.386132217035,47078600
2021-06-10,2433.447509765625,2453.072086457283,2404.010644728138,2423.635221419796,43543600
2021-06-11,2462.88427734375,2472.696565301295,2443.2597014286607,2462.88427734375,77757800
2021-06-14,2462.88427734375,2472.696565301295,2443.2597014286607,2472.696565301295,50043400
2021-06-15,2482.509033203125,2482.509033203125,2443.259878527977,2472.696744534338,107187800
2021-06-16,2462.88427734375,2492.3211412163846,2433.447413471116,2482.5088532588397,90051600
2021-06-17,2433.447509765625,2462.884374803112,2433.447509765625,2453.072086457283,146517200
2021-06-18,2433.447509765625,2433.447509765625,2335.324626307334,2423.635221419796,201335400
2021-06-21,2364.76171875,2394.198586618257,2335.324850881743,2394.198586618257,138949200
2021-06-22,2423.635009765625,2453.0718722324136,2364.761284832047,2384.3858598099064,96680600
2021-06-23,2364.76171875,2443.2600330653527,2364.76171875,2443.2600330653527,66074200
2021-06-24,2345.13671875,2394.198156380753,2345.13671875,2394.198156380753,52248000
2021-06-25,2315.699951171875,2364.7613908153467,2315.699951171875,2354.9491028866523,61052000
2021-06-28,2237.20166015625,2315.6999640213817,2227.3893721731088,2286.263100071957,127109000
2021-06-29,2266.638671875,2296.0755377435066,2237.2018060064934,2296.0755377435066,96970800
2021-06-30,2315.699951171875,2335.3245270292637,2276.450799457097,2296.0753753144863,146560200
2021-07-01,2345.13671875,2354.9490062761506,2315.699856171548,2335.3244312238494,87385400
2021-07-02,2335.32470703125,2364.761573086266,2325.512418346245,2345.136995716255,80422400
2021-07-05,2296.07568359375,2345.1371298243857,2276.4511051014956,2345.1371298243857,29242400
2021-07-06,2266.638671875,2315.7001149891776,2256.8263832521648,2315.7001149891776,56066200
2021-07-07,2256.826416015625,2286.263282311481,2227.389549719769,2266.6387047809103,96691000
2021-07-08,2315.699951171875,2315.699951171875,2256.8262235997086,2296.0753753144863,81459000
2021-07-09,2266.638671875,2315.7001149891776,2266.638671875,2315.7001149891776,50822400
2021-07-12,2276.45068359375,2305.8875458816,2266.6383961644665,2305.8875458816,39692600
2021-07-13,2266.638671875,2315.7001149891776,2266.638671875,2296.0755377435066,65117000
2021-07-14,2237.20166015625,2286.263100071957,2217.577084189967,2276.450812088816,59225200
2021-07-15,2305.8876953125,2315.6999833776595,2227.3893907912234,2247.0139669215428,94438400
2021-07-16,2305.8876953125,2315.6999833776595,2286.263119182181,2305.8876953125,39567600
2021-07-19,2256.826416015625,2296.075571076766,2256.826416015625,2276.4509935461956,31460200
2021-07-21,2325.51220703125,2335.3244948246306,2276.450768064346,2286.2630558577266,87100200
2021-07-22,2374.57373046875,2394.1983067536157,2335.3245778990185,2345.1368660414514,55171400
2021-07-23,2345.13671875,2374.573581328452,2335.3244312238494,2354.9490062761506,37457600
2021-07-26,2276.45068359375,2354.948983028017,2276.45068359375,2345.1366955987337,77160200
2021-07-27,2286.26318359375,2315.7000486185625,2256.826318568938,2296.075471935354,79279400
2021-07-28,2315.699951171875,2315.699951171875,2256.8262235997086,2256.8262235997086,41266000
2021-07-29,2256.826416015625,2315.700148607337,2256.826416015625,2315.700148607337,68168400
2021-07-30,2237.20166015625,2286.263100071957,2237.20166015625,2286.263100071957,92132400
2021-08-02,2227.389404296875,2266.638556795498,2207.7648280475632,2266.638556795498,68571000
2021-08-03,2266.638671875,2276.4509604978357,2217.5772287608224,2237.2018060064934,70957400
2021-08-04,2286.26318359375,2315.7000486185625,2266.638606910542,2286.26318359375,67410400
2021-08-05,2374.57373046875,2384.386018611183,2296.075425329287,2305.88771347172,140254000
2021-08-06,2345.13671875,2394.198156380753,2335.3244312238494,2384.3858688546024,63682000
2021-08-09,2276.45068359375,2364.7612704573007,2276.45068359375,2354.948983028017,50317400
2021-08-10,2276.45068359375,2305.8875458816,2266.6383961644665,2276.45068359375,54893400
2021-08-12,2325.51220703125,2335.3244948246306,2286.2630558577266,2305.8876314444883,51328800
2021-08-13,2354.94921875,2374.573795572917,2315.7000651041667,2345.136930338542,41771600
2021-08-16,2345.13671875,2374.573581328452,2296.075281119247,2354.9490062761506,53074000
2021-08-18,2374.57373046875,2423.6351711809143,2325.5122897565857,2354.9491541838843,141229400
2021-08-19,2296.07568359375,2394.1985760550215,2276.4511051014956,2394.1985760550215,101976800
2021-08-20,2315.699951171875,2335.3245270292637,2276.450799457097,2315.699951171875,62841600
2021-08-23,2345.13671875,2354.9490062761506,2315.699856171548,2315.699856171548,46346200
2021-08-24,2286.26318359375,2345.1369136433746,2276.450895252146,2335.3246253017705,85217600
2021-08-25,2335.32470703125,2345.136995716255,2296.075552291229,2305.887840976234,60726800
2021-08-26,2286.26318359375,2325.5123369601665,2286.26318359375,2296.075471935354,55050200
2021-08-27,2276.45068359375,2305.8875458816,2266.6383961644665,2286.2629710230335,35765000
2021-08-30,2335.32470703125,2335.32470703125,2286.2632636062235,2296.075552291229,65062000
2021-08-31,2394.1982421875,2394.1982421875,2335.324514920594,2354.9490906762294,135700400
2021-09-01,2354.94921875,2394.1983723958333,2354.94921875,2394.1983723958333,70082000
2021-09-02,2374.57373046875,2394.1983067536157,2345.1368660414514,2374.57373046875,51554400
2021-09-03,2404.0107421875,2413.8230309311225,2354.949298469388,2394.1984534438775,50760000
2021-09-06,2433.447509765625,2482.508951494771,2404.010644728138,2433.447509765625,51684400
2021-09-07,2453.072021484375,2492.3211738281248,2443.259733398437,2453.072021484375,70448400
2021-09-08,2453.072021484375,2472.69659765625,2404.0105810546875,2472.69659765625,84660600
2021-09-09,2492.321044921875,2492.321044921875,2404.0104567159815,2472.6964697650096,93331600
2021-09-10,2433.447509765625,2472.6966631489413,2423.635221419796,2462.884374803112,107576800
2021-09-13,2413.822998046875,2443.259863876715,2374.5738436070887,2394.198420826982,104806600
2021-09-14,2394.1982421875,2433.4473936987706,2384.3859543096823,2413.8228179431353,84931400
2021-09-15,2404.0107421875,2433.4476084183675,2394.1984534438775,2423.635319674745,135497800
2021-09-16,2413.822998046875,2433.4475752667686,2404.0107094369287,2423.635286656822,61344200
2021-09-17,2374.57373046875,2413.8228830384815,2374.57373046875,2404.0105948960486,82452800
2021-09-20,2364.76171875,2384.3862973288383,2325.512561592324,2364.76171875,57569200
2021-09-21,2345.13671875,2364.761293802301,2325.512143697699,2364.761293802301,45153400
2021-09-22,2384.385986328125,2394.1982743377057,2335.324546280221,2345.1368342898018,26711200
2021-09-23,2384.385986328125,2404.0105623472864,2364.761410308963,2404.0105623472864,40606000
2021-09-24,2345.13671875,2394.198156380753,2325.512143697699,2384.3858688546024,50278400
2021-09-27,2315.699951171875,2364.7613908153467,2315.699951171875,2354.9491028866523,68500800
2021-09-28,2335.32470703125,2364.761573086266,2315.7001296612393,2335.32470703125,64652200
2021-09-29,2354.94921875,2374.573795572917,2325.512353515625,2335.3246419270836,56467400
2021-09-30,2413.822998046875,2413.822998046875,2354.949266387195,2374.5738436070887,82812000
2021-10-01,2394.1982421875,2433.4473936987706,2374.5736664318647,2413.8228179431353,74975400
2021-10-04,2541.382568359375,2551.194856268098,2413.82282554597,2423.6351134546935,156691600
2021-10-05,2521.758056640625,2570.8194974312987,2502.1334803243553,2531.5703447987594,94886200
2021-10-06,2590.4443359375,2619.8812033913355,2531.5706010298295,2541.382890181108,168775800
2021-10-07,2629.693115234375,2678.7545539514344,2600.2562520041397,2610.0685397475513,253196600
2021-10-08,2708.191650390625,2737.6285161557407,2639.5056302720222,2639.5056302720222,223592000
2021-10-11,2708.191650390625,2718.0039389789968,2668.942496037138,2708.191650390625,123020200
2021-10-12,2747.440673828125,2767.0652500697547,2718.003809465681,2737.6283857073104,191044200
2021-10-13,2786.689697265625,2786.689697265625,2727.8159712670554,2776.8774095991967,134998000
2021-10-14,2816.126708984375,2816.126708984375,2767.065268061302,2796.502132615146,104307800
2021-10-15,2806.314453125,2825.9390297202794,2776.87758823208,2816.1267414226395,84353000
2021-10-18,2816.126708984375,2875.0004380920623,2806.3144207997602,2825.9389971689893,152951600
2021-10-19,2825.939208984375,2845.5637868245444,2767.065475463867,2845.5637868245444,99358000
2021-10-21,2816.126708984375,2875.0004380920623,2796.502132615146,2816.126708984375,189264000
2021-10-22,2825.939208984375,2835.75149790446,2776.877764383952,2786.6900533040366,65782600
2021-10-25,2796.50244140625,2845.563887746711,2796.50244140625,2816.1270199424343,76296200
2021-10-26,2816.126708984375,2825.9389971689893,2786.689844430531,2786.689844430531,55872800
2021-10-27,2806.314453125,2835.7513180179194,2796.50216482736,2825.9390297202794,82925200
2021-10-28,2757.253173828125,2806.3146182022906,2747.4408849532915,2796.5023293274576,99023600
2021-10-29,2816.126708984375,2865.1881499074475,2806.3144207997602,2816.126708984375,160952400
2021-11-01,2816.126708984375,2845.5635735382184,2806.3144207997602,2845.5635735382184,65621400
2021-11-02,2757.253173828125,2825.939195951957,2747.4408849532915,2816.126907077124,51923400
2021-11-03,2796.50244140625,2845.563887746711,2718.0041272615135,2737.6287057976974,107556600
2021-11-04,2816.126708984375,2865.1881499074475,2816.126708984375,2845.5635735382184,103726400
2021-11-05,2786.689697265625,2845.5634232641946,2747.440546599912,2845.5634232641946,48035600
2021-11-08,2747.440673828125,2825.938978794643,2747.440673828125,2825.938978794643,50517400
2021-11-09,2698.379150390625,2786.6897407670454,2688.5668625710227,2767.065165127841,120574200
2021-11-10,2806.314453125,2806.314453125,2698.3792818509614,2698.3792818509614,156118000
2021-11-11,2835.75146484375,2835.75146484375,2757.253154398248,2796.5023096209993,86362400
2021-11-12,2786.689697265625,2855.375710930623,2767.0651219327683,2855.375710930623,56807000
2021-11-15,2767.065185546875,2806.314337114916,2767.065185546875,2786.689761330895,40131000
2021-11-16,2835.75146484375,2835.75146484375,2757.253154398248,2767.065443203936,76140200
2021-11-17,2835.75146484375,2845.563753649438,2806.3145984266866,2835.75146484375,72789600
2021-11-18,2816.126708984375,2835.751285353604,2806.3144207997602,2825.9389971689893,30911600
2021-11-19,2845.5634765625,2865.1880522629313,2806.314325161638,2816.1266130118534,101125800
2021-11-22,2884.8125,2943.686224489796,2835.75106292517,2884.8125,92374400
2021-11-23,2806.314453125,2855.3758946131993,2786.68987652972,2835.7513180179194,63127600
2021-11-24,2806.314453125,2816.1267414226395,2786.68987652972,2796.50216482736,56217000
2021-11-25,2884.8125,2894.6247874149662,2816.126488095238,2835.75106292517,97473400
2021-11-26,2786.689697265625,2875.000286263479,2776.8774095991967,2875.000286263479,78633400
2021-11-29,2816.126708984375,2855.375861722833,2718.0038271382296,2786.689844430531,112673000
2021-11-30,2747.440673828125,2845.5635550362726,2727.8160975864957,2845.5635550362726,219340400
2021-12-01,2776.87744140625,2796.5020169638915,2727.816002512147,2747.440578069788,93119800
2021-12-02,2825.939208984375,2845.5637868245444,2747.440897623698,2776.877764383952,70416400
2021-12-03,2806.314453125,2835.7513180179194,2786.68987652972,2825.9390297202794,46109400
2021-12-06,2816.126708984375,2845.5635735382184,2786.689844430531,2806.3144207997602,52050400
2021-12-07,2865.188232421875,2865.188232421875,2816.126790085884,2816.126790085884,64289400
2021-12-08,2806.314453125,2865.188182910839,2806.314453125,2855.3758946131993,56064200
2021-12-09,2884.8125,2884.8125,2796.501913265306,2845.563350340136,42688600
2021-12-10,2825.939208984375,2835.75149790446,2786.6900533040366,2825.939208984375,93532200
2021-12-13,2796.50244140625,2835.7515984786187,2796.50244140625,2825.9393092105265,50091200
2021-12-14,2816.126708984375,2825.9389971689893,2786.689844430531,2796.502132615146,65061400
2021-12-15,2855.375732421875,2875.0003079024377,2796.502005980187,2806.314293720468,75677400
2021-12-16,2845.5634765625,2875.0003401131466,2825.938900862069,2865.1880522629313,69082400
2021-12-17,2806.314453125,2835.7513180179194,2776.87758823208,2835.7513180179194,83945200
2021-12-20,2776.87744140625,2806.314304742712,2776.87744140625,2786.689729185071,57932600
2021-12-21,2806.314453125,2845.5636063155594,2786.68987652972,2806.314453125,49859600
2021-12-22,2767.065185546875,2825.938912898936,2767.065185546875,2816.126625006926,34814400
2021-12-23,2776.87744140625,2806.314304742712,2767.0651536274295,2767.0651536274295,44565000
2021-12-24,2767.065185546875,2806.314337114916,2727.816033978834,2786.689761330895,54902200
2021-12-27,2747.440673828125,2786.689826311384,2737.6283857073104,2767.0652500697547,34096400
2021-12-28,2767.065185546875,2767.065185546875,2737.6283218708445,2767.065185546875,39835400
2021-12-29,2786.689697265625,2796.5019849320533,2747.440546599912,2776.8774095991967,20860200
2021-12-30,2757.253173828125,2796.5023293274576,2757.253173828125,2786.6900404526245,34951600
2022-01-03,2767.065185546875,2796.5020492229055,2757.2528976548647,2786.689761330895,30999600
2022-01-04,2816.126708984375,2825.9389971689893,2767.065268061302,2776.877556245917,44541400
2022-01-05,2757.253173828125,2816.126907077124,2718.004018328792,2806.3146182022906,98910200
2022-01-06,2757.253173828125,2776.877751577791,2727.8163072036255,2776.877751577791,65651200
2022-01-07,2767.065185546875,2786.689761330895,2757.2528976548647,2757.2528976548647,68452800
2022-01-10,2767.065185546875,2786.689761330895,2767.065185546875,2776.8774734388853,44378600
2022-01-11,2767.065185546875,2786.689761330895,2747.4406097628544,2786.689761330895,50367600
2022-01-12,2806.314453125,2806.314453125,2767.06529993444,2767.06529993444,34249200
2022-01-13,2796.50244140625,2816.1270199424343,2786.6901521381583,2806.314730674342,35763800
2022-01-14,2816.126708984375,2835.751285353604,2776.877556245917,2776.877556245917,43651400
2022-01-17,2825.939208984375,2855.376075744629,2806.314631144206,2845.5637868245444,43188000
2022-01-18,2845.5634765625,2845.5634765625,2786.689749461207,2816.1266130118534,64484800
2022-01-19,2757.253173828125,2825.939195951957,2747.4408849532915,2816.126907077124,103093600
2022-01-20,2816.126708984375,2816.126708984375,2757.2529798766877,2786.689844430531,53067000
2022-01-21,2865.188232421875,2865.188232421875,2796.5022131514875,2816.126790085884,76806800
2022-01-24,2855.375732421875,2855.375732421875,2825.9388692010307,2855.375732421875,44476800
2022-01-25,2835.75146484375,2845.563753649438,2806.3145984266866,2825.939176038062,69268000
2022-01-26,2933.874267578125,2933.874267578125,2835.751382374843,2865.188247935828,140636400
2022-01-27,2963.31103515625,2982.935611548013,2904.4373059809604,2933.874170568605,113618000
2022-01-28,3002.56005859375,3002.56005859375,2963.310907501021,2992.747770820568,121145200
2022-01-31,2933.874267578125,3051.621729822063,2924.0619790577966,3051.621729822063,101700800
2022-02-02,2933.874267578125,2953.4988446187813,2924.0619790577966,2953.4988446187813,68769000
2022-02-03,2933.874267578125,2933.874267578125,2884.812824976484,2933.874267578125,60204000
2022-02-04,2933.874267578125,2953.4988446187813,2904.4374020171404,2924.0619790577966,36629400
2022-02-07,2943.6865234375,3002.56025390625,2933.874235026042,3002.56025390625,68867800
2022-02-08,2992.747802734375,3031.9969542456456,2963.310939100922,2982.9355148565573,158581800
2022-02-09,3012.372802734375,3031.997381253817,2982.9359349552115,3022.185091994096,107360800
2022-02-10,3031.9970703125,3041.8093585659385,3002.5602055521845,3022.1847820590615,107679400
2022-02-11,3031.9970703125,3051.621646819377,3002.5602055521845,3051.621646819377,81582600
2022-02-14,3061.433837890625,3061.433837890625,2992.7478222969253,3022.1846861227964,76263200
2022-02-15,3100.68310546875,3100.68310546875,3012.3725106927413,3061.4339522349683,67804400
2022-02-16,3081.05859375,3110.4954592953823,3041.809439689491,3110.4954592953823,74785000
2022-02-17,3081.05859375,3090.8708822651274,3012.3725741441085,3090.8708822651274,103038800
2022-02-18,3081.05859375,3120.3077478105097,3041.809439689491,3071.2463052348726,81303200
2022-02-21,3081.05859375,3110.4954592953823,3081.05859375,3081.05859375,31720800
2022-02-22,3090.87060546875,3100.6828931051587,3051.621454923115,3071.2460301959327,69476600
2022-02-23,3090.87060546875,3120.307468377976,3071.2460301959327,3110.4951807415673,85991000
2022-02-24,3022.184814453125,3090.8708329634233,3002.560237735897,3031.997102811739,170297000
2022-02-25,3022.184814453125,3041.809391170353,3002.560237735897,3031.997102811739,163299800
2022-03-01,3002.56005859375,3081.0583607792073,3002.56005859375,3012.372346366932,149532200
2022-03-02,2992.747802734375,3031.9969542456456,2963.310939100922,3002.5600906121927,110824000
2022-03-04,3002.56005859375,3031.9969219132963,2982.9354830473853,3022.184634140114,104914600
2022-03-07,2963.31103515625,2992.7478997438952,2943.686458764487,2963.31103515625,137667600
2022-03-08,2963.31103515625,3022.18476433154,2963.31103515625,2992.7478997438952,104072200
2022-03-09,2992.747802734375,3031.9969542456456,2973.1232269787397,2973.1232269787397,115109200
2022-03-10,3012.372802734375,3041.809670513538,2982.9359349552115,3022.185091994096,105803000
2022-03-11,3002.56005859375,3031.9969219132963,2982.9354830473853,3031.9969219132963,122401600
2022-03-14,3041.809326171875,3071.2461906186995,2992.747885427167,3002.560173576109,173513400
2022-03-15,3051.62158203125,3090.8707342117164,3051.62158203125,3061.433870076367,146735400
2022-03-16,3120.3076171875,3159.556769604953,3061.433888561321,3061.433888561321,291909800
2022-03-17,3120.3076171875,3179.1813458136794,3120.3076171875,3139.9321933962265,235559000
2022-03-18,3110.4951171875,3139.9319794952685,3090.870542315655,3130.1196920593457,212233400
2022-03-21,3145.709228515625,3176.5495150696997,3125.149037479575,3155.9893240336496,162364400
2022-03-22,3155.989013671875,3186.8292971930982,3145.7089191648,3166.2691081789494,112672400
2022-03-23,3197.109619140625,3207.389714379019,3145.709142948653,3155.9892381870477,183894800
2022-03-24,3258.7900390625,3258.7900390625,3166.2691862184543,3166.2691862184543,210909800
2022-03-25,3227.94970703125,3279.3501800731487,3197.1094232061105,3269.070085464769,136083000
2022-03-28,3238.22998046875,3248.510075644841,3207.389694940476,3238.22998046875,95354400
2022-03-29,3258.7900390625,3299.910418104298,3238.2298495416007,3279.350228583399,160112200
2022-03-30,3238.22998046875,3279.350361173115,3227.9498852926586,3269.070265997024,82476000
2022-03-31,3248.510009765625,3279.3502946684634,3227.9498198303995,3258.790104733238,69174000
2022-04-01,3238.22998046875,3248.510075644841,3197.1095997643847,3248.510075644841,62912400
2022-04-04,3217.669677734375,3248.5099621855034,3197.1094881002896,3217.669677734375,82013800
2022-04-05,3217.669677734375,3238.2298673684604,3207.389582917332,3207.389582917332,82378200
2022-04-06,3155.989013671875,3207.3894862072475,3145.7089191648,3207.3894862072475,129476400
2022-04-07,3166.269287109375,3197.1095723734275,3135.429001845323,3155.9891920213577,136162800
2022-04-08,3166.269287109375,3207.389667461445,3155.9891920213577,3207.389667461445,94622400
2022-04-11,3155.989013671875,3186.8292971930982,3145.7089191648,3166.2691081789494,107966400
2022-04-12,3166.269287109375,3186.82947728541,3135.429001845323,3155.9891920213577,92691200
2022-04-13,3176.54931640625,3186.829411281351,3145.7090317809466,3155.9891266560476,90558600
2022-04-14,3155.989013671875,3186.8292971930982,3145.7089191648,3176.549202686024,63275600
2022-04-18,3135.428955078125,3176.5493348168543,3114.86876520876,3155.9891449474894,101496000
2022-04-19,3114.86865234375,3155.9890305925123,3114.86865234375,3135.428841468131,104508400
2022-04-20,3227.94970703125,3248.509896248009,3135.428855555832,3145.7089501642117,164354800
2022-04-21,3412.991455078125,3454.1118340549697,3258.790033914957,3289.6303181475905,337363200
2022-04-22,3402.71142578125,3423.2716156651245,3320.4706662457515,3371.871140955438,168301800
2022-04-25,3382.151123046875,3474.671974437215,3299.9103662554617,3371.8710284479484,179082600
2022-04-26,3433.5517578125,3464.392043062313,3382.1512823961452,3392.4313774794164,131930600
2022-04-27,3382.151123046875,3464.3918798382883,3382.151123046875,3402.711312244728,118272800
2022-04-28,3680.27392578125,3731.6743996050104,3567.1928833689767,3608.313262427985,443163800
2022-05-09,3423.271484375,3567.1928080424177,3423.271484375,3546.6326189470724,351637800
2022-05-10,3330.750732421875,3361.591016981337,3217.669689037182,3217.669689037182,498444800
2022-05-11,3289.63037109375,3371.8711303710934,3289.63037109375,3330.7507507324217,198922600
2022-05-12,3238.22998046875,3310.1906467013887,3176.5494094122023,3279.350361173115,162727200
2022-05-13,3207.389404296875,3248.50978127504,3186.8292158077925,3238.2296870304986,165507800
2022-05-17,3227.94970703125,3289.6302746815286,3207.3895178144903,3207.3895178144903,149548800
2022-05-18,3248.510009765625,3299.910484603689,3207.389629895174,3279.3502946684634,162519200
2022-05-19,3248.510009765625,3258.790104733238,3186.8294399599486,3207.389629895174,127740400
2022-05-20,3289.63037109375,3310.190560913086,3269.0701812744137,3269.0701812744137,106866400
2022-05-23,3238.22998046875,3320.47074187748,3207.389694940476,3310.1906467013887,144005200
2022-05-24,3258.7900390625,3310.1905128647477,3248.5099443020504,3269.070133822949,134555000
2022-05-25,3227.94970703125,3310.190463898288,3217.66961242287,3248.509896248009,132635400
2022-05-27,3330.750732421875,3341.030827275029,3269.0701633029516,3289.6303530092596,155078600
2022-05-30,3371.870849609375,3371.870849609375,3289.6300971798782,3371.870849609375,117617200
2022-05-31,3495.232177734375,3495.232177734375,3382.1511366900277,3402.711325970818,262054000
2022-06-02,3371.870849609375,3433.551413931498,3310.1902852872527,3423.2713198778106,203021800
2022-06-03,3371.870849609375,3412.991225824124,3371.870849609375,3402.7111317704366,147960000
2022-06-06,3351.31103515625,3433.5517967551764,3299.910559156921,3371.8712255559817,148785000
2022-06-07,3412.991455078125,3433.5516445665476,3351.3108866128578,3371.87107610128,132673800
2022-06-08,3454.112060546875,3464.392155965169,3351.311106363932,3382.151392618815,153409200
2022-06-09,3464.391845703125,3495.2321291960316,3433.551562210219,3454.11175120549,216804400
2022-06-10,3361.591064453125,3423.2716344430905,3351.3109694547975,3402.7114444464355,165119600
2022-06-13,3330.750732421875,3330.750732421875,3269.0701633029516,3289.6303530092596,122467200
2022-06-14,3371.870849609375,3371.870849609375,3289.6300971798782,3289.6300971798782,100136600
2022-06-15,3412.991455078125,3423.271549822336,3341.0307918686462,3341.0307918686462,142400800
2022-06-16,3443.831787109375,3495.2322615438434,3412.991502448694,3495.2322615438434,186692600
2022-06-17,3320.470458984375,3392.4311190862036,3320.470458984375,3361.59083618542,156836200
2022-06-20,3392.43115234375,3392.43115234375,3310.190397135417,3330.7505859375,74978200
2022-06-21,3392.43115234375,3433.551529947917,3371.8709635416667,3412.9913411458338,62996600
2022-06-22,3351.31103515625,3402.711511155579,3341.0309399563844,3371.8712255559817,88306600
2022-06-23,3351.31103515625,3382.1513207558473,3330.7508447565183,3351.31103515625,48817400
2022-06-24,3412.991455078125,3412.991455078125,3351.3108866128578,3371.87107610128,60638400
2022-06-27,3382.151123046875,3454.111785239362,3320.470555453315,3454.111785239362,76574400
2022-06-28,3341.031005859375,3371.871292067308,3289.630528846154,3351.3111012620193,110131200
2022-06-29,3269.0703125,3341.0309797562895,3269.0703125,3330.7508844339623,113216400
2022-06-30,3258.7900390625,3330.7507023856465,3248.5099443020504,3289.6303233438484,125507600
2022-07-01,3125.14892578125,3258.790162739001,3114.868830630654,3238.2299724378086,191672200
2022-07-04,3042.908203125,3155.989251214105,2991.5077267208617,3114.868870090794,246417000
2022-07-05,3145.709228515625,3176.5495150696997,3063.4684643714254,3063.4684643714254,90919800
2022-07-06,3094.30859375,3145.709068729236,3022.3479287790697,3145.709068729236,180812800
2022-07-07,3053.188232421875,3104.588707715173,3053.188232421875,3084.028517597854,120444800
2022-07-08,3073.74853515625,3104.5888214621655,3042.9082488503345,3104.5888214621655,57156600
2022-07-11,3073.74853515625,3094.3087260268603,3042.9082488503345,3073.74853515625,22860800
2022-07-12,3053.188232421875,3073.748422539194,3032.628042304556,3073.748422539194,51524400
2022-07-13,2991.507568359375,3053.188136779156,2991.507568359375,3042.9080420425257,142494200
2022-07-14,2991.507568359375,3032.6279473058958,2960.6672841494847,2981.227473622745,158438200
2022-07-15,2950.38720703125,3042.9080602134145,2950.38720703125,3001.7876810213415,191949400
2022-07-18,3022.347900390625,3022.347900390625,2970.947425894186,2970.947425894186,152078400
2022-07-19,3053.188232421875,3063.4683274805348,2991.507662069918,3022.3479472458966,128963600
2022-07-20,3248.510009765625,3269.0701997008505,3104.5886802190466,3104.5886802190466,215712600
2022-07-21,3248.510009765625,3289.630389636076,3176.549344992336,3289.630389636076,125699200
2022-07-22,3227.94970703125,3258.789990856389,3197.1094232061105,3258.789990856389,54461200
2022-07-25,3197.109619140625,3248.5100953325964,3197.109619140625,3238.230000094202,30750600
2022-07-26,3289.63037109375,3299.9104660034177,3207.389611816406,3217.669706726074,58317600
2022-07-27,3330.750732421875,3341.030827275029,3289.6303530092596,3310.1905427155675,87439200
2022-07-28,3310.1904296875,3371.8709967003106,3299.9103351853646,3299.9103351853646,94427400
2022-07-29,3402.71142578125,3433.551710607062,3351.3109510715635,3382.151235897375,132709400
2022-08-01,3279.35009765625,3382.151041156446,3279.35009765625,3371.870946806426,95909000
2022-08-02,3361.591064453125,3361.591064453125,3279.350304466504,3289.6303994648315,57458200
2022-08-03,3392.43115234375,3392.43115234375,3310.190397135417,3361.5908691406253,55822800
2022-08-04,3392.43115234375,3412.9913411458338,3351.3107747395834,3412.9913411458338,75188600
2022-08-05,3392.43115234375,3412.9913411458338,3361.5908691406253,3402.711246744792,64150800
2022-08-08,3433.5517578125,3433.5517578125,3382.1512823961452,3392.4313774794164,82522000
2022-08-09,3484.9521484375,3536.3526226032445,3454.111863938053,3464.391958771202,117148200
2022-08-10,3536.352783203125,3536.352783203125,3392.431449002998,3433.551830203034,79950200
2022-08-11,3505.512451171875,3567.1930221602365,3464.392070512967,3546.6328318307824,106627400
2022-08-12,3484.9521484375,3526.072527770096,3464.391958771202,3505.512338103798,62626200
2022-08-15,3474.671875,3515.792252218935,3454.1116863905327,3474.671875,44464800
2022-08-16,3505.512451171875,3556.9129269955097,3484.9522608424213,3515.792546336602,109260400
2022-08-18,3536.352783203125,3618.5935456031975,3526.072687903116,3608.313450303189,116693200
2022-08-19,3495.232177734375,3556.9127455767466,3495.232177734375,3536.352556295956,48290200
2022-08-22,3505.512451171875,3515.792546336602,3433.5517850187866,3464.392070512967,121399800
2022-08-23,3546.633056640625,3567.1932482733246,3474.672385926178,3495.232577558877,95553400
2022-08-24,3546.633056640625,3577.473344089674,3515.792769191576,3536.3529608242757,60958200
2022-08-25,3526.072509765625,3546.6326993269404,3464.3919410816784,3515.7924149849673,77254800
2022-08-26,3495.232177734375,3556.9127455767466,3495.232177734375,3546.632650936351,82356600
2022-08-29,3515.79248046875,3536.3526704130113,3433.551720691703,3454.1119106359647,62683800
2022-08-30,3556.912841796875,3598.0332214708274,3526.0725570414106,3546.632746878387,109649400
2022-08-31,3639.15380859375,3639.15380859375,3474.672280521716,3495.23247153072,151631600
2022-09-01,3669.993896484375,3680.2739914325107,3567.19294700302,3639.1536116399684,120967800
2022-09-02,3639.15380859375,3700.8343816207625,3587.7533310712392,3690.5542861162603,90044600
2022-09-05,3680.27392578125,3700.834115310754,3618.593357192737,3639.1535467222416,60491000
2022-09-06,3628.87353515625,3700.8342001593487,3618.5934401558075,3690.554105158906,65296200
2022-09-07,3649.43359375,3649.43359375,3587.75302596831,3608.313215228873,97771400
2022-09-08,3680.27392578125,3741.9544943697624,3628.873451957489,3659.7137362517456,96931000
2022-09-09,3731.67431640625,3741.9544109418043,3680.273843728478,3731.67431640625,128510800
2022-09-12,3772.794921875,3783.0750170299725,3731.6745412551086,3762.514826720027,110819000
2022-09-13,3885.876220703125,3906.436412347057,3793.3553583054313,3803.635454127397,185487800
2022-09-14,3824.195556640625,3865.315938970094,3783.075174311156,3813.9154610582577,119631200
2022-09-15,3844.75537109375,3906.435938544452,3824.1951819435158,3865.315560243984,156750600
2022-09-16,3741.95458984375,3824.195350060096,3711.11430476262,3813.9152550330527,167812600
2022-09-19,3793.354736328125,3824.195018737297,3762.514453918953,3803.6348304645157,137396600
2022-09-20,3783.074951171875,3855.0356160039487,3783.074951171875,3834.4754260519276,140752200
2022-09-21,3813.915283203125,3813.915283203125,3741.9546174823113,3762.5148076882583,71044400
2022-09-22,3783.074951171875,3824.1953310759172,3772.7948561958647,3813.9152360999065,96479200
2022-09-23,3783.074951171875,3803.635141123896,3762.514761219854,3783.074951171875,61877000
2022-09-26,3803.635009765625,3855.035482870566,3680.273874313767,3752.234536660684,133769600
2022-09-27,3844.75537109375,3844.75537109375,3783.074803643048,3803.634992793282,130959400
2022-09-28,3824.195556640625,3947.556703629032,3813.9154610582577,3885.8761301348286,133085000
2022-09-29,3803.635009765625,3855.035482870566,3783.0748205236487,3844.7553882495777,67945200
2022-09-30,3875.595947265625,3875.595947265625,3793.3551844589274,3824.195470511439,113501000
2022-10-03,3813.915283203125,3855.0356636150186,3793.3550929971784,3834.4754734090716,54662400
2022-10-04,3793.354736328125,3855.0353011464686,3793.354736328125,3824.195018737297,90247000
2022-10-05,3813.915283203125,3896.1560440269122,3813.915283203125,3824.1953783060985,75891600
2022-10-06,3834.4755859375,3834.4755859375,3793.355204318867,3824.1954905328416,43279200
2022-10-07,3875.595947265625,3875.595947265625,3813.915375160602,3834.475565862276,51267000
2022-10-10,3824.195556640625,3865.315938970094,3813.9154610582577,3855.035843387727,55465000
2022-10-11,3824.195556640625,3875.5960345524613,3803.6353654758905,3875.5960345524613,71925600
2022-10-12,3875.595947265625,3906.4362333181366,3824.195470511439,3855.0357565639506,118731400
2022-10-13,3896.155517578125,3926.9957987199045,3834.4749552945664,3906.4356112920514,58832000
2022-10-14,3865.31591796875,3968.116873233876,3855.035822442237,3968.116873233876,106401600
2022-10-17,3885.876220703125,3896.156316525091,3824.195645771329,3885.876220703125,60905200
2022-10-18,3906.435791015625,3937.2760735762745,3885.8756026418587,3906.435791015625,67904400
2022-10-19,3896.155517578125,3937.275892433831,3834.4749552945664,3855.035142722419,71544800
2022-10-20,4070.91796875,4081.1980646306815,3844.755859375,3844.755859375,102422400
2022-10-21,4255.95947265625,4297.079854034571,4081.197851798385,4112.038137832125,183987800
2022-10-24,4214.83935546875,4317.640315358231,4214.83935546875,4245.679643435595,102168000
2022-10-25,4204.55908203125,4297.079942027048,4204.55908203125,4225.119273141428,83305200
2022-10-26,4194.27880859375,4214.838998831955,4112.038047640931,4204.558903712852,80531400
2022-10-27,4194.27880859375,4245.679284189261,4132.598237879136,4194.27880859375,84531200
2022-10-28,4194.27880859375,4204.558903712852,4153.158428117341,4163.438523236443,102437400
2022-10-31,4338.19970703125,4338.19970703125,4204.558483828866,4235.398766106339,173874600
2022-11-01,4276.51904296875,4358.759793795072,4204.558385995719,4358.759793795072,111898000
2022-11-02,4142.8779296875,4276.519153225806,4101.757553214175,4266.2390591074745,127515400
2022-11-03,4183.99853515625,4194.278629837223,4091.4776830274873,4091.4776830274873,119598600
2022-11-04,4173.71875,4173.71875,4112.038177339902,4122.318272783252,70781200
2022-11-07,4214.83935546875,4214.83935546875,4112.038395579269,4183.999067501905,98034400
2022-11-08,4173.71875,4225.119227216749,4142.878463669951,4225.119227216749,39585800
2022-11-09,4173.71875,4173.71875,4132.598368226601,4132.598368226601,68010400
2022-11-10,4153.158203125,4173.7183922493805,4112.037824876237,4132.598014000619,61964000
2022-11-11,4286.79931640625,4297.0794106901985,4204.558562134667,4235.398844986511,102008200
2022-11-14,4214.83935546875,4338.200507336128,4173.718971512957,4338.200507336128,61055200
2022-11-15,4214.83935546875,4235.3995474466465,4153.158779535061,4235.3995474466465,83000800
2022-11-16,4112.0380859375,4183.998752441406,4070.917705078125,4153.158466796875,128257800
2022-11-17,4070.91796875,4122.318448153409,4050.3577769886365,4050.3577769886365,167562600
2022-11-18,4183.99853515625,4204.558724518197,4081.197588346514,4091.4776830274873,111646200
2022-11-21,4153.158203125,4194.278581373762,4122.317919438428,4183.998486811572,52311600
2022-11-22,4163.4384765625,4214.838951581791,4132.5981915509265,4132.5981915509265,79850600
2022-11-23,4194.27880859375,4235.399189070159,4163.438523236443,4163.438523236443,78250600
2022-11-24,4204.55908203125,4235.399368696516,4194.278986476162,4204.55908203125,59701400
2022-11-25,4183.99853515625,4204.558724518197,4153.158251113329,4204.558724518197,77984800
2022-11-28,4163.4384765625,4225.119046585648,4163.4384765625,4183.998666570216,64779000
2022-11-29,4245.67919921875,4297.079673785563,4194.2787246519365,4214.838914478662,72261000
2022-11-30,4327.919921875,4441.000964964371,4245.679163264548,4245.679163264548,347136800
2022-12-01,4276.51904296875,4379.319981501652,4276.51904296875,4327.919512235201,141493000
2022-12-02,4327.919921875,4327.919921875,4245.679163264548,4276.519447743468,70811400
2022-12-05,4471.8408203125,4523.241289511495,4348.479694234914,4379.319975754311,146472800
2022-12-06,4482.12109375,4523.2414707568805,4410.160433987959,4471.840999498279,139360200
2022-12-07,4266.23974609375,4399.880991152108,4266.23974609375,4369.040703830949,200886200
2022-12-08,4132.59765625,4204.558311955846,4101.757375233209,4142.877749922264,279908400
2022-12-09,4081.19775390625,4132.598229396253,4040.0773735142475,4091.477849004251,241338200
2022-12-12,4091.4775390625,4112.037727701005,4019.5168788277324,4040.0770674662376,183717600
2022-12-13,4070.91796875,4112.038352272727,4019.517489346591,4019.517489346591,224176000
2022-12-14,4091.4775390625,4153.158104978015,4091.4775390625,4142.878010658763,162689200
2022-12-15,4070.91796875,4122.318448153409,4070.91796875,4070.91796875,82673400
2022-12-16,4153.158203125,4153.158203125,4040.0771629409032,4040.0771629409032,770252400
2022-12-19,4112.0380859375,4142.878371582031,4070.917705078125,4112.0380859375,100871400
2022-12-20,4132.59765625,4132.59765625,4091.4772815609454,4112.037468905472,56633800
2022-12-21,4112.0380859375,4163.438562011719,4112.0380859375,4163.438562011719,37945200
2022-12-22,4091.4775390625,4153.158104978015,4091.4775390625,4153.158104978015,78836200
2022-12-23,4081.19775390625,4112.038039200252,4070.9176588082496,4070.9176588082496,38571200
2022-12-26,4132.59765625,4132.59765625,4091.4772815609454,4101.757375233209,19578800
2022-12-27,4091.4775390625,4132.59791633951,4060.6372561047424,4132.59791633951,43282000
2022-12-28,4101.7578125,4112.037907268171,4050.357338659148,4112.037907268171,30258400
2022-12-29,4101.7578125,4101.7578125,4060.6374334273187,4070.917528195489,56981400
2022-12-30,4081.19775390625,4132.598229396253,4081.19775390625,4112.038039200252,40655800
2023-01-02,4060.6376953125,4101.758077037184,4060.6376953125005,4081.197886174842,5985400
2023-01-03,4091.4775390625,4101.757633381752,4050.35716178549,4050.35716178549,13815200
2023-01-04,4122.31787109375,4142.878059977011,4101.757682210489,4122.31787109375,38575800
2023-01-05,4040.0771484375,4132.5979991650765,3998.956770336355,4132.5979991650765,84945800
2023-01-06,4029.797607421875,4029.797607421875,3947.5568399234694,3998.9573196099727,44097000
2023-01-09,3998.956787109375,4050.3572599513977,3947.5563142673523,4009.2368816777794,67250600
2023-01-10,3813.915283203125,3926.9963293358323,3772.7949027912314,3906.4361391298853,214538800
2023-01-11,3680.27392578125,3772.7947786640184,3659.7137362517456,3731.6743996050104,193915000
2023-01-12,3783.074951171875,3885.87590093198,3700.834191363791,3700.834191363791,219659400
2023-01-13,3772.794921875,3793.3551121849455,3721.394446100136,3752.2347315650545,107483800
2023-01-16,3824.195556640625,3844.7557478053595,3741.954791981687,3741.954791981687,145710000
2023-01-17,4009.237060546875,4040.077345628005,3855.035635141226,3865.315730168269,146238000
2023-01-18,3926.996337890625,4019.5171940189384,3906.436147639889,3968.1167183920975,95360600
2023-01-19,4009.237060546875,4040.077345628005,3916.7162053034854,3947.5564903846152,81704200
2023-01-20,4101.7578125,4112.037907268171,4029.7971491228072,4050.357338659148,93227400
2023-01-24,4070.91796875,4101.758256392045,4029.7975852272725,4050.3577769886365,35028000
2023-01-25,3988.6767578125,4050.357326232281,3988.6767578125,4029.7971367590208,72767800
2023-01-26,4040.0771484375,4060.6373374880727,4009.236864861641,4019.5169593869277,70558600
2023-01-27,4122.31787109375,4173.718343301902,4070.9173988855987,4070.9173988855987,216788400
2023-01-30,4091.4775390625,4163.438199297268,4060.6372561047424,4122.317822020257,82589400
2023-01-31,4091.4775390625,4153.158104978015,4060.6372561047424,4122.317822020257,167297000
2023-02-01,3988.6767578125,4132.598084125322,3978.39666307587,4091.4777051788014,165628800
2023-02-02,3998.956787109375,4009.2368816777794,3937.2762196989474,3998.956787109375,99351800
2023-02-03,4081.19775390625,4091.477849004251,4009.237088220246,4009.237088220246,108125400
2023-02-06,4060.6376953125,4132.598363330697,4009.2372181566457,4081.197886174842,109098400
2023-02-07,4183.99853515625,4204.558724518197,4070.9174936655404,4091.4776830274873,118132000
2023-02-08,4194.27880859375,4204.558903712852,4153.158428117341,4163.438523236443,75656000
2023-02-09,4214.83935546875,4276.519931402439,4214.83935546875,4235.3995474466465,121757400
2023-02-10,4235.39892578125,4297.079492661559,4173.71835890094,4297.079492661559,81114600
2023-02-13,4255.95947265625,4338.200235412893,4214.839091277929,4338.200235412893,56771800
2023-02-14,4266.23974609375,4297.08003341491,4225.119362998871,4297.08003341491,39570600
2023-02-15,4204.55908203125,4255.9595598066935,4153.1586042558065,4235.399368696516,75595200
2023-02-16,4183.99853515625,4225.118913880144,4163.438345794302,4204.558724518197,49569000
2023-02-17,4235.39892578125,4235.39892578125,4153.158169940837,4183.998453380992,58521000
2023-02-20,4225.119140625,4235.399235857664,4194.278854927007,4235.399235857664,40696400
2023-02-21,4194.27880859375,4235.399189070159,4183.998713474648,4235.399189070159,52604400
2023-02-22,4112.0380859375,4183.998752441406,4091.4778955078123,4163.438562011719,75513400
2023-02-23,4142.8779296875,4153.158023805831,4081.1973649775123,4101.757553214175,177505200
2023-02-24,4163.4384765625,4204.558856577933,4142.878286554785,4163.4384765625,54138200
2023-02-27,4173.71875,4173.71875,4132.598368226601,4142.878463669951,47901800
2023-02-28,4112.0380859375,4173.718657226563,4112.0380859375,4142.878371582031,146440400
2023-03-01,4153.158203125,4194.278581373762,4132.598014000619,4173.7183922493805,89565600
2023-03-02,4204.55908203125,4235.399368696516,4173.718795365984,4173.718795365984,72991800
2023-03-03,4132.59765625,4214.838405628109,4122.317562577737,4194.278218283583,88630600
2023-03-06,4163.4384765625,4204.558856577933,4142.878286554785,4183.998666570216,53728800
2023-03-07,4183.99853515625,4225.118913880144,4163.438345794302,4173.718440475276,80065800
2023-03-08,4225.119140625,4225.119140625,4183.998759694343,4214.839045392336,104838200
2023-03-09,4297.07958984375,4317.639779268839,4255.95921099357,4276.51940041866,83286000
2023-03-10,4266.23974609375,4286.79993764119,4225.119362998871,4286.79993764119,107531000
2023-03-13,4255.95947265625,4266.23956800083,4204.558995933348,4225.119186622509,92827600
2023-03-14,4081.19775390625,4225.119085278259,4050.3574686122483,4194.278799984257,191898400
2023-03-15,4132.59765625,4183.998124611318,4050.3569068718907,4132.59765625,262828600
2023-03-16,4050.357421875,4142.878276689404,4040.077326895622,4142.878276689404,135467400
2023-03-17,4153.158203125,4163.43829768719,4081.1975411896656,4091.4776357518563,224171600
2023-03-20,4112.0380859375,4153.158466796875,4112.0380859375,4132.598276367187,46333000
2023-03-21,4317.64013671875,4317.64013671875,4142.878512137277,4153.158607700893,131331000
2023-03-24,4482.12109375,4502.68128225344,4348.479868477637,4369.040056981078,222156200
2023-03-27,4408.36181640625,4505.605091768152,4408.36181640625,4494.8002833946075,151825600
2023-03-28,4375.94775390625,4440.776609519676,4365.142944637346,4408.362181712963,103951000
2023-03-29,4473.19091796875,4483.995726949351,4408.362064085145,4429.971682046346,107454600
2023-03-30,4419.1669921875,4494.8006570904645,4419.1669921875,4473.191038546761,97186200
2023-03-31,4462.3857421875,4462.3857421875,4408.361701725182,4440.776126002573,92013200
2023-04-03,4548.82470703125,4548.82470703125,4494.800660629454,4494.800660629454,101724400
2023-04-04,4494.80078125,4581.2392578125,4408.3623046875,4538.02001953125,94482600
2023-04-05,4516.41015625,4538.019774222488,4451.581302332535,4451.581302332535,42655500
2023-04-06,4473.19091796875,4516.410153891154,4451.581300007549,4516.410153891154,47999400
2023-04-10,4408.36181640625,4473.190666647519,4365.142582912071,4451.581049900429,74787800
2023-04-11,4408.36181640625,4408.36181640625,4365.142582912071,4408.36181640625,37744800
2023-04-12,4451.5810546875,4516.4099049984825,4408.361821146845,4408.361821146845,111901500
2023-04-13,4429.9716796875,4494.800533536585,4429.9716796875,4473.190915586891,67928500
2023-04-14,4516.41015625,4538.019774222488,4451.581302332535,4451.581302332535,142479800
2023-04-17,4429.9716796875,4538.019769435976,4429.9716796875,4516.4101514862805,95789900
2023-04-18,4473.19091796875,4538.019771852355,4429.971682046346,4451.581300007549,106962300
2023-04-26,4494.80078125,4689.287353515625,4473.191162109375,4667.677734375,207338000
2023-04-27,4494.80078125,4516.410400390625,4473.191162109375,4473.191162109375,51076300
2023-04-28,4473.19091796875,4516.410153891154,4451.581300007549,4516.410153891154,116957800
2023-05-02,4538.02001953125,4538.02001953125,4473.191162109375,4538.02001953125,98024100
2023-05-03,4516.41015625,4538.019774222488,4451.581302332535,4538.019774222488,110683000
2023-05-04,4473.19091796875,4516.410153891154,4429.971682046346,4473.19091796875,100945900
2023-05-05,4473.19091796875,4494.800535929951,4429.971682046346,4473.19091796875,64499500
2023-05-08,4429.9716796875,4494.800533536585,4429.9716796875,4473.190915586891,64678000
2023-05-09,4365.142578125,4429.971428295174,4365.142578125,4408.361811571783,93531000
2023-05-10,4386.75244140625,4429.971677282174,4365.142823468288,4365.142823468288,58148200
2023-05-11,4408.36181640625,4408.36181640625,4343.532966164981,4386.75219965916,63262300
2023-05-12,4321.92333984375,4386.752189941406,4321.92333984375,4386.752189941406,105407300
2023-05-15,4365.142578125,4365.142578125,4321.923344678218,4365.142578125,76451700
2023-05-16,4313.27978515625,4386.752486907409,4304.6359378914085,4386.752486907409,42752200
2023-05-17,4321.92333984375,4386.752189941406,4304.635646484375,4313.279493164063,63396700
2023-05-19,4386.75244140625,4408.362059344212,4343.533205530326,4386.75244140625,78499800
2023-05-22,4516.41015625,4538.019774222488,4386.752448415072,4408.36206638756,120027200
2023-05-23,4429.9716796875,4538.019769435976,4408.362061737805,4494.800533536585,165534100
2023-05-24,4386.75244140625,4451.581295220136,4365.142823468288,4429.971677282174,125575300
2023-05-25,4473.19091796875,4473.19091796875,4365.142828162741,4365.142828162741,76424100
2023-05-26,4429.9716796875,4494.800533536585,4408.362061737805,4473.190915586891,42313700
2023-05-29,4451.5810546875,4473.190671457827,4408.361821146845,4473.190671457827,60646900
2023-05-30,4451.5810546875,4494.800288228155,4408.361821146845,4408.361821146845,49086100
2023-05-31,4365.142578125,4494.800278465346,4365.142578125,4473.190661741955,393735900
2023-06-05,4386.75244140625,4451.581295220136,4386.75244140625,4408.362059344212,149191300
2023-06-06,4365.142578125,4408.361811571783,4278.7041112314355,4365.142578125,244590500
2023-06-07,4343.533203125,4386.752438976991,4321.923585199005,4321.923585199005,130408700
2023-06-08,4343.533203125,4386.752438976991,4321.923585199005,4321.923585199005,173484200
2023-06-09,4429.9716796875,4429.9716796875,4321.923589939024,4343.5332078887195,150849200
2023-06-12,4408.36181640625,4429.97143315334,4365.142582912071,4408.36181640625,91080300
2023-06-13,4408.36181640625,4473.190666647519,4365.142582912071,4408.36181640625,143804700
2023-06-14,4365.142578125,4451.5810450185645,4365.142578125,4429.971428295174,96670300
2023-06-15,4429.9716796875,4451.581297637195,4365.142825838415,4365.142825838415,94097900
2023-06-16,4451.5810546875,4451.5810546875,4386.752204376517,4429.971437917172,103942500
2023-06-19,4429.9716796875,4451.581297637195,4408.362061737805,4408.362061737805,36211300
2023-06-20,4408.36181640625,4429.97143315334,4365.142582912071,4408.36181640625,44316800
2023-06-21,4408.36181640625,4408.36181640625,4365.142582912071,4365.142582912071,58061600
2023-06-22,4386.75244140625,4451.581295220136,4386.75244140625,4408.362059344212,60457300
2023-06-23,4386.75244140625,4429.971677282174,4365.142823468288,4386.75244140625,47276900
2023-06-26,4429.9716796875,4473.190915586891,4386.75244378811,4408.362061737805,74263700
2023-06-27,4494.80078125,4538.02001953125,4451.58154296875,4473.191162109375,101592900
2023-07-03,4624.4580078125,4624.4580078125,4429.971456082068,4429.971456082068,227354700
2023-07-04,4538.02001953125,4667.677734375,4516.410400390625,4667.677734375,119841200
2023-07-05,4559.62939453125,4602.848630498371,4538.01977654769,4581.23901251481,78430000
2023-07-06,4581.23876953125,4624.458003206073,4538.019535856427,4581.23876953125,90981000
2023-07-07,4451.5810546875,4581.238755309466,4451.5810546875,4559.629138539138,128515100
2023-07-10,4473.19091796875,4516.410153891154,4451.581300007549,4473.19091796875,82685700
2023-07-11,4559.62939453125,4581.23901251481,4473.1909225970085,4494.800540580569,100578900
2023-07-12,4581.23876953125,4646.067620043485,4538.019535856427,4581.23876953125,123947700
2023-07-13,4624.4580078125,4646.067624671437,4559.6291572356895,4646.067624671437,101281200
2023-07-14,4667.67724609375,4689.286862973813,4624.458012333623,4667.67724609375,122343600
2023-07-17,4646.06787109375,4732.506343114099,4646.06787109375,4689.287107103924,99897600
2023-07-18,4624.4580078125,4689.286858389311,4581.238774094626,4646.067624671437,65073800
2023-07-20,4775.7255859375,4797.335203973416,4667.677495757918,4667.677495757918,132054000
2023-07-21,4797.33544921875,4818.945068359375,4710.89697265625,4797.33544921875,111275700
2023-07-24,4754.1162109375,4862.164306640625,4754.1162109375,4797.33544921875,54865000
2023-07-25,4797.33544921875,4818.945068359375,4754.1162109375,4797.33544921875,65237300
2023-07-26,4818.94482421875,4840.554442264574,4775.725588127102,4797.3352061729265,88526700
2023-07-27,4862.16357421875,4926.992421875,4818.944342447917,4818.944342447917,86556200
2023-07-28,4926.99267578125,4948.602292780291,4862.163824784128,4862.163824784128,121968500
2023-07-31,4948.6025390625,5013.431393286026,4862.164066764465,5013.431393286026,189375700
2023-08-01,4883.7734375,4948.6022884402655,4840.554203539823,4883.7734375,114702500
2023-08-02,4926.99267578125,4970.211909779331,4840.554207785088,4862.163824784128,133546200
2023-08-03,5013.43115234375,5035.040769379714,4926.992684199892,4948.602301235856,68587500
2023-08-04,4991.82177734375,5035.041013511228,4970.212159260011,5013.431395427489,47144200
2023-08-07,5078.26025390625,5121.4794901097075,5035.0410177027925,5056.650635804521,104342100
2023-08-08,5099.86962890625,5143.088863049524,5078.260011834614,5099.86962890625,66473200
2023-08-09,5099.86962890625,5143.088863049524,5056.650394762976,5099.86962890625,64495400
2023-08-10,5164.69873046875,5186.308348587866,5099.869876111402,5121.479494230518,78859600
2023-08-11,5121.47900390625,5207.9174681072,5099.8693878560125,5164.698236006725,46568600
2023-08-14,5143.0888671875,5143.0888671875,5013.4311646533615,5121.479250098477,86460500
2023-08-15,5013.43115234375,5121.479237523572,5013.43115234375,5099.869620487608,116815700
2023-08-16,5013.43115234375,5013.43115234375,4905.383067163928,4991.821535307786,163744100
2023-08-18,4991.82177734375,5035.041013511228,4948.602541176271,4948.602541176271,104894600
2023-08-21,5035.041015625,5078.260251810622,5013.431397532188,5013.431397532188,61845800
2023-08-22,5143.0888671875,5143.0888671875,5013.4311646533615,5013.4311646533615,93617200
2023-08-23,5056.65087890625,5143.08935546875,5056.65087890625,5143.08935546875,40844700
2023-08-24,5143.0888671875,5143.0888671875,5078.26001592043,5099.8696330094535,42648300
2023-08-25,5099.86962890625,5121.479245977886,5035.04077769134,5099.86962890625,65093100
2023-08-28,5186.30810546875,5207.91772257487,5099.86963704427,5143.08887125651,63980400
2023-08-29,5143.0888671875,5207.917718454569,5143.0888671875,5186.3081013655465,50839300
2023-08-30,5164.69873046875,5272.74682106433,5121.479494230518,5121.479494230518,65727400
2023-08-31,5207.91796875,5251.137205005187,5099.869878112033,5186.308350622407,159062900
2023-09-01,5251.13720703125,5294.3564433031115,5229.527588895318,5251.13720703125,50796000
2023-09-04,5272.74658203125,5315.965816310195,5229.527347752305,5251.136964891778,56317700
2023-09-05,5272.74658203125,5315.965816310195,5251.136964891778,5272.74658203125,24893100
2023-09-06,5229.52734375,5294.356195118801,5229.52734375,5229.52734375,40547800
2023-09-07,5078.26025390625,5207.9179625166225,5035.0410177027925,5186.308344414893,124351400
2023-09-08,5099.86962890625,5121.479245977886,4991.821543548067,5099.86962890625,81980400
2023-09-11,5121.47900390625,5121.47900390625,5035.040539705301,5099.8693878560125,74510600
2023-09-12,5078.26025390625,5143.089108211436,5056.650635804521,5143.089108211436,54076800
2023-09-13,5056.65087890625,5056.65087890625,4991.822021484375,5035.041259765625,69884000
2023-09-14,5035.041015625,5078.260251810622,4991.821779439378,5035.041015625,59132600
2023-09-15,5121.47900390625,5164.698236006725,5056.650155755538,5099.8693878560125,165106200
2023-09-18,5099.86962890625,5143.088863049524,5078.260011834614,5099.86962890625,53450400
2023-09-19,5186.30810546875,5251.136956787109,5078.260019938151,5099.86963704427,84608400
2023-09-20,5251.13720703125,5294.3564433031115,5229.527588895318,5272.746825167181,64864900
2023-09-21,5186.30810546875,5251.136956787109,5164.69848836263,5229.52733968099,60535000
2023-09-22,5186.30810546875,5229.52733968099,5164.69848836263,5186.30810546875,51069900
2023-09-25,5186.30810546875,5229.52733968099,5164.69848836263,5186.30810546875,40650900
2023-09-26,5121.47900390625,5186.3078520569625,5056.650155755538,5164.698236006725,109786400
2023-09-27,5186.30810546875,5229.52733968099,5099.86963704427,5121.47925415039,75050600
2023-09-29,5207.91796875,5229.527586877593,5186.308350622407,5229.527586877593,71554100
2023-10-02,5229.52734375,5272.7465779958675,5207.917726627065,5207.917726627065,33296500
2023-10-03,5251.13720703125,5251.13720703125,5186.308352623457,5186.308352623457,37093100
2023-10-04,5294.3564453125,5294.3564453125,5164.698736447704,5251.137209024235,69154000
2023-10-05,5294.3564453125,5359.185299744898,5272.746827168367,5315.966063456633,69566800
2023-10-06,5207.91796875,5315.966059387967,5207.91796875,5315.966059387967,25913600
2023-10-09,5099.86962890625,5229.52733133607,5099.86962890625,5207.917714264433,45321700
2023-10-10,5186.30810546875,5251.136956787109,5099.86963704427,5099.86963704427,42820800
2023-10-11,5229.52734375,5337.575429364669,5143.088875258264,5143.088875258264,72955000
2023-10-12,5251.13720703125,5337.575679574974,5229.527588895318,5251.13720703125,91341800
2023-10-13,5251.13720703125,5315.966061439043,5207.917970759388,5251.13720703125,39914700
2023-10-16,5207.91796875,5251.137205005187,5164.698732494813,5207.91796875,53416400
2023-10-17,5186.30810546875,5207.91772257487,5121.47925415039,5186.30810546875,74702300
2023-10-18,5056.65087890625,5143.08935546875,5035.041259765625,5121.479736328125,80637400
2023-10-19,4948.6025390625,5013.431393286026,4926.992920987991,4991.821775211517,160277800
2023-10-20,4970.2119140625,5013.431148097826,4883.773445991847,4905.383063009511,82132000
2023-10-23,4905.38330078125,4948.602536911481,4862.164064651019,4926.992918846366,73897500
2023-10-24,4970.2119140625,5013.431148097826,4905.383063009511,4926.992680027174,72469200
2023-10-25,5056.65087890625,5099.8701171875,4991.822021484375,5035.041259765625,90426500
2023-10-26,4926.99267578125,5056.650377775493,4926.99267578125,5013.431143777412,86348700
2023-10-27,4926.99267578125,4991.821526778372,4926.99267578125,4970.211909779331,90177000
2023-10-30,4948.6025390625,4948.6025390625,4862.164066764465,4926.992920987991,81547000
2023-10-31,4905.38330078125,5056.650627237059,4883.773682716134,5013.431391106828,99449400
2023-11-01,4883.7734375,4926.992671460177,4862.1638205199115,4926.992671460177,74281200
2023-11-02,5099.86962890625,5121.479245977886,4948.602309404793,4970.21192647643,115678200
2023-11-03,5035.041015625,5164.698724181867,5035.041015625,5121.479487996245,53379500
2023-11-06,5121.47900390625,5121.47900390625,5056.650155755538,5099.8693878560125,58266100
2023-11-07,5078.26025390625,5164.698726313165,5013.431399601063,5143.089108211436,56161300
2023-11-08,5056.65087890625,5056.65087890625,4948.602783203125,4991.822021484375,63442400
2023-11-09,5078.26025390625,5099.869872007978,5013.431399601063,5035.0410177027925,45026200
2023-11-10,4991.82177734375,5056.650631594967,4991.82177734375,5056.650631594967,59611500
2023-11-13,5035.041015625,5056.650633717811,5013.431397532188,5056.650633717811,17444600
2023-11-14,5035.041015625,5099.869869903433,5013.431397532188,5035.041015625,50587800
2023-11-15,5121.47900390625,5164.698236006725,5078.259771805776,5099.8693878560125,74255700
2023-11-16,5121.47900390625,5121.47900390625,5035.040539705301,5056.650155755538,36004500
2023-11-17,5099.86962890625,5143.088863049524,5056.650394762976,5078.260011834614,33963900
2023-11-20,5078.26025390625,5121.4794901097075,5035.0410177027925,5035.0410177027925,20014600
2023-11-21,5078.26025390625,5121.4794901097075,5035.0410177027925,5056.650635804521,55094300
2023-11-22,5078.26025390625,5099.869872007978,5035.0410177027925,5035.0410177027925,21111100
2023-11-23,5099.86962890625,5143.088863049524,5099.86962890625,5143.088863049524,36725600
2023-11-24,5078.26025390625,5121.4794901097075,5056.650635804521,5121.4794901097075,27087900
2023-11-27,5099.86962890625,5121.479245977886,5078.260011834614,5099.86962890625,39719300
2023-11-28,5099.86962890625,5121.479245977886,5078.260011834614,5099.86962890625,58255800
2023-11-29,5056.65087890625,5121.479736328125,5035.041259765625,5056.65087890625,36796600
2023-11-30,5056.65087890625,5121.479736328125,5035.041259765625,5056.65087890625,117365000
2023-12-01,5099.86962890625,5099.86962890625,5035.04077769134,5056.650394762976,31365100
2023-12-04,5186.30810546875,5207.91772257487,5099.86963704427,5121.47925415039,66145100
2023-12-05,5164.69873046875,5186.308348587866,5078.260257992286,5186.308348587866,58668400
2023-12-06,5013.43115234375,5143.088854559537,5013.43115234375,5121.479237523572,88747200
2023-12-07,4970.2119140625,5035.040765115489,4948.602297044837,5013.431148097826,97966700
2023-12-08,4926.99267578125,4991.821526778372,4883.773441783169,4970.211909779331,98036700
2023-12-11,4991.82177734375,5013.431395427489,4883.773686925054,4883.773686925054,68655000
2023-12-12,5013.43115234375,5035.040769379714,4970.211918271822,5013.43115234375,55110500
2023-12-13,4948.6025390625,4991.821775211517,4926.992920987991,4970.212157137008,121450600
2023-12-14,5143.0888671875,5207.917718454569,5013.4311646533615,5035.040781742385,171595800
2023-12-15,5099.86962890625,5186.308097192797,5099.86962890625,5143.088863049524,142382200
2023-12-18,5121.47900390625,5143.0886199564875,5056.650155755538,5056.650155755538,101458600
2023-12-19,5164.69873046875,5164.69873046875,5121.479494230518,5143.089112349634,40763200
2023-12-20,5121.47900390625,5164.698236006725,5099.8693878560125,5099.8693878560125,65361000
2023-12-21,5164.69873046875,5164.69873046875,5121.479494230518,5143.089112349634,50363900
2023-12-22,5164.69873046875,5164.69873046875,5121.479494230518,5143.089112349634,29975600
2023-12-27,5186.30810546875,5207.91772257487,5121.47925415039,5186.30810546875,43114900
2023-12-28,5294.3564453125,5315.966063456633,5186.308354591837,5229.527590880102,75118700
2023-12-29,5229.52734375,5294.356195118801,5186.308109504132,5294.356195118801,63097100
2024-01-02,5294.3564453125,5294.3564453125,5207.91797273597,5229.527590880102,26235700
2024-01-03,5272.74658203125,5315.965816310195,5229.527347752305,5272.74658203125,30053900
2024-01-04,5488.8427734375,5532.062007874016,5272.746601254921,5294.356218473179,135344500
2024-01-05,5553.671875,5596.891111381323,5488.843020428016,5532.062256809339,114339400
2024-01-08,5532.06201171875,5704.938949584961,5510.452394485474,5618.5004806518555,151018300
2024-01-09,5510.45263671875,5575.2814912683825,5488.843018535539,5553.671873085172,77953400
2024-01-10,5553.671875,5575.281493190661,5467.233402237354,5510.452638618677,50019800
2024-01-11,5575.28173828125,5618.5009765625,5532.0625,5553.672119140625,32120200
2024-01-12,5683.3291015625,5769.767566985504,5640.109868850998,5683.3291015625,114039700
2024-01-15,5618.50048828125,5726.548574594351,5596.89087101863,5683.329340069111,83066800
2024-01-16,5640.10986328125,5726.548328618894,5618.500246946839,5640.10986328125,83516800
2024-01-17,5640.10986328125,5726.548328618894,5618.500246946839,5640.10986328125,80929000
2024-01-18,5640.10986328125,5661.719479615661,5596.890630612428,5640.10986328125,78209900
2024-01-19,5640.10986328125,5640.10986328125,5553.671397943606,5618.500246946839,74814000
2024-01-22,5618.50048828125,5661.719722806491,5575.281253756009,5618.50048828125,96993100
2024-01-23,5618.50048828125,5661.719722806491,5575.281253756009,5640.11010554387,77037800
2024-01-24,5532.06201171875,5596.890863418579,5488.842777252197,5575.281246185303,97290600
2024-01-25,5424.01416015625,5532.062250996016,5402.404541988297,5467.233396492156,99094100
2024-01-26,5445.62353515625,5467.233152359251,5380.794683547247,5402.404300750248,77236800
2024-01-29,5596.89111328125,5596.89111328125,5424.0141676972735,5488.843022291265,124753000
2024-01-30,5748.158203125,5791.377437734962,5575.28126468515,5596.890881990132,123330900
2024-01-31,5748.158203125,5791.377437734962,5748.158203125,5748.158203125,128185000
2024-02-01,5661.7197265625,5726.548578393368,5618.500492008588,5683.329343839456,168145800
2024-02-02,5769.76806640625,5769.76806640625,5704.939211727528,5726.548829953769,120116200
2024-02-05,5899.42529296875,6007.473375257555,5769.767594222184,5791.377210679945,150535100
2024-02-06,5921.03515625,5985.86400832573,5856.2063041742695,5899.425538891423,90146000
2024-02-07,6007.4736328125,6007.4736328125,5921.035163275629,5942.644780659847,88745500
2024-02-12,6137.13134765625,6223.5698173415485,6093.9121128136,6180.3505824989,162771300
2024-02-13,6072.302734375,6158.741207462189,6072.302734375,6137.131589190391,102668900
2024-02-15,6223.56982421875,6374.837146335178,6180.350589328342,6310.008293999566,220530000
2024-02-16,6223.56982421875,6396.446763780382,6223.56982421875,6374.837146335178,142022100
2024-02-19,6180.3505859375,6331.617907970935,6158.740968504152,6180.3505859375,83753500
2024-02-20,6180.3505859375,6266.789055670892,6180.3505859375,6266.789055670892,87312000
2024-02-21,6266.7890625,6266.7890625,6115.521740301724,6158.740975215517,128063900
2024-02-22,6137.13134765625,6223.5698173415485,6137.13134765625,6201.960199920224,85735800
2024-02-23,6093.912109375,6137.131344193262,6050.6928745567375,6093.912109375,109404700
2024-02-26,6093.912109375,6115.521726784131,6007.473639738475,6007.473639738475,65407700
2024-02-27,6115.52197265625,6137.131590934187,6029.083499544501,6029.083499544501,58066100
2024-02-28,6158.74072265625,6158.74072265625,6072.302256373355,6072.302256373355,49888400
2024-02-29,6050.69287109375,6180.35057547433,6050.69287109375,6158.740958077567,150713600
2024-03-01,6072.302734375,6115.521970918595,6029.083497831406,6093.912352646797,90739400
2024-03-04,6072.302734375,6093.912352646797,6029.083497831406,6050.6931161032035,44707200
2024-03-05,6072.302734375,6137.131589190391,6050.6931161032035,6115.521970918595,92557200
2024-03-06,6115.52197265625,6137.131590934187,6050.693117822438,6050.693117822438,74178100
2024-03-07,6137.13134765625,6158.740965077574,6072.302495392275,6115.521730234925,94950400
2024-03-08,6158.74072265625,6201.959955797697,6137.131106085526,6180.350339226973,109032400
2024-03-13,6288.39892578125,6288.39892578125,6180.350834272981,6266.789307479596,126022700
2024-03-14,6396.447265625,6396.447265625,6245.179931640625,6266.78955078125,161193000
2024-03-15,6396.447265625,6482.8857421875,6288.399169921875,6439.66650390625,250581100
2024-03-18,6201.9599609375,6418.056126823824,6201.9599609375,6418.056126823824,105778200
2024-03-19,6288.39892578125,6353.227780686211,6245.179689177942,6266.789307479596,100836600
2024-03-20,6405.568359375,6405.568359375,6360.138796542553,6405.568359375,83416700
2024-03-21,6405.568359375,6541.85704787234,6405.568359375,6450.997922207446,81774800
2024-03-22,6405.568359375,6428.283140791224,6314.709233710106,6360.138796542553,65219900
2024-03-25,6587.28662109375,6587.28662109375,6360.138806573276,6587.28662109375,78212700
2024-03-26,6519.142578125,6564.572143129355,6473.713013120644,6564.572143129355,74274300
2024-03-27,6519.142578125,6587.2869256315325,6519.142578125,6541.8573606271775,46295700
2024-03-28,6587.28662109375,6587.28662109375,6473.712713833513,6496.42749528556,90900900
2024-04-01,6269.27978515625,6587.286730780118,6132.991094174592,6587.286730780118,158358600
2024-04-02,6269.27978515625,6269.27978515625,6087.56153051404,6269.27978515625,135764900
2024-04-03,6155.7060546875,6314.709532114853,6064.846924729013,6314.709532114853,115372600
2024-04-04,6246.56494140625,6291.994504616478,6132.991033380682,6132.991033380682,63174900
2024-04-05,6201.13525390625,6269.2795973557695,6201.13525390625,6201.13525390625,46111500
2024-04-16,6019.4169921875,6110.276116597877,5724.124837853774,5769.5544000589625,180012400
2024-04-17,6019.4169921875,6155.705678803066,6019.4169921875,6087.561335495283,83840200
2024-04-18,6178.42041015625,6269.279533835019,6110.276067397173,6178.42041015625,106893900
2024-04-19,6110.2763671875,6178.420713289963,6042.132021085037,6110.2763671875,47943300
2024-04-22,6110.2763671875,6246.565059392426,5973.987674982574,6246.565059392426,121727900
2024-04-23,6201.13525390625,6291.994378505609,6110.276129306892,6223.85003505609,106699200
2024-04-24,6405.568359375,6405.568359375,6269.27967087766,6291.994452293883,117586500
2024-04-25,6314.70947265625,6428.283384034959,6291.9946903805085,6405.568601759218,111803500
2024-04-26,6132.9912109375,6382.853815827546,6132.9912109375,6360.139033564815,125875000
2024-04-29,6291.99462890625,6314.709410960063,6042.132026314305,6042.132026314305,77938400
2024-04-30,6269.27978515625,6405.568476137907,6155.7058760048685,6178.420657835145,189991300
2024-05-02,5746.83984375,6178.420701581028,5496.977241847826,6178.420701581028,501849300
2024-05-03,5587.83642578125,5837.699030186102,5496.977296906758,5724.125119092988,269305400
2024-05-06,5701.41015625,5814.98406374502,5587.83624875498,5678.695374750996,184234200
2024-05-07,5701.41015625,5814.98406374502,5678.695374750996,5746.839719248008,130410300
2024-05-08,5701.41015625,5860.413626743028,5678.695374750996,5746.839719248008,117065300
2024-05-13,5633.26611328125,5701.410461425781,5565.121765136719,5633.26611328125,128638300
2024-05-14,5633.26611328125,5724.125244140625,5610.551330566406,5610.551330566406,94048400
2024-05-15,5792.26953125,5814.98431372549,5633.2660539215685,5633.2660539215685,80923000
2024-05-16,5769.5546875,5905.843380905511,5746.839905265748,5860.413816437008,114806300
2024-05-17,5973.98779296875,6042.132140417063,5769.554750623812,5769.554750623812,133153900
2024-05-20,5746.83984375,6019.417227643281,5633.265933794466,5951.272881669961,168796000
2024-05-21,5474.26220703125,5701.410016451634,5428.832645147173,5655.980454567557,307362900
2024-05-22,5496.97705078125,5587.836175587551,5406.117925974948,5451.547488378099,171675900
2024-05-27,5292.5439453125,5496.976973243026,5292.5439453125,5474.262192361856,258450900
2024-05-28,5406.1181640625,5474.26251066833,5292.5442530527835,5315.259035254727,93701700
2024-05-29,5269.82958984375,5337.973937988281,5178.970458984375,5292.544372558594,169386300
2024-05-30,5337.9736328125,5451.547539893617,5019.966692985372,5247.114507147606,236632600
2024-05-31,5360.6884765625,5474.262384964248,5360.6884765625,5451.547603283899,169567000
2024-06-03,5542.40673828125,5587.8363017097845,5474.262393138448,5519.691956566982,92525600
2024-06-04,5587.83642578125,5701.4103368743645,5565.121643562627,5587.83642578125,137800600
2024-06-05,5451.5478515625,5587.8365478515625,5428.833068847656,5565.121765136719,102327300
2024-06-06,5610.55126953125,5633.266051998988,5519.692139660298,5565.121704595775,85735200
2024-06-07,5701.41015625,5701.41015625,5587.83624875498,5678.695374750996,99092800
2024-06-10,5701.41015625,5769.554500747012,5633.265811752988,5701.41015625,80154400
2024-06-11,5565.12158203125,5678.695491868622,5565.12158203125,5633.265927933673,56254400
2024-06-12,5383.4033203125,5519.692011965982,5360.688538370254,5496.977230023735,120857200
2024-06-13,5337.9736328125,5451.547539893617,5315.258851396276,5428.832758477393,162616700
2024-06-14,5224.39990234375,5337.973813264266,5133.540773607337,5315.259031080163,203241500
2024-06-19,5224.39990234375,5315.259031080163,5156.25555579144,5247.114684527854,116004200
2024-06-20,5406.1181640625,5406.1181640625,5224.3999064469535,5292.5442530527835,82660000
2024-06-21,5565.12158203125,5633.265927933673,5474.262454161352,5496.977236128827,184240600
2024-06-24,5451.5478515625,5565.121765136719,5451.5478515625,5519.692199707031,58831900
2024-06-25,5383.4033203125,5428.832884196994,5292.5441925435125,5383.4033203125,159983800
2024-06-26,5315.2587890625,5474.262257111378,5315.2587890625,5406.117913661859,92895700
2024-06-27,5451.5478515625,5519.692199707031,5337.973937988281,5360.688720703125,117602400
2024-06-28,5587.83642578125,5678.695554655742,5451.547732469512,5451.547732469512,191371600
2024-07-01,5678.6953125,5678.6953125,5542.406625,5610.55096875,100408200
2024-07-02,5633.26611328125,5769.5548095703125,5587.8365478515625,5701.410461425781,159356600
2024-07-03,5655.98046875,5724.124811746988,5542.40656375502,5701.410030747992,70017100
2024-07-04,5678.6953125,5814.9839999999995,5655.980531249999,5678.6953125,90147800
2024-07-05,5837.69873046875,5905.8430736259725,5724.124825206712,5746.839606259119,111646800
2024-07-08,5655.98046875,5837.698716741968,5633.265687751004,5814.983935742972,138144000
2024-07-09,5792.26953125,5814.98431372549,5633.2660539215685,5655.980836397059,84177600
2024-07-10,5792.26953125,5860.413878676471,5724.125183823529,5792.26953125,59685300
2024-07-11,5814.984375,5837.699157714844,5769.5548095703125,5814.984375,66789800
2024-07-12,5837.69873046875,5951.272635730787,5814.9839494163425,5860.4135115211575,136132200
2024-07-15,5769.5546875,5860.413816437008,5724.125123031496,5860.413816437008,66071800
2024-07-16,5769.5546875,5814.9842519685035,5724.125123031496,5814.9842519685035,64687900
2024-07-17,5860.41357421875,5928.557918105015,5792.269230332486,5860.41357421875,109729800
2024-07-18,5951.27294921875,5996.702513716603,5905.843384720897,5951.27294921875,132532000
2024-07-19,5928.55810546875,5928.55810546875,5860.4137594288795,5905.8433234554595,63165500
2024-07-22,6087.5615234375,6087.5615234375,5928.5580508104,5973.9876144181435,110467000
2024-07-23,6019.4169921875,6132.990897700472,5951.272648879717,6132.990897700472,77861700
2024-07-24,5883.12841796875,5973.987544114986,5883.12841796875,5905.843199505309,63940900
2024-07-25,5973.98779296875,5973.98779296875,5814.984315589353,5860.4138805548955,66655400
2024-07-26,5951.27294921875,6019.41729596553,5905.843384720897,5973.987731467677,76519500
2024-07-29,5883.12841796875,5951.272762578427,5860.413636432191,5951.272762578427,54435300
2024-07-30,5883.12841796875,5951.272762578427,5792.269291822515,5883.12841796875,86701400
2024-07-31,5814.984375,5883.128723144531,5792.269592285156,5814.984375,99004100
2024-08-01,6132.9912109375,6132.9912109375,5905.843388310185,5951.272952835648,163086200
2024-08-02,6178.42041015625,6246.564752915327,6064.84650555779,6087.561286477482,167892400
2024-08-05,5973.98779296875,6110.276487865375,5905.843445520437,6087.5617053826045,184384000
2024-08-06,6019.4169921875,6087.561335495283,5928.557867777123,6042.131773290094,95785000
2024-08-07,6155.7060546875,6155.7060546875,6042.132142239391,6110.276489708256,84582200
2024-08-08,6178.42041015625,6223.849971995634,6110.276067397173,6178.42041015625,81408500
2024-08-09,6223.85009765625,6269.279660412865,6178.420534899636,6201.135316277943,79710700
2024-08-12,6269.27978515625,6269.27978515625,6155.7058760048685,6246.5650033259735,50756000
2024-08-13,6360.138671875,6360.138671875,6223.849986049107,6223.849986049107,68666000
2024-08-14,6428.283203125,6450.997984761484,6382.853639852032,6428.283203125,97695100
2024-08-15,6382.853515625,6428.28307801379,6291.99439084742,6428.28307801379,75955500
2024-08-16,6428.283203125,6473.712766397968,6382.853639852032,6428.283203125,64266400
2024-08-19,6496.427734375,6496.427734375,6382.853822934878,6428.283387510927,50246100
2024-08-20,6541.85693359375,6678.145619710286,6496.427371554904,6541.85693359375,102615900
2024-08-21,6587.28662109375,6632.716183997845,6564.571839641702,6632.716183997845,88487800
2024-08-22,6405.568359375,6519.142266456117,6291.994452293883,6496.427485039893,157323000
2024-08-23,6405.568359375,6428.283140791224,6337.424015126329,6360.138796542553,111752100
2024-08-26,6405.568359375,6450.997922207446,6360.138796542553,6405.568359375,78515400
2024-08-27,6382.853515625,6405.568296819395,6291.99439084742,6382.853515625,91686700
2024-08-28,6564.57177734375,6564.57177734375,6360.138746215398,6382.853527451882,114606200
2024-08-29,6450.998046875,6632.716301716549,6450.998046875,6632.716301716549,94475900
2024-08-30,6473.712890625,6519.142454769737,6428.283326480264,6450.998108552632,153760500
2024-09-02,6541.85693359375,6610.001276652018,6473.7125905354815,6541.85693359375,82176000
2024-09-03,6428.283203125,6587.2866745803885,6405.568421488516,6541.85711130742,75100800
2024-09-04,6519.142578125,6519.142578125,6360.139100609756,6360.139100609756,78789800
2024-09-05,6519.142578125,6564.572143129355,6473.713013120644,6473.713013120644,59432000
2024-09-06,6587.28662109375,6610.001402545798,6496.42749528556,6519.142276737608,63619300
2024-09-09,6587.28662109375,6587.28662109375,6541.857058189656,6587.28662109375,71430300
2024-09-10,6587.28662109375,6610.001402545798,6564.571839641702,6587.28662109375,73515700
2024-09-11,6700.86083984375,6723.575622351695,6610.00170981197,6632.716492319915,91822300
2024-09-12,6632.71630859375,6746.290217987478,6632.71630859375,6700.860654229987,68254300
2024-09-13,6610.00146484375,6632.716246509879,6564.57190151149,6632.716246509879,45854000
2024-09-17,6746.2900390625,6769.004820338804,6632.716132680976,6655.430913957281,96428000
2024-09-18,6723.5751953125,6769.00475744299,6678.14563318201,6700.860414247255,47279200
2024-09-19,6723.5751953125,6859.863881703969,6723.5751953125,6769.00475744299,124377800
2024-09-20,6632.71630859375,6746.290217987478,6632.71630859375,6723.575436108733,97901700
2024-09-23,6769.0048828125,6769.0048828125,6632.716193896813,6655.43097538276,79675600
2024-09-24,6746.2900390625,6791.719601615109,6700.860476509891,6723.575257786195,81817100
2024-09-25,6541.85693359375,6678.145619710286,6405.568247477213,6678.145619710286,192197100
2024-09-26,6519.142578125,6541.8573606271775,6450.998230618467,6519.142578125,173044000
2024-09-27,6405.568359375,6473.71270362367,6360.138796542553,6382.853577958776,161405200
2024-09-30,6291.99462890625,6382.853757121503,6246.565064798623,6360.138975067689,166203500
2024-10-01,6405.568359375,6428.283140791224,6314.709233710106,6360.138796542553,82690100
2024-10-02,6337.42431640625,6450.998228886649,6291.99475141409,6382.85388139841,91076400
2024-10-03,6405.568359375,6428.283140791224,6269.27967087766,6360.138796542553,86264900
2024-10-04,6314.70947265625,6405.568601759218,6269.279908104766,6382.8538194834755,79485300
2024-10-07,6246.56494140625,6291.994504616478,6178.42059659091,6291.994504616478,103943100
2024-10-08,6428.283203125,6519.142329670936,6155.705823487191,6201.135386760159,132141500
2024-10-09,6314.70947265625,6519.142513137927,6314.70947265625,6428.283384034959,76515700
2024-10-10,6314.70947265625,6405.568601759218,6269.279908104766,6291.9946903805085,44291900
2024-10-11,6314.70947265625,6382.8538194834755,6291.9946903805085,6382.8538194834755,45331500
2024-10-14,6291.99462890625,6337.424193013876,6269.279846852437,6291.99462890625,55885300
2024-10-15,6405.568359375,6450.997922207446,6291.994452293883,6360.138796542553,90358600
2024-10-16,6360.138671875,6428.283014787947,6291.994328962053,6405.5682338169645,133022500
2024-10-17,6564.57177734375,6587.286558580234,6360.138746215398,6405.568308688365,90219900
2024-10-18,6519.142578125,6632.7164906358885,6519.142578125,6610.001708133711,57379200
2024-10-21,6541.85693359375,6587.286495632595,6473.7125905354815,6587.286495632595,43056000
2024-10-22,6428.283203125,6519.142329670936,6428.283203125,6496.427548034452,43582700
2024-10-23,6428.283203125,6473.712766397968,6382.853639852032,6428.283203125,38222900
2024-10-24,6337.42431640625,6496.427793878808,6337.42431640625,6360.13909890233,65877100
2024-10-25,6405.568359375,6405.568359375,6337.424015126329,6337.424015126329,34637500
2024-10-28,6201.13525390625,6428.2830654046475,6178.42047275641,6428.2830654046475,114500800
2024-10-29,6201.13525390625,6223.85003505609,6110.276129306892,6178.42047275641,91268300
2024-10-30,6132.9912109375,6155.705993200231,5973.98773509838,5973.98773509838,122132700
2024-10-31,6087.5615234375,6201.135432456856,6087.5615234375,6132.991087045242,126730700
2024-11-01,6042.1318359375,6110.276179951832,5951.272710585056,6110.276179951832,101423100
2024-11-04,6132.9912109375,6178.420775462962,5928.558170572916,5996.702517361111,80208800
2024-11-05,6291.99462890625,6314.709410960063,6064.846808368118,6110.276372475744,88661200
2024-11-06,5951.27294921875,6291.994682952648,5951.27294921875,6291.994682952648,147272800
2024-11-07,5837.69873046875,5951.272635730787,5837.69873046875,5905.8430736259725,154758500
2024-11-08,5746.83984375,5928.558099678854,5701.410279767787,5837.698971714427,192423000
2024-11-11,5769.5546875,5860.413816437008,5587.836429625984,5724.125123031496,125606000
2024-11-12,5792.26953125,5860.413878676471,5746.83996629902,5792.26953125,117281700
2024-11-13,5837.69873046875,5951.272635730787,5814.9839494163425,5905.8430736259725,102748300
2024-11-14,5792.26953125,5883.128661151961,5769.55474877451,5792.26953125,69750600
2024-11-15,5769.5546875,5814.9842519685035,5724.125123031496,5724.125123031496,41079700
2024-11-18,5746.83984375,5837.698971714427,5655.980715785573,5769.554625741107,77471700
2024-11-19,5678.6953125,5792.26921875,5655.980531249999,5792.26921875,95495700
2024-11-20,5655.98046875,5769.55437374498,5633.265687751004,5746.839592745984,68707200
2024-11-21,5587.83642578125,5655.9807724371185,5565.121643562627,5655.9807724371185,76579300
2024-11-22,5678.6953125,5724.1248749999995,5542.406625,5565.121406249999,80236400
2024-11-25,5973.98779296875,5996.702575451521,5746.839968141041,5746.839968141041,183449100
2024-11-26,5814.984375,5996.70263671875,5746.840026855469,5996.70263671875,107194300
2024-11-28,5860.41357421875,5928.557918105015,5769.554449037064,5769.554449037064,81883200
2024-11-29,5587.83642578125,5792.269465748856,5565.121643562627,5746.83990131161,157628700
2024-12-02,5451.5478515625,5678.6956787109375,5428.833068847656,5610.551330566406,114555300
2024-12-03,5701.41015625,5701.41015625,5542.4066857569715,5542.4066857569715,99509800
2024-12-04,5792.26953125,5860.413878676471,5655.980836397059,5701.410401348039,75260000
2024-12-05,5587.83642578125,5792.269465748856,5587.83642578125,5769.554683530234,69528700
2024-12-06,5655.98046875,5701.410030747992,5565.121344754016,5633.265687751004,75989700
2024-12-09,5792.26953125,5792.26953125,5610.551271446078,5610.551271446078,74220300
2024-12-10,5724.125,5746.839781746032,5655.980654761905,5701.410218253968,92245000
2024-12-11,5724.125,5814.984126984127,5724.125,5724.125,62509600
2024-12-12,5565.12158203125,5655.980709901148,5542.406800063775,5633.265927933673,96707500
2024-12-13,5474.26220703125,5542.4065498573655,5428.832645147173,5474.26220703125,135581400
2024-12-16,5519.69189453125,5542.406675990226,5360.688424318416,5360.688424318416,105375900
2024-12-17,5406.1181640625,5519.692075072216,5383.403381860557,5496.977292870273,72109300
2024-12-18,5292.5439453125,5451.547411480687,5247.114383550161,5383.403068837178,153164600
2024-12-19,5156.25537109375,5201.684933834664,5088.111026982379,5110.825808352836,277793000
2024-12-20,5156.25537109375,5224.3997152051215,5110.825808352836,5156.25537109375,148568600
2024-12-23,5292.5439453125,5337.973507074839,5201.684821787821,5269.82916443133,82910100
2024-12-24,5224.39990234375,5337.973813264266,5224.39990234375,5292.54424889606,41240900
2024-12-27,5269.82958984375,5315.2591552734375,5224.4000244140625,5224.4000244140625,46126800
2024-12-30,5178.97021484375,5224.399778131853,5133.540651555647,5156.255433199698,96782100
2025-01-02,5315.2587890625,5315.2587890625,5178.970102163462,5178.970102163462,82914600
2025-01-03,5269.82958984375,5337.973937988281,5247.114807128906,5315.2591552734375,58067100
2025-01-06,5156.25537109375,5292.544059316492,5133.540589723293,5292.544059316492,68443700
2025-01-07,5088.111328125,5133.5408935546875,5042.6817626953125,5088.111328125,96982300
2025-01-08,5224.39990234375,5224.39990234375,5088.11120923913,5088.11120923913,118246100
2025-01-09,5224.39990234375,5247.114684527854,5178.970337975544,5201.685120159646,56491700
2025-01-10,5088.111328125,5247.114807128906,5088.111328125,5224.4000244140625,77751500
2025-01-13,5019.966796875,5042.681578761312,4974.5372331023755,4997.252014988688,99953900
2025-01-14,4906.39306640625,5065.396545410156,4906.39306640625,4929.107849121094,97351900
2025-01-15,5224.39990234375,5292.54424889606,4951.822516134511,4974.537298318614,194025700
2025-01-16,5337.9736328125,5633.265791223404,5315.258851396276,5519.691884142287,204359900
2025-01-17,5337.9736328125,5496.977102726064,5224.399725731383,5269.829288563829,114054600
2025-01-20,5451.5478515625,5496.9774169921875,5383.403503417969,5451.5478515625,84338400
2025-01-21,5496.97705078125,5610.550956789127,5474.2622695796745,5542.406613184401,115355900
2025-01-22,5587.83642578125,5633.265990218496,5542.406861344004,5587.83642578125,117929800
2025-01-23,5610.55126953125,5724.125181869939,5610.55126953125,5633.266051998988,120893700
2025-01-24,5565.12158203125,5678.695491868622,5565.12158203125,5678.695491868622,96161800
2025-01-30,5542.40673828125,5655.980646852587,5519.691956566982,5542.40673828125,101400400
