"conversation_id_str","created_at","favorite_count","full_text","id_str","image_url","in_reply_to_screen_name","lang","location","quote_count","reply_count","retweet_count","tweet_url","user_id_str","username"
"1873710527870087427","Mon Dec 30 12:39:36 +0000 2024","2","Tahun 2024 menjadi bukti nyata komitmen Bank Mandiri dalam memberikan dampak positif bagi masyarakat dan lingkungan. Melalui program Tanggung Jawab Sosial dan Lingkungan (TJSL) Bank Mandiri menunjukkan bahwa keberlanjutan bukan sekadar tujuan melainkan semangat yang https://t.co/g00Xo0PeqU","1873710527870087427","https://pbs.twimg.com/ext_tw_video_thumb/1873708728714924033/pu/img/ARa5Wk3rljCLeRNy.jpg","","in","","0","1","0","https://x.com/inilahdotcom/status/1873710527870087427","46693036","inilahdotcom"
"1874065069602201793","Tue Dec 31 12:08:25 +0000 2024","168","Gain insights from Dani Rodrik Professor of International Political Economy at Harvard Kennedy School on the past present and future of the global economy at the 2025 Mandiri Investment Forum: Nourishing Future Growth. The 2025 Mandiri Investment Forum provides a strategic https://t.co/YU8L0KNuHN","1874065069602201793","https://pbs.twimg.com/amplify_video_thumb/1874064878350327810/img/qYEYIisJFnsmOp1z.jpg","","en","Jakarta","4","17","17","https://x.com/bankmandiri/status/1874065069602201793","2278761810","bankmandiri"
"1260906246468599808","Thu May 14 12:14:10 +0000 2020","618","Yuk menangkan saldo LinkAja Rp200 ribu utk 10 pemenang. Caranya follow Twitter @bankmandiri upload foto apa yg Sahabat buat #dirumahaja ke Twitter pribadi dgn caption cerita menarik hashtag #mandiridirumah dan mention @bankmandiri. Info aktivasi: https://t.co/xydDGPnQvG https://t.co/16DuiLMplV","1260906246468599808","https://pbs.twimg.com/amplify_video_thumb/1258949997938094081/img/yGc5TjsSrshui1c5.jpg","","in","Jakarta","9","47","69","https://x.com/bankmandiri/status/1260906246468599808","2278761810","bankmandiri"
"1871513944357232674","Tue Dec 24 11:11:10 +0000 2024","2","Memasuki libur panjang Nataru dua lokasi parkir sentra di kawasan Kayutangan Heritage resmi dibuka pada Senin (23/12/2024). Lokasi tersebut berada di Jalan Majapahit (gedung eks DLH) dan gedung eks Bank Mandiri Syariah. #infomalang @PemkotMalang @DishubMalang https://t.co/4N5nQInqZq","1871513944357232674","https://pbs.twimg.com/ext_tw_video_thumb/1871513113218232320/pu/img/b4Ow1h9f9b8F5vgd.jpg","","in","Malang, East Java, Indonesia","0","0","0","https://x.com/Blokadotcom/status/1871513944357232674","1503950077265874947","Blokadotcom"
"1179661294963552257","Thu Oct 03 07:35:44 +0000 2019","326","Dalam rangka HUT #mandiri21tahun menangkan saldo #mandiriemoney total Rp7 5 juta dgn mengikuti cerita Dinda yg tayang 1x setiap harinya di masing-masing akun Twitter @bankmandiri @mandirifiesta dan @mandiricard. Cek info lengkap aktivasi: https://t.co/flgl43KBxt https://t.co/utONzJUokG","1179661294963552257","https://pbs.twimg.com/amplify_video_thumb/1179661251124707328/img/eOqYTSVAOQQWRQTC.jpg","","in","Jakarta","13","46","66","https://x.com/bankmandiri/status/1179661294963552257","2278761810","bankmandiri"
"1279988443070828544","Mon Jul 06 04:00:00 +0000 2020","294","Bank Indonesia mewajibkan penggunaan PIN untuk semua transaksi kartu kredit di Indonesia efektif 1 Juli 2020. Benarkah pernyataan tersebut? Cek jawabannya di https://t.co/axVg2gi1ji #tebakanmandiri https://t.co/T12bnnTuIg","1279988443070828544","https://pbs.twimg.com/amplify_video_thumb/1279979450088566784/img/xEbwT6Hfg27ord7-.jpg","","in","Jakarta","5","78","58","https://x.com/mandiricard/status/1279988443070828544","115848008","mandiricard"
"1873924365278159296","Tue Dec 31 02:49:19 +0000 2024","3","Direktur Treasury &amp; International Banking Bank Mandiri Eka Fitria mengungkapkan hingga kini Bank Mandiri berhasil menjaga NPL. Salah satu yang menjadi kesuksesan tersebut adalah Bank Mandiri terus menjaga kualitas pemberian kredit. #Ad https://t.co/Kde9VuF2o7","1873924365278159296","https://pbs.twimg.com/amplify_video_thumb/1873922018988711937/img/leaseF0Nbip-lw4I.jpg","","in","","0","0","2","https://x.com/CNNIndonesia/status/1873924365278159296","17128975","CNNIndonesia"
"1874069043596132699","Tue Dec 31 12:24:13 +0000 2024","238"," 2024 akan segera berakhir namun perjuangan untuk kemanusiaan tidak boleh berhenti sampai detak jantung terakhir - dr. Taufiq Nugroho SpB. FINACS. FICS - Donation Account: Bank Central Asia (BCA) 686.0153678 Bank Mandiri 124.000.8111.925 Bank Syariah https://t.co/vOgJDuzn87","1874069043596132699","https://pbs.twimg.com/amplify_video_thumb/1874068822350848002/img/aelBIvKdIs3S-Z1B.jpg","","in","Jakarta, Indonesia","2","2","182","https://x.com/mercindonesia/status/1874069043596132699","193663043","mercindonesia"
"1873925991762190717","Tue Dec 31 02:55:46 +0000 2024","0","2024: Tahun Penuh Prestasi untuk Bank Mandiri! Tahun 2024 menjadi tahun yang luar biasa bagi Bank Mandiri dengan sejumlah penghargaan bergengsi yang telah diraih. Ini menjadi bukti dari dedikasi dan komitmen kami untuk selalu menghadirkan solusi keuangan terlengkap https://t.co/EVo9yfmSen","1873925991762190717","https://pbs.twimg.com/media/GgGFq76bQAAXH_B.jpg","","in","","0","1","0","https://x.com/BUMNJABAR_HEBAT/status/1873925991762190717","1616295366722482181","BUMNJABAR_HEBAT"
"1873723213970088110","Mon Dec 30 13:30:00 +0000 2024","0","Direktur Treasury &amp; International Banking Bank Mandiri Eka Fitria mengungkapkan hingga kini Bank Mandiri berhasil menjaga NPL. Salah satu yang menjadi kesuksesan tersebut adalah Bank Mandiri terus menjaga kualitas pemberian kredit. https://t.co/ns6OyEQkD6 https://t.co/Liv3vfTXuR","1873723213970088110","https://pbs.twimg.com/media/GgCaCRXbgAAQIxf.jpg","","in","Indonesia","0","0","0","https://x.com/CNNIDdaily/status/1873723213970088110","3306771829","CNNIDdaily"
"1572617518203961344","Wed Sep 21 16:03:28 +0000 2022","193","Bank Mandiri raih 3 penghargaan di Asiamoney Best Bank Award 2022 atas dampak positif yang diberikan terhadap pertumbuhan bisnis &amp; layanan perbankan digital masyarakat. Terima kasih Sahabat atas dukungan sepenuh hati untuk Bank Mandiri. #livingalivelylife #beritamandiri https://t.co/kDxJh111if","1572617518203961344","https://pbs.twimg.com/media/FdMPSzkaUAAWMo9.jpg","","in","Jakarta","2","82","69","https://x.com/bankmandiri/status/1572617518203961344","2278761810","bankmandiri"
"1874063696231883207","Tue Dec 31 12:02:58 +0000 2024","0","Di momen istimewa ini Bank Mandiri Taspen menyampaikan penghargaan dan terima kasih yang tulus kepada Bank Mandiri PT Taspen dan seluruh nasabah setia. Dukungan dan kepercayaan yang diberikan selama ini telah menjadi pendorong utama bagi pencapaian kita bersama. https://t.co/ct700uCoOk","1874063696231883207","https://pbs.twimg.com/ext_tw_video_thumb/1874063576102821891/pu/img/vOjm68hdz9LHXvKS.jpg","","in","Jakarta Capital Region","0","1","0","https://x.com/MandiriTaspen/status/1874063696231883207","1027496658706153472","MandiriTaspen"
"1568887081350610944","Sun Sep 11 09:00:03 +0000 2022","195","Bank Mandiri mendapat sejumlah penghargaan bergengsi dari Alpha South East Asia dalam ajang Best Financial Institution Award 2022. Bank Mandiri berharap dedikasi seluruh Mandirian selama ini bisa adi komitmen untuk memberikan layanan &amp; produk terbaik bagi Sahabat. #beritamandiri https://t.co/OkXNGh2TBR","1568887081350610944","https://pbs.twimg.com/media/FcXOevfacAIdPhj.jpg","","in","Jakarta","1","69","57","https://x.com/bankmandiri/status/1568887081350610944","2278761810","bankmandiri"
"1872491537189503390","Fri Dec 27 03:55:46 +0000 2024","0","Bank Mandiri kembali memperkuat komitmennya untuk memberdayakan Pekerja Migran Indonesia (PMI) melalui program Mandiri Sahabatku. Mengusung tema Menjadi Pengusaha di Negeri Sendiri Bank Mandiri mempertegas perannya dalam mendorong semangat kewirausahaan. https://t.co/zWYn50ZvGK","1872491537189503390","https://pbs.twimg.com/media/Gfxs_TDaYAA03Fm.jpg","","in","","0","0","0","https://x.com/Ambon_Inovatif/status/1872491537189503390","1806558431933091840","Ambon_Inovatif"
"1873902220301000884","Tue Dec 31 01:21:19 +0000 2024","0","2024: Tahun Penuh Prestasi untuk Bank Mandiri! Tahun 2024 menjadi tahun yang luar biasa bagi Bank Mandiri dengan sejumlah penghargaan bergengsi yang telah diraih. Ini menjadi bukti dari dedikasi dan komitmen kami untuk selalu menghadirkan solusi keuangan terlengkap https://t.co/nvsXD5gy7V","1873902220301000884","https://pbs.twimg.com/media/GgFwF4kbAAAEdca.jpg","","in","","0","1","0","https://x.com/BumnPwtSigap/status/1873902220301000884","1435824751553875969","BumnPwtSigap"
"1873570634535747621","Mon Dec 30 03:23:43 +0000 2024","0","Bank Mandiri kembali memperkuat komitmennya untuk memberdayakan PMI melalui program Mandiri Sahabatku. Mengusung tema Menjadi Pengusaha di Negeri Sendiri Bank Mandiri mempertegas perannya dalam mendorong semangat kewirausahaan. #MandiriSahabatku https://t.co/MSfU8k3mCB","1873570634535747621","https://pbs.twimg.com/media/GgBCjs-aUAAeQMg.jpg","","in","","0","0","0","https://x.com/bumnmadiunjitu7/status/1873570634535747621","1600704695055446016","bumnmadiunjitu7"
"1873927133036478959","Tue Dec 31 03:00:19 +0000 2024","0","2024: Tahun Penuh Prestasi untuk Bank Mandiri! Tahun 2024 menjadi tahun yang luar biasa bagi Bank Mandiri dengan sejumlah penghargaan bergengsi yang telah diraih. Bank Mandiri akan terus melangkah maju melahirkan inovasi dan memberikan kontribusi nyata bagi kemajuan bangsa. https://t.co/ChkTBEucxy","1873927133036478959","https://pbs.twimg.com/media/GgGGyqYbYAYoek3.jpg","","in","Jawa Timur","0","0","0","https://x.com/bumnPNGhebat/status/1873927133036478959","1612322661446844418","bumnPNGhebat"
"1399261529615310851","Mon May 31 07:08:40 +0000 2021","198","Mandiri overtakes BRI to become country's largest bank #jakpost https://t.co/qUm2c1YB0B","1399261529615310851","","","en","Jakarta","43","11","67","https://x.com/jakpost/status/1399261529615310851","68577507","jakpost"
"1871499571102433585","Tue Dec 24 10:14:03 +0000 2024","2","Wamenhan Terima Bantuan CSR Bank Mandiri untuk SMA TN Cimahi 24 Desember 2024 https://t.co/DQtMucEzdV https://t.co/5lj2M6bVKS","1871499571102433585","https://pbs.twimg.com/media/Gfjm8MiasAAh5v1.jpg","","in","Jl Masjid Al Akbar Timur No.9","0","0","1","https://x.com/aula_media/status/1871499571102433585","1278217985795096576","aula_media"
"1873644529846546849","Mon Dec 30 08:17:21 +0000 2024","0","Tahun 2024 menjadi bukti nyata komitmen Bank Mandiri dalam memberikan dampak positif bagi masyarakat dan lingkungan. Melalui program Tanggung Jawab Sosial dan Lingkungan (TJSL) Bank Mandiri menunjukkan bahwa keberlanjutan bukan sekadar tujuan. https://t.co/RbtESquDyM","1873644529846546849","https://pbs.twimg.com/ext_tw_video_thumb/1873644453405347840/pu/img/EBerM_5d87oQ9kay.jpg","","in","Jalan Cirendeu Raya No 32 A RT","0","0","0","https://x.com/ipoldotid/status/1873644529846546849","1407567917537894407","ipoldotid"
"1302396092584210432","Sun Sep 06 00:00:00 +0000 2020","164","Lengkapi teka-teki dalam gambar untuk membentuk salah satu produk Mandiri Tabungan yang memungkinkan Sahabat menabung melalui autodebet dari rekening setiap bulan. Cek jawabannya di https://t.co/DAT452XQ9m #tebakanmandiri https://t.co/f8qO8ZXDZW","1302396092584210432","https://pbs.twimg.com/amplify_video_thumb/1301049098074599425/img/gPpt3mTXt2A1u3Uw.jpg","","in","Jakarta","1","81","28","https://x.com/bankmandiri/status/1302396092584210432","2278761810","bankmandiri"
"1871472835094536518","Tue Dec 24 08:27:48 +0000 2024","0","#MandiriSahabatku Bank Mandiri kembali memperkuat komitmennya untuk memberdayakan Pekerja Migran Indonesia (PMI) melalui program Mandiri Sahabatku. Mengusung tema Menjadi Pengusaha di Negeri Sendiri Bank Mandiri mempertegas perannya dalam mendorong semangat kewirausahaan https://t.co/jbVWQokcui","1871472835094536518","https://pbs.twimg.com/media/GfjOntUaYAADbUG.jpg","","in","","0","0","0","https://x.com/BMKSBermanfaat/status/1871472835094536518","1792450116865118209","BMKSBermanfaat"
"1536906349077860353","Wed Jun 15 03:00:02 +0000 2022","142","Cuan banget! Perolehan laba bersih Bank Mandiri di tahun 2021 yang tembus Rp28 03 triliun (konsolidasi) ngasih kontribusi cuan buat BUMN yang mencatatkan total laba sebesar Rp126 triliun. #beritamandiri #LabaBersihBUMN1000Persen #livingalivelylife https://t.co/nJ6RRxeUZp","1536906349077860353","https://pbs.twimg.com/media/FVQwLSmVIAAGH9w.jpg","","in","Jakarta","2","6","14","https://x.com/bankmandiri/status/1536906349077860353","2278761810","bankmandiri"
"1874148897121358093","Tue Dec 31 17:41:31 +0000 2024","0","2024: Tahun Penuh Prestasi untuk Bank Mandiri! Tahun 2024 menjadi tahun yang luar biasa bagi Bank Mandiri dengan sejumlah penghargaan bergengsi yang telah diraih. Ini menjadi bukti dari dedikasi dan komitmen kami #BeritaMandiri #PrestasiMandiriUntukIndonesia https://t.co/Jsbp2Txg3U","1874148897121358093","https://pbs.twimg.com/media/GgJQcVNbYAA96yP.jpg","","in","","0","0","0","https://x.com/bumnlahat2021/status/1874148897121358093","1612366621145980929","bumnlahat2021"
"1874024120180236349","Tue Dec 31 09:25:42 +0000 2024","0","2024: Tahun Penuh Prestasi untuk Bank Mandiri! Tahun 2024 menjadi tahun yang luar biasa bagi Bank Mandiri dengan sejumlah penghargaan bergengsi yang telah diraih. https://t.co/BusneX0HnM","1874024120180236349","https://pbs.twimg.com/media/GgHe-KEbwAAmCt_.jpg","","in","Jember, Jawa Timur","0","1","0","https://x.com/BUMNJrSigap/status/1874024120180236349","1436195143376203804","BUMNJrSigap"
"1873597335068172473","Mon Dec 30 05:09:49 +0000 2024","0","2024: Tahun Penuh Prestasi untuk Bank Mandiri! Tahun 2024 menjadi tahun yang luar biasa bagi Bank Mandiri dengan sejumlah penghargaan bergengsi yang telah diraih. Ini menjadi bukti dari dedikasi dan komitmen kami untuk selalu menghadirkan solusi #PrestasiMandiriUntukIndonesia https://t.co/dMQ3WiCJwq","1873597335068172473","https://pbs.twimg.com/media/GgBa1HgbsAAf_L9.jpg","","in","","0","0","0","https://x.com/bumnsolojituu/status/1873597335068172473","1432202885626884097","bumnsolojituu"
"1874092405672337512","Tue Dec 31 13:57:03 +0000 2024","0","2024: Tahun Penuh Prestasi untuk Bank Mandiri! Tahun 2024 menjadi tahun yang luar biasa bagi Bank Mandiri dengan sejumlah penghargaan bergengsi yang telah diraih. Ini menjadi bukti dari dedikasi dan komitmen kami untuk selalu menghadirkan solusi keuangan terlengkap https://t.co/WcIo8B8wGi","1874092405672337512","https://pbs.twimg.com/media/GgIdC_DbUAEwDn_.jpg","","in","","0","0","0","https://x.com/Bumn_oku_hebat/status/1874092405672337512","1432360670238969861","Bumn_oku_hebat"
"1873671922753602044","Mon Dec 30 10:06:12 +0000 2024","0","51 #PrestasiMandiriUntukIndonesia - 30 Desembe2024 2024 Tahun Penuh Prestasi untuk Bank Mandiri! Tahun 2024 menjadi tahun yang luar biasa bagi Bank Mandiri dengan sejumlah penghargaan bergengsi yang telah diraih. Ini menjadi bukti dari dedikasi dan komitmen kami. https://t.co/R11jHnhctu","1873671922753602044","https://pbs.twimg.com/media/GgCerrMb0AABZbA.jpg","","in","","0","0","0","https://x.com/BUMNRAHAHEBAT/status/1873671922753602044","1432604735073226752","BUMNRAHAHEBAT"
"1873979594677903661","Tue Dec 31 06:28:46 +0000 2024","0","2024: Tahun Penuh Prestasi untuk Bank Mandiri! Tahun 2024 menjadi tahun yang luar biasa bagi Bank Mandiri dengan sejumlah penghargaan bergengsi yang telah diraih. Ini menjadi bukti dari dedikasi dan komitmen #BeritaMandiri #PrestasiMandiriUntukIndonesia https://t.co/t4Wf1LIyCB","1873979594677903661","https://pbs.twimg.com/media/GgG2cZHa0AE1rYq.jpg","","in","","0","0","0","https://x.com/bulog_lsm/status/1873979594677903661","1417004714575548416","bulog_lsm"
"1874065357901852835","Tue Dec 31 12:09:34 +0000 2024","0","Selamat Tahun Baru 2025 Sobat Mantap Jadikan 2025 sebagai tahun yang penuh keberkahan kesuksesan dan kebahagiaan. Semangat untuk meraih impian baru! #AksiBerkarya #MantapBerkarya #InspirasiBerkarya #BankMandiriTaspen #TahunBaru2025 #PensiunBerkarya #MantapUniverse https://t.co/ePtODVWY9l","1874065357901852835","https://pbs.twimg.com/ext_tw_video_thumb/1874065338771656704/pu/img/IBt4Kz08OPAL5rZa.jpg","","in","Jakarta Capital Region","0","3","0","https://x.com/MandiriTaspen/status/1874065357901852835","1027496658706153472","MandiriTaspen"
"1873583870354076135","Mon Dec 30 04:16:18 +0000 2024","0","2024: Tahun Penuh Prestasi untuk Bank Mandiri! Tahun 2024 menjadi tahun yang luar biasa bagi Bank Mandiri dengan sejumlah penghargaan bergengsi yang telah diraih. #BeritaMandiri #PrestasiMandiriUntukIndonesia https://t.co/giirYBZ1j7","1873583870354076135","https://pbs.twimg.com/media/GgBOj7BaAAA8usX.jpg","","in","","0","0","0","https://x.com/bumn_tgrjitu/status/1873583870354076135","1758049520322265088","bumn_tgrjitu"
"1872273576533074328","Thu Dec 26 13:29:40 +0000 2024","48","Tahun ini genap 22 tahun aku berkarier di Bank Mandiri. Satu hal yang kurasakan dari hari pertama aku tanda tangan offering letter adalah bahwa Bank Mandiri merangkul pegawainya sebegitu eratnya seperti keluarga. Ini tempat kami bersama-sama tumbuh. Tempat kami saling memahami. https://t.co/IdD3RSHIc0","1872273576533074328","https://pbs.twimg.com/media/Gfum4oNbEAAXv4u.jpg","","in","Indonesia","3","0","2","https://x.com/ikanatassa/status/1872273576533074328","19799211","ikanatassa"
"1874040212478947424","Tue Dec 31 10:29:39 +0000 2024","0","Bank Mandiri raih sederet penghargaan Infobank - Bankers of The Year 2024. ini merupakan bukti nyata pencapaian kinerja yang positif Bank Mandiri menjadi leader di industri perbankan di Indonesia. #BankMandiri26tahun #BankMandiri #BeritaMandiri https://t.co/h2ob48H1RU","1874040212478947424","https://pbs.twimg.com/media/GgHtoe_bYAIsVgr.jpg","","in","","0","2","0","https://x.com/electrizn_sltg2/status/1874040212478947424","1782234851233640448","electrizn_sltg2"
"1873707699034304805","Mon Dec 30 12:28:21 +0000 2024","0","2024: Tahun Penuh Prestasi untuk Bank Mandiri! Tahun 2024 menjadi tahun yang luar biasa bagi Bank Mandiri dengan sejumlah penghargaan bergengsi yang telah diraih. #BeritaMandiri #PrestasiMandiriUntukIndonesia https://t.co/jCck9gldpF","1873707699034304805","https://pbs.twimg.com/media/GgC_Lb3bIAAOici.jpg","","in","Nusa Tenggara Barat","0","0","0","https://x.com/bumnmtrm_Hebat/status/1873707699034304805","1631113188547919873","bumnmtrm_Hebat"
"1873955476687438228","Tue Dec 31 04:52:56 +0000 2024","0","Bank Mandiri kembali memperkuat komitmennya untuk memberdayakan Pekerja Migran Indonesia (PMI) melalui program Mandiri Sahabatku. Mengusung tema Menjadi Pengusaha di Negeri Sendiri Bank Mandiri mempertegas perannya dalam mendorong semangat kewirausahaan (cont)","1873955476687438228","","","in","","0","1","0","https://x.com/BumnPmkJitu/status/1873955476687438228","1431798789665275904","BumnPmkJitu"
"1524328474571198464","Wed May 11 10:00:03 +0000 2022","119","Jangan terkecoh merespon akun atau telepon yang menghubungi dan mengatasnamakan Bank Mandiri. Pastikan mendapat informasi dari akun resmi terverifikasi. Simak tipsnya dengan menyimak gambar pada post berikut. Jika ada hal mencurigakan hubungi Mandiri Call 14000. #kelasmandiri https://t.co/lxKAWF2QE8","1524328474571198464","https://pbs.twimg.com/media/FSeAqccUUAE_dFn.jpg","","in","Jakarta","13","122","40","https://x.com/bankmandiri/status/1524328474571198464","2278761810","bankmandiri"
"1874026696313360554","Tue Dec 31 09:35:56 +0000 2024","0","Bank Mandiri raih sederet penghargaan Infobank - Bankers of The Year 2024. ini merupakan bukti nyata pencapaian kinerja yang positif Bank Mandiri menjadi leader di industri perbankan di Indonesia. #BankMandiri26tahun #BankMandiri #BeritaMandiri https://t.co/2CYR2UBwov","1874026696313360554","https://pbs.twimg.com/media/GgHhV2KbcAAjsL_.jpg","","in","Surakarta, Jawa Tengah","0","0","0","https://x.com/electrizen_krny/status/1874026696313360554","1633723312928088067","electrizen_krny"
"1536272186444423168","Mon Jun 13 09:00:06 +0000 2022","661","Sebagai upaya pencegahan dari kejahatan perbankan yang marak terjadi kenali logo dan sarana komunikasi Bank Mandiri yang resmi agar selalu aman dan nyaman bertransaksi. Jika ada hal mencurigakan dan ingin melaporkan indikasi kejahatan hubungi Mandiri Call 14000. #kelasmandiri https://t.co/ible1jfSRR","1536272186444423168","https://pbs.twimg.com/media/FVHvZ1uUcAABwBD.jpg","","in","Jakarta","3","12","83","https://x.com/bankmandiri/status/1536272186444423168","2278761810","bankmandiri"
"1872630466437931385","Fri Dec 27 13:07:49 +0000 2024","1","Sekretaris Daerah Provinsi Sumsel Edward Candra menghadiri Groundbreaking Gedung Mandiri Financial Centre Palembang. Groundbreaking dihadiri juga secara langsung oleh Direktur Utama Bank Mandiri Darmawan Junaidi Bank Mandiri KCP Palembang Jumat (27/12/2024). #pjgubernursumsel https://t.co/mviOorwvQD","1872630466437931385","https://pbs.twimg.com/ext_tw_video_thumb/1872630266298249216/pu/img/6ONbj0KLlLb56eli.jpg","","in","Palembang, South Sumatra","0","0","0","https://x.com/DISKOMINFOSS/status/1872630466437931385","979193808452595712","DISKOMINFOSS"
"1245282124342558721","Wed Apr 01 09:29:29 +0000 2020","544","Meskipun #dirumahaja manfaatkan fitur #mandirionline utk bayar tagihan yaitu: a.bayar b.beli c.e-money d.transfer Yuk jawab dan menangkan hadiah saldo LinkAja Rp50.000 utk 10 pemenang cek jawabannya di https://t.co/yZ6sComSeE. Info: https://t.co/fIlpFY1Zm8 #tebakanmandiri https://t.co/TdPMwSnqqD","1245282124342558721","https://pbs.twimg.com/amplify_video_thumb/1245281838899200001/img/YQP82sbYq4KiAAW5.jpg","","in","Jakarta","13","213","92","https://x.com/bankmandiri/status/1245282124342558721","2278761810","bankmandiri"
"1873925825965457464","Tue Dec 31 02:55:07 +0000 2024","0","2024: Tahun Penuh Prestasi untuk Bank Mandiri! Tahun 2024 menjadi tahun yang luar biasa bagi Bank Mandiri dengan sejumlah penghargaan bergengsi yang telah diraih. Ini menjadi bukti dari dedikasi dan komitmen kami untuk selalu menghadirkan solusi keuangan terlengkap dan terbaik https://t.co/fgkNxcuzwx","1873925825965457464","https://pbs.twimg.com/media/GgGFkORbYAE3UeX.jpg","","in","","0","0","0","https://x.com/bumnkcptknhebat/status/1873925825965457464","1577491870565142528","bumnkcptknhebat"
"1873892604095717609","Tue Dec 31 00:43:06 +0000 2024","0","2024: Tahun Penuh Prestasi untuk Bank Mandiri! Tahun 2024 menjadi tahun yang luar biasa bagi Bank Mandiri dengan sejumlah penghargaan bergengsi yang telah diraih. Ini menjadi bukti dari dedikasi dan komitmen kami #BeritaMandiri #PrestasiMandiriUntukIndonesia https://t.co/dyQeae78LW","1873892604095717609","https://pbs.twimg.com/media/GgFnYyCagAALGac.jpg","","in","","0","0","0","https://x.com/bumnmanadohbt/status/1873892604095717609","1840645858167332864","bumnmanadohbt"
"1873892691827974356","Tue Dec 31 00:43:27 +0000 2024","0","2024: Tahun Penuh Prestasi untuk Bank Mandiri! Tahun 2024 menjadi tahun yang luar biasa bagi Bank Mandiri dengan sejumlah penghargaan bergengsi yang telah diraih. Ini menjadi bukti dari dedikasi dan komitmen #BeritaMandiri #PrestasiMandiriUntukIndonesia https://t.co/03oDaAwjUw","1873892691827974356","https://pbs.twimg.com/media/GgFnJ7-aMAAPGj1.jpg","","in","","0","0","0","https://x.com/bumnpaserhebat/status/1873892691827974356","1744648573176926208","bumnpaserhebat"
"1873560010980258280","Mon Dec 30 02:41:30 +0000 2024","0","Tahun 2024 menjadi tahun yang luar biasa bagi Bank Mandiri dengan sejumlah penghargaan bergengsi yang telah diraih. #BeritaMandiri #PrestasiMandiriUntukIndonesia https://t.co/FMqskjtqrz","1873560010980258280","https://pbs.twimg.com/media/GgA43eoaYAAs8Rj.jpg","","in","Jakarta","0","0","0","https://x.com/BUMN_Integritas/status/1873560010980258280","1533997809695084544","BUMN_Integritas"
"1874009375993717200","Tue Dec 31 08:27:07 +0000 2024","0","2024: Tahun Penuh Prestasi untuk Bank Mandiri! Tahun 2024 menjadi tahun yang luar biasa bagi Bank Mandiri dengan sejumlah penghargaan bergengsi yang telah diraih. #BeritaMandiri #PrestasiMandiriUntukIndonesia https://t.co/GB4HDw28ce","1874009375993717200","https://pbs.twimg.com/media/GgHRl8FbYAEGPoF.jpg","","in","Rengat, Indonesia","0","0","0","https://x.com/bulogrengat6/status/1874009375993717200","1668076490058235904","bulogrengat6"
"1873600682395369839","Mon Dec 30 05:23:07 +0000 2024","0","2024: Tahun Penuh Prestasi untuk Bank Mandiri! Tahun 2024 menjadi tahun yang luar biasa bagi Bank Mandiri dengan sejumlah penghargaan bergengsi yang telah diraih. #BeritaMandiri #PrestasiMandiriUntukIndonesia https://t.co/QCatpcUSmJ","1873600682395369839","https://pbs.twimg.com/media/GgBd4-Na0AAaEcO.jpg","","in","Malang, Jawa Timur","0","0","0","https://x.com/bumnjitu501/status/1873600682395369839","1680928877655527425","bumnjitu501"
"1873595059268100371","Mon Dec 30 05:00:46 +0000 2024","0","Teman-teman SMR mari kita naikkan hashtag: #PrestasiMandiriUntukIndonesia Pada hari/tgl: Senin 30 Desember 2024 Pukul: 09.00 WIB / 10.00 WITA / 11.00 WIT 2024: Tahun Penuh Prestasi untuk Bank Mandiri! Tahun 2024 menjadi tahun yang luar biasa bagi Bank Mandiri dengan- https://t.co/51NfdtEQq3","1873595059268100371","https://pbs.twimg.com/media/GgBYxQFaQAA0E5p.jpg","","in","Kota Dumai, Riau","0","1","0","https://x.com/pelindodumai/status/1873595059268100371","1794974555079081984","pelindodumai"
"1871366578371199206","Tue Dec 24 01:25:35 +0000 2024","0","Bank Mandiri raih sederet penghargaan Infobank - Bankers of The Year 2024. ini merupakan bukti nyata pencapaian kinerja yang positif Bank Mandiri menjadi leader di industri perbankan di Indonesia. #BankMandiri26tahun #BankMandiri #BeritaMandiri https://t.co/mtKRDRfbjK","1871366578371199206","https://pbs.twimg.com/media/Gfht8BxbwAETxAm.jpg","","in","","0","0","0","https://x.com/Ambon_Inovatif/status/1871366578371199206","1806558431933091840","Ambon_Inovatif"
"1517355446377492480","Fri Apr 22 04:11:44 +0000 2022","4019","Bank Mandiri menjadi Bank BUMN terbaik dalam daftar World s Best Banks 2022 versi Forbes. Pencapaian Bank Mandiri ini berdasarkan survei yang dilakukan oleh Forbes kepada 45.000 pelanggan di 27 negara untuk menentukan ranking. #beritamandiri https://t.co/gFN4OaoQ48","1517355446377492480","https://pbs.twimg.com/media/FQ66u9PVkAAqciR.jpg","","in","Jakarta","135","166","341","https://x.com/bankmandiri/status/1517355446377492480","2278761810","bankmandiri"
"1873556471847539050","Mon Dec 30 02:27:26 +0000 2024","1","Bank Mandiri raih sederet penghargaan Infobank - Bankers of The Year 2024. ini merupakan bukti nyata pencapaian kinerja yang positif Bank Mandiri menjadi leader di industri perbankan di Indonesia. #BankMandiri26tahun #BankMandiri #BeritaMandiri https://t.co/OnUjGzf56u","1873556471847539050","https://pbs.twimg.com/media/GgA1rEpaQAEou8P.jpg","","in","","0","0","0","https://x.com/bumnmadiunjitu7/status/1873556471847539050","1600704695055446016","bumnmadiunjitu7"
"1873926340254355639","Tue Dec 31 02:57:10 +0000 2024","0","2024: Tahun Penuh Prestasi untuk Bank Mandiri! Tahun 2024 menjadi tahun yang luar biasa bagi Bank Mandiri dengan sejumlah penghargaan bergengsi yang telah diraih. #BeritaMandiri #PrestasiMandiriUntukIndonesia https://t.co/Yo7WFnfgBX","1873926340254355639","","","in","BULOG Kanwil Jakarta","0","0","0","https://x.com/JktBUMNHebat/status/1873926340254355639","1612307659205771264","JktBUMNHebat"
"1873579521045336203","Mon Dec 30 03:59:01 +0000 2024","0","Bank Mandiri kembali memperkuat komitmennya untuk memberdayakan Pekerja Migran Indonesia (PMI) melalui program Mandiri Sahabatku. Mengusung tema Menjadi Pengusaha di Negeri Sendiri Bank Mandiri mempertegas perannya dalam mendorong semangat kewirausahaan membangun kelompok","1873579521045336203","","","in","","0","1","0","https://x.com/bjkterpercaya1/status/1873579521045336203","1776167855429730304","bjkterpercaya1"
"1873681110695325926","Mon Dec 30 10:42:42 +0000 2024","0","Masa purnabakti adalah waktu untuk menikmati hasil kerja keras selama bertahun-tahun sekaligus membuka peluang baru seperti memulai usaha. Namun untuk mempersiapkannya dengan matang kestabilan finansial menjadi kunci utama. https://t.co/fkwNXcIpDS","1873681110695325926","https://pbs.twimg.com/media/GgCnCQ6akAA_9sg.jpg","","in","Jakarta Capital Region","0","1","0","https://x.com/MandiriTaspen/status/1873681110695325926","1027496658706153472","MandiriTaspen"
"1871534607692374214","Tue Dec 24 12:33:16 +0000 2024","0","Perluas Akses KPR Bank Mandiri Jadi Penyalur FLPP dengan Tingkat Keterhunian Terbaik https://t.co/ESkjRpXu6v","1871534607692374214","","","in","iNews Tower","0","0","0","https://x.com/officialinews_/status/1871534607692374214","132078023","officialinews_"
"1710477668049899755","Sat Oct 07 12:37:29 +0000 2023","8","Kalau perusahaannya sdh TBK atau go public kita bisa bandingkan profit margin mrka. Yg lebih tinggi artinya lbh efisien atau bisa jg lbh punya strategi profit yg jitu. Yg kiri Bank Mandiri. Profit margin 37%. Yg kanan BCA. Profit Margin 49%. https://t.co/WjrLG1p23V","1710635456709472568","https://pbs.twimg.com/media/F71l4TNboAAnCJX.jpg","Strategi_Bisnis","in","","0","1","2","https://x.com/Strategi_Bisnis/status/1710635456709472568","190535830","Strategi_Bisnis"
"1873043292772024493","Sat Dec 28 16:28:15 +0000 2024","0","Halo teman2 yang merasa dirugikan oleh @bankmandiri @mandiricare terkait dana ditahan karena angsuran pinjaman yg tidak seharusnya. Bank Mandiri telah melakukan penguasaan dana nasabah tanpa izin apakah ini dibenarkan? @bank_indonesia @ojkindonesia @PartaiSocmed mari kita kawal.","1873043292772024493","","","in","Jakarta Raya","0","0","0","https://x.com/adriansuwarso/status/1873043292772024493","45272973","adriansuwarso"
"1874002473591201881","Tue Dec 31 07:59:41 +0000 2024","229","MER-C dan Kementerian Kesehatan Palestina di Gaza Tandatangani MoU terkait Dukungan Untuk Poliklinik di Khan Younis Donation Account: Bank Central Asia (BCA) 686.0153678 Bank Mandiri 124.000.8111.925 Bank Syariah Indonesia (BSI) 700.1352.061 Bank Mega https://t.co/4kXJWCPPCp","1874002473591201881","https://pbs.twimg.com/amplify_video_thumb/1874002291772317697/img/Z9ArM1nlBTof1w9x.jpg","","in","Jakarta, Indonesia","2","0","141","https://x.com/mercindonesia/status/1874002473591201881","193663043","mercindonesia"
"1397391499298435074","Wed May 26 03:17:50 +0000 2021","333","Hampir semua Dirut Bank BUMN alumni Bank Mandiri Corporate Bankers yg tidak sensitif. Gross Spread selisih bunga pinjaman dan deposito termasuk tertinggi (3%) di dunia. Tidak perlu genjot fees lagi Kopas: Bank Mandiri BRI BNI BTN dilaporkan ke KPPU https://t.co/J2K7SuDCp1","1397391499298435074","","","in","","7","16","123","https://x.com/RamliRizal/status/1397391499298435074","452992293","RamliRizal"
"1745717986974113845","Fri Jan 12 08:02:56 +0000 2024","50","Persaingan Seru Bank BCA vs Bank Mandiri - Blog Strategi + Manajemen https://t.co/s4kVOMHwpY","1745717986974113845","","","in","","0","1","19","https://x.com/Strategi_Bisnis/status/1745717986974113845","190535830","Strategi_Bisnis"
"1873758785044656143","Mon Dec 30 15:51:21 +0000 2024","0","2024: Tahun Penuh Prestasi untuk Bank Mandiri! Tahun 2024 menjadi tahun yang luar biasa bagi Bank Mandiri dengan sejumlah penghargaan bergengsi yang telah diraih. Ini menjadi bukti dari dedikasi dan komitmen kami untuk selalu #BeritaMandiri #PrestasiMandiriUntukIndonesia https://t.co/K1ySkdAsMN","1873758785044656143","https://pbs.twimg.com/media/GgDtrpabEAAuJJT.jpg","","in","","0","0","0","https://x.com/Rnmedan/status/1873758785044656143","1849429128220667904","Rnmedan"
"1873640876700037492","Mon Dec 30 08:02:50 +0000 2024","0","2024: Tahun Penuh Prestasi untuk Bank Mandiri! Tahun 2024 menjadi tahun yang luar biasa bagi Bank Mandiri dengan sejumlah penghargaan bergengsi yang telah diraih. https://t.co/W4KBIlE1Q0","1873640876700037492","https://pbs.twimg.com/media/GgCCadhasAAgbSG.jpg","","in","Tarakan, North Kalimantan","0","1","0","https://x.com/BumJitu46979/status/1873640876700037492","1736986574645284864","BumJitu46979"
"1873886996097294632","Tue Dec 31 00:20:49 +0000 2024","0","2024: Tahun Penuh Prestasi untuk Bank Mandiri! Bank Mandiri akan terus melangkah maju melahirkan inovasi dan memberikan kontribusi nyata bagi kemajuan bangsa. #BeritaMandiri #PrestasiMandiriUntukIndonesia https://t.co/CWBTVm0zX4","1873886996097294632","https://pbs.twimg.com/media/GgFiSHjaUAAtbq2.jpg","","in","Jayapura","0","0","0","https://x.com/jayapurajitu/status/1873886996097294632","1714470010792652800","jayapurajitu"
"1874104717883957265","Tue Dec 31 14:45:58 +0000 2024","0","2024: Tahun Penuh Prestasi untuk Bank Mandiri! Tahun 2024 menjadi tahun yang luar biasa bagi Bank Mandiri dengan sejumlah penghargaan bergengsi yang telah diraih. #BeritaMandiri #PrestasiMandiriUntukIndonesia https://t.co/k8tgPJV0hO","1874104717883957265","https://pbs.twimg.com/media/GgIoTfYawAAS91X.jpg","","in","","0","0","0","https://x.com/bumnlabatuhebat/status/1874104717883957265","1818817396486160386","bumnlabatuhebat"
"1873649275303059580","Mon Dec 30 08:36:12 +0000 2024","0","2024: Tahun Penuh Prestasi untuk Bank Mandiri! Tahun 2024 menjadi tahun yang luar biasa bagi Bank Mandiri dengan sejumlah penghargaan bergengsi yang telah diraih. #BeritaMandiri #PrestasiMandiriUntukIndonesia https://t.co/noLKRDUPzm","1873649275303059580","https://pbs.twimg.com/media/GgCKEPxaAAAPedh.jpg","","in","","0","0","0","https://x.com/BumnKotapadang/status/1873649275303059580","1831590818131668992","BumnKotapadang"
"1874180331643035772","Tue Dec 31 19:46:26 +0000 2024","0","Tahun 2024 menjadi tahun yang luar biasa bagi Bank Mandiri dengan sejumlah penghargaan bergengsi yang telah diraih. #BeritaMandiri #PrestasiMandiriUntukIndonesia https://t.co/9pqt7eDxw7","1874180331643035772","https://pbs.twimg.com/media/GgJtCISbYAQoq1J.jpg","","in","Yogyakarta","0","1","0","https://x.com/bumn_yogyahebat/status/1874180331643035772","1612686471714181120","bumn_yogyahebat"
"1871457400815059077","Tue Dec 24 07:26:29 +0000 2024","190","Transfer masuk putaran kedua @persebayaupdate di Liga Bank Mandiri X/2004: -. Gendut Doni (ST) -. Carlos Zara (CM) -. Luciano da Silva (CM) Transfer keluar: -. Rodrigo Gauna (ST) -. Ricardo Ramos (CM) Jacksen sengaja memilih penguatan lini tengah dengan jasa pemain asing. Dan","1871457400815059077","","","in","","2","15","11","https://x.com/StatsRawon/status/1871457400815059077","1210404106675712000","StatsRawon"
"1744227781016498546","Mon Jan 08 05:21:23 +0000 2024","60","Persaingan Seru Bank BCA vs Bank Mandiri - Blog Strategi + Manajemen https://t.co/s4kVOMHwpY","1744227781016498546","","","in","","0","1","14","https://x.com/Strategi_Bisnis/status/1744227781016498546","190535830","Strategi_Bisnis"
"1873575567859360184","Mon Dec 30 03:43:19 +0000 2024","0","Bank Mandiri raih sederet penghargaan Infobank - Bankers of The Year 2024. ini merupakan bukti nyata pencapaian kinerja yang positif Bank Mandiri menjadi leader di industri perbankan di Indonesia. Terima kasih kepada seluruh nasabah Bank Mandiri kepercayaan anda menjadi","1873575567859360184","","","in","","0","1","0","https://x.com/bjkterpercaya1/status/1873575567859360184","1776167855429730304","bjkterpercaya1"
"1871405035005088018","Tue Dec 24 03:58:24 +0000 2024","2","namanya enok kucing bank mandiri kc braga dkt kantor yg gemoooooy bgtttttt ndutttttt https://t.co/RMIaVe4s3a","1871405035005088018","https://pbs.twimg.com/media/GfiQ9DMakAIs4fT.jpg","","in","rant acc","0","0","0","https://x.com/moonstarvs/status/1871405035005088018","1686316388884054016","moonstarvs"
"1873440105597436082","Sun Dec 29 18:45:02 +0000 2024","0","Apel pagi Cipta Kondisi Gabungan Rayon 1 ( Polsek Ciledug Polsek Pinang dan Polsek Cipondoh ) di Lokasi Parkir Pertokoan Bank Mandiri Kel. Kreo Kec. Larangan Kota Tangerang yang dipimpin oleh Pawas IPTU VICTOR H.P.P SH.( Kanit Intelkam Polsek Ciledug ) https://t.co/l1SN6ve9AX","1873440105597436082","https://pbs.twimg.com/media/Gf_L1-SbIAAk5Oo.jpg","","in","JL. HOS. COKROAMINOTO NO. 1 ","0","0","0","https://x.com/Polsekciledug1/status/1873440105597436082","1309059801641619457","Polsekciledug1"
"1872847838356611246","Sat Dec 28 03:31:35 +0000 2024","0","liat guys kelakuan bank mandiri klean sangat membantu bukan @mandiricare https://t.co/ZlJzVFA5V0","1872847838356611246","https://pbs.twimg.com/media/Gf2xLtYawAIx0cf.jpg","","in","INFP | 유진의 누나♡","0","3","0","https://x.com/yujinenoona/status/1872847838356611246","3760312752","yujinenoona"
"1871486681255477456","Tue Dec 24 09:22:50 +0000 2024","1","Bank Mandiri terus berkomitmen mendorong peningkatan literasi keuangan masyarakat yang telah dicanangkan oleh regulator khususnya di kalangan pelajar. https://t.co/DDFtTlYI6r","1871486681255477456","","","in","","0","0","0","https://x.com/inilahdotcom/status/1871486681255477456","46693036","inilahdotcom"
"1752842809735045426","Wed Jan 31 23:54:26 +0000 2024","945","Thn 2030an laba 3 RAKSASA bank BCA Mandiri x BRi masing2 akan tembus Rp 200 TRILIUN. Jauhhhhhh tinggalkan sektor lainnya. Knp? Bank = ekonomi RI. Selama gdp naik bank pasti akan jaya. Pelumas mesin ekonomi namanya kredit. Tanpa kredit mesin ekonomi mogok total.","1752842809735045426","","","in","","21","36","222","https://x.com/Strategi_Bisnis/status/1752842809735045426","190535830","Strategi_Bisnis"
"1873933860653981979","Tue Dec 31 03:27:03 +0000 2024","0","Bank Mandiri raih sederet penghargaan Infobank - Bankers of The Year 2024. ini merupakan bukti nyata pencapaian kinerja yang positif Bank Mandiri menjadileader di industri perbankan di Indonesia. Terima kasih kepada seluruh nasabah Bank Mandiri kepercayaan anda menjadi semangat","1873933860653981979","","","in","","0","1","0","https://x.com/BumnPmkJitu/status/1873933860653981979","1431798789665275904","BumnPmkJitu"
"1733079554816967068","Fri Dec 08 11:02:19 +0000 2023","253","Bank Mandiri berhasil mendapatkan penghargaan Mitra BUMN Champion 2023 kategori Kreditur/Investor BUMN Terbaik pada ajang Apresiasi Mitra BUMN Champion 2023. Sebagai agen pembangunan Bank Mandiri konsisten berperan sebagai mitra pemerintah dalam mendorong pertumbuhan https://t.co/TjiI5qgJeT","1733079554816967068","https://pbs.twimg.com/media/GA0fso6a8AAiPzk.jpg","","in","Jakarta","3","40","26","https://x.com/bankmandiri/status/1733079554816967068","2278761810","bankmandiri"
"1858744512887009764","Tue Nov 19 05:30:00 +0000 2024","21","Persaingan Seru Bank BCA vs Bank Mandiri : Siapa yang akan Jadi Pemenang?","1858744512887009764","","","in","","0","5","8","https://x.com/Strategi_Bisnis/status/1858744512887009764","190535830","Strategi_Bisnis"
"1873670585743442134","Mon Dec 30 10:00:53 +0000 2024","0","Warga df yg pernah beli voucher 50k Kopi Kenangan di Livin Sukha tgl 2/10/2024 pas promo ultah Bank Mandiri jangan lupa besok tgl 31/12/24 hari terakhir reedem vouchernya Awas kelupaan","1873670585743442134","","","in","","0","0","0","https://x.com/DF_Discountfess/status/1873670585743442134","1816814779815878656","DF_Discountfess"
"1873952091452170406","Tue Dec 31 04:39:29 +0000 2024","12","Dapat kunjungan Bu Niken Armini Direktur Bank Mandiri Area Jateng. Semoga kerjasama ini berlanjut untuk perbaikan sistem pesantren. https://t.co/YloqhjzxEd","1873952091452170406","https://pbs.twimg.com/media/GgGdfcrbYAEvOVD.jpg","","in","Demak, Indonesia","0","0","0","https://x.com/usmanarrumy/status/1873952091452170406","235964882","usmanarrumy"
"1874033404070723715","Tue Dec 31 10:02:36 +0000 2024","6","Buat momen tahun barumu jadi lebih seru di Bali bersama InJourney! Melalui fitur Livin' Sukha kamu bisa dapetin diskon s.d. 45%* untuk pemesanan hotel paket destinasi wisata hingga tiket NYE Wave of Glamour with Anggun! Yuk sambut tahun baru dengan pengalaman yang https://t.co/lCNes69QZs","1874033404070723715","https://pbs.twimg.com/media/GgHncdpbYAE2gQy.jpg","","in","Jakarta","0","1","0","https://x.com/bankmandiri/status/1874033404070723715","2278761810","bankmandiri"
"1776530335054094425","Sat Apr 06 08:40:12 +0000 2024","1162","Jangan percaya kalau ada telepon ngaku dari Bank Mandiri. Nomor resmi Mandiri Call cuma 14000 tanpa awalan 021 +62 atau lainnya! Ingat #JagaBaikBaik data pribadimu layaknya barang berharga seperti Mbah Sokinem ini #KelasMandiri https://t.co/IqEgdxCgIo","1776530335054094425","https://pbs.twimg.com/ext_tw_video_thumb/1776528311432491008/pu/img/90DdNpLV_Agx3TE1.jpg","","in","Jakarta","35","174","165","https://x.com/bankmandiri/status/1776530335054094425","2278761810","bankmandiri"
"1873633933126160725","Mon Dec 30 07:35:14 +0000 2024","0","2024: Tahun Penuh Prestasi untuk Bank Mandiri! #BeritaMandiri #PrestasiMandiriUntukIndonesia https://t.co/O3Ra8rxW8n","1873633933126160725","https://pbs.twimg.com/media/GgB8IOIaMAALsDr.jpg","","in","","0","0","0","https://x.com/BumnKotabumi/status/1873633933126160725","1432556627010281473","BumnKotabumi"
"1871819710582644967","Wed Dec 25 07:26:10 +0000 2024","0","Bank Mandiri Perkuat Kemitraan dengan Pelindo https://t.co/tqjGbSP6c4","1871819710582644967","","","in","","0","0","0","https://x.com/StockreviewI/status/1871819710582644967","1590871038509735941","StockreviewI"
"1871060763395358882","Mon Dec 23 05:10:23 +0000 2024","0","Bank Mandiri raih sederet penghargaan Infobank - Bankers of The Year 2024. ini merupakan bukti nyata pencapaian kinerja yang positif Bank Mandiri menjadi leader di industri perbankan di Indonesia. #BankMandiri26tahun #BankMandiri #BeritaMandiri https://t.co/I5FZBpFlGJ","1871060763395358882","https://pbs.twimg.com/media/GfdX0RVbUAAH3cm.jpg","","in","","0","0","0","https://x.com/Ambon_Inovatif/status/1871060763395358882","1806558431933091840","Ambon_Inovatif"
"1635936108931608576","Wed Mar 15 12:06:43 +0000 2023","9","Laba Bank Mandiri jg naik tajam tahun lalu. Tembus Rp 41 triliun. Ini pertama kali dlm sejarah laba Mandiri bisa lampaui laba bank BCA yg tahun lalu raih laba Rp 40 t. Kinerja bank adalah indikator utama ekonomi. Laba BRI Mandiri x BCA semua melesat kuat. https://t.co/3h206eYAup","1635975812343291910","https://pbs.twimg.com/media/FrQnVL_aAAAIi8L.jpg","Strategi_Bisnis","in","","0","1","16","https://x.com/Strategi_Bisnis/status/1635975812343291910","190535830","Strategi_Bisnis"
"1872363065972609324","Thu Dec 26 19:25:16 +0000 2024","0","Bank Mandiri Tegaskan Komitmen dalam Berantas Judi Online https://t.co/Tiu6J4g38j","1872363065972609324","","","in","","0","0","0","https://x.com/StockreviewI/status/1872363065972609324","1590871038509735941","StockreviewI"
"1873446806874656944","Sun Dec 29 19:11:40 +0000 2024","1","Harga : Rp 115.000 - Shopee Ovo Gopay LinkAja Allo Bank Bank Mandiri Maxim InDrive Grab Gojek #RDBCollection_by_Nana #Fashion #Midi #Dress #MidiDress #Makassar https://t.co/s6MxE7SwnF","1873446806874656944","https://pbs.twimg.com/media/Gf_R8VDbYAEriIx.jpg","","in","Kota Makassar, Sulawesi Selata","0","0","0","https://x.com/Ratnadgbunga19/status/1873446806874656944","730734375055167489","Ratnadgbunga19"
"1871025456411263317","Mon Dec 23 02:50:05 +0000 2024","372","20 tahun yang lalu 23 Desember 2004. Laga perebutan gelar juara Liga Indonesia Bank Mandiri X/2004 antara Persebaya melawan Persija Jakarta digelar di Stadion Gelora 10 November Tambaksari Surabaya. Hari itu sejak pagi kawasan stadion dipenuhi oleh puluhan ribu Bonek yang https://t.co/gZEQjEkonp","1871025456411263317","https://pbs.twimg.com/media/Gfc2u2Ta0AAuGUt.jpg","","in","","26","47","115","https://x.com/StatsRawon/status/1871025456411263317","1210404106675712000","StatsRawon"
"1757204584173539579","Tue Feb 13 00:46:34 +0000 2024","37","Persaingan Seru Bank BCA vs Bank Mandiri - Blog Strategi + Manajemen https://t.co/s4kVOMHwpY","1757204584173539579","","","in","","1","1","13","https://x.com/Strategi_Bisnis/status/1757204584173539579","190535830","Strategi_Bisnis"
"1633669875045642240","Thu Mar 09 03:23:44 +0000 2023","326","Potensi ChatGPT luar biasa besar bagi big companies kayak PLN Pertamina dan Bank Mandiri. Mrka bisa hemat ratusan miliar kalau tau cara pakai ChatGPT secara maksimal. Bank Mandiri bisa maju pesat kalau mau integrasikan ChatGPT dlm mobile bankingnya. Masif sekali dampaknya.","1633669875045642240","","","in","","10","17","71","https://x.com/Strategi_Bisnis/status/1633669875045642240","190535830","Strategi_Bisnis"
"1757216264324591672","Tue Feb 13 01:32:59 +0000 2024","7","Apakah bank Mandiri BCA dan BRI terlalu serakah meraup laba? #bank #bca... https://t.co/sYrmlgHU57 via @YouTube","1757216264324591672","","","in","","0","2","0","https://x.com/Strategi_Bisnis/status/1757216264324591672","190535830","Strategi_Bisnis"
"1874032080310722756","Tue Dec 31 09:57:20 +0000 2024","6","#SobatTS Mulai 1 Januari 2025 bisa membayar menggunakan Kartu Uang Elektronik dari Bank BCA (Flazz) dan Bank Mandiri (e-money) sebagai pembayaran non tunai (cashless). Semakin mudah dan hemat @mbakITASMG @Dishubkotasmg #InfoTS #TransSemarang #TerusBerbenah https://t.co/wKKiPHnrUj","1874032080310722756","https://pbs.twimg.com/media/GgHmPt6bYAAwXrg.jpg","","in","Semarang, Jawa Tengah","2","4","1","https://x.com/Transsemarang/status/1874032080310722756","2364832423","Transsemarang"
"1753755377433497779","Sat Feb 03 12:20:39 +0000 2024","728","Dominasi 3 bank (bri bca mandiri) kuasai sktar 90% pasar bank RI. Fenomena ini mengkonfirmasi 3 prinsip klasik : - Pareto Effect : big players akan kuasai min 80% market - Mathew Effect : yg besar makin mudah menangkan kompetisi - Winers Take All : yg besar kuasai semuanya","1753755377433497779","","","in","","4","6","171","https://x.com/Strategi_Bisnis/status/1753755377433497779","190535830","Strategi_Bisnis"
"1872936601845969395","Sat Dec 28 09:24:18 +0000 2024","1","Ketentuan Terbaru Saldo Minimum BCA BRI BNI dan Bank Mandiri https://t.co/qXqTIYlbAC","1872936601845969395","","","in","Jakarta Capital Region","0","0","0","https://x.com/cnbcindonesia/status/1872936601845969395","847372542830444544","cnbcindonesia"
"1872818591906852955","Sat Dec 28 01:35:22 +0000 2024","61","Beberapa hari lg #SobatRupiah menjalani tahun 2025. Sudah saatnya #BeriMakna miliki resolusi keuangan: Mandiri dlm hal keuangan Punya tabungan/investasi Buka usaha Butuh referensi perekonomian di 2025? Cek paparan Gub BI dlm PTBI 2024 https://t.co/d18QhjxdGK https://t.co/gKwFqdm557","1872818591906852955","https://pbs.twimg.com/media/Gf2WlDrbQAEVYz-.jpg","","in","INDONESIA","1","2","10","https://x.com/bank_indonesia/status/1872818591906852955","153667051","bank_indonesia"
"1872284286331842833","Thu Dec 26 14:12:13 +0000 2024","0","tak henti hentinya gue menyumpah serapahi bank mandiri","1872284286331842833","","","in","02L","0","1","0","https://x.com/jjaewoo10/status/1872284286331842833","1685822910362177537","jjaewoo10"
"1874139169842446675","Tue Dec 31 17:02:52 +0000 2024","1","1 januari 2020 - jadi penyiar radio Pertangahan 2020 - resign kuliah S1 30 November 2024 - wisuda 13 Desember 2024 - Offering Letter Bank Mandiri 16 - 31 - OJT Bank Mandiri 1 Januari 2025 - Bank Mandiri Apakah pertengahan 2025 resign untuk studi S2?","1874139169842446675","","","in","","0","1","0","https://x.com/IkhsanBharadwaj/status/1874139169842446675","1228245065480294400","IkhsanBharadwaj"
"1872656864699351341","Fri Dec 27 14:52:43 +0000 2024","0","If you're Malaysian or from Philippines and need help for payment to purchase items/tickets from ina website you can reach me Proxy. PHP/Peso &amp; Myr to IDR Rupiah you can send from Malaysian bank gcash BPI etc. Available to BCA BRI Mandiri etc #zonauang","1872656864699351341","","","en","Some posts using the scheduled","0","1","0","https://x.com/owriwon/status/1872656864699351341","2686589736","owriwon"
"1725390784176988225","Fri Nov 17 05:49:53 +0000 2023","85","Salah satu alumnus Citibank yg paling lejen adalah Robby Djohan. Mendiang Robby inilah yg jadi mastermind pendirian Bank Mandiri yg kini jd bank hebat di tanah air. .","1725390784176988225","","","in","","0","4","59","https://x.com/Strategi_Bisnis/status/1725390784176988225","190535830","Strategi_Bisnis"
"1872999266488336721","Sat Dec 28 13:33:18 +0000 2024","178","New entry interpretasi bibir aing ⬆️atep kelenteng ⬇️pita bank mandiri ⬇️topi sarimi ⬇️logo tut wuri handayani","1872999266488336721","","","in","","0","9","10","https://x.com/senjatanuklir/status/1872999266488336721","1080481376623722507","senjatanuklir"
"1535925350936375297","Sun Jun 12 10:01:54 +0000 2022","260","Sahabat saat ini sedang marak penipuan yang berkedok mencantumkan nomor call center dan alamat cabang palsu Bank Mandiri di Google Maps. Tujuannya untuk mengelabui dan nasabah memberikan data rahasia perbankannya. #kelasmandiri https://t.co/wKBvZ08640","1535925350936375297","https://pbs.twimg.com/media/FVCzou2VEAA5B7T.jpg","","in","Jakarta","10","2","24","https://x.com/bankmandiri/status/1535925350936375297","2278761810","bankmandiri"
"1873032342219997196","Sat Dec 28 15:44:44 +0000 2024","1","Bank Mandiri memperkenalkan tim voli putri Jakarta Livin' Mandiri (JLM) untuk Proliga 2025 berkomitmen mengembangkan talenta muda dan olahraga Indonesia. https://t.co/Q1xyZaRn91","1873032342219997196","","","in","Jakarta","0","0","0","https://x.com/detiksport/status/1873032342219997196","135783107","detiksport"
"1426244272055996418","Fri Aug 13 18:08:27 +0000 2021","236","Merdeka diskon s/d 76% di beragam merchant di bulan kemerdekaan ini! Cek info selengkapnya di https://t.co/SebwYFuF6N #mandiripromo","1426244272055996418","","","in","Jakarta","2","14","38","https://x.com/bankmandiri/status/1426244272055996418","2278761810","bankmandiri"
"1178951194607177729","Tue Oct 01 08:34:03 +0000 2019","2285","Nikmati persembahan istimewa #mandiri21tahun berupa diskon istimewa branded sneakers dan fashion promo nonton dan kuliner seru promo flash sale dan serba spesial serta promo pulsa dan Mandiri Coffiesta. Info: https://t.co/yFIDfKaCkA atau mandiri call 14000","1178951194607177729","","","in","Jakarta","44","100","501","https://x.com/bankmandiri/status/1178951194607177729","2278761810","bankmandiri"
"1756490314406359216","Sun Feb 11 01:28:19 +0000 2024","9","Blog Strategi + Manajemen - Sajian renyah tentang business strategy dan management skills https://t.co/s4kVOMHwpY","1756490314406359216","","","in","","0","2","0","https://x.com/Strategi_Bisnis/status/1756490314406359216","190535830","Strategi_Bisnis"
"1873237369975161206","Sun Dec 29 05:19:26 +0000 2024","2","Belanja perabotan elektronik bareng Bank Mandiri yuk! ️ Dapatkan diskon s.d. Rp1 juta* + cicilan 0% s.d. 24 bulan* saat transaksi di store online maupun offline Electronic City dengan menggunakan Mandiri Kartu Kredit! Buruan belanja sekarang dan nikmati promonya hingga 2 https://t.co/wKAWXfE7gp","1873237369975161206","https://pbs.twimg.com/media/Gf8TdEoawAElDcj.jpg","","in","Jakarta","0","0","0","https://x.com/mandiricard/status/1873237369975161206","115848008","mandiricard"
"1144660857680326658","Fri Jun 28 17:36:29 +0000 2019","3434","Modal pribadi gue. di bank Mandiri 175.564.000 Bank BNI 201.003.255 Bank BRI 97.500.050 Akan gue alihkan ke Bank Sandiaga uno dan prabowo. Blm asset emas pribadi dan keluarga","1144660857680326658","","","in","Bandung","171","632","521","https://x.com/damai_3/status/1144660857680326658","1120163021601435650","damai_3"
"1294134925516398593","Fri Aug 14 04:53:04 +0000 2020","600","Pesta diskon s/d 75% di beragam merchant karya anak bangsa mulai tanggal 17 Agustus 2020. Yuk ikutan #BanggaBuatanIndonesia untuk #MandirikanKaryaNegeri dan cek info selengkapnya di https://t.co/SfuCLUtwbm #mandiripromo","1294134925516398593","","","in","Jakarta","6","36","93","https://x.com/bankmandiri/status/1294134925516398593","2278761810","bankmandiri"
"1874082367964668208","Tue Dec 31 13:17:09 +0000 2024","4","Hangatkan tubuh dengan secangkir kopi di Excelso! ️ Lebih nikmat dengan cashback s.d. 25%* kalau bayarnya pakai QRIS Livin by Mandiri! Hari terakhir untuk dapatkan diskon ini nih jangan sampai ketinggalan ya! Cek informasi lebih lanjut di https://t.co/whkz8ofxWG https://t.co/7npckNwjiU","1874082367964668208","https://pbs.twimg.com/media/GgIT-OgagAAtnTd.jpg","","in","Jakarta","0","3","0","https://x.com/bankmandiri/status/1874082367964668208","2278761810","bankmandiri"
"1183600821889454080","Mon Oct 14 04:30:00 +0000 2019","192","Mulai minggu ini mobile banking Bank Mandiri harus pakai versi yg baru. Yg versi lama dihentikan. Problemnya : yg versi baru ini sangat lemot dan suka error. Laba bank mandiri tahun lalu Rp 25 TRILIUN. Namun bikin mobile app yg user friendly tidak sanggup. Agak sedih jg.","1183600821889454080","","","in","","62","88","204","https://x.com/Strategi_Bisnis/status/1183600821889454080","190535830","Strategi_Bisnis"
"1871770846441746723","Wed Dec 25 04:12:00 +0000 2024","1","Gaming online ga perlu takut lagging dengan internet fiber optic MyRepublic! Bayar tagihannya mudah via ATM Internet Banking dan Mobile Banking Bank Mandiri #SemuaPRIMA","1871770846441746723","","","in","Jakarta","0","0","0","https://x.com/jaringanprima/status/1871770846441746723","170666404","jaringanprima"
"1873754656767426639","Tue Dec 31 02:36:55 +0000 2024","0","@wasenyuel @wasenyuel Buka ya Sahabat @wasenyuel Sahabat dapat mengunjungi kantor cabang terdekat ya. Sebagai informasi bahwa layanan operasional kantor cabang Bank Mandiri pada Hari Raya Natal 2024 dan Tahun Baru 2025 tanggal 25 26 28 29 Desember 2024 dan 1 Januari 2025 mohon maaf","1873921244426645844","","wasenyuel","in","Jakarta","0","0","0","https://x.com/mandiricare/status/1873921244426645844","589600174","mandiricare"
"1262557612207292418","Tue May 19 01:36:06 +0000 2020","582","Mudah berbagi walau Ramadan #dirumahaja. #antimatigaya dgn promo spesial @bankmandiri. Blm punya tabungan? Ga perlu ke cabang selfie &amp; scan QR code atau kunjungi https://t.co/J6pVemonMm . Tabungan jadi dan bisa pake #mandirionline. #mandiripromo","1262557612207292418","","","in","Jakarta","3","59","64","https://x.com/bankmandiri/status/1262557612207292418","2278761810","bankmandiri"
"1873680879719227629","Mon Dec 30 10:41:47 +0000 2024","1","Indahkan senyum menjelang tahun baru! Nikmati Promo Periksa Gigi di Odac Dental dengan diskon 20% untuk semua pemeriksaan. https://t.co/7BwfASpFsY","1873680879719227629","https://pbs.twimg.com/media/GgCm04NaEAAgvz0.jpg","","in","Jakarta Capital Region","0","1","0","https://x.com/MandiriTaspen/status/1873680879719227629","1027496658706153472","MandiriTaspen"
"1873774602020692450","Mon Dec 30 16:54:12 +0000 2024","0","Bank Mandiri berkomitmen meningkatkan literasi keuangan pelajar melalui program edukasi dan tabungan SimPel mendukung inklusi keuangan hingga 87% di 2024. https://t.co/PtxOIbbHz3","1873774602020692450","","","in","Jakarta, Indonesia","0","0","0","https://x.com/detikfinance/status/1873774602020692450","135795460","detikfinance"
"1872531200134586747","Fri Dec 27 06:33:22 +0000 2024","2","Raih Syafaat dari Para Pejuang Quran di Jum'at Terakhir Tahun 2024 Dukung perjuangan mereka dengan hadirkan Kado Istimewa terbaik bagi mereka melalui Bank Mandiri # 132.00.1254.995.3 A.n. Al Hilal Rancapanggu Yuk ambil bagian dalam momen penuh keberkahan ini! https://t.co/yRug49o41K","1872531200134586747","https://pbs.twimg.com/media/GfyRGd-akAALnxe.jpg","","in","Bandung, West Java","0","0","1","https://x.com/Laziswafalhilal/status/1872531200134586747","573388760","Laziswafalhilal"
"1317994121068531718","Mon Oct 19 01:01:00 +0000 2020","181","Yuk ikutan aktivasi #MandirikanKaryaNegeri #BanggaBuatanIndonesia dan dapatkan saldo LinkAja Rp250.000 untuk 10 pemenang. Follow Twitter @bankmandiri jawab dengan reply/retweet disertai hashtag #MandirikanKaryaNegeri #BanggaBuatanIndonesia.","1317994121068531718","","","in","Jakarta","8","36","60","https://x.com/bankmandiri/status/1317994121068531718","2278761810","bankmandiri"
"1874048228632780941","Tue Dec 31 11:01:30 +0000 2024","5","Jelajahi laut lepas dengan menikmati serunya naik kapal Ferry! Dapatkan cashback s.d. 50%* saat transaksi pembelian tiket kapal Ferry melalui fitur Livin Sukha di aplikasi Livin by Mandiri. Yuk serbu promonya hingga 31 Januar 2025! Cek info selengkapnya di https://t.co/zaZNZgND71","1874048228632780941","https://pbs.twimg.com/media/GgH07SybMAAfUoq.jpg","","in","Jakarta","0","2","0","https://x.com/bankmandiri/status/1874048228632780941","2278761810","bankmandiri"
"1725487646280204569","Fri Nov 17 12:19:09 +0000 2023","101","Namun bank BCA mayoritas masih punya Grup Djarum. Mandiri x BRI x BNI dan BTN mayoritas punya pemerintah.","1725488742964793770","","Strategi_Bisnis","in","","2","2","11","https://x.com/Strategi_Bisnis/status/1725488742964793770","190535830","Strategi_Bisnis"
"1873881607255576603","Mon Dec 30 23:59:24 +0000 2024","0","Liburan akhir tahun sudah di depan mata! Saatnya rehat sejenak dari rutinitas dan menikmati momen bersama keluarga atau teman-teman. Namun jangan sampai keseruan liburan malah terganggu oleh masalah finansial. https://t.co/ark9VSQkQJ","1873881607255576603","https://pbs.twimg.com/media/GgFdWPLa0AATskU.jpg","","in","Jakarta Capital Region","0","1","0","https://x.com/MandiriTaspen/status/1873881607255576603","1027496658706153472","MandiriTaspen"
"1501875522820734981","Thu Mar 10 11:00:02 +0000 2022","412","Sahabat coba tebak nama motif batik yang ada di aspal luar Sirkuit Mandalika pada gambar ini! Yuk reply tweet ini dan tulis jawaban kamu disertai hashtag #TebakanMandiri. Saldo LinkAja total Rp1 juta menanti lho! Periode: 10 - 20 Maret 2022. Info: https://t.co/mIujZLkOjn https://t.co/jRaww5aEMA","1501875522820734981","https://pbs.twimg.com/media/FNe701KVIAEq0Km.jpg","","in","Jakarta","14","117","61","https://x.com/bankmandiri/status/1501875522820734981","2278761810","bankmandiri"
"1445706306984181766","Wed Oct 06 11:03:38 +0000 2021","883","Sahabat Rayakan HUT ke-23 Bank Mandiri dengan bayar hanya 23% &amp; cashback s/d Rp 2 3juta* pakai #mandiridebit #mandiricard Livin'by Mandiri dan Livin'poin! Spesial selama bulan Oktober. Info selengkapnya klik https://t.co/o8jnLSkTZl #hutmandiri23 #mandiripromo","1445706306984181766","","","in","Jakarta","11","86","95","https://x.com/bankmandiri/status/1445706306984181766","2278761810","bankmandiri"
"1436898819338162176","Sun Sep 12 03:45:49 +0000 2021","521","Kapan lagi buka rekening tabungan bisa dapat cashback Rp50 ribu dan 230 Livin'poin. Mau tau caranya? Mudah dan cepat loh. Gak perlu ke cabang dan cukup dari rumah gak pake ribet dan #gakpakedonlot aplikasi! Yuk langsung buka tabungan lewat https://t.co/qJZIbvtsOS","1436898819338162176","","","in","Jakarta","7","82","71","https://x.com/bankmandiri/status/1436898819338162176","2278761810","bankmandiri"
"1565972901823905792","Sat Sep 03 08:00:08 +0000 2022","180","Sahabat agar tidak mengalami modus penipuan yang meminta data-data rahasia perbankan berikut beberapa beberapa cara agar dapat bertransaksi dengan aman dan nyaman. Hubungi Mandiri Call 14000 jika Sahabat mengalami transaksi mencurigakan dan indikasi penipuan. #kelasmandiri https://t.co/pcgStkmfjh","1565972901823905792","https://pbs.twimg.com/media/Fbt0Bt8aUAESTkB.jpg","","in","Jakarta","0","4","34","https://x.com/bankmandiri/status/1565972901823905792","2278761810","bankmandiri"
"1422859386569904129","Wed Aug 04 09:58:07 +0000 2021","1663","Transaksi pake Livin by Mandiri dapat cashback biaya transaksi selama 3 bulan! Buka tabungan dan aktivasi Livin by Mandiri segera. Program berlaku hingga 31 Oktober 2021. Info: https://t.co/XqpjhF9Ejt #promopakelivin","1422859386569904129","","","in","Jakarta","24","153","77","https://x.com/bankmandiri/status/1422859386569904129","2278761810","bankmandiri"
"1084697177446789126","Mon Jan 14 06:22:14 +0000 2019","160","Pakai #mandiritabunganbisnis gratis biaya transfer kliring RTGS. Selain itu @bankmandiri punya ribuan kantor cabang puluhan ribu ATM serta ATM setor tarik. Saatnya #bisnisjadimudah saatnya mandiri.","1084697177446789126","","","in","Jakarta","2","13","18","https://x.com/bankmandiri/status/1084697177446789126","2278761810","bankmandiri"
"1510880596171829252","Mon Apr 04 07:22:59 +0000 2022","3705","Bulan Ramadan berkahnya banyak. Kali ini #LivinTumpahBarokah hadir untuk melengkapi Ramadan Nikmati belanja hemat di bulan Ramadan dengan diskon s/d 50% pake #mandiricard #mandiridebit Livin poin dan Livin by Mandiri Berlaku hingga 7 Mei 2022. #mandiripromo #promopakelivin","1510880596171829252","","","in","Jakarta","13","164","205","https://x.com/bankmandiri/status/1510880596171829252","2278761810","bankmandiri"
"1396363555012702215","Sun May 23 07:22:31 +0000 2021","536","Silakan dibaca sendiri. Bank Mandiri sangat tdk transparan &amp; bodo amat dgn kehilangan uang nasabahnya. Banyak kejanggalan yg tdk bs dijelaskan dgn baik. Misalnya transfer 2x50 jt lewat ATM tuduhan 2 org asing yg ikut ke ATM (tp gamau buka CCTV) &amp; adanya kartu yg berbeda.","1396365914329681924","","thedufresne","in","Zihuatanejo ","18","11","156","https://x.com/thedufresne/status/1396365914329681924","70120802","thedufresne"
"1710087302293364774","Fri Oct 06 00:25:08 +0000 2023","37","Oke BRI dan Bank Mandiri net profit margin jg tinggi. Sekitar 35an%. Hebat juga. Tapi masih kalah jauh sama BCA yg nyaris 50%. Bisnis bank di tanah air memang cuannya gila.","1710088767628026263","","Strategi_Bisnis","in","","2","4","6","https://x.com/Strategi_Bisnis/status/1710088767628026263","190535830","Strategi_Bisnis"
"1761541131790360984","Sun Feb 25 00:13:23 +0000 2024","106","@marshanugraha Ke bank BNI x Mandiri.","1761544887848296749","","marshanugraha","in","","4","11","9","https://x.com/Strategi_Bisnis/status/1761544887848296749","190535830","Strategi_Bisnis"
"1426243865875402758","Fri Aug 13 18:06:50 +0000 2021","454","Merdeka diskon s/d 76% di beragam merchant di bulan kemerdekaan ini! Cek info selengkapnya di https://t.co/SebwYFuF6N #mandiripromo","1426243865875402758","","","in","Jakarta","4","26","27","https://x.com/bankmandiri/status/1426243865875402758","2278761810","bankmandiri"
"1511616756074176513","Wed Apr 06 08:08:13 +0000 2022","508","Lancar Ibadah dan Silaturahmi lebih hemat pake #mandiricard #mandiridebit Livin poin dan Livin by Mandiri. Dapatkan diskon hingga 50% di berbagai merchant yang berpartisipasi. Info: https://t.co/Ms8sPK70Wz #mandiripromo #promopakelivin #livintumpahbarokah","1511616756074176513","","","in","Jakarta","1","14","26","https://x.com/bankmandiri/status/1511616756074176513","2278761810","bankmandiri"
"1871519649269239914","Tue Dec 24 11:33:50 +0000 2024","0","Bank Mandiri allocated IDR 1.06 trillion in cash for the Papua region anticipating a surge in transactions during Christmas and New Year. #WestPapuan https://t.co/cNRSg9j0qW","1871519649269239914","","","en","","0","0","0","https://x.com/bn_1c/status/1871519649269239914","1204865978","bn_1c"
"1425761407316873217","Thu Aug 12 10:09:43 +0000 2021","222","Gak sempet buka rekening di kantor cabang? Buka aja rekening Mandiri Tabungan Now via online di https://t.co/HxWn78RiA4. Gak pake ribet gak perlu ke cabang dan #gakpakedonlot aplikasi!","1425761407316873217","","","in","Jakarta","5","29","31","https://x.com/bankmandiri/status/1425761407316873217","2278761810","bankmandiri"
"1424676884080599041","Mon Aug 09 10:20:13 +0000 2021","482","Sekarang kamu bisa cek saldo cek mutasi dan blokir kartu melalu MITA lho Sahabat. Yuk langsung chat MITA di whatsapp resmi Bank Mandiri di nomor 0811 84 14000 Mau mengenal mita lebih dalam? Segera chat MITA di https://t.co/IFoAkzjjtu","1424676884080599041","","","in","Jakarta","22","32","66","https://x.com/bankmandiri/status/1424676884080599041","2278761810","bankmandiri"
"1305676522133450753","Tue Sep 15 01:15:15 +0000 2020","1374","Masih suka pinjem rekening teman utk transfer? Yuk buka rekening Mandiri karena prosesnya makin mudah. Buka tabungan tanpa harus ke cabang &amp; antri #GakPakeDonlot app cukup temukan kode QR yg tersebar lalu scan atau klik https://t.co/HxWn78RiA4 sudah bisa buka rekening Mandiri","1305676522133450753","","","in","Jakarta","40","140","167","https://x.com/bankmandiri/status/1305676522133450753","2278761810","bankmandiri"
"1873919316548346344","Tue Dec 31 02:29:15 +0000 2024","0","Kacab Bank Mandiri Om sponsorship om","1873919316548346344","","","in","","0","1","0","https://x.com/Caramelowfat/status/1873919316548346344","1044088117945221120","Caramelowfat"
"1757204584173539579","Tue Feb 13 00:47:13 +0000 2024","3","Btw saham BBCA dan Bank Mandiri on fire ya sejak 1 Januari 2024. Demikian jg saham BBRI dan BBNI.","1757204747692790043","","Strategi_Bisnis","in","","1","1","0","https://x.com/Strategi_Bisnis/status/1757204747692790043","190535830","Strategi_Bisnis"
"1858744512887009764","Tue Nov 19 06:27:10 +0000 2024","1","Laba bersih Bank Mandiri 2023 = Rp 55 triliun. Rekor. Laba bersih BCA 2023 = Rp 48 triliun.","1858758899471708383","","Strategi_Bisnis","in","","0","1","0","https://x.com/Strategi_Bisnis/status/1858758899471708383","190535830","Strategi_Bisnis"
"1874021970490384389","Tue Dec 31 09:17:10 +0000 2024","2","InsyaAllah masih ada waktu untuk menunaikan Zakat Akhir Tahun bersama LAZISWAF Al Hilal! Yuk tunaikan melalui Bank Mandiri # 132.00.1718.746.0 A.n. Al Hilal Rancapanggu Bank BSI # 122.151.221.5 A.n. Yayasan Al Hilal #Akhirtahun #Reminder #AlHilal https://t.co/u6PayHdw9m","1874021970490384389","https://pbs.twimg.com/media/GgHdArCbYAEE-8h.jpg","","in","Bandung, West Java","0","0","1","https://x.com/Laziswafalhilal/status/1874021970490384389","573388760","Laziswafalhilal"
"1219484452864151552","Tue Jan 21 04:58:45 +0000 2020","241","Mau bisnis makin cuan? Pakai mandiri tabungan bisnis. - Gratis biaya transfer - Gratis biaya kliring - Gratis biaya RTGS https://t.co/7eO2s3OJfU *syarat dan ketentuan berlaku #mandiritabungan #mandiritabunganbisnis #laurabasuki #marcusgideon #kevinsanjaya #mandiripromo https://t.co/vSGWi2I83J","1219484452864151552","https://pbs.twimg.com/ext_tw_video_thumb/1219484366956457987/pu/img/bZCYaKUFjVkZ48K4.jpg","","in","Jakarta","39","39","38","https://x.com/bankmandiri/status/1219484452864151552","2278761810","bankmandiri"
"1152442549711208448","Sat Jul 20 04:58:09 +0000 2019","503","Mohon maaf atas ketidaknyamanan yang dialami nasabah terkait dengan perubahan saldo rekening. Corporate Secretary Rohan Hafas menyampaikan saldo nasabah akan segera pulih dalam waktu 2-3 jam ke depan karena sebelum perpindahan ini selalu dilakukan backup data saldo nasabah. https://t.co/HjfFiyHqa8","1152442549711208448","https://pbs.twimg.com/media/D_5MXxsUIAAn0C1.jpg","","in","Jakarta","283","395","841","https://x.com/bankmandiri/status/1152442549711208448","2278761810","bankmandiri"
"1295940083183316992","Wed Aug 19 04:26:07 +0000 2020","180","Rayakan kemerdekaan dan menangkan saldo LinkAja total Rp5 juta. Caranya follow Instagram @bankmandiri lalu buat story menggunakan 2 filter lomba 17an di Instagram @bankmandiri. #MandirikanKaryaNegeri #BanggaBuatanIndonesia https://t.co/rQ4Zmy5KoT","1295940083183316992","https://pbs.twimg.com/amplify_video_thumb/1294810666683965441/img/yX33e0O2nB3HP9hR.jpg","","in","Jakarta","1","4","16","https://x.com/bankmandiri/status/1295940083183316992","2278761810","bankmandiri"
"1438774733512724485","Fri Sep 17 08:00:02 +0000 2021","2526","Transaksi pake Livin by Mandiri dapat cashback biaya transaksi selama 3 bulan! Yuk segera buka tabungan dan aktivasi Livin by Mandiri. Program berlaku hingga 31 Oktober 2021. Info: https://t.co/XqpjhF9Ejt #livinbymandiri #promopakelivin https://t.co/XYo79L0lnw","1438774733512724485","https://pbs.twimg.com/media/E_eN_lNVgAAp3wO.jpg","","in","Jakarta","8","133","110","https://x.com/bankmandiri/status/1438774733512724485","2278761810","bankmandiri"
"1290120962076061707","Mon Aug 03 03:03:01 +0000 2020","640","Nasabah pengguna Telkomsel yuk raih kesempatan memenangkan hadiah Suzuki Jimny sepeda Brompton dan Samsung Galaxy Note. Caranya perbanyak transaksi melalui mobile banking @bankmandiri &amp; kumpulkan poin undiannya. Cek info lengkap di https://t.co/y48OQw4EED #mandiripromo","1290120962076061707","","","in","Jakarta","41","99","133","https://x.com/bankmandiri/status/1290120962076061707","2278761810","bankmandiri"
"1279973594202877952","Mon Jul 06 03:01:00 +0000 2020","274","Sahabat aktivasi #tebakanmandiri hadir kembali. Dapatkan hadiah saldo LinkAja Rp50.000 utk 20 pemenang. Follow Twitter @bankmandiri jawab dgn reply/retweet disertai hashtag #tebakanmandiri. Periode aktivasi 6 s.d.19 Juli'20 pk.23.59 WIB. Info:https://t.co/TzEsKWnt9F","1279973594202877952","","","in","Jakarta","8","50","52","https://x.com/bankmandiri/status/1279973594202877952","2278761810","bankmandiri"
"1274854865395576834","Mon Jun 22 00:01:00 +0000 2020","294","Sahabat aktivasi #tebakanmandiri hadir kembali. Dapatkan hadiah saldo LinkAja Rp50.000 utk 20 pemenang. Follow Twitter @bankmandiri jawab dgn reply/retweet disertai hashtag #tebakanmandiri. Periode aktivasi 22 Juni s.d.5 Juli '20 pk.23.59 WIB. Info: https://t.co/N5s2EBfvC4","1274854865395576834","","","in","Jakarta","14","62","66","https://x.com/bankmandiri/status/1274854865395576834","2278761810","bankmandiri"
"1560244369244012547","Thu Aug 18 12:37:00 +0000 2022","153","Livin' Promo Merdeka! Nikmati berbagai diskon s/d 77% di merchant favorit pake #mandiricard #mandiridebit QRIS Livin by Mandiri Livin by Mandiri dan Livin poin. Promo hingga 31 Agustus 2022. Info kunjungi https://t.co/7Lx19Ei1kZ","1560244369244012547","","","in","Jakarta","0","6","10","https://x.com/bankmandiri/status/1560244369244012547","2278761810","bankmandiri"
"1310556776585076739","Mon Sep 28 12:27:39 +0000 2020","292","Segera buka rekening Mandiri Tabungan Now. Buka rekening tabungan cukup scan kode QR atau klik https://t.co/HxWn78RiA4 #GakPakeDonlot aplikasi. Tinggal isi data diri selfie jadi deh tabungannya. Gampang kan? #mandiripromo","1310556776585076739","","","in","Jakarta","3","56","37","https://x.com/bankmandiri/status/1310556776585076739","2278761810","bankmandiri"
"1424562419511164935","Mon Aug 09 02:45:22 +0000 2021","179","Sahabat yang hobi belanja online sekarang bisa #DebitinAjaPakeMandiri. Belanja online semakin praktis dengan bertransaksi pake #mandiridebit. Yuk simak caranya atau cek info lengkap di https://t.co/gymLIhFN4n #mandiripromo","1424562419511164935","","","in","Jakarta","1","6","6","https://x.com/bankmandiri/status/1424562419511164935","2278761810","bankmandiri"
"1872584101678764173","Fri Dec 27 10:03:35 +0000 2024","2","cv gopay ke bank mandiri #zonauang #zonabu","1872584101678764173","","","in","they/them — 21+","0","13","0","https://x.com/MCCIOON/status/1872584101678764173","1427344981","MCCIOON"
"1871574727300419762","Tue Dec 24 15:12:41 +0000 2024","0","Bank Mandiri mendukung program 3 juta rumah dengan penyaluran KPR FLPP mencatat pertumbuhan 68% YoY. Fokus pada hunian terjangkau bagi MBR. https://t.co/EE900CQXWU","1871574727300419762","","","in","Jakarta, Indonesia","0","0","1","https://x.com/detikfinance/status/1871574727300419762","135795460","detikfinance"
"1872980361275425244","Sat Dec 28 12:18:11 +0000 2024","0","https://t.co/83EpPyxaJn IPOL.ID- Mkumpulan kompetisi voli terbesar di Indonesia Proliga 2025 Bank Mandiri secara resmi mengumumkan susunan tim voli putri profesional Jakarta Livin' Mandiri (JLM). #livinbymandiri #bankmandiri #mandiriproliga #proliga #mandiri #ipol https://t.co/USDtgbWogU","1872980361275425244","https://pbs.twimg.com/media/Gf4ptm0aMAAXpGk.jpg","","in","Jalan Cirendeu Raya No 32 A RT","0","0","0","https://x.com/ipoldotid/status/1872980361275425244","1407567917537894407","ipoldotid"
"1287582795708022784","Mon Jul 27 02:57:15 +0000 2020","260","Sahabat yuk menangkan hadiah Mitsubishi Expander Honda Vario dan juga saldo LinkAja. Caranya gampang cukup tingkatkan transfer online melalui e-channel banking Mandiri. Mau tahu info lengkapnya? Klik https://t.co/ZjTY7zunWu #mandiripromo","1287582795708022784","","","in","Jakarta","5","58","42","https://x.com/bankmandiri/status/1287582795708022784","2278761810","bankmandiri"
"1873999555530023054","Tue Dec 31 10:26:08 +0000 2024","1","@bibienthusiast @bibienthusiast Halo Sahabat @bibienthusiast apabila yang dimaksudkan transaksi menggunakan kartu debit bank lain maka kami persilakan dapat melakukan konfirmasi melalui penerbit kartu ya. Jika Sahabat sebagai pemilik rekening Bank Mandiri dan menerima dana dari bank lain","1874039327170375695","","bibienthusiast","in","Jakarta","0","0","0","https://x.com/mandiricare/status/1874039327170375695","589600174","mandiricare"
"1871773711621349488","Wed Dec 25 04:23:23 +0000 2024","2","Wamenhan Donny Ermawan Taufanto menerima bantuan operasional dari PT Bank Mandiri (Persero) Tbk untuk SMA Taruna Nusantara @SMATN (TN) Cimahi yang berlangsung di Kemhan Jakarta pada Selasa (24/12). https://t.co/QOFwYiky5j","1871773711621349488","https://pbs.twimg.com/media/GfngQWCbMAAtUNR.jpg","","in","Jakarta, Indonesia","0","1","0","https://x.com/Kemhan_RI/status/1871773711621349488","714719021816541184","Kemhan_RI"
"1873985229356228722","Tue Dec 31 06:51:10 +0000 2024","2","Untuk Lulusan S1 Simak Lowongan Kerja Bank Mandiri Hari Ini Simak Penjelasannya di Sini. https://t.co/mNLaQHQXT3","1873985229356228722","","","in","Jakarta","0","0","0","https://x.com/AkuratJakarta/status/1873985229356228722","1622477462138650629","AkuratJakarta"
"1551401782366343169","Mon Jul 25 02:59:43 +0000 2022","236","Belanja di luar negeri lebih asik dengan kurs rendah belanja jadi lebih ringan! Manfaatkan promo enteng bisa nyicil 36x dengan program power installment dengan #mandiricard Berlaku hingga 28 Februari 2023 Info selengkapnya klik https://t.co/2x7EcrS40q #mandiripromo","1551401782366343169","","","in","Jakarta","3","10","16","https://x.com/bankmandiri/status/1551401782366343169","2278761810","bankmandiri"
"1552901233622523904","Fri Jul 29 06:18:00 +0000 2022","635","Bank Mandiri lanjutkan transformasi Digital dengan launching 241 Smart Branch di seluruh Indonesia. Smart Branch hadir disesuaikan dengan karakter kebutuhan nasbah yang bikin semua #MakinGampang Info lengkap cek https://t.co/raCndbb7hU #SmartBranchbyMandiri #Livingalivelylife","1552901233622523904","","","in","Jakarta","11","40","58","https://x.com/bankmandiri/status/1552901233622523904","2278761810","bankmandiri"
"1431138954485456900","Fri Aug 27 06:18:10 +0000 2021","1634","Cuma modal rebahan bisa dapetin BMW X1 Honda All New Beat atau Samsung Galaxy A71! Yuk bagi pengguna Telkomsel langsung banyakin aja transaksi pake USSD *141*6# sms banking dan Livin' by Mandiri. Info: https://t.co/ijxM58Lwz6 #promopakelivin","1431138954485456900","","","in","Jakarta","36","92","66","https://x.com/bankmandiri/status/1431138954485456900","2278761810","bankmandiri"
"1732641674680217870","Thu Dec 07 06:02:20 +0000 2023","2351","Melalui strengthen core competence Bank Mandiri sebagai wholesale bank terus berinovasi untuk memenuhi kebutuhan finansial utama nasabah serta pelopor dalam transformasi digital sosial dan lingkungan. Bank Mandiri juga berkomitmen dalam mewujudkan tujuan Net Zero Emission https://t.co/KgHZ9SuOkk","1732641674680217870","https://pbs.twimg.com/ext_tw_video_thumb/1732634360917233664/pu/img/npYiZFoyXpw7VtPQ.jpg","","in","Jakarta","75","70","180","https://x.com/bankmandiri/status/1732641674680217870","2278761810","bankmandiri"
"1209096898025385985","Mon Dec 23 13:02:19 +0000 2019","137","Dinda sedang berpikir apa yang akan dilakukannya di akhir tahun ini. Menurut Sahabat lebih seru shopping atau liburan? Yuk bantu Dinda dengan ikutan aktivasi #mandiriakhirtahun yang berhadiah saldo LinkAja Rp250.000 untuk 20 pemenang. Caranya ikuti tweet selanjutnya.. https://t.co/ujl2XDWm3w","1209096898025385985","https://pbs.twimg.com/amplify_video_thumb/1209092796990115841/img/iTLcFmXoSMHQ4KG9.jpg","","in","Jakarta","116","258","151","https://x.com/bankmandiri/status/1209096898025385985","2278761810","bankmandiri"
"1267765358796001282","Tue Jun 02 10:29:50 +0000 2020","257","Tebak siapa yg akan tampil di konser amal #dirumahaja #bersamamandiri dan menangkan saldo LinkAja Rp 50.000 dan 1 tote bag dgn tanda tangan artis. Follow Twitter @bankmandiri jawab dgn reply @bankmandiri/retweet disertai hashtag #bersamamandiri. Info: https://t.co/Jn1hSTk8Ia https://t.co/LkrcMill19","1267765358796001282","https://pbs.twimg.com/amplify_video_thumb/1266949907526500352/img/diC7VjtK7cVJArGl.jpg","","in","Jakarta","13","89","48","https://x.com/bankmandiri/status/1267765358796001282","2278761810","bankmandiri"
"1774707326160978160","Mon Apr 01 07:56:13 +0000 2024","703","Sebagai bentuk empati dan kepekaan sosial masyarakat di bulan Ramadan Mandiri Group membagikan lebih dari 57.000 bingkisan Ramadan kepada Yatim Piatu dan Dhuafa di seluruh Region di Indonesia dengan melibatkan seluruh anak perusahaan dan didukung oleh Mandiri Amal Insani. https://t.co/MuuP8er6oU","1774707326160978160","https://pbs.twimg.com/amplify_video_thumb/1774702993772089344/img/oFY1Pcdy3LKuyhLn.jpg","","in","Jakarta","1","89","50","https://x.com/bankmandiri/status/1774707326160978160","2278761810","bankmandiri"
"1602517948236955648","Tue Dec 13 04:17:06 +0000 2022","181","Ada 20 tiket konser UN1TY yang bisa kamu menangkan di Instagram Bank Mandiri! Ini saatnya kamu yang pergi healing nonton konser. Follow Instagram Bank Mandiri sekarang! Klik link ini buat ikutan kuisnya: https://t.co/3HQAIuiyss Info: https://t.co/obZbEwWRhi #MandiriGiveaway","1602517948236955648","","","in","Jakarta","4","3","49","https://x.com/bankmandiri/status/1602517948236955648","2278761810","bankmandiri"
"1603995832172564481","Sat Dec 17 06:09:41 +0000 2022","162","Yuk ikutan #KuisBerhadiah buat dapetin saldo e-wallet TOTAL Rp1 JUTA! Follow Instagram Bank Mandiri sekarang! Klik link ini buat ikutan kuisnya: https://t.co/eFT6QdMYHK #TebakanMandiri","1603995832172564481","","","in","Jakarta","10","1","10","https://x.com/bankmandiri/status/1603995832172564481","2278761810","bankmandiri"
"1444565936300703746","Sun Oct 03 07:32:12 +0000 2021","290","Rayakan HUT ke-23 Bank Mandiri dengan beli paket data dapatkan bonus pulsa* dengan pembelian melalui Livin' by Mandiri. Promo ini berlaku 5 - 7 Oktober 2021 ya Sahabat. Info lengkap klik https://t.co/xzU0Koegy4 #mandiripromo #promopakelivin","1444565936300703746","","","in","Jakarta","2","14","21","https://x.com/bankmandiri/status/1444565936300703746","2278761810","bankmandiri"
"1292974258772156416","Tue Aug 11 00:01:00 +0000 2020","165","Sahabat aktivasi #tebakanmandiri masih berlanjut. Dapatkan hadiah saldo LinkAja Rp50.000 utk 20 pemenang. Follow Twitter @bankmandiri jawab dgn reply/retweet disertai hashtag #tebakanmandiri. Periode aktivasi 3 s.d. 16 Aug'20 pk.23.59 WIB. Info: https://t.co/IpXqCBHJFk","1292974258772156416","","","in","Jakarta","3","17","38","https://x.com/bankmandiri/status/1292974258772156416","2278761810","bankmandiri"
"1285023576509214721","Mon Jul 20 01:27:49 +0000 2020","281","Sahabat yang hobi belanja online sekarang bisa #debitinajapakemandiri. Belanja online semakin praktis dengan bertransaksi menggunakan #mandiridebit Visa. Info selengkapnya cek di link berikut: https://t.co/gymLIhFN4n #mandiripromo","1285023576509214721","","","in","Jakarta","9","35","45","https://x.com/bankmandiri/status/1285023576509214721","2278761810","bankmandiri"
"1484446688064700417","Fri Jan 21 08:44:04 +0000 2022","325","Nikmati cuan hemat s.d. 80% pakai mandiri kartu kredit debit e-money Livin by Mandiri dan Livin poin di berbagai merchant favorit hingga 15 Februari 2022. Info: https://t.co/A9OU4NaFhR Selamat Tahun Baru Imlek 2573 Sahabat. #promopakelivin #imlekmandiri","1484446688064700417","","","in","Jakarta","1","12","28","https://x.com/bankmandiri/status/1484446688064700417","2278761810","bankmandiri"
"1086156161181614080","Fri Jan 18 06:59:43 +0000 2019","920","Mau bisnis makin cuan? Pakai #mandiritabungan bisnis. Biaya transaksinya GRATIS nggak bikin cuan tipis. Transaksi kapan aja di mana aja... tetap gratis! Gratis biaya transfer gratis biaya kliring gratis biaya RTGS. Saatnya #bisnismakincuan saatnya mandiri.","1086156161181614080","","","in","Jakarta","47","107","139","https://x.com/bankmandiri/status/1086156161181614080","2278761810","bankmandiri"
"1872151513319276820","Thu Dec 26 05:24:38 +0000 2024","0","Officer Development Program Business Enabler 2025 Bank Mandiri https://t.co/lFQ0xo82VU","1872151513319276820","","","en","Bandar Lampung, Lampung","0","0","0","https://x.com/infolokerlpg/status/1872151513319276820","944078269875290112","infolokerlpg"
"1872639049548333075","Fri Dec 27 13:41:56 +0000 2024","0","Babik adek ku pake data ku buat pinjol gak jelas di teror aku cok sama DC padahal aku juga pernah jadi DC Bank Mandiri dan PNM dari sore pisuh an mulu sampai ketawa karyawan ku semua ","1872639049548333075","","","in","","0","0","0","https://x.com/BuzzerShestar/status/1872639049548333075","1296736516161454080","BuzzerShestar"
"1484448252262961159","Fri Jan 21 08:50:17 +0000 2022","112","Nikmati cuan hemat s.d. 80% pakai mandiri kartu kredit debit e-money Livin by Mandiri dan Livin poin di berbagai merchant favorit hingga 15 Februari 2022. Info: https://t.co/A9OU4NrIjR Selamat Tahun Baru Imlek 2573 Sahabat. #promopakelivin #imlekmandiri","1484448252262961159","","","in","Jakarta","1","1","15","https://x.com/bankmandiri/status/1484448252262961159","2278761810","bankmandiri"
"1484447299182882816","Fri Jan 21 08:46:30 +0000 2022","203","Nikmati cuan hemat s.d. 80% pakai mandiri kartu kredit debit e-money Livin by Mandiri dan Livin poin di berbagai merchant favorit hingga 15 Februari 2022. Info: https://t.co/A9OU4NrIjR Selamat Tahun Baru Imlek 2573 Sahabat. #promopakelivin #imlekmandiri","1484447299182882816","","","in","Jakarta","3","6","17","https://x.com/bankmandiri/status/1484447299182882816","2278761810","bankmandiri"
"1484448136714063876","Fri Jan 21 08:49:50 +0000 2022","666","Nikmati cuan hemat s.d. 80% pakai mandiri kartu kredit debit e-money Livin by Mandiri dan Livin poin di berbagai merchant favorit hingga 15 Februari 2022. Info: https://t.co/A9OU4NrIjR Selamat Tahun Baru Imlek 2573 Sahabat. #promopakelivin #imlekmandiri","1484448136714063876","","","in","Jakarta","9","38","63","https://x.com/bankmandiri/status/1484448136714063876","2278761810","bankmandiri"
"1874090097022558487","Tue Dec 31 13:47:52 +0000 2024","2","Tahun baru sama park seo jun.. Thankyu bank mandiri Tanya rek emoney gini bisa di buat belanja di alfa/indo gt ga? Lumayan soalnya saldonya nih https://t.co/wXpTlhAtMr","1874090097022558487","https://pbs.twimg.com/media/GgIbAYha4AAzOrh.jpg","","in","ÜT: -7.260014,112.733427","0","3","0","https://x.com/nina_alisha/status/1874090097022558487","69792542","nina_alisha"
"1390839764266283008","Sat May 08 01:23:35 +0000 2021","815","Gak sempet buka rekening di kantor cabang? Buka aja rekening Mandiri Tabungan Now via online di https://t.co/HxWn78RiA4. Gak pake ribet gak perlu ke cabang dan #gakpakedonlot aplikasi!","1390839764266283008","","","in","Jakarta","20","120","105","https://x.com/bankmandiri/status/1390839764266283008","2278761810","bankmandiri"
"1871474341814452724","Tue Dec 24 08:33:48 +0000 2024","0","LOKER SEMARANG TERBARU: Credit Marketing Officer - Branch Relationship Officer (Marketing Bank) - Telemarketing di PT. Mandiri Andalan Utama #lokersemarang #lowongankerjasemarang #loker #semarang #jateng #jawatengah https://t.co/mKSii2IEsS","1871474341814452724","","","in","Semarang, Indonesia","0","0","0","https://x.com/lokersemarid/status/1871474341814452724","1230905643164291072","lokersemarid"
"1441333765884682254","Fri Sep 24 09:28:43 +0000 2021","434","Transaksi pake Livin by Mandiri dapat cashback biaya transaksi selama 3 bulan! Buka tabungan dan aktivasi Livin by Mandiri segera. Program berlaku hingga 30 September 2021. Info: https://t.co/JdR8IrN2df #promopakelivin","1441333765884682254","","","in","Jakarta","6","25","20","https://x.com/bankmandiri/status/1441333765884682254","2278761810","bankmandiri"
"1152512843939319809","Sat Jul 20 09:37:29 +0000 2019","325","Sahabat layanan Bank Mandiri sudah pulih kembali &amp; telah beroperasi secara normal. Sekali lagi mohon maaf ya sedikit mengganggu weekendnya. Kami sadar masih ada kekurangan dalam pelayanan kami tapi percaya deh kalau kami akan terus meningkatkan layanan untuk sahabat tercinta :) https://t.co/00gw522BqE","1152512843939319809","https://pbs.twimg.com/ext_tw_video_thumb/1152512793645420544/pu/img/LGYdtDPvjpuoXQLJ.jpg","","in","Jakarta","59","309","287","https://x.com/bankmandiri/status/1152512843939319809","2278761810","bankmandiri"
"1330073470244323328","Sat Nov 21 09:00:01 +0000 2020","231","Transaksi dapat emas? Sahabat ikuti kesempatan mendapatkan logam mulia dengan terus bertransaksi menggunakan digital banking Bank Mandiri. Periode program berlangsung pada 16 November 2020 s.d 28 Februari 2021 Cek info lebih lanjut di https://t.co/bLXXI32tM7 #mandiripromo https://t.co/yT1I0VbqA7","1330073470244323328","https://pbs.twimg.com/amplify_video_thumb/1329312744613535744/img/F5gltKQpi1xUFt2_.jpg","","in","Jakarta","2","24","20","https://x.com/bankmandiri/status/1330073470244323328","2278761810","bankmandiri"
"1296653730968813568","Fri Aug 21 03:41:54 +0000 2020","174","Sahabat aktivasi #tebakanmandirimpl masih berlanjut. Yuk susun nama hero dalam anagram ini utk menangkan 1 elite skin dan saldo LinkAja Rp100.000 utk 10 pemenang. Mabar Seru Makin Praktis #pakemandiriaja https://t.co/3U3ic4ykVN","1296653730968813568","https://pbs.twimg.com/ext_tw_video_thumb/1296653717513461762/pu/img/5eOcPLNMqQ0mNPSC.jpg","","in","Jakarta","13","105","28","https://x.com/bankmandiri/status/1296653730968813568","2278761810","bankmandiri"
"1708327182869922117","Sun Oct 01 03:45:14 +0000 2023","1960","Kira-kira apa ya? 2 Oktober 2023 | 10:00 WIB https://t.co/adIw62VQe0 #RiseIntoSpace #Mandiri25Tahun #MandiriSilverAnniversary #MenujuMasaDepan","1708327182869922117","","","in","Jakarta","113","281","186","https://x.com/bankmandiri/status/1708327182869922117","2278761810","bankmandiri"
"1305815995299188736","Tue Sep 15 10:29:28 +0000 2020","5643","Mau buka rekening tabungan tanpa harus antri ke cabang? Atau lewat aplikasi eh gak bisa download krn memori HP penuh. Jaman now buka tabungan #GakPakeDonlot aplikasi. Cukup scan kode QR atau klik https://t.co/HxWn78RiA4 isi data diri selfie jadi deh tabungannya #mandiripromo","1305815995299188736","","","in","Jakarta","27","186","599","https://x.com/bankmandiri/status/1305815995299188736","2278761810","bankmandiri"
"1251410450643775488","Sat Apr 18 07:21:16 +0000 2020","419","Buat MEME #antimatigaya Sahabat selama #dirumahaja se-kreatif mungkin (contoh bs dilihat pd gambar) upload ke Twitter pribadi dgn hashtag #antimatigaya dan mention @bankmandiri. Menangkan saldo LinkAja Rp250 rb utk 10 pemenang. Info lengkap aktivasi klik https://t.co/gxs6qLU37X https://t.co/xntrFzt49z","1251410450643775488","https://pbs.twimg.com/media/EV3mLKGU8AEdnWM.jpg","","in","Jakarta","11","26","81","https://x.com/bankmandiri/status/1251410450643775488","2278761810","bankmandiri"
"1380090433825513473","Thu Apr 08 09:29:34 +0000 2021","4283","Yuk cuss traktir teman di @McDonalds_ID. Dapatkan cashback s.d. 77% pake scan QRIS di Livin by Mandiri. Berlaku 8 s.d. 10 April 2021. Info: https://t.co/aFywMej9gl atau tanya Mita di https://t.co/FjOItiEkhh Buka rekening? Klik https://t.co/HxWn78RiA4 #mandiripromo #livinMcD","1380090433825513473","","","in","Jakarta","245","309","558","https://x.com/bankmandiri/status/1380090433825513473","2278761810","bankmandiri"
"1312261625638912001","Sat Oct 03 05:22:06 +0000 2020","332","Persembahan hari oelang tahoen Bank Mandiri ke-22 oentoek kita semoea. Asjik belandja bajar moelai 22%* dengan mandiri debit kartoe kredit &amp; fiestapoin. Semoea dapat korting. #mandiri22 #mandiripromo","1312261625638912001","","","in","Jakarta","12","21","65","https://x.com/bankmandiri/status/1312261625638912001","2278761810","bankmandiri"
"1418133334832521219","Thu Jul 22 08:58:29 +0000 2021","1085","Cuma modal rebahan Sahabat yg pake Telkomsel bisa dapetin BMW X1 Honda All New Beat atau Samsung Galaxy A71 lho! Caranya gampang banget banyakin aja transaksi pake USSD *141*6# sms banking dan Livin' by Mandiri Info detail klik https://t.co/ijxM58Lwz6 #mandiripromo","1418133334832521219","","","in","Jakarta","73","116","77","https://x.com/bankmandiri/status/1418133334832521219","2278761810","bankmandiri"
"1443793016439721988","Fri Oct 01 04:20:54 +0000 2021","408","Rayakan HUT ke-23 Bank Mandiri dengan cashback Rp 50rb untuk pembelian voucher menggunakan Livin' by Mandiri di UniPin. Promo ini berlaku 2 - 7 Oktober 2021 yaa Sahabat. Info lengkap klik https://t.co/P8wNvclnc7 #mandiripromo #promopakelivin","1443793016439721988","","","in","Jakarta","11","26","44","https://x.com/bankmandiri/status/1443793016439721988","2278761810","bankmandiri"
"1768607912434282623","Fri Mar 15 11:59:20 +0000 2024","860","Like postingan ini sambil nikmati bulan Ramadan yang penuh berkah dengan penawaran menarik dari Bank Mandiri! Yuk penuhi semua kebutuhanmu ada diskon s.d. 50% #JadiLebihBaik ","1768607912434282623","","","in","Jakarta","0","52","32","https://x.com/bankmandiri/status/1768607912434282623","2278761810","bankmandiri"
"1318205866923892737","Mon Oct 19 15:02:24 +0000 2020","818","Sahabat yang hobi belanja online sekarang bisa #DebitinAjaPakeMandiri. Belanja online semakin praktis dengan bertransaksi pake #mandiridebit. Yuk simak caranya atau cek info lengkap di https://t.co/gymLIhFN4n #mandiripromo","1318205866923892737","","","in","Jakarta","15","79","46","https://x.com/bankmandiri/status/1318205866923892737","2278761810","bankmandiri"
"1305676950413832192","Tue Sep 15 01:16:57 +0000 2020","498","Mau bayar now biar barang incaran ga ilang? Terus gak punya rekening Mandiri buat bayarnya? Ayo buka rekening Mandiri tanpa harus ke kantor cabang &amp; #GakPakeDonlot app. Cukup scan atau klik https://t.co/HxWn78RiA4 bisa langsung punya rekening &amp; nikmati berbagai promo Bank Mandiri","1305676950413832192","","","in","Jakarta","8","43","41","https://x.com/bankmandiri/status/1305676950413832192","2278761810","bankmandiri"
"1358639212371660803","Mon Feb 08 04:50:05 +0000 2021","252","Nikmati promo mandiri spesial imlek. Dari mulai diskon voucher cashback hingga cicilan 0% di berbagai merchant dengan #mandiricard #mandiridebit dan QRIS #mandirionline. Promo berlaku 01 - 28 Februari 2021. Info lebih lanjut klik https://t.co/kVhN1GMr91 #mandiripromo","1358639212371660803","","","in","Jakarta","3","21","19","https://x.com/bankmandiri/status/1358639212371660803","2278761810","bankmandiri"
"1476472417144893441","Thu Dec 30 08:37:10 +0000 2021","1208","Transfer antar bank di Livin' by Mandiri cuma Rp2.500 - dengan BI FAST! - transfer diterima secara real time 24/7 - limit hingga Rp250juta - bisa menggunakan email atau nomor hp Yuk download Livin' by Mandiri logo kuning! Info: https://t.co/2CBjNcoKUs","1476472417144893441","","","in","Jakarta","80","209","177","https://x.com/bankmandiri/status/1476472417144893441","2278761810","bankmandiri"
"1485798342055837698","Tue Jan 25 02:15:04 +0000 2022","2508","Nikmati cuan hemat s.d. 80% pakai mandiri kartu kredit debit e-money Livin by Mandiri dan Livin poin di berbagai merchant favorit. Periode program hingga 15 Februari 2022. Info: https://t.co/A9OU4NaFhR Selamat Tahun Baru Imlek 2573 Sahabat. #promopakelivin #imlekmandiri","1485798342055837698","","","in","Jakarta","8","80","135","https://x.com/bankmandiri/status/1485798342055837698","2278761810","bankmandiri"
"1339199601266475008","Wed Dec 16 13:24:00 +0000 2020","998","Banyak kejutan menanti di Festival Diskon Nasional. Jangan lewatkan berbagai promo dan penawaran menariknya. Dapatkan diskon hingga 75% dengan #mandiridebit #mandiricard dan #fiestapoin selama periode program 16-31 Des 2020. Info: https://t.co/iFs3EBLZVr #MandiriFDN","1339199601266475008","","","in","Jakarta","9","44","69","https://x.com/bankmandiri/status/1339199601266475008","2278761810","bankmandiri"
"1421024511957159944","Fri Jul 30 08:26:59 +0000 2021","3101","Transaksi pake Livin by Mandiri dapat cashback biaya transaksi selama 3 bulan! Buka tabungan dan aktivasi Livin by Mandiri segera. Program berlaku hingga 31 Oktober 2021. Info: https://t.co/XqpjhF9Ejt #promopakelivin","1421024511957159944","","","in","Jakarta","10","140","128","https://x.com/bankmandiri/status/1421024511957159944","2278761810","bankmandiri"
"1575847651652014080","Fri Sep 30 13:58:52 +0000 2022","2001","HARI INI cuma di #mandiri24 bisa dapetin bayar hanya 24% dan diskon s.d. Rp2 4 Juta buat kamu cukup pake #mandiridebit #mandiricard e-money tukar Livin poin QRIS Livin dan via Livin by Mandiri Berlaku s/d 31 Oktober 2022. Info cek https://t.co/VfzDeJ0irA #mandiripromo","1575847651652014080","","","in","Jakarta","10","77","157","https://x.com/bankmandiri/status/1575847651652014080","2278761810","bankmandiri"
"1484447898787999745","Fri Jan 21 08:48:53 +0000 2022","333","Nikmati cuan hemat s.d. 80% pakai mandiri kartu kredit debit e-money Livin by Mandiri dan Livin poin di berbagai merchant favorit hingga 15 Februari 2022. Info: https://t.co/A9OU4NrIjR Selamat Tahun Baru Imlek 2573 Sahabat. #promopakelivin #imlekmandiri","1484447898787999745","","","in","Jakarta","2","15","27","https://x.com/bankmandiri/status/1484447898787999745","2278761810","bankmandiri"
"1131536070858829827","Thu May 23 12:23:16 +0000 2019","147","Sahabat Mandiri hindari penggunaan aplikasi free Virtual Private Network (VPN) pada Smartphone anda saat melakukan transaksi perbankan elektronik yang memiliki risiko terjadi penyalahgunaan data oleh pihak yang tidak bertanggung jawab. https://t.co/kZICwFEHRY","1131536070858829827","https://pbs.twimg.com/ext_tw_video_thumb/1131535947391066117/pu/img/9ssiK2vAqrdduMgx.jpg","","in","Jakarta","20","21","343","https://x.com/bankmandiri/status/1131536070858829827","2278761810","bankmandiri"
"1577569339041263617","Wed Oct 05 08:00:14 +0000 2022","112","Makin happy di bulan Oktober dengan promo spesial HUT #Mandiri24! Nikmati promo serba 24 tiap belanja pake #mandiridebit #mandiricard e-Money Livin'poin QRIS Livin by Mandiri dan Livin' by Mandiri. Info: https://t.co/VfzDeJ0irA #mandiripromo #digitaldankekinian https://t.co/s71VVIJ5Ub","1577569339041263617","https://pbs.twimg.com/ext_tw_video_thumb/1577569293004599296/pu/img/rti11tZR4vYHvNIe.jpg","","in","Jakarta","6","94","58","https://x.com/bankmandiri/status/1577569339041263617","2278761810","bankmandiri"
"1178984148867809280","Tue Oct 01 10:45:00 +0000 2019","343","Sahabat percantik hunianmu dengan koleksi dari IKEA. Nikmati promonya dalam rangka #mandiri21tahun cek info selengkapnya di https://t.co/FiwAR9lKca #mandiripromo https://t.co/JfpfWmcaBC","1178984148867809280","https://pbs.twimg.com/media/EFyT6OmVUAEbApU.jpg","","in","Jakarta","42","30","28","https://x.com/bankmandiri/status/1178984148867809280","2278761810","bankmandiri"
"1178995473492787200","Tue Oct 01 11:30:00 +0000 2019","403","Meriahnya #mandiri21tahun juga memberikan penawaran spesial berupa cashback tiket pesawat loh Sahabat. Yuk gunakan #mandiricard untuk pembelian tiket pesawatmu di https://t.co/NRhQlW2QEY. Info lebih lanjut klik https://t.co/pW2LLSNUiV./hmairy #mandiripromo https://t.co/7LceLLTqwR","1178995473492787200","https://pbs.twimg.com/media/EFyU9eRVAAABLJS.jpg","","in","Jakarta","43","46","63","https://x.com/bankmandiri/status/1178995473492787200","2278761810","bankmandiri"
"1219469669108797442","Tue Jan 21 04:00:00 +0000 2020","677","Liburan sebaiknya direncanakan jauh-jauh hari loh Sahabat. Pesan tempat penginapanmu dari sekarang di jaringan hotel Archipelago International yuk ada promo spesial diskon menggunakan #mandiridebit atau #mandiricard. Cek infonya di https://t.co/OlMA3JjJFH #mandiripromo https://t.co/26F4KehSXw","1219469669108797442","https://pbs.twimg.com/media/EOSQTLqU8AA69Vm.jpg","","in","Jakarta","27","25","93","https://x.com/bankmandiri/status/1219469669108797442","2278761810","bankmandiri"
"1591685529300795392","Sun Nov 13 06:52:56 +0000 2022","397","Berikut ini modus social engineering yang biasa terjadi. Yuk kenali lebih jauh agar Sahabat bisa lebih waspada. #kelasmandiri https://t.co/ZT8AEYWleV","1591685529300795392","https://pbs.twimg.com/media/FhbNjGgakAIMDQ4.jpg","","in","Jakarta","2","6","68","https://x.com/bankmandiri/status/1591685529300795392","2278761810","bankmandiri"
"1437726019851489288","Tue Sep 14 10:32:49 +0000 2021","255","Dapatkan 500 diamonds dengan buka rekening Tabungan NOW dan aktivasi Livin' by Mandiri via online di MPL Season 8. Periode promo hingga 24 Oktober 2021. Cek info lengkapnya di https://t.co/ySG1SSfc49 #mandiripromo #promopakelivin","1437726019851489288","","","in","Jakarta","33","47","30","https://x.com/bankmandiri/status/1437726019851489288","2278761810","bankmandiri"
"1499686628893224962","Fri Mar 04 10:02:09 +0000 2022","733","Beli BTS Photobook Special Edition pake Livin' by Mandiri #mandiricard &amp; #mandiridebit di @istyleid diskon 30% s/d 31 Maret 2022. Yuk download Livin' by Mandiri! Tinggal selfie rekening jadi! Info: https://t.co/ANKBIbmevL #mandiripromo #promopakelivin #livinxbts","1499686628893224962","","","in","Jakarta","66","40","55","https://x.com/bankmandiri/status/1499686628893224962","2278761810","bankmandiri"
"1305676195703349248","Tue Sep 15 01:13:58 +0000 2020","4220","Mau buka rekening tabungan tp tanpa harus ke cabang? Niat buka rekening lewat aplikasi eh gak bisa download krn memori HP penuh.⁣ Jgn sedih Mandiri punya solusinya. Sekarang bisa buka rekening tabungan now &amp; #GakPakeDonlot. Cukup scan kode QR atau klik https://t.co/HxWn78RiA4","1305676195703349248","","","in","Jakarta","128","510","702","https://x.com/bankmandiri/status/1305676195703349248","2278761810","bankmandiri"
"1873733048212344872","Tue Dec 31 09:47:25 +0000 2024","0","@meldadewi26 @abienoks @meldadewi26 Hai Sahabat @meldadewi26 dapat kami informasikan apabila rekening dengan jenis TabunganKU terdaftar dan tampil di Livin' by Mandiri maka hanya bisa digunakan untuk inquiry (cek saldo/mutasi rekening) dan tidak dapat digunakan untuk melakukan transaksi finansial ya.","1874029584947306871","","meldadewi26","in","Jakarta","0","0","0","https://x.com/bankmandiri/status/1874029584947306871","2278761810","bankmandiri"
"1871367677597602122","Tue Dec 24 01:29:57 +0000 2024","0","gue udah punya rekening bank mandiri bjb allo bni bank dki e-wallet linkaja spay gopay ovo dana. mana lagi ni yang belum anyink rekening sebanyak itu tp kaga ada isinya fakyu","1871367677597602122","","","in","","0","0","0","https://x.com/satangskripsi/status/1871367677597602122","1280499415632039937","satangskripsi"
"1873891827792961671","Tue Dec 31 09:08:49 +0000 2024","0","@NewsFlash09 @NewsFlash09 Hai Sahabat @NewsFlash09 mohon maaf atas ketidaknyamanannya. Mohon info kendala kartu debit mandiri yang dialami melalui DM agar kami dapat lakukan pengecekan. Sahabat @NewsFlash09 mohon dapat menjaga kerahasiaan data perbankannya. Untuk kemudahan transaksi ","1874019871497085441","","NewsFlash09","in","Jakarta","0","0","0","https://x.com/bankmandiri/status/1874019871497085441","2278761810","bankmandiri"
"1871853218470535658","Wed Dec 25 09:39:19 +0000 2024","0","Dorong Peningkatan Literasi Keuangan Bank Mandiri Kenalkan Produk Perbankan kepada 93.000 Pelajar di Indonesia Ra... https://t.co/TbZ04c7tf6","1871853218470535658","","","in","Indonesia","0","0","0","https://x.com/ilhamiasnawi/status/1871853218470535658","305657272","ilhamiasnawi"
"1873939717865300302","Tue Dec 31 06:35:00 +0000 2024","0","@cheezybluee @livinpoin @cheezybluee Hai Sahabat @cheezybluee mohon maaf atas ketidaknyamanannya. Perihal kendala yg Sahabat alami mohon kesediaannya mengirimkan pesan melalui DM/Inbox kami ya. Sebagai informasi pastikan Sahabat hanya berinteraksi dengan akun resmi Bank Mandiri bercentang emas","1873981163314044950","","cheezybluee","in","Jakarta","0","0","0","https://x.com/mandiricare/status/1873981163314044950","589600174","mandiricare"
"1873579767536218612","Mon Dec 30 04:00:00 +0000 2024","1","Terbang lebih nyaman bersama Garuda Indonesia dengan potongan hingga Rp500.000 dari Bank Mandiri! Gunakan kode promo MANDIRI saat melakukan pembelian tiket di Website Garuda Indonesia dan Aplikasi FlyGaruda Info lengkap: https://t.co/W2cUK8UImG https://t.co/ujUCrq62i1","1873579767536218612","https://pbs.twimg.com/media/GgAYsbAagAA0By9.jpg","","in","","0","0","0","https://x.com/IndonesiaGaruda/status/1873579767536218612","155418706","IndonesiaGaruda"
"1873700942845280346","Tue Dec 31 06:39:35 +0000 2024","0","@ellahuint @ellahuint Hai Sahabat @ellahuint. Terima kasih atas update informasi yang diberikan. Apabila mengalami kendala atau membutuhkan informasi perihal perbankan Bank Mandiri silakan hubungi kami kembali. Sahabat @ellahuint mohon dapat menjaga kerahasiaan data perbankannya. Untuk","1873982313182409011","","vostbein","in","Jakarta","0","0","0","https://x.com/mandiricare/status/1873982313182409011","589600174","mandiricare"
"1873932303082357228","Tue Dec 31 03:20:51 +0000 2024","1","Bulan Desember pastinya identik dengan perayaan Natal. Nah kali ini MinSeRi mau ajak #SahabatMuseum untuk mengintip suasana perayaan Natal pada era legacy Bank Mandiri tepatnya Perayaan Natal Bank Bumi Daya (BBD) tahun 1982 #BingkaiKlasik #MuseumMandiri","1873932303082357228","","","in","Kota Tua, Jakarta","0","1","0","https://x.com/museum_mandiri/status/1873932303082357228","215298683","museum_mandiri"
"1873680879719227629","Mon Dec 30 10:41:57 +0000 2024","0","Bayar pakai QRIS Movin atau Kartu Debit Bank Mandriti Taspen selama periode 10 Desember 2024 - 31 Januari 2025 dan dapatkan harga spesial untuk berbagai layanan. Semua promo sudah termasuk Free Konsultasi &amp; Dental Check-Up tanpa minimum transaksi.","1873680921595138071","","MandiriTaspen","in","Jakarta Capital Region","0","1","0","https://x.com/MandiriTaspen/status/1873680921595138071","1027496658706153472","MandiriTaspen"
"1873766364462395425","Tue Dec 31 06:47:44 +0000 2024","0","@theaterspieler @theaterspieler Hai Sahabat @theaterspieler apabila kartu e-money rusak dan sudah tidak digunakan lagi namun masih memiliki sisa dana maka dapat diuangkan kembali baik dilakukan ke rekening mandiri pemegang kartu atau dapat diambil tunai (untuk non nasabah Bank Mandiri).","1873984368051736909","","theaterspieler","in","Jakarta","0","0","0","https://x.com/bankmandiri/status/1873984368051736909","2278761810","bankmandiri"
"1872698989528932592","Fri Dec 27 17:40:06 +0000 2024","0","dengar-dengar ada seorang menteri kabinet Bapak @prabowo yang mengira World Bank adalah seperti BNI Bank Mandiri atau Bank komersial lainnya... xD","1872698989528932592","","","in","","0","0","0","https://x.com/ladsgusangan/status/1872698989528932592","1606258799710703616","ladsgusangan"
"1873680879719227629","Mon Dec 30 10:42:17 +0000 2024","0","Berlaku di seluruh cabang Odac Dental seluruh Indonesia. Hubungi Mantap Call 14024 atau Kantor Cabang Bank Mandiri Taspen terdekat untuk informasi lebih lanjut! #AksiBerkarya #MantapBerkarya #InspirasiBerkarya #BankMandiriTaspen #OdacDental #PensiunBerkarya #MantapUniverse","1873681006408110553","","MandiriTaspen","in","Jakarta Capital Region","0","0","0","https://x.com/MandiriTaspen/status/1873681006408110553","1027496658706153472","MandiriTaspen"
"1871768078750503100","Tue Dec 31 09:22:56 +0000 2024","1","@Subandiban201 @Subandiban201 Sahabat @Subandiban201 mohon dapat menjaga kerahasiaan data perbankannya. Untuk kemudahan transaksi gunakan aplikasi Livin' by Mandiri dan manfaatkan layanan WhatsApp MITA untuk mendapatkan informasi terbaru seputar layanan dan promo dari Bank Mandiri. Tks~Tommy","1874023422059307353","","bankmandiri","in","Jakarta","0","0","0","https://x.com/bankmandiri/status/1874023422059307353","2278761810","bankmandiri"
"1873912986290839848","Tue Dec 31 05:19:00 +0000 2024","0","@mnzilysr @bankmandiri @mnzilysr Sahabat @mnzilysr mohon dapat menjaga kerahasiaan data perbankannya. Untuk kemudahan transaksi gunakan aplikasi Livin' by Mandiri dan memanfaatkan layanan WhatsApp MITA untuk mendapatkan informasi terbaru seputar layanan dan promo dari Bank Mandiri. Semoga prosesnya","1873962035618385985","","mandiricare","in","Jakarta","0","0","0","https://x.com/mandiricare/status/1873962035618385985","589600174","mandiricare"
"1873876352623141303","Tue Dec 31 03:51:16 +0000 2024","0","@Serba4958 @Serba4958 Hai Sahabat @Serba4958 mohon maaf atas ketidaknyamanannya. Sesuai dengan lampiran yang dikirimkan untuk menindaklanjuti kendala yang dialami mohon Sahabat dapat mengunjungi kantor cabang Bank Mandiri terdekat dengan membawa dokumen e-KTP dan kartu mandiri debit","1873939956894486576","","Serba4958","in","Jakarta","0","0","0","https://x.com/mandiricare/status/1873939956894486576","589600174","mandiricare"
"1873712339008323768","Tue Dec 31 08:06:58 +0000 2024","0","@indar_MJ @BankBCA @indar_MJ Hai Sahabat @indar_MJ mohon maaf atas ketidaknyamanannya. Apabila bermaksud ingin melakukan transaksi tarik tunai tanpa kartu mandiri debit maka dapat dilakukan ya. Sesuai dengan lampiran yang dikirimkan pastikan untuk nomor handphone yang dimasukkan sesuai dan benar","1874004304962715865","","indar_MJ","in","Jakarta","0","1","0","https://x.com/bankmandiri/status/1874004304962715865","2278761810","bankmandiri"
"1873959978123559316","Tue Dec 31 18:05:35 +0000 2024","0","@dwidwi57 @dwidwi57 Sahabat @dwidwi57 mohon dapat menjaga kerahasiaan data perbankannya. Untuk kemudahan transaksi kartu kredit gunakan aplikasi Livin' by Mandiri dan manfaatkan layanan WhatsApp MITA untuk mendapatkan informasi terbaru seputar layanan dan promo dari Bank Mandiri.","1874154953243238810","","dwidwi57","in","Jakarta","0","0","0","https://x.com/mandiricard/status/1874154953243238810","115848008","mandiricard"
"1873951766766866497","Tue Dec 31 06:51:17 +0000 2024","1","@disanhok @disanhok Hai Sahabat @disanhok mohon maaf atas ketidaknyamanannya. Dikhawatirkan terdapat kepadatan layanan mandiri call 14000 adakah perihal perbankan Bank Mandiri yang dapat kami bantu informasikan. Sahabat @disanhok mohon dapat menjaga kerahasiaan data perbankannya.","1873985260436037656","","disanhok","in","Jakarta","0","0","0","https://x.com/mandiricare/status/1873985260436037656","589600174","mandiricare"
"1874029497949053213","Tue Dec 31 09:47:04 +0000 2024","0","‍JUAL APP ADOBE ILLUSTRATOR CRACKAN 2020 ONLY 15k -ada tutor downloadnya -usahakan memang butuh dan spek laptop oke buat design kalo ga nanti berat - payment via spay dana bank mandiri yg mw comment nnt aku dm yaa love u #zonauang #jualapp #adobeillustrator","1874029497949053213","","","in","","0","1","0","https://x.com/aleearuma/status/1874029497949053213","1129123006154911744","aleearuma"
"1873918482246754751","Tue Dec 31 02:25:56 +0000 2024","1","di bank mandiri dtng jam 8 disuruh pulang udh full di bca dtng jam 9 langsung dilayani ga sampe 5 mnit anjir beda bgtt","1873918482246754751","","","in","surga","0","1","0","https://x.com/oryzasativq/status/1873918482246754751","1074135879138988035","oryzasativq"
"1873725699334586638","Tue Dec 31 02:08:35 +0000 2024","1","@kittenbaik @bankmandiri @kittenbaik Halo Sahabat @kittenbaik apakah ada perihal perbankan Bank Mandiri yang dapat kami informasikan. Tks~Tesa","1873914115296813299","","kittenbaik","in","Jakarta","0","0","0","https://x.com/mandiricare/status/1873914115296813299","589600174","mandiricare"
"1873940870376153612","Tue Dec 31 05:44:02 +0000 2024","0","@MIrfanzaen @MIrfanzaen Sahabat @MIrfanzaen mohon dapat menjaga kerahasiaan data perbankannya. Untuk kemudahan transaksi gunakan aplikasi Livin' by Mandiri dan manfaatkan layanan WhatsApp MITA untuk mendapatkan informasi terbaru seputar layanan dan promo dari Bank Mandiri. Semoga berjalan","1873968334922006666","","MIrfanzaen","in","Jakarta","0","0","0","https://x.com/mandiricare/status/1873968334922006666","589600174","mandiricare"
"1873686259065057670","Tue Dec 31 09:12:30 +0000 2024","0","@yossupdawg @yossupdawg Sahabat @whattttnottt mohon dapat menjaga kerahasiaan data perbankannya. Untuk kemudahan transaksi kartu kredit gunakan aplikasi Livin' by Mandiri dan manfaatkan layanan WhatsApp MITA untuk mendapatkan informasi terbaru seputar layanan dan promo dari Bank Mandiri.","1874020798979334189","","mandiricare","in","Jakarta","0","1","0","https://x.com/mandiricare/status/1874020798979334189","589600174","mandiricare"
"1873939717865300302","Tue Dec 31 09:36:01 +0000 2024","0","@cheezybluee @CaII_Center @fuscty @livinpoin @cheezybluee Sahabat @cheezybluee mohon dapat menjaga kerahasiaan data perbankannya. Untuk kemudahan transaksi gunakan aplikasi Livin' by Mandiri dan manfaatkan layanan WhatsApp MITA untuk mendapatkan informasi terbaru seputar layanan dan promo dari Bank Mandiri. Tks~Tommy","1874026714827022484","","mandiricare","in","Jakarta","0","0","0","https://x.com/mandiricare/status/1874026714827022484","589600174","mandiricare"
"1871825212741927113","Wed Dec 25 07:48:02 +0000 2024","0","Jadwal Operasional BI BCA BRI Bank Mandiri hingga BTN Selama Nataru https://t.co/okiTnKCs4u","1871825212741927113","","","in","Indonesia","0","0","0","https://x.com/ilhamiasnawi/status/1871825212741927113","305657272","ilhamiasnawi"
"1873731354816647588","Tue Dec 31 06:19:30 +0000 2024","0","@nonefcare @nonefcare Halo Sahabat @nonefcare mohon maaf atas ketidaknyamanannya. Saat ini layanan Livin by Mandiri terpantau normal. Apabila mengalami kendala agar dapat kami lakukan pengecekan mohon informasi lampiran gambar/capture kendala yg dialami melalui DM ya. Sahabat","1873977260790956406","","nonefcare","in","Jakarta","0","0","0","https://x.com/bankmandiri/status/1873977260790956406","2278761810","bankmandiri"
"1873899896652390610","Tue Dec 31 04:19:23 +0000 2024","0","@espegos @espegos Hi Sahabat @espegos mohon maaf atas ketidaknyamanannya. Terima kasih atas saran dan masukkan yg diberikan perihal tsb akan menjadi perhatian bagi Bank Mandiri utk meningkatkan kualitas layanan kepada seluruh nasabah ya. Mohon dapat menjaga kerahasiaan data","1873947033503228015","","espegos","in","Jakarta","0","0","0","https://x.com/mandiricare/status/1873947033503228015","589600174","mandiricare"
"1873907295081685185","Tue Dec 31 01:41:29 +0000 2024","0","Setiap kali menghubungi @bankmandiri @mandiricare @livinpoin Mandiri Care dibutuhkan minimal 3 menit sampai disambungkan kepada customer officer. Tetapi sama sekali tidak diangkat. Masa iya segede Bank Mandiri pelayanan keya gini? Pantesan kalah sama BCA @RadioElshinta @KompasTV","1873907295081685185","","","in","» Indonesia Tanah Airku","0","6","0","https://x.com/navieonline/status/1873907295081685185","22568158","navieonline"
"1874008316843876723","Tue Dec 31 12:28:37 +0000 2024","0","@affogather @affogather Hi Sahabat @affogather mohon maaf atas ketidaknyamanannya. Menindaklanjuti perihal tersebut sudah kami informasikan melalui DM ya. Sahabat @affogather mohon dapat menjaga kerahasiaan data perbankannya. Untuk kemudahan transaksi gunakan aplikasi Livin' by Mandiri","1874070151592894720","","affogather","in","Jakarta","0","0","0","https://x.com/bankmandiri/status/1874070151592894720","2278761810","bankmandiri"
"1873202576335990897","Sun Dec 29 03:01:11 +0000 2024","0","kesel bgt gw dari semalem top up shoopepay dri bank mandiri tapi kok ga masuk masuk ya anjing. mana sejuta lagi. ga terlalu urgent tapi panik bangsat","1873202576335990897","","","in","DKI Jakarta, Indonesia","0","0","0","https://x.com/dieentott/status/1873202576335990897","1066640067777576960","dieentott"
"1873038294159933480","Sat Dec 28 17:29:25 +0000 2024","0","@hibyeols @hibyeols Hai Sahabat @hibyeols perihal DM telah kami balas ya. Mohon berhati-hati terhadap pihak yang mengatasnamakan Bank Mandiri ya. Tks~Ashwin","1873058685733490741","","hibyeols","in","Jakarta","0","0","0","https://x.com/mandiricard/status/1873058685733490741","115848008","mandiricard"
"1591370233386008577","Sat Nov 12 10:00:04 +0000 2022","290","Sahabat ada e-wallet senilai total Rp1 juta nih buat kamu! Buat dapetin cukup jawab pertanyannya dengan reply tweet ini &amp; pake hashtag #TebakanMandiri! Clue: cek di https://t.co/HHFXUFvxfY Hingga 15 November 2022. Info: https://t.co/UZerQnkhAU #KuisBerhadiah https://t.co/TNXE1ExwdR","1591370233386008577","https://pbs.twimg.com/media/FhWuyPDaYAAaxuN.jpg","","in","Jakarta","18","651","186","https://x.com/bankmandiri/status/1591370233386008577","2278761810","bankmandiri"
