"conversation_id_str","created_at","favorite_count","full_text","id_str","image_url","in_reply_to_screen_name","lang","location","quote_count","reply_count","retweet_count","tweet_url","user_id_str","username"
"1861248451029475451","Tue Nov 26 03:19:45 +0000 2024","15700","Buat WNI yang masih betah tinggal di Indonesia dalam waktu lama dan bingung uangnya buat apa ditaroh di Sukuk Tabungan BRI aja. Daripada Investasi ke mana mana gak jelas lumayan tiap bulan dapet penghasilan udah kaya nerima uang kost-an. Hahaha https://t.co/Cf5kuMI9a1","1861248451029475451","https://pbs.twimg.com/media/GdR7mS2aoAA8CZ3.jpg","","in","","523","528","2036","https://x.com/undefined/status/1861248451029475451","139315638",
"1722071069245497554","Wed Nov 08 01:58:32 +0000 2023","33","shm! $BBRI sama $BMRI tetap bagus kan bang dibeli di harga segini? bakal naik beberapa tahun kedepan? mau coba saham soalnya ini file excelnya saya ambil di yt Diskusi Investasi https://t.co/me3DLepETI","1722071069245497554","https://pbs.twimg.com/media/F-YGguXbUAABxVd.jpg","","in","","1","5","0","https://x.com/undefined/status/1722071069245497554","1336580251493646343",
"1790167291562492116","Mon May 13 23:48:36 +0000 2024","7","Setelah drop lumayan banyak dalam dua bulan terakhir kira-kira saham saham BUMN perbankan kita ini masih berkemungkinan lanjut turun atau mulai rebound yaa mmmmm... #analisisteknikal #charting #saham #BBCA #BBRI #BMRI #BBNI #trading #investasi https://t.co/of7vmEBvYt","1790167291562492116","https://pbs.twimg.com/ext_tw_video_thumb/1790167225879703552/pu/img/4xavXzN4q507-P2N.jpg","","in","","5","2","3","https://x.com/undefined/status/1790167291562492116","448579151",
"1854840391725728174","Fri Nov 08 10:56:25 +0000 2024","19309","Selain Mixue ada lagi yang punya cabang di mana-mana btw yaitu bank BRI‍️ Sebelum beli lot BBRI kemarin aku sempat kepoin soal sejarahnya buat tau track record &amp; perjalanan bank ini. Ternyata seru juga! BRI pertama kali berdiri di Purwokerto th 1895 awalnya menarik banget. https://t.co/RqFFFakcZc","1854840391725728174","https://pbs.twimg.com/media/Gb23gQ8bwAIAo5O.jpg","","in","","225","180","2536","https://x.com/undefined/status/1854840391725728174","1080481376623722507",
"1828751235576635879","Wed Aug 28 11:07:25 +0000 2024","13","SIAPA PERBANKAN TERBAIK DI INDONESIA...??? Belajar saham bareng di https://t.co/8W7xlQQBrz @youtube #SahamSetiapSaat #Investasi #Justalkmedia #BBCA #BBRI #BBNI #BMRI #Perbankan #saham https://t.co/DnY6jPKuNd","1828751235576635879","https://pbs.twimg.com/media/GWEHRnvbMAA9kTK.jpg","","in","","0","2","3","https://x.com/undefined/status/1828751235576635879","356049981",
"1790038658151501873","Mon May 13 15:17:28 +0000 2024","0","Imbal hasil dari investasi SBN Ritel besok sudah menjadi saham BBCA BBRI dan BMRI Begiru aja tiap bulan https://t.co/XuHCX05Nxo","1790038658151501873","https://pbs.twimg.com/media/GNd-q_qbkAAdF6n.jpg","","in","","0","0","0","https://x.com/undefined/status/1790038658151501873","756107741266010117",
"1780052277883265059","Tue Apr 16 01:55:09 +0000 2024","3","Iran vs Israel $XAUUSD semakin tinggi RSI di tgl 13/4 di atas 70 artinya harga emas berpotensi semakin naik. Emas berpotensi menguat sbg instrumen investasi nabung di Bank jadi berkurang. Kemungkinan besar $BBCA $BMRI $BBNI $BBRI dll akan terdiskon. Mari kita borong https://t.co/tzNFdYi5FX","1780052277883265059","https://pbs.twimg.com/media/GLQEGWEbcAAZtex.jpg","","in","","1","2","0","https://x.com/undefined/status/1780052277883265059","54264303",
"1743953384699556160","Sun Jan 07 11:11:02 +0000 2024","0","HI MNCers 6 Emiten pada gambar adalah Emiten dengan Market Cap terbesar. Kalau kamu dihadapkan dengan dua jalur diatas mana yang akan kamu pilih? #MNCSekuritas #MotionTrade #Investasi #investorpemula #saham #bbca #bbri #bmri #bren #byan #tpia https://t.co/74grdhTLdP","1743953384699556160","https://pbs.twimg.com/media/GDPEW43a4AAe3hZ.jpg","","in","","0","0","1","https://x.com/undefined/status/1743953384699556160","2349339355",
"1659916107116085248","Sat May 20 13:36:54 +0000 2023","0","Setelah #BBRI Hit all time high (ATH) Rp 5.450 18 Mei. 3 Saham Bank lainnya #BBCA #BMRI #BBTN masih tertinggal. #ctasaham #chartctasaham #analisasaham #analisateknikal #IDX #saham #sahampemula #belajarsaham #tradingsaham #scalping #trading #investasi #swingtrading #sahamcuan https://t.co/ePbpCOyKjb","1659916107116085248","https://pbs.twimg.com/media/Fwk05JAaEAUNJKL.jpg","","in","","0","1","0","https://x.com/undefined/status/1659916107116085248","85741863",
"1740677482448306662","Fri Dec 29 10:13:46 +0000 2023","1","Optimis selalu $BMRI on Dec 29 2023 @ajaib_investasi https://t.co/9bagUPXsNU","1740677482448306662","https://pbs.twimg.com/media/GCgg8WzakAArf4g.jpg","","in","","0","0","0","https://x.com/undefined/status/1740677482448306662","111522102",
"1795079497278280067","Mon May 27 13:07:57 +0000 2024","27","Mulai berinvestasi cuma butuh satu aplikasi! Ada Rekening Dana Nasabah (RDN) di fitur Livin' Investasi yang bisa mempermudah investasi di perusahaan efek pilihanmu. Yuk cek cara buka RDN melalui aplikasi Livin' by Mandiri dengan tonton video ini! Info: https://t.co/WDTZdnQFT0 https://t.co/ti66DIEoJj","1795079497278280067","https://pbs.twimg.com/amplify_video_thumb/1795079279136657408/img/HPr2duvtmmzbXn62.jpg","","in","","0","11","4","https://x.com/undefined/status/1795079497278280067","2278761810",
"1723938415173922933","Mon Nov 13 05:38:42 +0000 2023","2","Ketinggalan momen 11.11? Jangan khawatir! Bersama MOST masih berlangsung Bagi-Bagi Saham BMRI di Akhir Tahun! Dapatkan ribuan lembar saham BMRI di momen akhir tahun bersama MOST! Caranya gampang banget: Gabung dan perbanyak investasi di MOST! https://t.co/9Lw3v0XLvY","1723938415173922933","https://pbs.twimg.com/media/F-yo2OWaYAAxCml.jpg","","in","","0","1","0","https://x.com/undefined/status/1723938415173922933","148198201",
"1853211854304334081","Sun Nov 03 23:05:11 +0000 2024","0","Saham banking dijual-jualin asing kamu siap nampungin? #INDF #UNTR #AMRT #PWON #JPFA #BBRI #BBCA #BMRI #BBNI #TLKM #IHSG #ciptadana #bluechip #infosaham #sahampemula #tradingsaham #investasi #investasisaham https://t.co/1bFsH4ieun","1853211854304334081","https://pbs.twimg.com/media/GbfuWpebAAArIOX.jpg","","in","","0","0","0","https://x.com/undefined/status/1853211854304334081","1396754054915653634",
"1704070353583329725","Tue Sep 19 09:50:07 +0000 2023","0","Tetap optimis $BMRI on Sep 19 2023. @ajaib_investasi https://t.co/7E3wrnv2pa","1704070353583329725","https://pbs.twimg.com/media/F6YS9B1b0AAruHs.jpg","","in","","0","0","0","https://x.com/undefined/status/1704070353583329725","111522102",
"1742132696133066788","Tue Jan 02 10:36:16 +0000 2024","1","Awal tahun 2024 $BMRI tetap optimis on January 2 2024. @ajaib_investasi https://t.co/dhvPXHZ4Th","1742132696133066788","https://pbs.twimg.com/media/GC1Mc9JagAAsycO.jpg","","in","","0","0","0","https://x.com/undefined/status/1742132696133066788","111522102",
"1720696335777898508","Sat Nov 04 06:55:50 +0000 2023","0","Good News untuk IHSG &amp; saham ↗️ pekan ini dari Sell On Rumor Buy On News FOMC. #ctasaham #saham #workshopVVIPCTASaham #chartctasaham #astrocyclectasaham #IDX #IHSG #LQ45 #thefed #BBCA #BMRI #BBRI #GOTO #AMMN #BREN #belajarsaham #trading #tradingsaham #strategisaham #investasi https://t.co/3yTZ4KT9LV","1720696335777898508","https://pbs.twimg.com/media/F-EkMcBbIAAebp4.jpg","","in","","0","0","0","https://x.com/undefined/status/1720696335777898508","85741863",
"1722611585594867886","Thu Nov 09 13:47:03 +0000 2023","0","Selain itu masih banyak hadiah lainnya Hadiah Undian: Iphone 15 Motor Vespa Saham BMRI Saldo Investasi dan Reksa Dana Hadiah Langsung: Reksa Dana dan Saldo Investasi Obligasi Negara/SBN Logam Mulia dan Saham BMRI &amp; BRIS Periode promo hingga 31 Desember 2023 https://t.co/58N2Ropo9M","1722611764855251097","https://pbs.twimg.com/media/F-fyPV-b0AA6TOW.jpg","Mandiri_OLT","in","","0","1","0","https://x.com/undefined/status/1722611764855251097","148198201",
"1783068672594166208","Wed Apr 24 09:41:14 +0000 2024","0","RDG BI menaikan 25 bps menjadi 6 25% $BMRI tancap cas on April 24 2024 @ajaib_investasi https://t.co/fG2nxHUeWW","1783068672594166208","https://pbs.twimg.com/ext_tw_video_thumb/1783068653552062464/pu/img/Y9HmYsN2IzbR5KFY.jpg","","in","","0","0","0","https://x.com/undefined/status/1783068672594166208","111522102",
"1731970556386230582","Tue Dec 05 09:35:57 +0000 2023","0","Selain itu masih banyak hadiah lainnya! Hadiah Undian: Saham BMRI Saldo Investasi Reksa Dana iPhone 15 Hingga Motor Vespa Hadiah Langsung: Reksa Dana dan Saldo Investasi Obligasi Negara/SBN Logam Mulia dan Saham BMRI &amp; BRIS Periode promo hingga 31 Desember 2023 https://t.co/EQX5oiw27p","1731970656063930694","https://pbs.twimg.com/media/GAkyF_HbIAAhAYD.jpg","Mandiri_OLT","in","","0","1","0","https://x.com/undefined/status/1731970656063930694","148198201",
"1760602134478037398","Thu Feb 22 09:47:13 +0000 2024","1","For your info chipmin kasih tahu aja siapa tahu ada yang belum tahu Yuk promo referal Bluechip dapat saham masih ada loh cek disini https://t.co/z7jBCKWseL #TLKM #BBCA #SIDO #BBNI #BMRI #JSMR #WSKT #WIKA #ADHI #PGEO #investasi #ciptadana #bluechip #sahampemula https://t.co/hru8hxfden","1760602134478037398","https://pbs.twimg.com/ext_tw_video_thumb/1760602092685967360/pu/img/46g9JK0nAOmRigJX.jpg","","in","","0","0","0","https://x.com/undefined/status/1760602134478037398","1396754054915653634",
"1820624326548394241","Tue Aug 06 00:53:59 +0000 2024","170","Ingin mulai investasi tapi bingung mulai dari mana? BRImo punya solusi! Buka RDN melalui BRImo dan akses investasi langsung di aplikasi Brights. Mulai investasi sekarang biar makin cuan! info lebih lanjut: https://t.co/N3DWLwQge6 #BRImo #BRImoMudahSerbaBisa https://t.co/M5KQRsQ45k","1820624326548394241","https://pbs.twimg.com/ext_tw_video_thumb/1820624209804148736/pu/img/FlktBBEDy-2eUrbd.jpg","","in","","0","210","27","https://x.com/undefined/status/1820624326548394241","1398703135",
"1845225009205346828","Sat Oct 12 22:08:19 +0000 2024","702","Shm! inilah alasan BMRI &gt;&gt;&gt; BBNI &gt;&gt;&gt;&gt;&gt;&gt;&gt;&gt; BBRI https://t.co/CldAghhhfU","1845225009205346828","https://pbs.twimg.com/media/GZuOXdZaAAIP4q4.jpg","","in","","16","14","44","https://x.com/undefined/status/1845225009205346828","1336580251493646343",
"1854840391725728174","Fri Nov 08 11:04:29 +0000 2024","366","Karena dr sejarahnya juga BRI dibangun supaya rakjat bisa nabung ngindarin rentenir ngelola dana masjid dll BRI juga sampai skrg mendukung iklusi dan literasi finansial rakjat dengan kehadiran BRILink layanannya sampai ke desa-desa terpentjil. Dr dulu konsisten memberi https://t.co/w4eVJHaxto","1854842423610089751","https://pbs.twimg.com/media/Gb25WaTa0AA61-E.jpg","senjatanuklir","in","","9","15","17","https://x.com/undefined/status/1854842423610089751","1080481376623722507",
"1581812157489897473","Mon Oct 17 00:59:41 +0000 2022","3936","JUST IN: Blibli akan IPO dengan kode BELI di harga Rp 410-460 senilai Rp 8 1 triliun. Listing 7 November 2022. Penjamin emisinya BCA Sekuritas dan BRI Danareksa. Pendapatan 2021 Rp 8 8 triliun dan Rugi Rp 3 3 triliun. https://t.co/HxQ4vdZL4n","1581812157489897473","https://pbs.twimg.com/media/FfO5eOoVQAM4oea.jpg","","in","","293","165","965","https://x.com/undefined/status/1581812157489897473","311312187",
"1879149543776002129","Tue Jan 14 12:52:18 +0000 2025","508","Shm! Fetish investor lokal adalah $BBRI. Lebih dari 600rb ritel pegang BBRI ini redflag bgt ngeri2 sedap. Jangankan balik ke 5000 buat ke 4000 aja berat Good luck guys minimal nyangkut 5th https://t.co/RdASPk8z15","1879149543776002129","https://pbs.twimg.com/media/GhQUjRcbcAAQXJO.jpg","","in","","41","69","45","https://x.com/undefined/status/1879149543776002129","1336580251493646343",
"1701165682367627746","Mon Sep 11 09:27:59 +0000 2023","0","Tetap berjaya $BMRI on Sep 11 2023 @ajaib_investasi https://t.co/gge0wUdcXB","1701165682367627746","https://pbs.twimg.com/media/F5vBK4JaQAAZYZV.jpg","","in","","0","0","0","https://x.com/undefined/status/1701165682367627746","111522102",
"1512720536735928321","Sat Apr 09 09:14:15 +0000 2022","210","Meskipun BMRI telah memanfaatkan basis nasabah institusinya untuk melakukan cross selling ke nasabah individu. Seperti melalui skema payroll BMRI tetap sulit meniru satu hal dari BBCA: Customer Centric Culture https://t.co/LluZBWrH2E","1512720536735928321","https://pbs.twimg.com/media/FP5DT5AaQAIOg6S.jpg","","in","","8","8","69","https://x.com/undefined/status/1512720536735928321","139982550",
"1725392230616383575","Fri Nov 17 05:56:06 +0000 2023","0","Selain itu masih banyak hadiah lainnya! Hadiah Undian: Saham BMRI Saldo Investasi Reksa Dana iPhone 15 Hingga Motor Vespa Hadiah Langsung: Reksa Dana dan Saldo Investasi Obligasi Negara/SBN Logam Mulia dan Saham BMRI &amp; BRIS Periode promo hingga 31 Desember 2023 https://t.co/Txy64YMmbm","1725392348757340657","https://pbs.twimg.com/media/F_HTMZwaYAAnQ9o.jpg","Mandiri_OLT","in","","0","1","0","https://x.com/undefined/status/1725392348757340657","148198201",
"1815343843476480064","Mon Jul 22 11:11:14 +0000 2024","0","Akhirnya $BMRI Rebounds setelah sabar menanti on July 22 2024. @ajaib_investasi https://t.co/orIcgdxBTQ","1815343843476480064","https://pbs.twimg.com/ext_tw_video_thumb/1815343808445661184/pu/img/5Vv4dwIa-6fp1qG4.jpg","","in","","0","0","0","https://x.com/undefined/status/1815343843476480064","111522102",
"1845121239100334139","Sat Oct 12 15:15:58 +0000 2024","26565","Di umur berapa kalian tau kalo Big 3 Himbara (Himpunan Bank Milik Negara) punya target market yang beda-beda? Mandiri - fokus ke corporate BRI - fokus ke UMKM BNI - fokus ke diaspora","1845121239100334139","","","in","","618","387","3142","https://x.com/undefined/status/1845121239100334139","345252211",
"1846474480547422313","Wed Oct 16 08:53:16 +0000 2024","0","️ CuanTalks Ajaib Sekuritas Episode Baru! ️ Kali ini kita kupas tuntas strategi BMRI dalam membangun ekosistem perbankan yang terintegrasi Penasaran gimana BMRI menyusun langkah-langkah inovatif di era digital? Yuk langsung dengerin episode terbaru CuanTalks bersama","1846474480547422313","","","in","","0","0","0","https://x.com/undefined/status/1846474480547422313","1166977780757581824",
"1401767555094618116","Mon Jun 07 05:06:43 +0000 2021","649","Pekan ini BUMN Leadership &amp; Management Institute (BLMI) diresmikan. Ini bentuk keseriusan transformasi human capital di BUMN mulai dari manajer hingga Direksi dan Komisaris untuk membangun kapabilitas kepemimpinan berkelas dunia yang berlandaskan AKHLAK. @KemenBUMN https://t.co/gEE1ZgBD66","1401767555094618116","https://pbs.twimg.com/ext_tw_video_thumb/1401760481149218821/pu/img/TiVteS5I4-iVgvGb.jpg","","in","","108","345","118","https://x.com/undefined/status/1401767555094618116","43088704",
"1365923144700071945","Sun Feb 28 07:13:49 +0000 2021","519","Sebelum Jokowi Izinkan Investasi Miras Pemprov DKI Lebih Dulu Punya Pabrik BIR Untung 220 M dan 100 M Dalam 1 Bulan Cocot mu kok diam ....??? Presiden Jokowi Salah....??? Antara Benci + Tolol Gabung Jadi satu = Bego....!!!! https://t.co/myRwVRPZcH","1365923144700071945","https://pbs.twimg.com/media/EvS71XvVEAQzpxl.jpg","","in","","27","59","141","https://x.com/undefined/status/1365923144700071945","1171433222812520448",
"1682053275443687424","Thu Jul 20 15:42:06 +0000 2023","0","$BMRI sempat menyentuh All Time High (ATH) on July 20 2023. @ajaib_investasi https://t.co/qatWo7FJ6h","1682053275443687424","https://pbs.twimg.com/media/F1faiQgakAAbU7C.jpg","","in","","0","0","0","https://x.com/undefined/status/1682053275443687424","111522102",
"1750833538872799655","Fri Jan 26 10:50:19 +0000 2024","1","Rebound $BMRI setelah 3 hari beruntun anjlok. on January 26 2024 @ajaib_investasi https://t.co/3tcwxLRx1A","1750833538872799655","https://pbs.twimg.com/media/GEw10pZbIAANFtl.jpg","","in","","0","0","0","https://x.com/undefined/status/1750833538872799655","111522102",
"1753347960161923123","Fri Feb 02 09:21:43 +0000 2024","0","$BMRI moncer di akhir pekan on February 2 2024. @ajaib_investasi https://t.co/pT3UKViuNL","1753347960161923123","https://pbs.twimg.com/media/GFUkrLIbsAA7Wt0.jpg","","in","","0","0","0","https://x.com/undefined/status/1753347960161923123","111522102",
"1581707778787532800","Sun Oct 16 18:04:55 +0000 2022","269","IPO $BELI (BliBli) 17.771.205.900 lembar saham baru ditawarkan (15%) Range harga Rp 410 - 460 Total dana diraup: Rp 7.286.194.419.000 - Rp 8.174.754.714.000 Porsi saham setelah IPO https://t.co/kWcm2Aaj8v","1581707778787532800","https://pbs.twimg.com/media/FfNUvrjaUAAxCZL.jpg","","in","","17","11","64","https://x.com/undefined/status/1581707778787532800","1379125037878288389",
"1643443095592394752","Wed Apr 05 02:39:02 +0000 2023","2","Top! 6 Tahun Investasi Rp 100 Juta di Saham BMRI Cuan Segini https://t.co/Yv7ISJKNwH","1643443095592394752","","","in","","0","0","0","https://x.com/undefined/status/1643443095592394752","847372542830444544",
"1780533992779075927","Wed Apr 17 09:49:19 +0000 2024","1","Siapa yang serok saham big 4? Mau THR dari Bluechip? Yuk cek disini https://t.co/hJsIcQwT41 #saham #ihsg #BBCA #BBRI #BBNI #BMRI #pasarmodal #sahampemula #investasi #tradingsaham #investasisaham #belajarsaham #infosaham https://t.co/b6djwqpJs0","1780533992779075927","https://pbs.twimg.com/media/GLW6OrtaEAAq_aE.jpg","","in","","0","0","0","https://x.com/undefined/status/1780533992779075927","1396754054915653634",
"1694640201472295106","Thu Aug 24 09:18:03 +0000 2023","0","RDGBI memutuskan BI7DRR tetap di 5 75% $BMRI Moncer on August 24 2023 @ajaib_investasi https://t.co/FN9QfVagSa","1694640201472295106","https://pbs.twimg.com/media/F4SSR0-aEAA7QQX.jpg","","in","","0","0","0","https://x.com/undefined/status/1694640201472295106","111522102",
"1620347743733710848","Tue Jan 31 09:06:21 +0000 2023","0","Menanti release Laporan Keuangan Q4 2022 $BMRI @ajaib_investasi https://t.co/H4eJ97RR7j","1620347743733710848","https://pbs.twimg.com/media/FnyhrqwaUAEu83i.jpg","","in","","0","0","0","https://x.com/undefined/status/1620347743733710848","111522102",
"1640630855583277057","Tue Mar 28 08:24:12 +0000 2023","0","Nggak usah minder kalau baru mau mulai investasi. Gapapa juga kok modal investasinya misalkan baru sedikit. Berani mulai investasi dengan mudah dan terpercaya di Livin by Mandiri. Info lengkap klik https://t.co/qSNjq4mrf0 #kelasmandiri #DoItSmartDoItNow #livingalivelylife https://t.co/fphM6LhwB1","1640630855583277057","https://pbs.twimg.com/ext_tw_video_thumb/1640630576490094592/pu/img/I56REdMP9ZV1mEQu.jpg","","in","","0","48","0","https://x.com/undefined/status/1640630855583277057","589600174",
"1682054322140643328","Thu Jul 20 15:46:16 +0000 2023","0","$BMRI sempat menyentuh All Time High (ATH) on July 20 2023 @ajaib_investasi https://t.co/WDdaIby9aL","1682054322140643328","https://pbs.twimg.com/media/F1fbfOUaYAEBqUL.jpg","","in","","0","0","0","https://x.com/undefined/status/1682054322140643328","111522102",
"1814801140162437156","Sat Jul 20 23:14:43 +0000 2024","2","Tambah Investasi Direksi Bank Mandiri Beli 25 Ribu Saham BMRI - Saham https://t.co/RhiCaqzoy1 https://t.co/0Ue2IJpzcA","1814801140162437156","","","in","","0","0","0","https://x.com/undefined/status/1814801140162437156","165242082",
"1758840824811720809","Sat Feb 17 13:08:24 +0000 2024","4","Bagger di nabung saham Bank Mandiri dapat return lebih besar dari nabung deposito di Bank Mandiri #saham #bankmandiri #BMRI @bankmandiri @ajaib_investasi https://t.co/WAkzqHvpua","1758840824811720809","https://pbs.twimg.com/media/GGioZV3bYAAfjWy.jpg","","in","","0","0","0","https://x.com/undefined/status/1758840824811720809","454937030",
"1745788467349741835","Fri Jan 12 12:43:00 +0000 2024","0","Akhir pekan $BMRI ditutup sunbringah on January 12 2024. @ajaib_investasi https://t.co/SMGyWO23aa","1745788467349741835","https://pbs.twimg.com/media/GDpJWvlagAEBDbl.jpg","","in","","0","0","0","https://x.com/undefined/status/1745788467349741835","111522102",
"1648260322850111488","Tue Apr 18 09:40:58 +0000 2023","0","Jelang libur panjang hari raya $BMRI ditutup menghijau on Apr 18 2023 @ajaib_investasi https://t.co/lD2t0qKCDL","1648260322850111488","https://pbs.twimg.com/media/Ft_MBnDaAAAOr1t.jpg","","in","","0","0","0","https://x.com/undefined/status/1648260322850111488","111522102",
"1774642054586614239","Mon Apr 01 03:36:51 +0000 2024","0","THR cair waktunya belanja... Jangan lupa follow tiktok kita https://t.co/B6vNBZ1lqP #BBRI #AMRT #PGAS #ASII #TPIA #TLKM #BBCA #BMRI #MDKA #BBNI #tiktok #follow #saham #investasi #pasarmodal #ihsg #tradingsaham #sahampemula #infosaham https://t.co/Ln5CnZ1iOm","1774642054586614239","https://pbs.twimg.com/media/GKDLiz4aIAA8C0i.jpg","","in","","0","0","0","https://x.com/undefined/status/1774642054586614239","1396754054915653634",
"1752627594896547982","Wed Jan 31 09:39:15 +0000 2024","0","Laba bersih Q4 2023 cetak 55 1 T dari $BMRI Moncer on January 31 2024. @ajaib_investasi https://t.co/3w0Ql28aFW","1752627594896547982","https://pbs.twimg.com/media/GFKVgapbwAAReBt.jpg","","in","","0","0","0","https://x.com/undefined/status/1752627594896547982","111522102",
"1787696020320923687","Tue May 07 04:08:39 +0000 2024","1","Saham yang kamu punya paling banyak di kelompok mana nih? Yuk mampir ke tiktok https://t.co/jOgQmCBDMF #GOTO #BUMI #BBRI #BKSL #TLKM #BMRI #BRPT #TPIA #KLBF #PGEO #BNGA #BSDE #ASII #ANTM #UNVR #PRDA #MCAS #ACES #PGAS #saham #ihsg #pasarmodal #infosaham #investasi https://t.co/NNNrCEGqgd","1787696020320923687","https://pbs.twimg.com/media/GM8sDlCbgAI9Xnd.jpg","","in","","0","0","0","https://x.com/undefined/status/1787696020320923687","1396754054915653634",
"1842808359138857051","Sun Oct 06 06:05:25 +0000 2024","228","Cara lihatnya bukan dari nominal rupiah itu saham beredarnya ada berapa dulu. Ggrm 15850 tapi saham beredarnya 1 9 M Bandingin bbri 4860 tapi saham beredarnya 151 M Kalau lu mau nguasai semuanya jauh bat dari 1 9 M ke 151 M bbri butuh duid 736 T kalai ggrm cuman 30 T https://t.co/OBuJKzCD4r","1842808359138857051","https://pbs.twimg.com/media/GZL4b1ha0AAPvad.jpg","","in","","0","7","35","https://x.com/undefined/status/1842808359138857051","1345898259445817345",
"1846137334615757109","Tue Oct 15 10:33:34 +0000 2024","0","Menkeu Sri Mulyani kembali diminta Presiden terpilih 2024-2029 tuk melanjutkan tugas mulia pasar merespon positif terbukti $BMRI gaspol on Oct 15 2024. @ajaib_investasi https://t.co/EpiQ1CCIvs","1846137334615757109","https://pbs.twimg.com/ext_tw_video_thumb/1846137314566934528/pu/img/yOs0aqZAidszRUSc.jpg","","in","","0","0","0","https://x.com/undefined/status/1846137334615757109","111522102",
"1568924251511562241","Sun Sep 11 11:53:01 +0000 2022","584","@aniesbaswedan @KemenPU Off-topic dikit. BRI ini beneran tajir mampus ya. Udah punya tanah gede di Semanggi ini ternyata dia bangun tower lagi di Gatsu. Kayaknya malah lebih tajir daripada Bank Mandiri ga sih yang mayoritas aset tanah/bangunannya itu adalah limpahan bank merger tahun 98 dulu. https://t.co/OwhCKH6lxP","1568930609593982977","https://pbs.twimg.com/media/FcX1x3QXEAA2ecr.png","GilangHamidy","in","","90","23","63","https://x.com/undefined/status/1568930609593982977","60335848",
"1736543671078801878","Mon Dec 18 00:27:29 +0000 2023","0","Big caps kembali mendapat inflow asing Yuk ikutan dapetin iphone 15 gratis https://t.co/klGQ86Lvax #BBCA #BBRI #TLKM #BMRI #BBNI #GOTO #UNTR #KLBF #BREN #FILM #saham #sahampemula #infosaham #ihsg #pasarmodal #investasi #tradingsaham #analisasaham #investasisaham https://t.co/K2ZgUvLMYl","1736543671078801878","https://pbs.twimg.com/media/GBlxQ3FbwAADt-b.jpg","","in","","0","1","0","https://x.com/undefined/status/1736543671078801878","1396754054915653634",
"1817720978987970976","Mon Jul 29 00:37:07 +0000 2024","0","Akum tipis Tetap up to date follow akun tiktok kita juga ya https://t.co/E1n9ZbcfrT #BBCA #AMMN #ISAT #ADRO #MIKA #BBRI #BMRI #BREN #GOTO #TLKM #infosaham #saham #belajarsaham #sahampemula #ciptadana #bluechip #investasi #tradingsaham #investasisaham https://t.co/4eAetjEBRb","1817720978987970976","https://pbs.twimg.com/media/GTnXl7QacAAH0Ag.jpg","","in","","0","0","0","https://x.com/undefined/status/1817720978987970976","1396754054915653634",
"1716665850680504736","Tue Oct 24 04:00:07 +0000 2023","17","Mau investasi? Sekarang beli reksa dana di Livin Investasi via Super App Livin by Mandiri bisa mulai dari Rp10 ribu lho! Cek produk reksa dananya di https://t.co/wt2CgRQ0AR #PakaiLivin #LivinInvestasi https://t.co/icxgHxOx0K","1716665850680504736","https://pbs.twimg.com/media/F9LSeE_asAAY5Dx.jpg","","in","","0","0","2","https://x.com/undefined/status/1716665850680504736","2278761810",
"1752869024915145122","Thu Feb 01 01:38:36 +0000 2024","3","My favorite all the time is Yuk jangan lupa ikutan promo kita bisa dapat saham #BBCA dan #BBRI loh! Check this put https://t.co/z7jBCKWseL #saham #BMRI #BBNI #banking #pasarmodal #infosaham #tradingsaham #investasisaham #sahampemula #investasi #idx #ihsg https://t.co/CunHTCF5hr","1752869024915145122","https://pbs.twimg.com/media/GFNxFfKa0AAEAYp.jpg","","in","","0","1","0","https://x.com/undefined/status/1752869024915145122","1396754054915653634",
"1832953782789124439","Mon Sep 09 01:26:51 +0000 2024","0","All big banks diakum mantap jiwa Corkcicle gratis buat kamu https://t.co/WJE036WSKy #BBCA #BBRI #BBNI #BREN #BMRI #ANTM #BRIS #NISP #AKRA #CUAN #infosaham #pasarmodal #sahampemula #ciptadana #bluechip #saham #investasi https://t.co/jN0NU1euuF","1832953782789124439","https://pbs.twimg.com/media/GW_1vKVaMAAsUz-.jpg","","in","","0","0","0","https://x.com/undefined/status/1832953782789124439","1396754054915653634",
"1739830008494096566","Wed Dec 27 02:06:13 +0000 2023","0","Big flow asing di #BBCA minggu lalu Mau iphone 15 gratis? https://t.co/klGQ86Lvax #iphone15 #TLKM #BMRI #BREN #TPIA #BBNI #PGEO #FILM #ASII #ISAT #infosaham #pasarmodal #investasisaham #saham #tradingsaham #belajarsaham #investasi https://t.co/c7eV4q5S3J","1739830008494096566","https://pbs.twimg.com/media/GCUeK19b0AAiNwC.jpg","","in","","0","0","0","https://x.com/undefined/status/1739830008494096566","1396754054915653634",
"1684857558832672768","Fri Jul 28 09:25:19 +0000 2023","0","Akhir pekan $BMRI ditutup moncer ditengah aksi profit taking on July 28 2023. @ajaib_investasi https://t.co/1AkICgbJVI","1684857558832672768","https://pbs.twimg.com/media/F2HRBKTboAA5usV.jpg","","in","","0","0","0","https://x.com/undefined/status/1684857558832672768","111522102",
"1735596587760673130","Fri Dec 15 09:44:42 +0000 2023","0","Selain itu masih banyak hadiah lainnya! Hadiah Undian: Saham BMRI Saldo Investasi Reksa Dana iPhone 15 Hingga Motor Vespa Hadiah Langsung: Reksa Dana dan Saldo Investasi Obligasi Negara/SBN Logam Mulia dan Saham BMRI &amp; BRIS https://t.co/ba85wsC9Ml","1735596735140094009","https://pbs.twimg.com/media/GBYUBfBbsAA16vf.jpg","Mandiri_OLT","in","","0","1","0","https://x.com/undefined/status/1735596735140094009","148198201",
"1665984986598735872","Tue Jun 06 07:32:27 +0000 2023","3","Nggak usah minder kalau baru mau mulai investasi. Gapapa juga kok modal investasinya misalkan baru sedikit. Berani mulai investasi dengan mudah dan terpercaya di Livin by Mandiri. Info lengkap klik https://t.co/qSNjq4mZ4y #kelasmandiri #DoItSmartDoItNow #livingalivelylife https://t.co/AS2Xu7UBq5","1665984986598735872","https://pbs.twimg.com/ext_tw_video_thumb/1665983963536719872/pu/img/MgH7ZT5p8DtX0sa2.jpg","","in","","2","32","0","https://x.com/undefined/status/1665984986598735872","589600174",
"1693433273786188012","Mon Aug 21 01:22:09 +0000 2023","0","Asing masuk ke batu bara ikutan ga ya? Klik https://t.co/87O9bI62Nh #saham #pasarmodal #ADRO #BUMI #BUKA #BRIS #FILM #BBRI #INCO #TLKM #BMRI #GOTO #investasi #tradingsaham #batubara #teknologi #gojek #tokopedia #bukalapak https://t.co/7vRNHTLMtd","1693433273786188012","https://pbs.twimg.com/media/F4BIlcAa0AAEFex.jpg","","in","","0","0","0","https://x.com/undefined/status/1693433273786188012","1396754054915653634",
"1691620740494422138","Wed Aug 16 01:19:47 +0000 2023","0","Bakal diguyur ga ya hari pertama? Yuk follow yuk https://t.co/87O9bI62Nh #BBNI #BBCA #BMRI #BBRI #bigbanks #stocksplit #sentimen #pasarmodal #pasarsaham #investasi #tradingsaham #infosaham #beritasaham #ihsg #belajarsaham https://t.co/R0BP6VroQY","1691620740494422138","https://pbs.twimg.com/media/F3nYGTrboAA_Bl-.jpg","","in","","0","0","0","https://x.com/undefined/status/1691620740494422138","1396754054915653634",
"1691378680055148544","Tue Aug 15 09:17:56 +0000 2023","1","Pada setuju ga kalau $BBNI stock split jadi harganya lebih murah? Jangan lupa follow https://t.co/87O9bI62Nh #BBNI #BBCA #BMRI #BBRI #bigbanks #stocksplit #sentimen #pasarmodal #pasarsaham #investasi #tradingsaham #infosaham #beritasaham #ihsg #belajarsaham https://t.co/8oP6QMIbXs","1691378680055148544","https://pbs.twimg.com/media/F3j78iRagAIOYMe.jpg","","in","","0","0","0","https://x.com/undefined/status/1691378680055148544","1396754054915653634",
"1694697130466910644","Thu Aug 24 13:04:16 +0000 2023","8","BlackRock Inc. perusahaan manajer investasi terbesar dunia invest di beberapa perusahaan di Indonesia seperti: $BBCA: Rp 2 Triliun $BBRI: Rp 1 7 Triliun $ASII: Rp 946 Miliar $TLKM: Rp 747 Miliar $BMRI: Rp 414 Miliar $KLBF: Rp 110 Miliar","1694697130466910644","","","in","","0","1","2","https://x.com/undefined/status/1694697130466910644","266100204",
"1747188392008556988","Tue Jan 16 09:25:48 +0000 2024","17","Mata uang USD sudah tersedia di fitur Livin' Investasi pada aplikasi Livin' by Mandiri! Investasi reksa dana jadi lebih lengkAPP Yuk cek info lebih lanjut di https://t.co/z3ZmcnqVBX #LivinInvestasi #SuperAPPSuperLengkAPP https://t.co/qsqVk6P1iV","1747188392008556988","https://pbs.twimg.com/media/GD9Ck5QbIAAQln2.jpg","","in","","0","1","2","https://x.com/undefined/status/1747188392008556988","2278761810",
"1691382323038887936","Tue Aug 15 09:32:24 +0000 2023","1","Fyi diantara big 4 banks lainnya hanya $BBNI yang belum pernah melaksakan stock split. Follow dulu https://t.co/87O9bI62Nh #BBNI #BBCA #BMRI #BBRI #bigbanks #stocksplit #sentimen #pasarmodal #pasarsaham #investasi #tradingsaham #infosaham #beritasaham #ihsg #belajarsaham https://t.co/Kk6b50vtA9","1691382323038887936","https://pbs.twimg.com/media/F3j_QehawAA8Yy4.jpg","","in","","0","0","0","https://x.com/undefined/status/1691382323038887936","1396754054915653634",
"1658648529303158784","Wed May 17 01:40:00 +0000 2023","0","Direktur PT Bank Mandiri (Persero) Tbk (BMRI) memborong 70 ribu saham perseroan #stockmarket #tradingnews #marketnews #newsupdate #investing #financenews #IHSG https://t.co/NGWpGrtGMM","1658648529303158784","","","in","","0","0","0","https://x.com/undefined/status/1658648529303158784","4755284968",
"1826789472601518389","Fri Aug 23 01:12:05 +0000 2024","0","Simak Target Harga Saham BMRI BBNI ARKO BBKP Buat Investasi https://t.co/qQXRll7034","1826789472601518389","","","in","","0","0","0","https://x.com/undefined/status/1826789472601518389","4755284968",
"1831581669335429253","Thu Sep 05 06:34:33 +0000 2024","0","Cek Target Harga Saham BMRI BIRD BBKP dan BRIS Buat Investasi https://t.co/M32z4jIAzq","1831581669335429253","","","in","","0","0","0","https://x.com/undefined/status/1831581669335429253","4755284968",
"1775868742729388458","Thu Apr 04 12:51:16 +0000 2024","0","$BMRI ngamuk setelah 3 hari beruntun dibanting asing on April 4 2024 @ajaib_investasi https://t.co/wC3QmmYgwJ","1775868742729388458","https://pbs.twimg.com/media/GKUnNEsaYAA7C-s.jpg","","in","","0","0","0","https://x.com/undefined/status/1775868742729388458","111522102",
"1719217646120653149","Tue Oct 31 05:00:03 +0000 2023","18","Sahabat yuk buat investasi jangka panjang dengan buka tabunganmu di Tabungan SiMuda. Jumlah setoran dan jangka waktu fleksibel dapet proteksi Asuransi Jiwa Gratis setiap bulannya lagi. Langsung cek info selengkapnya di https://t.co/MZEbeSAu05 #mandiripromo https://t.co/EXl5lYJxhU","1719217646120653149","https://pbs.twimg.com/media/F9vjVR3agAA-jsd.jpg","","in","","0","1","2","https://x.com/undefined/status/1719217646120653149","2278761810",
"1783500190030405751","Thu Apr 25 14:15:55 +0000 2024","19","Supaya lebih mapan menyambut masa depan harus mulai investasi nih! Kalau mau investasi yang mudah buka Rekening Dana Nasabah (RDN) aja! Tanpa ribet di fitur Livin' Investasi Yuk cek caranya di https://t.co/WDTZdnQFT0 #LivinInvestasi #SuperAPPSuperLengkAPP https://t.co/9graCGQbD5","1783500190030405751","https://pbs.twimg.com/media/GMBD9pvacAA-pbv.jpg","","in","","0","2","3","https://x.com/undefined/status/1783500190030405751","2278761810",
"1716266070343053385","Mon Oct 23 01:31:32 +0000 2023","1","Net sell asing besar Rupiah juga melemah Raise cash atau belanja di saham enaknya? Jangan lupa follow terus kita https://t.co/V5vwISDxZR #TLKM #AMMN #INKP #FILM #UNTR #BBCA #BBRI #BMRI #ASII #GOTO #saham #pasarmodal #ihsg #sahampemula #infosaham #investasi #tradingsaham https://t.co/ncMX4jAgzP","1716266070343053385","https://pbs.twimg.com/media/F9Fm5ITbsAAx6fi.jpg","","in","","0","0","0","https://x.com/undefined/status/1716266070343053385","1396754054915653634",
"1810118615997591620","Mon Jul 08 01:08:03 +0000 2024","0","Lets go Bluechip di borong nih Promo konsultasi portfolio investasi bersama ahlinya? Cek dulu ini https://t.co/QJDAQKPpJw #BBCA #BBRI #BMRI #BRIS #AMMN #ASII #UNVR #BBNI #AMRT #TOWR #infosaham #ihsg #pasarmodal #sahampemula #promo #infopromo #investasi #saham #ciptadana https://t.co/eFZVhKPrQg","1810118615997591620","https://pbs.twimg.com/media/GR7VSJqaEAAhLLw.jpg","","in","","0","0","0","https://x.com/undefined/status/1810118615997591620","1396754054915653634",
"1823616100690747902","Wed Aug 14 07:02:14 +0000 2024","0","BMRI BBCA SIDO ISAT ICBP Bakal Jadi Ladang Cuan https://t.co/nvJrdtwhUH #InvestorDaily #investasi #Saham","1823616100690747902","","","in","","0","0","0","https://x.com/undefined/status/1823616100690747902","238091066",
"1835170063084835092","Sun Sep 15 04:13:33 +0000 2024","0","BMRI BBRI BBCA BBTN Mana Dulu yang Mesti Dipilih? https://t.co/rv2XnG60iu #InvestorDaily #investasi #Saham","1835170063084835092","","","in","","0","0","0","https://x.com/undefined/status/1835170063084835092","238091066",
"1772108570567520588","Mon Mar 25 03:49:42 +0000 2024","0","BBCA longsor setelah pembagian dividend serok or wait and see dulu nih? Ayo ikutan promo kita sebelum akhir bulan https://t.co/6XQYtoIYWL #BBRI #AMRT #TLKM #ASII #BMRI #BBCA #MDKA #MEDC #ANTM #INCO #saham #pasarmodal #infosaham #investasi #tradingsaham #ciptadana https://t.co/psYsf5Cm83","1772108570567520588","https://pbs.twimg.com/media/GJfLWlMbkAAP_fQ.jpg","","in","","0","0","0","https://x.com/undefined/status/1772108570567520588","1396754054915653634",
"1868499033565917401","Mon Dec 16 03:30:59 +0000 2024","322","Shm! Dividen interim $BBRI 135/lembar kemungkinan maret dividen final gede karena menteri BUMN target 90T pemasukan dari dividen emiten BUMN https://t.co/HlRYQq9IlY","1868499033565917401","https://pbs.twimg.com/media/Ge499_xbcAAeY-A.jpg","","in","","33","30","42","https://x.com/undefined/status/1868499033565917401","1336580251493646343",
"1685505963602939905","Sun Jul 30 04:21:51 +0000 2023","0","Gojet-gojet donk abis naik Yuk follow kita https://t.co/87O9bI62Nh #saham #CUAN #AMMN #EXCL #FILM #BBRI #BMRI #BBTN #ATH #alltimehigh #peggygou #nanana #joget #belajarsaham #investasi #trading #investasisaham #tradingsaham #sahampemula #investor https://t.co/lJFuAkWcpW","1685505963602939905","https://pbs.twimg.com/ext_tw_video_thumb/1685505900373782528/pu/img/WKAJaxUKiWKE-X06.jpg","","in","","0","0","0","https://x.com/undefined/status/1685505963602939905","1396754054915653634",
"1680737423012302848","Mon Jul 17 00:33:22 +0000 2023","0","#INKP masih bisa naik? Check this out https://t.co/nM7JH0HzTu #BBCA #BBRI #ASII #KLBF #BBNI #BMRI #INDF #INTP #MNCN #saham #pasarmodal #ciptadana #bluechip #belajarsaham #infosaham #tiktok #fyp #xyz #investasi #trading https://t.co/4pcwxnYyjQ","1680737423012302848","https://pbs.twimg.com/media/F1Mtx1qacAMee6Q.jpg","","in","","0","0","0","https://x.com/undefined/status/1680737423012302848","1396754054915653634",
"1645728011009003520","Tue Apr 11 09:58:28 +0000 2023","1","Nggak usah minder kalau baru mau mulai investasi. Gapapa juga kok modal investasinya misalkan baru sedikit. Berani mulai investasi dengan mudah dan terpercaya di Livin by Mandiri. Info lengkap klik https://t.co/qSNjq4mZ4y #kelasmandiri #DoItSmartDoItNow #livingalivelylife https://t.co/6jw8lyG4RS","1645728011009003520","https://pbs.twimg.com/ext_tw_video_thumb/1645727885683220482/pu/img/EQa769NIN2GYoiY1.jpg","","in","","0","48","1","https://x.com/undefined/status/1645728011009003520","589600174",
"1690901491610169344","Mon Aug 14 01:41:45 +0000 2023","1","Flow out besar terjadi di IHSG... Follow us https://t.co/87O9bI62Nh #BBCA #BBRI #BMRI #BBNI #TLKM #GOTO #AKRA #UNVR #SMGR #GGRM #saham #pasarmodal #infosaham #tradingsaham #belajarsaham #investasi #ihsg https://t.co/VVhRkZF8DS","1690901491610169344","https://pbs.twimg.com/media/F3dJ8deacAAWQ7Q.jpg","","in","","0","0","0","https://x.com/undefined/status/1690901491610169344","1396754054915653634",
"1668059003463794688","Mon Jun 12 00:53:52 +0000 2023","2","Akhirnya sektor teknologi dan bank digital bergeliat kamu punya saham yang mana? Jangan lupa ikutan event kita https://t.co/87O9bI62Nh #GOTO #ICBP #ASII #ISAT #TLKM #BMRI #BBRI #PGAS #NCKL #BTPS #saham #pasarmodal #sahampemula #infosaham #ihsg #investasi #tradingsaham https://t.co/UnCjctZcWg","1668059003463794688","https://pbs.twimg.com/media/FyYi0vKaQAIXJXb.jpg","","in","","0","0","0","https://x.com/undefined/status/1668059003463794688","1396754054915653634",
"1688342098062483456","Mon Aug 07 00:11:38 +0000 2023","1","Asing akum #ASII apa karena GIIAS 2023 akan berlangsung? Mampir yuk https://t.co/87O9bI62Nh #GIIAS2023 #BMRI #KLBF #BBRI #UNTR #BBNI #TLKM #BBCA #AKRA #UNVR #saham #ihsg #pasarmodal #pasarsaham #investasi #trading #bursasahamindonesia #idx #bei https://t.co/j0VqDz6Iwi","1688342098062483456","https://pbs.twimg.com/media/F24yMNAbkAAEH9A.jpg","","in","","0","0","0","https://x.com/undefined/status/1688342098062483456","1396754054915653634",
"1670627385765662723","Mon Jun 19 02:59:42 +0000 2023","0","Asing masih akum consumer kalian punya saham yang mana? Follow ya https://t.co/87O9bI62Nh #BBRI #ASII #ICBP #ISAT #GGRM #BBCA #BMRI #TLKM #MDKA #GOTO #saham #pasarmodal #investasi #investor #sahampemula #infosaham #traderindonesia https://t.co/Raa08iwy2J","1670627385765662723","https://pbs.twimg.com/media/Fy9CwQxaYAAlmGR.jpg","","in","","0","0","0","https://x.com/undefined/status/1670627385765662723","1396754054915653634",
"1683274605291765761","Mon Jul 24 00:35:14 +0000 2023","0","Flow asing masuk big banks eh ada yang all time high juga pertanda Klik dulu yuk https://t.co/FbAF2Q3mat #BBRI #BBCA #BMRI #ICBP #ACES #GOTO #TLKM #BBNI #SIDO #ANTM #saham #pasarmodal #investasi #flowasing #infosaham #updatemarket #updatesaham #alltimehigh https://t.co/TQ5vqz3nM7","1683274605291765761","https://pbs.twimg.com/media/F1wxUuiaAAAYY9H.jpg","","in","","0","0","0","https://x.com/undefined/status/1683274605291765761","1396754054915653634",
"1792484167286222908","Mon May 20 09:15:02 +0000 2024","0","IHSG Melemah 0 69% ke 7.266 Pada Senin (20/5) BRPT BMRI BBNI Top Losers LQ45 https://t.co/e3Tzcv7msp #IHSG","1792484167286222908","","","in","","0","0","0","https://x.com/undefined/status/1792484167286222908","43799886",
"1734006450048074092","Mon Dec 11 00:25:28 +0000 2023","0","Kamu akum saham yang mana? Jangan lupa download Bluechip Ciptadana sekarang juga https://t.co/pfB8bxHDxi #saham #ihsg #TLKM #BBRI #BREN #CUAN #AMMN #BBCA #BMRI #UNTR #ICBP #ASII #infosaham #sahampemula #investasi #tradingsaham #pasarmodal #investasisaham https://t.co/TG0PHY2vyD","1734006450048074092","https://pbs.twimg.com/media/GBBtrEGbwAAW0yu.jpg","","in","","0","0","0","https://x.com/undefined/status/1734006450048074092","1396754054915653634",
"1809157787303469194","Fri Jul 05 09:30:03 +0000 2024","1","IHSG Ditutup Naik 0 45% ke 7.253 37 Jumat (5/7) Top Gainers: MBMA BMRI PGEO https://t.co/FE13TuVQZp #IHSG","1809157787303469194","","","in","","0","1","0","https://x.com/undefined/status/1809157787303469194","43799886",
"1718805620051394910","Mon Oct 30 01:42:48 +0000 2023","1","Rupiah melemah = outflow terus terjadi = aku kudu piye... Jangan lupa follow tiktok kita ya https://t.co/87O9bI62Nh #AMMN #FILM #INKP #UNTR #INDF #BBRI #BBCA #BMRI #TLKM #GOTO #saham #ihsg #pasarmodal #infosaham #sahampemula #belajarsaham #investasi #tradingsaham #rupiah https://t.co/yY1Czh4pRb","1718805620051394910","https://pbs.twimg.com/media/F9psmlPawAAxafV.jpg","","in","","0","1","0","https://x.com/undefined/status/1718805620051394910","1396754054915653634",
"1708652266776068238","Mon Oct 02 01:17:00 +0000 2023","0","Asing borong #BBNI yang all time high kamu tim hold atau sudah jual? Follow tiktok kita guys https://t.co/rGzzz6Mder #BMRI #INTP #INCO #NSSS #BBRI #BBCA #GOTO #MDKA #BPTS #saham #infosaham #ihsg #pasarmodal #tradingsaham #investasi #ciptadana #bluechip #sahampemula https://t.co/jKlz3IaDqq","1708652266776068238","https://pbs.twimg.com/media/F7ZaLoLagAABJqT.jpg","","in","","0","0","0","https://x.com/undefined/status/1708652266776068238","1396754054915653634",
"1711173985818570896","Mon Oct 09 00:17:24 +0000 2023","1","#BBNI masih dikumpulin oleh asing enaknya ikutan ga ya... Yuk follow yuk ke sosmed kita lainnya https://t.co/87O9bI62Nh #BBCA #AMMN #BMRI #FILM #BBRI #GOTO #UNTR #MDKA #SMGR #saham #ihsg #sahampemula #infosaham #marketupdate #pasarmodal #investasi #trading https://t.co/sLbj9WG5Vg","1711173985818570896","https://pbs.twimg.com/media/F79Pq8eagAA-P49.jpg","","in","","0","1","1","https://x.com/undefined/status/1711173985818570896","1396754054915653634",
"1754299178321379542","Mon Feb 05 00:21:32 +0000 2024","0","Sampai kapan #ASII net sell oleh asing? Yuk ada promo pindahin saham ke bluechip gratis! Klik https://t.co/6XQYtoIYWL #BBCA #TLKM #BBNI #BMRI #BRIS #KLBF #AKRA #MDKA #ICBP #promo #saham #investasi #tradingsaham #pindahsaham #infosaham #sahampemula #ciptadana #bluechip https://t.co/O8xqOhzI57","1754299178321379542","https://pbs.twimg.com/media/GFiFzjkbwAA_g9q.jpg","","in","","0","0","0","https://x.com/undefined/status/1754299178321379542","1396754054915653634",
"1736648763681419452","Mon Dec 18 07:25:05 +0000 2023","23","Rekening Dana Nasabah (RDN) hadir untuk membantu kamu berinvestasi dengan lebih mudah dan teratur. Tampung dana investasi di rekening terpisah tanpa perlu pindah aplikasi! Bisa lihat portfolio investasi juga lho! Cek cara aktivasi dan penggunaannya di https://t.co/WDTZdnQFT0 https://t.co/MzvR4QKhk3","1736648763681419452","https://pbs.twimg.com/media/GBnQ2BtaMAAbzKL.jpg","","in","","0","1","4","https://x.com/undefined/status/1736648763681419452","2278761810",
"1723144320600142049","Sat Nov 11 01:03:15 +0000 2023","0","11.11 bersama MOST Bagi-Bagi Saham BMRI di Akhir Tahun! Dapatkan ribuan lembar saham BMRI di momen 11.11 bersama MOST! Caranya gampang banget: Gabung dan perbanyak investasi di MOST! Yuk gabung jadi investor MOST sekarang di https://t.co/Ww3HJDENOn https://t.co/rY28GYG7Te","1723144320600142049","https://pbs.twimg.com/media/F-nWm9wbYAAzTOS.jpg","","in","","0","1","1","https://x.com/undefined/status/1723144320600142049","148198201",
"1657207545981984769","Sat May 13 02:14:03 +0000 2023","2","Mandiri Capital Indonesia (MCI) perusahaan modal ventura milik PT Bank Mandiri Tbk. (BMRI) memberikan kriteria statup yang akan di suntik dana investasi. https://t.co/4D9nvh4Opc","1657207545981984769","","","in","","0","0","0","https://x.com/undefined/status/1657207545981984769","118646322",
"1743256324878819730","Fri Jan 05 13:01:10 +0000 2024","3719","Ini dia yang ditunggu-tunggu para investor pemegang saham BMRI! Saham Bank Mandiri sempat menyentuh rekor tertinggi di level Rp6.475. Posisi penutupan hari ini pun menjadikan all time high (ATH) baru BMRI pasca stock split pada April 2023 lalu menjadi Rp6.425 per lembar saham! https://t.co/QKC202gaFn","1743256324878819730","https://pbs.twimg.com/amplify_video_thumb/1743256128136552449/img/ETvRLjeE0QUo3wRr.jpg","","in","","96","205","298","https://x.com/undefined/status/1743256324878819730","2278761810",
"1761904651228836228","Mon Feb 26 00:02:58 +0000 2024","0","Akum terus nih asing uhuy Apa sih yang ditunggu? Yuk ikutan referral Bluechip bisa dapat saham https://t.co/z7jBCKWseL #TLKM #BBCA #BBNI #BBRI #FILM #MDKA #BMRI #SMGR #CUAN #ITMG #saham #infosaham #sahampemula #investasi #tradingsaham #idx #belajarsaham https://t.co/hwLFKUQwzy","1761904651228836228","https://pbs.twimg.com/media/GHOK7hQa4AEy0h-.jpg","","in","","0","0","0","https://x.com/undefined/status/1761904651228836228","1396754054915653634",
"1757330854991503481","Tue Feb 13 09:08:20 +0000 2024","651","Realisasi investasi RI 2023. Total Rp 1400 triliun (dari target Rp 1100 t). 50% PMA dan 50% PMDN. Pencapaian yg impresif. Bahlil tipe man of action. Get things done. Semoga dia ttp di posinya 5 thn ke depan. Investasi Rp 1400T ini ciptakan 1 8 juta lap kerja. https://t.co/AEj5de1nGR","1757330854991503481","https://pbs.twimg.com/media/GGNLGVPbMAAoMs5.jpg","","in","","62","70","178","https://x.com/undefined/status/1757330854991503481","190535830",
"1884572891485966505","Wed Jan 29 12:02:45 +0000 2025","477","Deposito BPR Deposito yg BERANI ngasih bunga 6 75% per tahun. Jauh lebih gede dari produk deposito bank laen yg cuma kasih bunga 2-3% aja. Instrumen yg cocok buat kaum mendang-mending yg lg cari investasi bercuan &amp; aman Sini wangmin jelasin~","1884572891485966505","","","in","","8","14","63","https://x.com/undefined/status/1884572891485966505","1590845630037229569",
"1821383125039292736","Thu Aug 08 03:09:11 +0000 2024","1","Bank Mandiri (BMRI) Buka Fakta soal Portofolio Berkelanjutan https://t.co/xFfDt2z14R #InvestorDaily #investasi #Saham","1821383125039292736","","","in","","0","0","0","https://x.com/undefined/status/1821383125039292736","238091066",
"1760382539947286828","Wed Feb 21 19:14:38 +0000 2024","0","Menggabungkan para pemimpin masa depan me Di Forum Investasi Mandiri 2024 yang diselenggarakan oleh PT Bank Mandiri Tbk (BMRI) dan Mandiri Sekuritas 200 investor dengan aset senilai US$12 triliun akan berkumpul untuk mendorong inovasi dan pertumbuhan ekonomi. https://t.co/u0Iwy0zwYU","1760382539947286828","https://pbs.twimg.com/media/GG4ilStboAM2FgG.jpg","","in","","0","0","0","https://x.com/undefined/status/1760382539947286828","763901565287534592",
"1830533025043566951","Mon Sep 02 09:07:37 +0000 2024","0","Memasuki bulan September mari kita lihat siapa saja Top Gainer dan Top Loser saham LQ45 di bulan Agustus lalu. Ada HRUM INDF dan BMRI sebagai pemuncak Top Gainer yang berhasil memberikan return diatas 11%. Adakah emiten kamu dalam list ini? #Investasi #Saham #Trading #LQ45 https://t.co/H1nW0X7zKb","1830533025043566951","https://pbs.twimg.com/media/GWdcFgbWYAAeZss.jpg","","in","","0","0","0","https://x.com/undefined/status/1830533025043566951","85521125",
"1880874712076849499","Sun Jan 19 07:07:30 +0000 2025","0","TLKM hingga BMRI Bisa Kasih Cuan Maksimal plus Arah IHSG #infosaham #investasi https://t.co/SFxOoJztRg","1880874712076849499","","","in","","0","0","0","https://x.com/undefined/status/1880874712076849499","238091066",
"1850826666077249872","Mon Oct 28 09:07:18 +0000 2024","0","Untuk Tambal Utang Emiten Haji Isam Pinjam Bank Mandiri Rp1 4 Triliun: Beri Jaminan Kebun Sawit Hingga Pabrik Minyak Goreng: PT Jhohlin Agro Rata tbk (JARR) mendapat kredit investasi dengan limit sebesar Rp1 4 triliun dari Bank Mandiri (BMRI). Emiten https://t.co/iRVwQn2axz https://t.co/0vjvtLk8r4","1850826666077249872","https://pbs.twimg.com/media/Ga91C33aEAAei8L.jpg","","in","","0","0","0","https://x.com/undefined/status/1850826666077249872","55507370",
"1840749607229567220","Mon Sep 30 13:44:40 +0000 2024","0","Bank Mandiri (BMRI) Lapor Cetak Laba Rp 33 5 Triliun https://t.co/DGM6D3SwVy #InvestorDaily #investasi #Saham","1840749607229567220","","","in","","0","0","0","https://x.com/undefined/status/1840749607229567220","238091066",
"1851549159196905950","Wed Oct 30 08:58:14 +0000 2024","0","Tertinggi Kredit Bank Mandiri (BMRI) Melambung 20 8% https://t.co/JWZAICh1Db #InvestorDaily #investasi #Saham","1851549159196905950","","","in","","0","0","0","https://x.com/undefined/status/1851549159196905950","238091066",
"1843830274574168190","Wed Oct 09 01:46:08 +0000 2024","0","IHSG Menguat Terbatas BMRI dan TOBA Bakal Kasih Cuan https://t.co/NM6lLaREVW #InvestorDaily #investasi #Saham","1843830274574168190","","","in","","0","0","0","https://x.com/undefined/status/1843830274574168190","238091066",
"1851542226876379172","Wed Oct 30 08:30:41 +0000 2024","0","Bank Mandiri (BMRI) Kantongi Laba Bersih Rp 42 Triliun https://t.co/Bc6ItkZ633 #InvestorDaily #investasi #Saham","1851542226876379172","","","in","","0","0","0","https://x.com/undefined/status/1851542226876379172","238091066",
"1818938485111406803","Thu Aug 01 09:15:03 +0000 2024","0","IHSG Naik ke 7.325 Kamis (1/8) BMRI KLBF TOWR Top Gainers LQ45 https://t.co/rHLBr1adz0 #IHSG","1818938485111406803","","","in","","0","0","0","https://x.com/undefined/status/1818938485111406803","43799886",
"1836027489392665013","Tue Sep 17 13:00:39 +0000 2024","0","Bank Mandiri (BMRI) Kembali Gelar Wirausaha Muda Mandiri https://t.co/M6iHlkwo48 #InvestorDaily #investasi #Saham","1836027489392665013","","","in","","0","0","0","https://x.com/undefined/status/1836027489392665013","238091066",
"1819704783793746176","Sat Aug 03 12:00:03 +0000 2024","0","IHSG Menguat 0 27% Sepekan BBCA &amp; BMRI Ada Net Buy Asing BBRI &amp; BBNI Dijual Asing https://t.co/UE220Ola8K #IHSG","1819704783793746176","","","in","","0","1","0","https://x.com/undefined/status/1819704783793746176","43799886",
"1832028782699380751","Fri Sep 06 12:11:13 +0000 2024","0","Kredit Komersial Bank Mandiri (BMRI) Tumbuh 23 6% per Juli 2024 https://t.co/mWINtTBP6f #InvestorDaily #investasi #Saham","1832028782699380751","","","in","","0","0","0","https://x.com/undefined/status/1832028782699380751","238091066",
"1731471964085330020","Mon Dec 04 00:34:20 +0000 2023","0","Asing net sell di #INCO setelah Mind ID menjadi pemehang saham mayoritasnya ada apa? Mau iphone 15 gratis? Klik https://t.co/q3RxLDuK8A #BBRI #TLKM #ASII #BMRI #AMMN #INDF #BUMI #KLBF #MEDC #saham #IHSG #sahampemula #infosaham #investasi #investasisaham #tradingsaham https://t.co/YvXYGy9ITH","1731471964085330020","https://pbs.twimg.com/media/GAdskoebMAAIy-Z.jpg","","in","","0","0","0","https://x.com/undefined/status/1731471964085330020","1396754054915653634",
"1728930555180486773","Mon Nov 27 00:15:40 +0000 2023","0","November rain segera berakhir kamu sudah beli saham apa nih buat window dressing? Jangan follow kita https://t.co/L6JALsjiye #BBRI #BBCA #BBNI #AMRT #GOTO #BMRI #UNTR #ASII #MTEL #AMMN #saham #ihsg #sahampemula #idx #infosaham #belajarsaham #investasi #tradingsaham https://t.co/BgWnFz396Z","1728930555180486773","https://pbs.twimg.com/media/F_5lLRnasAAhCds.jpg","","in","","0","0","0","https://x.com/undefined/status/1728930555180486773","1396754054915653634",
"1839467288191434816","Fri Sep 27 00:49:11 +0000 2024","0","IHSG Rawan Koreksi tapi CMRY hingga BMRI Bakal Kasih Cuan https://t.co/malwXLf8E6 #InvestorDaily #investasi #Saham","1839467288191434816","","","in","","0","0","0","https://x.com/undefined/status/1839467288191434816","238091066",
"1846842363379093682","Thu Oct 17 09:15:06 +0000 2024","1","IHSG Naik 1 13% ke 7.735 Hari Ini (17/10) INTP SMGR BMRI Top Gainers LQ45 https://t.co/bpCKjLUtZ3 #IHSG","1846842363379093682","","","in","","0","0","0","https://x.com/undefined/status/1846842363379093682","43799886",
"1864326296765124793","Wed Dec 04 15:10:01 +0000 2024","2865","Omzet Bakmi GM 700 M pertahun 2 Milyar per hari. Tanpa hutang. Diakuisisi sama Djarum Group 85% senilai 2 1 Trilyun Rupiah. https://t.co/OB6w52MxAv","1864326296765124793","https://pbs.twimg.com/media/Gd9q4ira0AAAmMT.jpg","","in","","103","158","512","https://x.com/undefined/status/1864326296765124793","119691957",
"1830227505682497828","Sun Sep 01 12:53:35 +0000 2024","0","Bank Mandiri (BMRI) Catat Laba Bersih Rp 29 2 Triliun pada Juli 2024 https://t.co/1WQJ8jQZ6G #InvestorDaily #investasi #Saham","1830227505682497828","","","in","","0","0","0","https://x.com/undefined/status/1830227505682497828","238091066",
"1783752476161957922","Fri Apr 26 06:58:25 +0000 2024","379","Baru ngeh saham $BBRI dari puncaknya Rp 6.325 sudah turun lebih dari -20% Harga sekarang Rp 4.940 Sudah masuk bearish zone https://t.co/fpURrPq1jm","1783752476161957922","https://pbs.twimg.com/media/GMEpbFlbwAA2cci.jpg","","in","","27","71","46","https://x.com/undefined/status/1783752476161957922","201965045",
"1851589908483411987","Wed Oct 30 11:40:09 +0000 2024","0","Portofolio Berkelanjutan Bank Mandiri (BMRI) Capai Rp 285 Triliun https://t.co/9jILqCNZQN #InvestorDaily #investasi #Saham","1851589908483411987","","","in","","0","0","0","https://x.com/undefined/status/1851589908483411987","238091066",
"1850843237239693537","Mon Oct 28 10:13:09 +0000 2024","1","Emiten Happy Hapsoro (RAJA) Dapat Kredit Gede dari Bank Mandiri (BMRI) https://t.co/zvgwe834LQ #InvestorDaily #investasi #Saham","1850843237239693537","","","in","","0","0","0","https://x.com/undefined/status/1850843237239693537","238091066",
"1815978980698382396","Wed Jul 24 05:15:02 +0000 2024","0","IHSG Melemah 0 36% ke 7.287 di Sesi I Rabu (24/7) MBMA TLKM BMRI Top Losers LQ45 https://t.co/DE7LEkxem4 #IHSG","1815978980698382396","","","in","","0","1","0","https://x.com/undefined/status/1815978980698382396","43799886",
"1826836794366984706","Fri Aug 23 04:20:07 +0000 2024","31","Shm! Kalo mau mulai investasi mending masukin ke mana dari big 4 banks BBCA BBRI BMRI BBNI? TIA","1826836794366984706","","","in","","1","30","0","https://x.com/undefined/status/1826836794366984706","1336580251493646343",
"1815933684815732738","Wed Jul 24 02:15:03 +0000 2024","0","IHSG Melemah Pada Rabu (24/7) Pagi GOTO TLKM BMRI Jadi Top Losers LQ45 https://t.co/GwuZbbapNj #IHSG","1815933684815732738","","","in","","0","0","0","https://x.com/undefined/status/1815933684815732738","43799886",
"1846368500719538663","Wed Oct 16 01:52:09 +0000 2024","0","Pasar Menanti Hasil RDG BI Cuan Saham BMRI hingga ERAA Layak Dipantau https://t.co/7P3Wtpnpf6 #InvestorDaily #investasi #Saham","1846368500719538663","","","in","","0","0","0","https://x.com/undefined/status/1846368500719538663","238091066",
"1826488234719019434","Thu Aug 22 05:15:04 +0000 2024","0","IHSG Melemah 0 57% ke 7.511 di Sesi I Kamis (22/8) ISAT EXCL BMRI Top Losers LQ45 https://t.co/SQmxF7tmTo #IHSG","1826488234719019434","","","in","","0","0","0","https://x.com/undefined/status/1826488234719019434","43799886",
"1847090522927911414","Fri Oct 18 01:41:12 +0000 2024","0","IHSG Lanjut Menguat Cuan Saham BMRI hingga UNTR Layak Dibidik Pemodal https://t.co/mBz3f3LKHZ #InvestorDaily #investasi #Saham","1847090522927911414","","","in","","0","0","1","https://x.com/undefined/status/1847090522927911414","238091066",
"1751764710368935960","Mon Jan 29 00:30:27 +0000 2024","0","Mulai ada distribusi di banking January effect sudah berakhir? Yuk ikutan program referral dapat saham dari bluechip https://t.co/z7jBCKWseL #TLKM #BRIS #BBCA #ARTO #ACES #ASII #BBRI #BBNI #BMRI #ANTM #saham #pasarmodal #infosaham #tradingsaham #investasi #ciptadana https://t.co/pP48Pf6ben","1751764710368935960","https://pbs.twimg.com/media/GE-Et59bwAAWwXl.jpg","","in","","0","0","0","https://x.com/undefined/status/1751764710368935960","1396754054915653634",
"1783062094793134591","Wed Apr 24 09:15:05 +0000 2024","0","IHSG Menguat 0 90% ke 7.174 Pada Rabu (24/4) BUKA GOTO BMRI Jadi Top Gainers LQ45 https://t.co/QpEHoohp7i #IHSG","1783062094793134591","","","in","","0","0","0","https://x.com/undefined/status/1783062094793134591","43799886",
"1775391544960553373","Wed Apr 03 05:15:04 +0000 2024","0","IHSG Terkoreksi 0 75% di Sesi I Rabu (3/4) Top Losers: BBCA BMRI dan BRIS https://t.co/wWNXnjx5H8 #IHSG","1775391544960553373","","","in","","0","0","0","https://x.com/undefined/status/1775391544960553373","43799886",
"1796364742145306772","Fri May 31 02:15:04 +0000 2024","0","IHSG Menguat Pada Jumat (31/5) Pagi ARTO BMRI BBRI Jadi Top Gainers LQ45 https://t.co/Np9gJ25QEA #IHSG","1796364742145306772","","","in","","0","0","0","https://x.com/undefined/status/1796364742145306772","43799886",
"1844669172393103744","Fri Oct 11 09:19:37 +0000 2024","0","Bank Mandiri (BMRI) Terapkan Strategi Efisiensi Energi Berkelanjutan https://t.co/Rj20UlFwem #InvestorDaily #investasi #Saham","1844669172393103744","","","in","","0","0","0","https://x.com/undefined/status/1844669172393103744","238091066",
"1852151717808476504","Fri Nov 01 00:52:35 +0000 2024","0","Pasar Saham Lanjutkan Penguatan Pemodal Bisa Cuan dari CLEO hingga BMRI https://t.co/nngHmtNpmx #InvestorDaily #investasi #Saham","1852151717808476504","","","in","","0","0","0","https://x.com/undefined/status/1852151717808476504","238091066",
"1454976489561235461","Mon Nov 01 01:00:01 +0000 2021","173","Sobat BRI mari berinvestasi senyaman tinggal di negeri sendiri. Sukuk Tabungan seri ST008 pilihan investasi untuk negeri yang lebih asri. Periode penawaran mulai 1 - 17 November 2021. . Informasi lebih lanjut klik https://t.co/dBy15Cuvdz #JadiLebihBijak #InvestasiBRI https://t.co/VzVvSNgc1M","1454976489561235461","https://pbs.twimg.com/media/FC25IveVkAMXEpu.jpg","","in","","0","202","3","https://x.com/undefined/status/1454976489561235461","1398703135",
"1828722953762275429","Wed Aug 28 09:15:02 +0000 2024","0","ATH Baru Lagi! IHSG Menguat 0 80% pada Rabu (28/8) BRPT MBMA BMRI Top Gainers LQ45 https://t.co/F06dFqjpOG #IHSG","1828722953762275429","","","in","","0","0","0","https://x.com/undefined/status/1828722953762275429","43799886",
"1753366542069440888","Fri Feb 02 10:35:34 +0000 2024","1","Inflasi di Januari hanya naik 2 57% lebih rendah daripada angka Desember 2 61% Harga saham $ASII $BBNI $BBRI dan $BMRI kompak naik hari ini #investasi #saham #bareksa","1753366542069440888","","","in","","0","0","0","https://x.com/undefined/status/1753366542069440888","920403926",
"1840679878028566720","Mon Sep 30 09:07:35 +0000 2024","0","Entitas Bukit Asam (PTBA) Dapat Kucuran Kredit dari Bank Mandiri (BMRI) Rp 19 Triliun https://t.co/mXboBCw02r #InvestorDaily #investasi #Saham","1840679878028566720","","","in","","0","0","0","https://x.com/undefined/status/1840679878028566720","238091066",
"1765682292889190597","Thu Mar 07 10:13:58 +0000 2024","42","Pada Event BRI Microfinance Outlook 2024 Menteri Keuangan Sri Mulyani menyampaikan optimisme nya kepada BRI melalui AgenBRILink. Demi mewujudkan inklusi keuangan secara merata BRI melalui AgenBRILink akan selalu hadir hingga penjuru negeri untuk pembangunan ekonomi yang lebih https://t.co/ukDtT0LwWD","1765682292889190597","https://pbs.twimg.com/amplify_video_thumb/1765681920707637248/img/W9G3KW6KQM9NnuV2.jpg","","in","","1","38","1","https://x.com/undefined/status/1765682292889190597","1355939492",
"1826442930049134660","Thu Aug 22 02:15:02 +0000 2024","0","IHSG Melemah Pada Perdagangan Kamis (22/8) Pagi BMRI HRUM GOTO Top Losers LQ45 https://t.co/ADFrlXvhFD #IHSG","1826442930049134660","","","in","","0","0","0","https://x.com/undefined/status/1826442930049134660","43799886",
"1809086063484563902","Fri Jul 05 04:45:03 +0000 2024","1","IHSG Menguat ke 7.251 1 di Akhir Sesi Pertama MBMA BMRI BUKA Jadi Top Gainers LQ45 https://t.co/hILL4dvtof #IHSG","1809086063484563902","","","in","","0","1","0","https://x.com/undefined/status/1809086063484563902","43799886",
"1839488896826311108","Fri Sep 27 02:15:03 +0000 2024","0","IHSG Melemah Pada Perdagangan Jumat (27/9) Pagi BMRI BBNI BBCA Top Losers LQ45 https://t.co/8Orw2hTYjf #IHSG","1839488896826311108","","","in","","0","0","0","https://x.com/undefined/status/1839488896826311108","43799886",
"1456877278894301188","Sat Nov 06 06:53:05 +0000 2021","158","Kabar terkini dari BRI! BRI sukses meningkatkan komposisi dana murah sebesar 59 60% terhadap total DPK per September 2021 lho! #BRI #UntukIndonesiaBrilian #MemberiMaknaIndonesia https://t.co/ectMBPGDla","1456877278894301188","https://pbs.twimg.com/media/FDfeKBlVIAg6w-b.jpg","","in","","1","129","11","https://x.com/undefined/status/1456877278894301188","1355939492",
"1762423971037974787","Tue Feb 27 10:26:33 +0000 2024","263","Hai Sobat BRI! Kegiatan acara BRI Microfinance Outlook 2024 kembali digelar nih. Event tahunan kali ini akan membahas strategi mendukung pertumbuhan ekonomi yang inklusif dan berkelanjutan. BRI sebagai bank dengan portofolio UMKM terbesar di Indonesia berkomitmen untuk terus https://t.co/czfypEr1ia","1762423971037974787","https://pbs.twimg.com/amplify_video_thumb/1762423839970275328/img/lUfqjpYp7RUJoPBV.jpg","","in","","1","51","16","https://x.com/undefined/status/1762423971037974787","1355939492",
"1740548757790548442","Fri Dec 29 01:42:16 +0000 2023","349","Laba tertinggi 10 BUMN. 5 tahun lagi laba BRI x BMRI mungkin akan jauh meninggalkan yg lainnya. https://t.co/9WgvYSMZQO harusnya bs jd motor hilirisasi di tanah air. Selain pajak yg jumbo 10 BUMN ini jg wajib setor sebagian laba ke kas negara. . https://t.co/3WsR8bPzfJ","1740548757790548442","https://pbs.twimg.com/media/GCer3vsbQAAbWJK.jpg","","in","","17","40","96","https://x.com/undefined/status/1740548757790548442","190535830",
"1765659829316747478","Thu Mar 07 08:44:42 +0000 2024","1441","Dalam pembukaan BRI Microfinance Outlook 2024 di Menara BRILiaN Jakarta Kamis 7 Maret 2024 saya menegaskan pentingnya Usaha Mikro Kecil dan Menengah (UMKM) bagi ekonomi Indonesia. Terdapat sekitar 65 juta UMKM di Indonesia yang berkontribusi sebesar 61 persen terhadap https://t.co/0IgN8kd69f","1765659829316747478","https://pbs.twimg.com/media/GIDiQALb0AA4Ey8.jpg","","in","","6","125","159","https://x.com/undefined/status/1765659829316747478","366987179",
"1774832869896286659","Mon Apr 01 16:15:05 +0000 2024","0","Asing Net Sell Rp 1 5 Triliun Saham BMRI BBRI dan BBCA Banyak Dilego di Awal Pekan https://t.co/NxfddyFtMu #IHSG","1774832869896286659","","","in","","0","0","0","https://x.com/undefined/status/1774832869896286659","43799886",
"1763512307156717870","Fri Mar 01 10:31:13 +0000 2024","214","JUST IN: RUPS BBRI memutuskan pembagian dividen tunai Rp. 319/ saham. Interim : Rp. 84/saham (sudah dibagikan pada Desember 2023). Sisa : Rp. 235/saham (Ini yang akan dibagikan jadwal menyusul). https://t.co/ScP3JkNO7V","1763512307156717870","https://pbs.twimg.com/media/GHlA8o9bEAAJ037.jpg","","in","","23","10","47","https://x.com/undefined/status/1763512307156717870","311312187",
"1765645817799705047","Thu Mar 07 07:49:01 +0000 2024","43","Dalam kegiatan BRI Microfinance Outlook 2024 Presiden RI Bapak @jokowi menyampaikan apresiasi terhadap Direktur Utama Bapak Sunarso yang berhasil memimpin BRI dalam berkomitmen berkontribusi untuk rakyat. Holding Ultra Mikro menjadi salah satu strategi besar BRI untuk https://t.co/kbracwYeg8","1765645817799705047","https://pbs.twimg.com/amplify_video_thumb/1765645578816643072/img/xb-j0W3LM5aAF0lC.jpg","","in","","0","43","0","https://x.com/undefined/status/1765645817799705047","1355939492",
"1562016252465254401","Tue Aug 23 09:57:50 +0000 2022","38","Pelaku usaha ultra mikro siap-siap usaha kalian bakalan naik kelas!!! HAH? KOK BISA??? Bisa dong! BRI targetkan Holding Ultra Mikro bisa berdayakan 55 Juta nasabah hingga 2024 #BRI #MemberiMaknaIndonesia https://t.co/1yci13osdv","1562016252465254401","https://pbs.twimg.com/media/Fa1lf0RVUAEkMKl.jpg","","in","","0","28","5","https://x.com/undefined/status/1562016252465254401","1355939492",
"1666336701088935937","Wed Jun 07 06:50:03 +0000 2023","2","Bank Mandiri (BMRI) mengedepankan prinsip kehati-hatian sebelum berinvestasi di perusahaan rintisan. https://t.co/ENfJqnDE34","1666336701088935937","","","in","","0","0","0","https://x.com/undefined/status/1666336701088935937","118646322",
"1534399886598098944","Wed Jun 08 05:00:15 +0000 2022","188","PENGUMUMAN-PENGUMUMAN Mau berbagi kabar gembira nih seiring komitmen BRI yang terus memberi economic value kepada seluruh stakeholders per 2021 kemarin BRI ikut menyetorkan dana Rp27 09 triliun kepada negara lho. #BRI #MemberiMaknaIndonesia https://t.co/YOY29Driyv","1534399886598098944","https://pbs.twimg.com/media/FUtIj3SWUAgXwum.jpg","","in","","4","66","38","https://x.com/undefined/status/1534399886598098944","1355939492",
"1375369379630653440","Fri Mar 26 08:49:47 +0000 2021","189","Masyarakat memilih rentenir karena tidak memiliki pilihan alternative lain. Oleh karena itu didirikannya BTM/BMT akan membantu masyarakat keluar dari ekspolitasi modal. https://t.co/HSnlX6Jh0D #Ekonomi #Rentenir #Indonesia #Muhammadiyah","1375369379630653440","","","in","","2","11","52","https://x.com/undefined/status/1375369379630653440","73309923",
"1325397189976236033","Sun Nov 08 11:18:09 +0000 2020","1415","Jakarta tertinggi investasi di Indonesia dengan Rp 50 2 triliun.Kontribusinya 12 persen dari total investasi PMA (penanaman modal asing) dan PMDN (penanaman modal dalam negeri). Padahal masih Pandemi! SALUT https://t.co/bqm2JdESBK","1325397189976236033","https://pbs.twimg.com/media/EmTBuCcUYAE3yas.jpg","","in","","37","38","277","https://x.com/undefined/status/1325397189976236033","719725925215170561",
"1489823981339561986","Sat Feb 05 04:51:31 +0000 2022","326","Sobat BRI. Yuk simak tips berikut agar terhindar dari penipuan berkedok investasi. Pastikan hanya membeli produk investasi dengan legalitas resmi dan diawasi lembaga/otoritas. Sehat dan sukses selalu ya. #BRIEdukasi https://t.co/dIOeYdAmXL","1489823981339561986","https://pbs.twimg.com/media/FKzq5DKaQAA-HK9.jpg","","in","","0","114","17","https://x.com/undefined/status/1489823981339561986","1355925366",
"1187310263453679616","Thu Oct 24 10:10:00 +0000 2019","3534","Bingung mau invest ke mana? Coba ikuti jurus investasi menteri keuangan terbaik dunia. Investable asset Bu Sri Mulyani ada Rp 55M. Komposisi investasi dia spt ini : Properti : 70% (Rp 38M) Surat Berharga spt obligasi/saham : 21% (12M) Kas : 9% (5M) Oke jg strateginya.","1187310263453679616","","","in","","98","68","1559","https://x.com/undefined/status/1187310263453679616","190535830",
"1349225353517047812","Wed Jan 13 05:22:46 +0000 2021","228","Sempet banyak yg berspekulasi brp sih target tertinggi saham BRIS. Dan banyak yg berpendapat gak akan melebihi saham BBRI selaku induknya. Btw hati2 jgn sampe kegocek salah ngambil asumsi. Krn komposisi pemilik saham Bank Syariah hasil merger itu udah bkn dominan BBRI lg. https://t.co/jHWEFxx3Ab","1349225353517047812","https://pbs.twimg.com/media/ErlpTuVVEAAKSkZ.png","","in","","11","15","66","https://x.com/undefined/status/1349225353517047812","53322619",
"1764537228733362676","Mon Mar 04 06:23:53 +0000 2024","59","Kabar baik Sobat BRI! 1 2 juta nasabah holding UMi yang sebelumnya terdaftar sebagai nasabah yang berhak menerima pembiayaan dari PNM dan Pegadaian kini sudah naik kelas dan bisa dilayani secara komersial oleh BRI. Semoga angkanya bisa naik terus yaa! #BRI https://t.co/Q9qmHI0eo1","1764537228733362676","https://pbs.twimg.com/media/GHzlP53aMAAl2PR.jpg","","in","","0","52","2","https://x.com/undefined/status/1764537228733362676","1355939492",
"1744629106598436954","Tue Jan 09 07:56:07 +0000 2024","899","Rizab antarabangsa BNM melonjak ke AS$113.5 bilion https://t.co/8XvqFrb7Ya","1744629106598436954","","","in","","19","27","256","https://x.com/undefined/status/1744629106598436954","18714463",
"1663417029377019904","Tue May 30 05:28:19 +0000 2023","14","Tahukah kamu? Jika kamu investasi 100jt di reksadana indeks LQ45 saat ini maka sama saja kamu investasi: $BBCA : 15jt $BBRI : 15jt $TLKM : 11 2jt $BMRI : 10 3jt $ASII : 6 2jt $BBNI : 3 8jt $GOTO : 3 8jt $AMRT : 2 8jt $MDKA : 2 5jt $UNTR : 2 4jt + 35 emiten lain : 27jt","1663417029377019904","","","in","","0","2","0","https://x.com/undefined/status/1663417029377019904","960731841383743489",
"1535126904751083522","Fri Jun 10 05:09:10 +0000 2022","53","BRI tdk berhenti ikut dlm berkontribusi memberi makna Indonesia. Dapat dilihat bedasarkan total laba BUMN 2021 sebesar Rp126T BRI ikut menyumbang 25 57% yg senilai Rp32 22T. Terimakasih atas dukungan sobat BRI #BRI #MemberiMaknaIndonesia #LabaBersihBUMN1000Persen https://t.co/9irtxGxWLg","1535126904751083522","https://pbs.twimg.com/media/FU3dx-oakAAdkHW.jpg","","in","","3","33","11","https://x.com/undefined/status/1535126904751083522","1355939492",
"1164422459908448256","Thu Aug 22 06:22:03 +0000 2019","517","Kamu wirausaha muda &amp; punya usaha dibidang Industri perdagangan &amp; jasa kreatif boga sosial atau teknologi? Ini saatnya! Yuk daftarkan usahamu melalui website https://t.co/dali9fqKUo Dapatkan hadiah total hingga 2 MILIAR RUPIAH! @wrausahamandiri #beranimudaberaniberkarya","1164422459908448256","","","in","","8","19","119","https://x.com/undefined/status/1164422459908448256","978808357",
"1548975737163563009","Mon Jul 18 10:19:28 +0000 2022","42","Mau masa depan cerah dengan ngandelin investasi? Bisa dong! Kali aja Sobat BRI di sini ada yang belum tau kalo produk investasi itu gak melulu soal saham obligasi atau dan yang lainnya nyimpen uang juga termasuk investasi lho. https://t.co/jCnoOeoC9c","1548975737163563009","https://pbs.twimg.com/media/FX8ROB8VsAEw9xm.jpg","","in","","1","37","5","https://x.com/undefined/status/1548975737163563009","1355939492",
"1554326130274234368","Tue Aug 02 04:40:12 +0000 2022","39","Baca berita lengkapnya -&gt; https://t.co/AcSfVfGC1C #BRI #MemberiMaknaIndonesia https://t.co/TWp0idBW3s","1554326173429411840","https://pbs.twimg.com/media/FZITaR3aUAESK5h.jpg","BANKBRI_ID","in","","0","58","1","https://x.com/undefined/status/1554326173429411840","1355939492",
"1820268729395302630","Mon Aug 05 01:20:58 +0000 2024","0","Stock Picks 5 Agustus 2024 BMRI Spec Buy dengan support 6675 cut loss jika break di bawah 6550. Jika tidak break di bawah 6675 potensi naik ke 6925-7050 short term. #cgsid #stockpicks #investasi Disclaimer: https://t.co/KjdqzgZ0q5","1820268729395302630","","","in","","0","1","0","https://x.com/undefined/status/1820268729395302630","1016655635293749249",
"1821352166709219478","Thu Aug 08 01:06:10 +0000 2024","0","Stock Picks 8 Agustus 2024 BMRI Spec Buy dengan support 6650 cut loss jika break di bawah 6525. Jika tidak break di bawah 6650 potensi naik ke 6900-7025 short term. #cgsid #stockpicks #investasi Disclaimer: https://t.co/qmGqJPe8Uw","1821352166709219478","","","in","","0","1","0","https://x.com/undefined/status/1821352166709219478","1016655635293749249",
"1765353634668454081","Wed Mar 06 12:27:59 +0000 2024","0","Bank Mandiri (Persero) Tbk. (BMRI) baru saja menggelar forum investasi tahunan Mandiri Investment Forum (MIF) 2024. Salah satu topik yang dibahas dalam forum tersebut adalah kecerdasan buatan atau Artificial Intelligence (AI). https://t.co/AySeL6GL4X https://t.co/ZGzmRtTL7Q","1765353634668454081","https://pbs.twimg.com/media/GH_LxdQbcAAZNNM.jpg","","in","","0","1","0","https://x.com/undefined/status/1765353634668454081","3324164575",
"1366536111485374468","Mon Mar 01 23:49:32 +0000 2021","2573","Setiap postingan saya tentang #TolakInvestasiMiras &amp; #TolakLegalisasiMiras Buzzer selalu komen mengkaitkan dengan saham Pemprov DKI di Perusahaan Bir. Padahal Pak Anies sdh mau jual minta persetujuan DPRD tp ga direspon. Jd yg salah siapa donk ? Hayoo.. https://t.co/vDdE5SAYXx","1366536111485374468","","","in","","29","116","694","https://x.com/undefined/status/1366536111485374468","65067181",
"1765485512968622256","Wed Mar 06 21:12:02 +0000 2024","0","Pemberian fasilitas kredit investasi sebesar Rp240 miliar dari PT Bank Mandiri (Persero) Tbk. (BMRI) kepada afiliasi Happy Hapsoro PT Bukit Uluwatu Villa Tbk. (BUVA) mencerminkan langkah strategis dalam mendukung proyek investasi. https://t.co/hmTrec0qz9","1765485512968622256","https://pbs.twimg.com/media/GIBDt2yW8AArBDP.jpg","","in","","0","0","0","https://x.com/undefined/status/1765485512968622256","897987664833429504",
"1618956889051783177","Fri Jan 27 12:59:35 +0000 2023","0","PT Bank Mandiri Tbk (BMRI) optimistis iklim investasi di Indonesia tetap tumbuh positif meskipun memasuki tahun politik di 2023. https://t.co/vosLw9pAZ2 https://t.co/pYlVpGIZ8P","1618956889051783177","https://pbs.twimg.com/media/Fnews_yacAIP2Zr.jpg","","in","","0","0","0","https://x.com/undefined/status/1618956889051783177","1128229695944663040",
"1734480589250785741","Tue Dec 12 07:51:19 +0000 2023","1","Hadiah Langsung - Reksa Dana dan Saldo Investasi - Obligasi Negara/SBN - Logam Mulia - Saham BMRI &amp; BRIS Hadiah Undian - Iphone 15 - Saham BMRI - Saldo Investasi - Reksa Dana - Motor Vespa Periode promo hingga 31 Desember 2023","1734481038456521068","","Mandiri_OLT","in","","0","1","0","https://x.com/undefined/status/1734481038456521068","148198201",
"1765485798995181677","Wed Mar 06 21:13:10 +0000 2024","0","Pemberian fasilitas kredit investasi Rp240 miliar oleh PT Bank Mandiri (Persero) Tbk. (BMRI) kepada PT Bukit Uluwatu Villa Tbk. (BUVA) menunjukkan kepercayaan dalam potensi proyek investasi perusahaan afiliasi Happy Hapsoro. https://t.co/W79caa40Vf","1765485798995181677","https://pbs.twimg.com/media/GIBD-k2XsAAlUQN.jpg","","in","","0","0","0","https://x.com/undefined/status/1765485798995181677","898011140424310784",
"1783904644898721887","Fri Apr 26 17:03:05 +0000 2024","0","Menurut Bank Indonesia uang beredar capai Rp 8.888 4 triliun pada kuartal I 2024! #investasi #keuangan #sty #GenBI #saham $BBRI $BBCA $BMRI $BBNI https://t.co/QRpKgBMxBL","1783904644898721887","","","in","","0","0","0","https://x.com/undefined/status/1783904644898721887","1748059284284571649",
"1728040263971651944","Fri Nov 24 13:18:19 +0000 2023","0","Selain itu di MOST Rewards masih banyak hadiah lain juga nih! Hadiah Undian: Iphone 15 Motor Vespa Saham BMRI Saldo Investasi dan Reksa Dana Hadiah Langsung: Reksa Dana dan Saldo Investasi Obligasi Negara/SBN dan Saham BMRI &amp; BRIS","1728040350407917678","","Mandiri_OLT","in","","0","1","0","https://x.com/undefined/status/1728040350407917678","148198201",
"1104254748436291591","Sat Mar 09 05:37:02 +0000 2019","2440","Kinerja Memble BUMN di Era Jokowi | Ternyata return on equity (ROE) BUMN tahun 2018 hanya 7 4% setengah ROE BUMN tahun 2014 14 3%. ROA BUMN tahun 2018 2 3% juga dibawah ROA BUMN 2014 3 4%. Terlihat kinerja memble BUMN kita selama 4 tahun Jokowi. https://t.co/DGHewqoFge","1104254748436291591","","","in","","81","177","1211","https://x.com/undefined/status/1104254748436291591","452992293",
"1645776482386735104","Tue Apr 11 13:11:05 +0000 2023","0","Senior Investment Information Mirae Asset Nafan Aji Gusta mengungkapkan saham BMRI masih cukup menjanjikan terutama untuk investasi jangka panjang. Secara teknikal target harga BMRI di kisaran Rp 5.500-5.800/ saham https://t.co/E1Gs361MWH.. https://t.co/NpaxMdcuwj","1645776482386735104","https://pbs.twimg.com/media/Ftb4_P4agAA0emC.jpg","","in","","0","0","0","https://x.com/undefined/status/1645776482386735104","1369990928946003969",
"1842785169960534057","Sun Oct 06 04:33:16 +0000 2024","98","BRI berhasil meraih dua penghargaan sekaligus pada Asian Post Award 2024 The Best State Owned Enterprise dengan kategori The Top Dividend Contributor 2024 dan The Best Financial Performance in 14 Consecutive Years 2010 - 2023) . Terima kasih atas kepercayaan yang telah https://t.co/HgHQSaFcwz","1842785169960534057","https://pbs.twimg.com/media/GZLjV3vbsAAG6tO.jpg","","in","","0","113","1","https://x.com/undefined/status/1842785169960534057","1355939492",
"1323872629904699392","Wed Nov 04 06:20:05 +0000 2020","270","Buka Tabungan BritAma Valas Dapatkan 1 gram logam mulia setiap pembukaan tabungan minimal USD10.000 dan dipertahankan selama 3 bulan atau voucher belanja senilai Rp150.000 untuk pembukaan minimal USD200. Periode program berlaku hingga 30 Desember 2020. #britamavalas #promobri","1323872629904699392","","","in","","7","44","26","https://x.com/undefined/status/1323872629904699392","1398703135",
"1418570096880996356","Fri Jul 23 13:54:01 +0000 2021","166","Penyertaan Modal Negara (PMN) kepada BUMN tahun 2021 disebut lap semester I menjadi Rp71 2 T dari rencana Rp37 4 T. Tambahan terbesar pada PT. Hutama Karya. Jika terealisasi menerima Rp52 3 T sejak 2015. Diikuti: PLN (38 6T) BPUI (33 1T) SMI (26 6T) KAI (14 5T) WK (11 4T). https://t.co/4bmNGV7bT5","1418570096880996356","https://pbs.twimg.com/media/E6_F9i4VcAEP6SN.png","","in","","7","16","76","https://x.com/undefined/status/1418570096880996356","718375892",
"1498639296143958016","Tue Mar 01 12:40:26 +0000 2022","80","Good news sobat BRI! Buat kamu pemegang saham BBRI dalam RUPST tahun ini diputuskan BRI akan membagikan dividen sebesar Rp26 40 triliun atau 85% dari total laba konsolidasian https://t.co/ugqkqt5KR3","1498639296143958016","https://pbs.twimg.com/media/FMw8fihakAI1qv6.jpg","","in","","8","144","10","https://x.com/undefined/status/1498639296143958016","1355939492",
"1356454120517890048","Tue Feb 02 04:07:18 +0000 2021","2271","Jelas kan kenapa SMI dijuluki Menkeu Terbalik menguntungkan kreditor &amp; investor asing tapi rugikan rakyat dgn pajak pulsa &amp; token. @jokowi akan nyungsep dgn Menkeu terbalik @detikcom Pemerintah beri subsidi triliunan rupiah bagi investor global bond. https://t.co/1xNgVFJPRX","1356454120517890048","","","in","","41","110","785","https://x.com/undefined/status/1356454120517890048","452992293",
"1548158668054892544","Sat Jul 16 04:12:44 +0000 2022","59","Sobat BRI. Yuk simak tips berikut agar terhindar dari penipuan berkedok investasi. Pastikan hanya membeli produk investasi dengan legalitas resmi dan diawasi lembaga/otoritas. Sehat dan sukses selalu ya. #BRIEdukasi https://t.co/zPfeoxVesH","1548158668054892544","https://pbs.twimg.com/media/FXwp_R_acAIpGIk.jpg","","in","","1","57","5","https://x.com/undefined/status/1548158668054892544","1355925366",
"1583268906847698944","Fri Oct 21 01:28:17 +0000 2022","172","Penyebab saham BUMI naik dari 50-an sampai tembus 200 pada bulan Juni - September kemarin adalah agar Grup Salim bisa private placement (PP) pada harga Rp120/saham. Karena aturan BEI menyebut bahwa harga PP = harga rata-rata saham yg bersangkutan di pasar dalam 3 bulan terakhir","1583268906847698944","","","in","","4","11","33","https://x.com/undefined/status/1583268906847698944","185523454",
"1778726477980414171","Fri Apr 12 12:01:28 +0000 2024","4","@worksfess aku nabung biasanya aku pecah nder. 1. investasi saham (ini pilih yang bluechip kalo aku pribadi punya bbri bbca sama bmri) 2. investasi di rdpu 3. trading saham kecil-kecilan jadi kalo butuh uang cepet bisa ambil yang di rdpu (h+2/1 pencairan)","1778755311408681455","","worksfess","in","","0","1","0","https://x.com/undefined/status/1778755311408681455","460943721",
"1534762717751304192","Thu Jun 09 05:02:01 +0000 2022","32","Kabar gembira untuk kita semua! SBN Ritel produk investasi yang ditujukan agar masyarakat bisa berkesempatan untuk berpartisipasi dalam pembiayaan negara sudah dirilis! Banyak banget keuntungan yang bisa kamu dapatkan! https://t.co/dPc32TkftY","1534762717751304192","https://pbs.twimg.com/media/FUySjdnVUAYH6ef.jpg","","in","","0","14","6","https://x.com/undefined/status/1534762717751304192","1355939492",
"1783332303219081386","Thu Apr 25 03:08:48 +0000 2024","36","Sobat BRI Di tengah gejolak kondisi ekonomi dan geopolitik global BRI mampu membukukan pertumbuhan laba yang positif dimana hingga akhir Triwulan I Tahun 2024 BRI secara konsolidasian berhasil mencetak laba sebesar Rp15 98 triiliun. Melalui pencapaian kinerja ini BRI https://t.co/n0O4bWEk1H","1783332303219081386","https://pbs.twimg.com/media/GL-rRZGa0AAGbm2.jpg","","in","","0","19","2","https://x.com/undefined/status/1783332303219081386","1355939492",
"1826092361384141262","Wed Aug 21 03:03:46 +0000 2024","0","penyesalan terbesarku adalah setahun yang lalu aku investasi ke BMRI menyesal kenapa cuma beli dikit ","1826092804046794820","","RaihanHafizhh","in","","0","0","0","https://x.com/undefined/status/1826092804046794820","246602467",
"1366238129259089920","Mon Mar 01 04:05:28 +0000 2021","960","Ekonom INDEF : Investasi Miras Justru Bebani Ekonomi Nasional Rp 256 Triliun | Republika Online Mobile https://t.co/GcIZrOxM5m","1366238129259089920","","","in","","10","38","324","https://x.com/undefined/status/1366238129259089920","86012022",
"1834568559621464423","Fri Sep 13 12:23:23 +0000 2024","24","Achievment unlocked! Dalam 3 tahun Holding UMi berhasil melayani lebih dari 176 Juta Nasabah simpanan dan lebih dari 36 1 juta nasabah pinjaman di seluruh Indonesia! Semoga BRI bisa terus konsisten dalam memberikan pelayanan kepada semua nasabah #BRI #BRIliandanCemerlang https://t.co/yjIok8HSwV","1834568559621464423","https://pbs.twimg.com/media/GXWyYAJa4AAozsL.jpg","","in","","0","6","4","https://x.com/undefined/status/1834568559621464423","1355939492",
"1499294737760616454","Thu Mar 03 08:04:55 +0000 2022","94","Kabar gembira dari Menteri BUMN @erickthohir bahwa @BANKBRI_ID Bagikan Dividen Rp 26 4 Triliun Naik 76 Persen Dibandingkan 2020 Bukti Kesuksesan Holding BUMN Ultra Mikro --UTAS-- #DividenBRI https://t.co/1qxyWVoNq9","1499294737760616454","https://pbs.twimg.com/media/FM6QBuUVQAE5_ri.jpg","","in","","2","18","89","https://x.com/undefined/status/1499294737760616454","1368274895071629312",
"1763168032866914431","Thu Feb 29 11:43:11 +0000 2024","55","Selain dihadiri Presiden RI Joko Widodo acara Groundbreaking Pembangunan Gedung BRI International Microfinance Center di Ibu Kota Nusantara (IKN) juga dihadiri oleh jajaran Menteri Kabinet Indonesia Maju diantaranya Menteri BUMN Erick Thohir. Pembangunan ini memberi manfaat https://t.co/EiJkp9mKQO","1763168032866914431","https://pbs.twimg.com/media/GHgH9_0aUAEW9zO.jpg","","in","","1","36","4","https://x.com/undefined/status/1763168032866914431","1355939492",
"1786345649124131146","Fri May 03 10:42:46 +0000 2024","0","Telkom Indonesia bakal bagi-bagi duid! RUPS hari ini menetapkan bahwa $TLKM akan membagikan dividen sebesar Rp 178.5 per lembar saham dibayarkan tanggal 6 Juni bulan depan. Minat? $BBRI $BMRI $ASII #IDX #IHSG #saham #investasi #kripto https://t.co/6ifqP6PF3m","1786345649124131146","","","in","","1","0","1","https://x.com/undefined/status/1786345649124131146","1106074310475542530",
"1651126127371644928","Wed Apr 26 07:28:39 +0000 2023","0","fasilitas yang didapatkan PTRO dari PT Bank Mandiri (Persero) Tbk. (BMRI) tersebut akan digunakan untuk mendanai pengembangan usaha melalui akuisisi dan investasi aset tambang serta memperkuat modal kerja PTRO. https://t.co/bPQBz1fHdO https://t.co/5gqNUQRf5U","1651126127371644928","https://pbs.twimg.com/media/Fun6dmraYAE9-Qi.jpg","","in","","0","0","2","https://x.com/undefined/status/1651126127371644928","1128229695944663040",
"1565208004839948294","Thu Sep 01 05:20:43 +0000 2022","63","Sobat BRI. Yuk simak tips berikut agar terhindar dari penipuan berkedok investasi. Pastikan hanya membeli produk investasi dengan legalitas resmi dan diawasi lembaga/otoritas. Sehat dan sukses selalu ya. #BRIEdukasi https://t.co/Do96yvKhm3","1565208004839948294","https://pbs.twimg.com/media/Fbi8P17UsAAt0mE.jpg","","in","","0","61","5","https://x.com/undefined/status/1565208004839948294","1355925366",
"1410557646722125827","Thu Jul 01 11:15:24 +0000 2021","583","Menurut BPK target realisasi penanaman modal 2019 di Laporan Kinerja BKPM tidak menunjukkan kondisi sebenarnya dengan indikasi investasi fiktif senilai Rp 15 22 triliun. Gelo kok semakin ngawur ? Realisasi Fiktif Penanaman Modal - https://t.co/BpVD9z54h7 https://t.co/0AbzNAjE0U","1410557646722125827","","","in","","12","48","167","https://x.com/undefined/status/1410557646722125827","452992293",
"1207950657837092864","Fri Dec 20 09:07:34 +0000 2019","152","Mau nabung terus dapat asuransi? Dimana lagi selain di Tabungan BRI SIMPEDES dari #bankbri untuk setiap penambahan saldo mencapai Rp 5jt kamu berhak mendapat asuransi Acci Care BRILife yuk jangan sampai ketinggalan. #simpedesbri","1207950657837092864","","","in","","3","18","21","https://x.com/undefined/status/1207950657837092864","1398703135",
"1772088310233456746","Mon Mar 25 02:29:11 +0000 2024","0","YUK CATAT! INI JADWAL EMITEN YANG AKAN BAGI THR DIVIDEN MEGA - Rp209.3 - 27 Mar BBRI - Rp235 - 28 Mar BMRI - Rp353.95 - 28 Mar PJAA - Rp32 - 28 Mar BBNI - Rp280.49 - 2 Apr SDRA - Rp7.5 - 4 Apr BBTN - Rp49.98 - 5 Apr","1772088310233456746","","","in","","0","0","0","https://x.com/undefined/status/1772088310233456746","1453693726153330691",
"1183582505393217537","Mon Oct 14 03:17:13 +0000 2019","394","Suka berinvestasi? atau baru mau mulai berinvestasi tapi mau yang aman? Nah pas nih! Kamu bisa mulai berinvestasi di #BNIORI016. Pemesanan #ORI16 mulai dari 1jt dan batas penawarannya hingga 24 Oktober 2019 aja loh!","1183582505393217537","","","in","","8","20","84","https://x.com/undefined/status/1183582505393217537","62455266",
"1376481962030891012","Mon Mar 29 10:30:48 +0000 2021","424","Dividen 4 besar bank di Indonesia (2020): $BBRI : Rp 98 per lembar yield 2% $BMRI : Rp 220 per lembar yield 3 4% $BBCA : Rp 528 per lembar yield 1 6% $BBNI : Rp 44 per lembar yield 0 72%","1376481962030891012","","","in","","56","30","179","https://x.com/undefined/status/1376481962030891012","958566590768926721",
"1236678436564774914","Sun Mar 08 15:41:30 +0000 2020","761","Baru tau soal teori nabung/investasi itu itungannya gaji dikurangi UMR. Jadi kalo gaji 10 juta &amp; UMR 3 juta nabung/investasinya berarti 7 juta. Karena UMR itu diitung pemerintah berdasarkan jumlah uang yang dibutuhkan untuk hidup wajar di kota tersebut. Masuk akal sih teorinya.","1236678436564774914","","","in","","37","47","441","https://x.com/undefined/status/1236678436564774914","851784011231797248",
"1144660857680326658","Fri Jun 28 17:36:29 +0000 2019","3424","Modal pribadi gue. di bank Mandiri 175.564.000 Bank BNI 201.003.255 Bank BRI 97.500.050 Akan gue alihkan ke Bank Sandiaga uno dan prabowo. Blm asset emas pribadi dan keluarga","1144660857680326658","","","in","","171","632","517","https://x.com/undefined/status/1144660857680326658","1120163021601435650",
"1600738704053919745","Thu Dec 08 06:28:31 +0000 2022","5","Sejalan dengan misi pemulihan ekonomi BRI tercatat memiliki permodalan yang kuat untuk memacu ekspansi kredit. Hal ini tercermin dari Capital Adequacy Ratio (CAR) secara konsolidasi yang mencapai 26%. #BRI #HUT127BRI #TumbuhdanTangguh","1600739078148087808","","BANKBRI_ID","in","","0","1","0","https://x.com/undefined/status/1600739078148087808","1355939492",
"1475229438019137536","Sun Dec 26 22:18:01 +0000 2021","779","Pemerintah Alihkan Saham Bank Mandiri dan BRI Senilai Total Rp45 Triliun https://t.co/xy933QT9Vh","1475229438019137536","","","in","","34","73","249","https://x.com/undefined/status/1475229438019137536","38155089",
"1879861204753211711","Thu Jan 16 12:00:12 +0000 2025","554","Dar Der dor! Efek BI nurunin suku bunga acuan jadi 5 75% BBRI mulai bergerak lagi. Ada apa sih sebenernya sama BBRI? Makin banyak diburu investor publik kenapa harga saham BBRI justru terus merosot? Sebenernya ini peluang investasi atau mending dihindari?","1879861204753211711","","","in","","3","8","78","https://x.com/undefined/status/1879861204753211711","1590845630037229569",
"1379788871970349057","Wed Apr 07 13:31:16 +0000 2021","1535","tahun 2019 naver nanam saham di bukalapak. tahun 2021 (skrg) nanam saham di emtek (induk dr sctv indosiar) ","1379788871970349057","","","in","","4","36","94","https://x.com/undefined/status/1379788871970349057","1956207277",
"1663008132162031622","Mon May 29 02:23:30 +0000 2023","0","Tolong beri review singkat untuk Big Six musim ini: Man City: BBCA Man United: BMRI Arsenal: ASII Liverpool: ICBP Tottenham: BYAN Chelsea: Terjebak Investasi Bodong Wanaartha life insurance","1663008132162031622","","","in","","0","0","0","https://x.com/undefined/status/1663008132162031622","1289616393776726018",
"1753345166688354540","Fri Feb 02 09:10:37 +0000 2024","1273","Laba 2023 : BRI = Rp 60 triliun BMRI = Rp 55 triliun BCA = Rp 48 triliun. Rata2 laba tumbuh di atas 15% tiap tahun. Ngeri sekali. .","1753345166688354540","","","in","","43","63","297","https://x.com/undefined/status/1753345166688354540","190535830",
"1873955963222581417","Tue Dec 31 05:04:33 +0000 2024","740","@irwndfrry Kalo kaitannya sama holding justru BBCA adalah usaha diversifikasi dari rokok &amp; beruntungnya usaha banking ini thriving. Justru venture lain di holding yg perlu dilihat Lagipula BBCA udah KBMI 4 satu di antara 4 pengisi di level ini. Sisanya Himbara.","1873958400541024339","","","in","","1","1","25","https://x.com/undefined/status/1873958400541024339","1795636356536008704",
"1364839959329345537","Thu Feb 25 07:29:38 +0000 2021","425","Muslimin se-Indonesia apakah mau diam saja? Atas nama apa kita bakal membiarkan ini terjadi? Kelak kalau ditanya kita mau jawab apa ke Allah? Ini HARAM ! https://t.co/xXRpDdB7nc","1364839959329345537","","","in","","32","84","199","https://x.com/undefined/status/1364839959329345537","1334070788060631040",
"1244937758172303371","Tue Mar 31 10:41:06 +0000 2020","635","Pengembalian BLBI dalam bentuk asset ketika dipaksa jual IMF recovery rate hanya 25%. Tanpa governance dan transparansi yg benar R-bonds kemungkinan hanya akan jadi skandal besar keuangan berikutnya.","1244937758172303371","","","in","","2","16","192","https://x.com/undefined/status/1244937758172303371","452992293",
"1262635206579597312","Tue May 19 06:44:26 +0000 2020","937","Klo ndak ngerti jangan sok3 analisa baca ini: Bunga Pinjaman BRI Lebih Murah Ketimbang Global Bond Pemerintah Sri Mulyani Kalah Jago. SMI selalu beri yield bonds 2-2.5% lebih mahal dari seharusnya. Itu yg membuat kreditor2 asing puja puji https://t.co/J5aUz8202o","1262635206579597312","","","in","","11","110","302","https://x.com/undefined/status/1262635206579597312","452992293",
"1613074024174882816","Wed Jan 11 07:23:11 +0000 2023","0","Batavia Prosperindo Trans $BPTR mendapat fasilitas kredit investasi senilai Rp185 miliar. Pinjaman dari Bank Mandiri $BMRI tersebut ditarik secara bertahap. Per akhir Des'2022 perseroan telah melakukan penarikan sebesar Rp83 94 miliar. #bebipinter #Mandiri","1613074024174882816","","","in","","1","0","0","https://x.com/undefined/status/1613074024174882816","1554723155012628480",
"1817556973669449842","Sun Jul 28 13:45:25 +0000 2024","381","Saat @muhammadiyah melakukan deposit flight Rp.13 T dari bank BSI alasannya sungguh mulia karena katanya BSI ga pro sektor mikro Tapi sekarang Muhammadiyah malah bermain di sektor yg sangat capital intensive dan punya dampak sosial dan ekologis. Ikutan main tambang","1817556973669449842","","","in","","7","36","123","https://x.com/undefined/status/1817556973669449842","1244819229578121216",
"1397391499298435074","Wed May 26 03:17:50 +0000 2021","331","Hampir semua Dirut Bank BUMN alumni Bank Mandiri Corporate Bankers yg tidak sensitif. Gross Spread selisih bunga pinjaman dan deposito termasuk tertinggi (3%) di dunia. Tidak perlu genjot fees lagi Kopas: Bank Mandiri BRI BNI BTN dilaporkan ke KPPU https://t.co/J2K7SuDCp1","1397391499298435074","","","in","","7","16","123","https://x.com/undefined/status/1397391499298435074","452992293",
"1371386702103601158","Mon Mar 15 09:04:03 +0000 2021","197","[BREAKING] $BMRI memutuskan untuk membagikan 60% dari laba bersih tahun 2020 mereka (atau sekitar Rp10 2 triliun) sebagai dividen tunai. Itu berarti dividen per lembar BMRI sebesar Rp220 per lembar atau sekitar 3 3% dari harga BMRI saat ini di Rp6.650 per lembar.","1371386702103601158","","","in","","65","27","75","https://x.com/undefined/status/1371386702103601158","958566590768926721",
"1633010882513870849","Tue Mar 07 07:45:08 +0000 2023","0","Yuk daftar dan pesan Surat Berharga Negara - SR018 sekarang di Super App Livin by Mandiri Sahabat! Tinggal tap tap investasi... https://t.co/0k5FEYJBbA #mandiri_itu_keren #bmristory #bmri #bankmandiri https://t.co/90H59Z8NQ4","1633010882513870849","","","in","","0","0","0","https://x.com/undefined/status/1633010882513870849","159381138",
"1633373285600706560","Wed Mar 08 07:45:12 +0000 2023","0","Daftar dan pesan SBN di Super App Livin by Mandiri! Investasi mudah aman dan cepat lewat fitur Livin Investasi. Cek cara daf... https://t.co/VjUPrShR9u #mandiri_itu_keren #bmristory #bmri #bankmandiri https://t.co/azPcJ4DgGi","1633373285600706560","","","in","","0","0","0","https://x.com/undefined/status/1633373285600706560","159381138",
"1625174417448771584","Mon Feb 13 16:45:50 +0000 2023","0","Dapatkan imbal hasil pasti dan lebih tinggi melalui Mandiri Deposito Swap instrument investasi valas terproteksi. Segera berin... https://t.co/wP33cJrLEw #mandiri_itu_keren #bmristory #bmri #bankmandiri https://t.co/XCD9X1jkN0","1625174417448771584","","","in","","0","0","0","https://x.com/undefined/status/1625174417448771584","159381138",
"1127561288635375616","Sun May 12 13:08:54 +0000 2019","195","Indonesia harus mewaspadai investasi besar-besaran China di Indonesia dalam misi Belt Road Iniative (BRI). Sebab investasi itu dapat menimbulkan debt trap atau jebakan utang. https://t.co/8hN584LgvC","1127561288635375616","","","in","","6","9","112","https://x.com/undefined/status/1127561288635375616","1476693997",
"1501806037791576068","Thu Mar 10 06:23:56 +0000 2022","58","Kamu tau ngga? @bankmandiri ternyata beberapa bulan yang lalu masih membiayai sektor #batubara. Pada tanggal 23 November 2021 perusahaan #tambang batu bara ABM Investama mengumumkan bahwa mereka mendapatkan pinjaman sebesar 100 juta USD dari Mandiri dan satu bank BUMN lainnya.","1501806037791576068","","","in","","46","88","58","https://x.com/undefined/status/1501806037791576068","1252109670245752832",
"1744572441874333807","Tue Jan 09 05:10:17 +0000 2024","420","@ndlahombike @eDzulfikar RD Obligasi di: NAVI miliknya Mirae Asset RD-nya Star Stable Income Fund. Kalau di Bibit beli RD nya di Danamas Pasti. Kalau di Ajaib beli RD nya di Capital Fixed Income Fund. Saya bagi2 dikit2 ke beberapa RD untuk diversifikasi aja dan memantau fluktuasinya.","1744587373894393984","","ndlahombike","in","","5","11","55","https://x.com/undefined/status/1744587373894393984","1291269765625872390",
"1138379157908406272","Tue Jun 11 09:35:15 +0000 2019","190","BNI Syariah Terseret dalam Aduan ke MK Saham BNI Babak Belur Dihajar Investor https://t.co/LH8fJ28pNS","1138379157908406272","","","in","","8","8","69","https://x.com/undefined/status/1138379157908406272","968070180206096385",
"1798254664305258591","Wed Jun 05 16:22:08 +0000 2024","344","@msaid_didu Ya indikasinya mungkin BSI kurang bersahabat ke Muhammadiyah dapat dilihat seberapa besar mereka memberikan alokasi CSR-nya dibanding ormas sebelah. Kalo marginnya besar ya Muhammadiyah memang tidak dianggap mitra strategis. Dan pilihan pemindahan dana lebih masuk akal.","1798389855019495640","","msaid_didu","in","","1","3","12","https://x.com/undefined/status/1798389855019495640","2271560546",
"1747076624405991533","Tue Jan 16 02:01:41 +0000 2024","0","Analisis dampak penjualan saham asing terhadap IHSG. Perkembangan pasar saham Indonesia fokus pada Astra (ASII) dan Mandiri (BMRI). Update terkini dan strategi investasi https://t.co/XPhp9qL15H","1747076624405991533","","","in","","0","1","0","https://x.com/undefined/status/1747076624405991533","1734092152236593152",
"1562016252465254401","Tue Aug 23 09:58:37 +0000 2022","11","Bahkan sampai 2024 nanti BRI menargetkan 55 juta nasabah ultra mikro. Tujuannya biar memiliki pengetahuan kemampuan dan kesempatan akses layanan keuangan yang adil dan inklusif serta dapat menaik-kelaskan pelaku usaha ultra mikro. #BRI #MemberiMaknaIndonesia","1562016451363348480","","BANKBRI_ID","in","","0","25","1","https://x.com/undefined/status/1562016451363348480","1355939492",
"1700043863744987307","Fri Sep 08 07:10:17 +0000 2023","287","Yang ada di otak menteri @bahlillahadalia investasi berarti pengerukan SDA. Atas dasar itu rakyat harus digusur. Padahal hilirisasi berbasis pengerukan SDA tidak pro pada sustainability economy. Merusak lingkungan. Tak peduli pada masa depan anak cucu. Serakah dan orientasi","1700043863744987307","","","in","","4","23","162","https://x.com/undefined/status/1700043863744987307","1244819229578121216",
"1821708486671216684","Fri Aug 09 00:42:03 +0000 2024","206","Kejagung menahan seorang Relationship Manager BRI Cabang Cut Mutia dengan inisial MK terkait dugaan kredit fiktif BRIGuna senilai Rp 55 miliar periode 2016-2023: Kontan","1821708486671216684","","","in","","24","20","46","https://x.com/undefined/status/1821708486671216684","311312187",
"1784434084250636376","Sun Apr 28 04:06:53 +0000 2024","194","Buat saya BBRI Selain Asset Quality kena NPL + CKPN worsening ada satu hal yang sederhana lain. Yang jarang orang bahas Funding. Structure Funding : CASA (Dana Murah: Giro + Tabungan) + Time Deposit (Dana Mahal). CASA Ratio BBRI","1784434084250636376","","","in","","6","4","44","https://x.com/undefined/status/1784434084250636376","1379401879076020228",
"1550426897078579200","Fri Jul 22 10:26:30 +0000 2022","19","Kamu juga bisa berinvestasi buat nambahin pengumpulan dana. Salah satunya yaitu deposito yang bisa bikin financial goals kamu lebih terencana &amp; terukur karena hanya bisa dicairkan sesuai target waktu yang ditetapkan. Yuk investasi deposito di BRI! #BRI #MemberiMaknaIndonesia","1550427055506051072","","BANKBRI_ID","in","","0","25","0","https://x.com/undefined/status/1550427055506051072","1355939492",
"1400708387717873664","Fri Jun 04 06:57:58 +0000 2021","277","Buru Aset BLBI Rp110 Triliun Sri Mulyani Andalkan BIN hingga Kejaksaan Satuan Tugas (Satgas) Bantuan Likuiditas Bank Indonesia (BLBI) terus memburu aset BLBI sebesar Rp110 45 triliun baik dari dalam negeri maupun di luar negeri. https://t.co/JQK8ZqL6HZ","1400708387717873664","","","in","","5","2","48","https://x.com/undefined/status/1400708387717873664","2156465923",
"1107278525487210496","Sun Mar 17 13:52:27 +0000 2019","163","Untuk Bpk Sandi Investasi bukan lah kunci karena dibalik investasi terdapat akumulasi modal dan kepentingan untuk melipat gandakan profit. Kami ingin membiayai dana riset dari potongan anggaran militer agar tidak ada kepentingan pemodal dibalik setiap riset.","1107278525487210496","","","in","","6","15","55","https://x.com/undefined/status/1107278525487210496","1077726901467197440",
"1344953598610821121","Fri Jan 01 10:28:20 +0000 2021","197","Jika Bank Rakyat Indonesia dgn BRI-Agro dan BRI-Linknya terbukti meraih dividen tertinggi (Rp.9252 milyar thn 2019) mungkinkah Menteri BUMN menugaskan BRI bantu Pemda mengelola pembangunan pedesaan utk propinsi2 Papua-Papua Barat ?","1344953598610821121","","","in","","1","4","34","https://x.com/undefined/status/1344953598610821121","175802067",
"1530383133647831041","Sat May 28 02:59:22 +0000 2022","132","BRI nggak pernah absen untuk menerima mahasiswa dalam Program Magang Mahasiswa Bersertifikat (PMMB) yang diselenggarakan oleh FHCI BUMN karena selaras dengan nilai yang selalu dibawa BRI Memberi Makna Indonesia.","1530383200442122241","","BANKBRI_ID","in","","0","30","1","https://x.com/undefined/status/1530383200442122241","1355939492",
"1211237475089174528","Sun Dec 29 10:48:12 +0000 2019","174","Meroket..hutangnya.. BRI menyumbang utang sebesar Rp1.008 T Bank Mandiri Rp997 T dan BNI Rp660 T BTN Rp249 T #IndonesiaSedangDirampok Mandiri BRI dan BNI Jadi BUMN dengan Utang Terbesar https://t.co/VBc7P0Vaxh","1211237475089174528","","","in","","9","15","119","https://x.com/undefined/status/1211237475089174528","308824504",
"1856180921013284923","Tue Nov 12 03:45:06 +0000 2024","225","Kalau mau terus murah BPKH akan 'terpaksa' berinvestasi dengan lebih agresif untuk mengejar return yang lebih tinggi. Tentu aja risiko akan naik. Itu uang jemaah.","1856181398736122085","","romeogadungan","in","","1","3","39","https://x.com/undefined/status/1856181398736122085","146781710",
"1591236821341831168","Sat Nov 12 01:09:56 +0000 2022","213","Kinerja ANIES Berdasarkan catatan BKPM; Provinsi DKI menempati urutan 1 realisasi PMDN (Penanaman Modal Dalam Negeri) periode Januari - September 2022 sebesar Rp 64 8 triliun sementara realisasi PMA (Penanaman Modal Asing) senilai US$ 3 1 miliar atau Rp 44 1 triliun Sekian ","1591236821341831168","","","in","","4","94","45","https://x.com/undefined/status/1591236821341831168","3177957847",
"1080748764317372416","Thu Jan 03 08:52:39 +0000 2019","264","SMI mendapat hadiah menteri terbaik dr The Banker? Sdh tentu krn mmg sangat untungkan mereka. Yield surat utang Indonesia termasuk tertinggi di dunia (8 5%) &amp; rajin bayar utang klo perlu kasih kecil anggaran BNPB/ kasih rendah biaya asuransi bencana dll https://t.co/uaZt1b72mY","1080748764317372416","","","in","","7","13","161","https://x.com/undefined/status/1080748764317372416","1952458388",
"1456923346231185414","Sat Nov 06 10:00:57 +0000 2021","220","Terus sedikit mo tanya nih Mprof; jadi Obligor BLBI itu Bank Bumidaya/PT.TPM si? Dulu khn aset itu dijaminkan pada BBD tuk dapat fasilitas pinjaman. Belakangan BBD jadi bank Mandiri. Bukannya dana PT.TPN juga sdh dibekukan di Mandiri? Baik TPM pun pemerintah ga bisa ambil ya?","1456924556149420039","","MinmonPS7","in","","0","5","46","https://x.com/undefined/status/1456924556149420039","1116041282126618624",
