"conversation_id_str","created_at","favorite_count","full_text","id_str","image_url","in_reply_to_screen_name","lang","location","quote_count","reply_count","retweet_count","tweet_url","user_id_str","username"
"1765626999140471272","Thu Mar 07 06:34:15 +0000 2024","2283","Corkcicle souvenir keren dari RUPS Tahunan PT Bank Mandiri (Persero) Tbk atau BMRI. #CeritaRUPS https://t.co/rrnXanO7Na","1765626999140471272","https://pbs.twimg.com/media/GIDEYsdawAA6wG2.jpg","","in","kokogiovanni@gmail.com","178","124","249","https://x.com/KokoGiovanni/status/1765626999140471272","139982550","KokoGiovanni"
"1660573161761685507","Mon May 22 09:07:48 +0000 2023","1553","Direktur IT Bank BSI diberhentikan secara hormat atas usulan Bank Mandiri pada RUPS Tahunan. Apakah hanya kebetulan? https://t.co/x3FEihwA76","1660573161761685507","https://pbs.twimg.com/media/FwuKfZxaEAAiO_t.jpg","","in","kokogiovanni@gmail.com","84","53","402","https://x.com/KokoGiovanni/status/1660573161761685507","139982550","KokoGiovanni"
"1606170971123159040","Fri Dec 23 06:12:55 +0000 2022","760","RUPS Tahunan pertama kali yang dihadiri pada bulan Maret tahun ini. RUPS Bank Mandiri di Plaza Mandiri. Cukup berkesan bagi saya ada TWS Redmi Buds 3 Lite. #CeritaRUPS https://t.co/GyByCt45Sj","1606170971123159040","https://pbs.twimg.com/media/FkpD_DeaMAEJs7I.jpg","","in","kokogiovanni@gmail.com","87","38","142","https://x.com/KokoGiovanni/status/1606170971123159040","139982550","KokoGiovanni"
"1166654163104649219","Wed Aug 28 10:10:02 +0000 2019","0","RUPS BUMN: Bank Mandiri rombak komisaris https://t.co/LrCU1kfbEw https://t.co/9W7vdluDr9","1166654163104649219","https://pbs.twimg.com/media/EDDJxzZU4AAa26c.jpg","","in","Indonesia","0","0","0","https://x.com/alineadotid/status/1166654163104649219","354168059","alineadotid"
"1377847232196608002","Fri Apr 02 04:55:53 +0000 2021","1","Berhubung masa pandemi. Laporan tahunan perusahaan sudah tidak dicetak dan dibagikan usai RUPS. Namun dibagikan flash disk berisi dokumen laporan tahunan. Flashdisk souvenir RUPS Bank Mandiri dan Bank BNI lumayan bagus. https://t.co/ENT0nuUNJm","1377847232196608002","https://pbs.twimg.com/media/Ex8YvzNUYAEZEkj.jpg","","in","kokogiovanni@gmail.com","0","1","0","https://x.com/KokoGiovanni/status/1377847232196608002","139982550","KokoGiovanni"
"1635604642381070338","Tue Mar 14 11:31:49 +0000 2023","13","Tak menyangka bisa berfoto dengan pak Chatib Basri. @ChatibBasri yang memimpin RUPS Tahunan Bank Mandiri. https://t.co/4vzOkGwJdQ","1635604642381070338","https://pbs.twimg.com/media/FrLVwIVaYAAbuFU.jpg","","in","kokogiovanni@gmail.com","0","0","1","https://x.com/KokoGiovanni/status/1635604642381070338","139982550","KokoGiovanni"
"1621471334718148609","Fri Feb 03 11:31:06 +0000 2023","5","Rencana Stock Split saham Bank Mandiri ($BMRI) dengan rasio 1:2 dan penyelenggaraan RUPS Tahunan pada 14 Maret 2023. https://t.co/q4dD9fhXAh","1621471334718148609","https://pbs.twimg.com/media/FoCflSMacAIBDDt.jpg","","in","kokogiovanni@gmail.com","0","1","4","https://x.com/KokoGiovanni/status/1621471334718148609","139982550","KokoGiovanni"
"1765902475733946836","Fri Mar 08 00:48:53 +0000 2024","1","RUPS Bank Mandiri $BMRI memutuskan pembagian 60% Laba yang setara Rp353 95 per Lembar sementara itu $KARW open suspend https://t.co/5uO8Blb7Aq","1765902475733946836","https://pbs.twimg.com/media/GIG-8HubkAAamK6.jpg","","in","대한민국","1","0","2","https://x.com/buruhIHSG/status/1765902475733946836","1501933023243411463","buruhIHSG"
"1746895936369107390","Mon Jan 15 14:03:41 +0000 2024","5085","Make the smart move: Shop Scan &amp; Pay via UPI using Lifetime-Free IndusInd Bank Rupay Credit Card! https://t.co/ZahxZl33Xq","1746895936369107390","https://pbs.twimg.com/amplify_video_thumb/1746892916768063488/img/feelY8lwo5F51bBP.jpg","","en","","5","40","452","https://x.com/MyIndusIndBank/status/1746895936369107390","771400850","MyIndusIndBank"
"1357669647135330312","Fri Feb 05 12:37:22 +0000 2021","1","Jika berencana datang ke RUPS pastikan memiliki saham hingga waktu yang ditentukan. Misalnya: RUPS Bank Mandiri. Pemegang saham yang bisa hadir adalah yang namanya sudah tercatat pada tanggal 18 Februari. (Berarti paling lambat belinya tanggal 16) https://t.co/xe3Gb8dzQB","1357669647135330312","https://pbs.twimg.com/media/EtdpVupUUAE_bKW.jpg","","in","kokogiovanni@gmail.com","0","1","0","https://x.com/KokoGiovanni/status/1357669647135330312","139982550","KokoGiovanni"
"1621479866016174087","Fri Feb 03 12:05:00 +0000 2023","72","[Breaking] $BMRI akan Stock Split 1:2 ‼️ Bank Mandiri mengumumkan rencana Stock Split dengan rasio 1:2. Aksi korporasi ini menunggu persetujuan dari RUPS yang direncanakan akan dilaksanakan pada 14 Maret 2023. https://t.co/QeR4HsaVQD","1621479866016174087","https://pbs.twimg.com/media/FoCiWgkaUAAZHjR.png","","in","Jakarta","12","6","19","https://x.com/Stockbit/status/1621479866016174087","587189716","Stockbit"
"1635557268312948737","Tue Mar 14 08:23:34 +0000 2023","52","RUPS Tahunan Bank Mandiri (BMRI) dengan agenda kedua persetujuan dividen payout ratio sebesar 60% dari total laba bersih. #CeritaRUPS https://t.co/CVjRHDOT2S","1635557268312948737","https://pbs.twimg.com/media/FrKqps5aQAAZij0.jpg","","in","kokogiovanni@gmail.com","0","13","6","https://x.com/KokoGiovanni/status/1635557268312948737","139982550","KokoGiovanni"
"1502867729359192066","Sun Mar 13 04:42:43 +0000 2022","0","RUPS Tahunan Bank Mandiri sepakat bagikan dividen Rp 16 83 triliun. BUMN makin maju dan transparan. Indonesia Maju. https://t.co/swuPsEi95w","1502867729359192066","https://pbs.twimg.com/media/FNtB9PaaAAIpby_.jpg","","in","","0","0","0","https://x.com/irenejuliency/status/1502867729359192066","91123417","irenejuliency"
"1501744076151947266","Thu Mar 10 02:17:43 +0000 2022","3","RUPS Tahunan Bank Mandiri. Sukses!! https://t.co/TZ1SKotqmo","1501744076151947266","https://pbs.twimg.com/media/FNdER0HVcAMWbyK.jpg","","in","","0","1","0","https://x.com/irenejuliency/status/1501744076151947266","91123417","irenejuliency"
"1475322843768373249","Mon Dec 27 04:46:47 +0000 2021","0","Goodie bag RUPS Bank Mandiri. Dapat kalender meja masker kain flash disk dan snack box Bakerman (berisikan tiga roti). #CeritaRUPS https://t.co/h6o5svsyBr","1475327276623400963","https://pbs.twimg.com/media/FHlpnKxVkAEM90j.jpg","KokoGiovanni","in","kokogiovanni@gmail.com","1","1","0","https://x.com/KokoGiovanni/status/1475327276623400963","139982550","KokoGiovanni"
"1501815390074114050","Thu Mar 10 07:01:06 +0000 2022","2","Jajaran direksi dan komisaris Bank Mandiri sudah hadir di Plaza Mandiri. RUPS Tahunan akan segera dimulai. #CeritaRUPS https://t.co/5X36Lc2CeO","1501815390074114050","https://pbs.twimg.com/media/FNeFIKGVkAQDjRf.jpg","","in","kokogiovanni@gmail.com","0","1","0","https://x.com/KokoGiovanni/status/1501815390074114050","139982550","KokoGiovanni"
"1501744076151947266","Thu Mar 10 03:27:02 +0000 2022","0","Ini agenda RUPS Tahunan Bank Mandiri 10 Maret 2022. Semangat!! https://t.co/KTZthptgR2","1501761521768370179","https://pbs.twimg.com/media/FNdT7WBaIAgY0oo.jpg","irenejuliency","in","","0","0","0","https://x.com/irenejuliency/status/1501761521768370179","91123417","irenejuliency"
"1203967538062774272","Mon Dec 09 09:20:04 +0000 2019","0","RUPS BUMN: Bank Mandiri rombak direksi dan komisaris https://t.co/CwUvTNZegd https://t.co/YvRk3yU9l0","1203967538062774272","https://pbs.twimg.com/media/ELVaGAqVAAA4tEr.jpg","","in","Indonesia","0","0","0","https://x.com/alineadotid/status/1203967538062774272","354168059","alineadotid"
"1379002973221576704","Mon Apr 05 09:49:36 +0000 2021","0","@tigorsiagian Baker Man cukup enak rotinya. Terutama varian double chesee kejunya berasa banget . Saya sendiri belum pernah beli langsung ke Astha. Kebetulan dapat Baker Man karena snack box pada RUPS Bank Mandiri. https://t.co/wx74Ku7HJa","1379008308535681025","https://pbs.twimg.com/media/EyM4vanU4AAUcsu.jpg","tigorsiagian","in","kokogiovanni@gmail.com","0","1","0","https://x.com/KokoGiovanni/status/1379008308535681025","139982550","KokoGiovanni"
"1371357171372331009","Mon Mar 15 07:06:42 +0000 2021","3","Dapat juga kalender Bank Mandiri. Biarpun bukan sebagai nasabah. Namun sebagai pemegang saham. Cuan capital gain dapat semoga hasil keputusan akhir RUPS membagikan dividen! https://t.co/dFLa77vjGb","1371357171372331009","https://pbs.twimg.com/media/EwgKEinU8AEb3-2.jpg","","in","kokogiovanni@gmail.com","0","0","0","https://x.com/KokoGiovanni/status/1371357171372331009","139982550","KokoGiovanni"
"1226119612133036032","Sat Feb 08 12:24:30 +0000 2020","1694","RuPay Debit Card has gained its share in India and now is being widely accepted internationally in many countries. We are proud that India s @RuPay_npci Card is now making its place globally: PM @narendramodi https://t.co/V7kVlfhAx5","1226119612133036032","https://pbs.twimg.com/ext_tw_video_thumb/1226119503412514816/pu/img/6B1uJBm7BxxJltnu.jpg","","en","India","6","32","356","https://x.com/rsprasad/status/1226119612133036032","2222673457","rsprasad"
"1774634037929513299","Mon Apr 01 03:05:00 +0000 2024","1","RUPS Tahunan PT Bank Mandiri (Persero) Tbk (BMRI) pada 7 Maret 2024 memberhentikan Andrinof A. Chaniago selaku Wakil Komisaris Utama Nawal Nely selaku Komisaris Ahmad Siddik Badruddin selaku Direktur Manajemen Risiko &amp; Susana Indah K. Indriati selaku Direktur Coporate Banking. https://t.co/YhfzQmTseH","1774634037929513299","https://pbs.twimg.com/media/GJ_7huQbsAAqIpH.jpg","","in","","0","0","0","https://x.com/LumbungSaham/status/1774634037929513299","1079319056761507840","LumbungSaham"
"1501548691190317059","Wed Mar 09 13:21:20 +0000 2022","0","Yuk ikutin RUPS Tahunan Bank Mandiri BUMN Perbankan kebanggaan Indonesia. https://t.co/KH4MmRT1oW","1501548691190317059","https://pbs.twimg.com/media/FNaSR4qaAAkTxGe.jpg","","in","Surakarta, Jawa Tengah","0","1","0","https://x.com/trenzsolo/status/1501548691190317059","2432735348","trenzsolo"
"1219484452864151552","Tue Jan 21 04:58:45 +0000 2020","241","Mau bisnis makin cuan? Pakai mandiri tabungan bisnis. - Gratis biaya transfer - Gratis biaya kliring - Gratis biaya RTGS https://t.co/7eO2s3OJfU *syarat dan ketentuan berlaku #mandiritabungan #mandiritabunganbisnis #laurabasuki #marcusgideon #kevinsanjaya #mandiripromo https://t.co/vSGWi2I83J","1219484452864151552","https://pbs.twimg.com/ext_tw_video_thumb/1219484366956457987/pu/img/bZCYaKUFjVkZ48K4.jpg","","in","Jakarta","39","39","38","https://x.com/bankmandiri/status/1219484452864151552","2278761810","bankmandiri"
"1831360167172354512","Wed Sep 04 15:54:23 +0000 2024","388"," Mobikwik Launched First RuPay Credit Card - Secured Card (SBM Bank) - Minimum ₹5000 Fixed Deposit - Upto 7% Interest on FD - Works on UPI - Rewards on Every Transaction This Will Be Live in The Next Few Weeks https://t.co/3YnvzINxoH","1831360167172354512","https://pbs.twimg.com/amplify_video_thumb/1831359898975973376/img/nOmV_eWgBeANlf89.jpg","","en","ravisutanjani@gmail.com","4","20","42","https://x.com/Ravisutanjani/status/1831360167172354512","2498279960","Ravisutanjani"
"1626223377882185729","Thu Feb 16 14:14:01 +0000 2023","290"," Official HDFC press release about Rupay CC UPI #hdfcbank #upi #rupay https://t.co/nEyAq49YPP","1626223377882185729","https://pbs.twimg.com/media/FpGBireaUAQAOI0.jpg","","en","https://t.me/findocequity","1","12","40","https://x.com/algotradingdesk/status/1626223377882185729","1514961836457693188","algotradingdesk"
"1501752694960435200","Thu Mar 10 02:51:58 +0000 2022","4","Agenda RUPS Tahunan Bank Mandiri 10 Maret 2022. Dengan adanya 2 infografis ini adalah cara Bank Mandiri sebagai wujud transparansi Bank Mandiri mempertanggungjawabkan ke publik. Publik bisa melihat alur dari RUPS Tahunan Bank Mandiri yang dilaksanakan hari ini. @LOVE_AG4EVER https://t.co/T3zHAvQNHL","1501752694960435200","https://pbs.twimg.com/media/FNdMHJWaQAULIrw.jpg","","in","","0","0","7","https://x.com/tolakbigotnkri/status/1501752694960435200","1095278812181389312","tolakbigotnkri"
"1501736731804340224","Thu Mar 10 01:49:29 +0000 2022","0","Agenda RUPS Tahunan Bank Mandiri 10 Maret 2022 https://t.co/ZS8FpAIObM","1501736972083408896","https://pbs.twimg.com/media/FNc90EYaMAM8XT-.jpg","iina_surbakti","in","Indonesia","0","0","0","https://x.com/iina_surbakti/status/1501736972083408896","992673313141899264","iina_surbakti"
"1640287157884690435","Mon Mar 27 09:38:28 +0000 2023","26","Sedikit cerita tentang pengalaman menghadiri RUPS Tahunan Bank Mandiri. https://t.co/EVxw8ZrLfN #CeritaRUPS","1640287157884690435","","","in","kokogiovanni@gmail.com","0","3","4","https://x.com/KokoGiovanni/status/1640287157884690435","139982550","KokoGiovanni"
"1502547555703746561","Sat Mar 12 07:30:27 +0000 2022","7","4 Infografis mengenai beberapa informasi dengan 4 tema yang berbeda mengenai Mandiri Digipreneur Hub RUPS Tahunan Bank Mandiri yg sepakat bagikan dividen Rp 16 82 T Bank Mandiri sumbang bus Ramah Difabel berkelas Internasional tuk Pembinaan Atlet &amp; Indonesia Digital Technopark. https://t.co/oPeI4OJ6Be","1502547555703746561","https://pbs.twimg.com/media/FNofA83aAAAytPl.jpg","","in","","0","0","11","https://x.com/tolakbigotnkri/status/1502547555703746561","1095278812181389312","tolakbigotnkri"
"1683851863853256705","Tue Jul 25 14:49:03 +0000 2023","652","Breaking Barriers Creating Milestones! Congratulations! @HDFC_BANK for becoming the first bank to process transactions worth Rs. 500 Cr on HDFC Bank RuPay Credit Card on UPI. #DigitalIndia #CashTransactions #Milestones #DigitalPayments #NPCI https://t.co/Iy49pbhY2k","1683851863853256705","https://pbs.twimg.com/media/F14-GRRakAAJBTh.jpg","","en","Mumbai","22","83","105","https://x.com/NPCI_NPCI/status/1683851863853256705","2979621200","NPCI_NPCI"
"1138646230131589121","Wed Jun 12 03:16:30 +0000 2019","3","Posisi KMA sbg DPS pd Bank BNI Syariah dan Bank Mandiri Syariah biasanya ditetapkan oleh RUPS PT. Persero Bank BNI dan Bank Mandiri sebagai BUMN serta merupakan induk dari Unit Usaha Syariah. Kalau KMA diangkat oleh RUPS maka jabatannya setingkat dgn direksi dan komisaris..","1138646230131589121","","","in","Manado-NorthSulawesi-Indonesia","0","0","1","https://x.com/R2__Adv/status/1138646230131589121","3162890917","R2__Adv"
"1138780874369929217","Wed Jun 12 12:11:32 +0000 2019","2","(3) Ttg satus KMA sbg Dewan Pengawas Syariah kalau tdk diangkat oleh RUPS baik PT. Persero Bank Mandiri atau PT. Bank Syariah Mandiri dan ternyata hanya diangkat oleh direksi perseoran maka status KMA adalah karyawan bank. Jika diangkat oleh RUPS KMA adalah pejabat bank.","1138780874369929217","","","in","Manado-NorthSulawesi-Indonesia","0","0","1","https://x.com/R2__Adv/status/1138780874369929217","3162890917","R2__Adv"
"1762830793557360701","Wed Feb 28 13:23:07 +0000 2024","1","rups (Rapat umum pemegang saham) tahunan bank bri bank bni bank mandiri Dan bank bca. Bank bri tanggal RUPS 1 maret 2024. Bank bni tanggal RUPS 4 maret 2024. Bank mandiri tanggal RUPS 7 maret 2024. Bank bca tanggal RUPS 14 2024. Kayanya semua membahas proyeksi dividen interim. https://t.co/23ZJ0cQRxG","1762830793557360701","https://pbs.twimg.com/media/GHbVQPca0AAqV7Q.jpg","","in","Jakarta Belongs To Me","0","0","1","https://x.com/Marlonsuckitcr1/status/1762830793557360701","1274797919191724032","Marlonsuckitcr1"
"1501736731804340224","Thu Mar 10 01:48:32 +0000 2022","0","Hari ini! RUPS Tahunan Bank Mandiri https://t.co/vNOe3YOw51","1501736731804340224","https://pbs.twimg.com/media/FNc9mHyaQAAgfJk.jpg","","in","Indonesia","0","1","0","https://x.com/iina_surbakti/status/1501736731804340224","992673313141899264","iina_surbakti"
"1503308942901796864","Mon Mar 14 09:55:56 +0000 2022","0","RUPS Tahunan Bank Mandiri 10 Maret 2022 @bankmandiri https://t.co/mkcCjjOP4w","1503308942901796864","https://pbs.twimg.com/media/FNzTgXCaIAMQOw-.jpg","","in","Indonesia","0","1","0","https://x.com/GerBangNKRI/status/1503308942901796864","884688698272501760","GerBangNKRI"
"1769920338597749095","Tue Mar 19 02:54:26 +0000 2024","4553","Pada Januari Fabianus Parus hendak menarik uang lewat mesin Anjungan Tunai Mandiri [ATM] PT Bank Rakyat Indonesia [Persero] Tbk. atau @BANKBRI_ID di Ruteng ibu kota Kabupaten Manggarai. Sebelum menarik uang hasil tabungannya dari bekerja sebagai buruh bangunan di Labuan Bajo https://t.co/UaAFF7bTgA","1769920338597749095","https://pbs.twimg.com/media/GJAE7zLb0AA493-.jpg","","in","Labuan Bajo","278","567","1700","https://x.com/floresadotco/status/1769920338597749095","2411986316","floresadotco"
"1354063761741668353","Tue Jan 26 13:48:52 +0000 2021","281","Ripple partner with lulu exchange and Federal Bank to enhance real-time payments from UAE to India that are faster and more affordable than ever before. Step into any of our 76 branches in the UAE #ripple #luluexchange @Ripple https://t.co/A1hZHeyV3s","1354063761741668353","https://pbs.twimg.com/ext_tw_video_thumb/1354034179990720513/pu/img/U3vZXYp8azrBqRlV.jpg","","en","Earth","2","8","55","https://x.com/BankXRP/status/1354063761741668353","937342499093471232","BankXRP"
"1818664968297820390","Wed Jul 31 15:08:12 +0000 2024","280","Digital Rupee grows 9% in just 3 months -- With IndusInd Bank as an offline CBDC solution. IndusInd Bank is a major Ripple Partner connecting Brazil/India and China. #BRICS+ #XRP https://t.co/akRBvWXw8r","1818664968297820390","https://pbs.twimg.com/media/GT0xmWvWUAAVxF0.jpg","","en","Fort Lauderdale, FL","9","3","87","https://x.com/ChadSteingraber/status/1818664968297820390","248007541","ChadSteingraber"
"1501548691190317059","Wed Mar 09 13:21:21 +0000 2022","0","Berikut Agenda RUPS Bank Mandiri tanggal 10 Maret 2022 https://t.co/rlI4vEaoWh","1501548697246920709","https://pbs.twimg.com/media/FNaSUBPaQAMvRVR.jpg","trenzsolo","in","Surakarta, Jawa Tengah","0","0","0","https://x.com/trenzsolo/status/1501548697246920709","2432735348","trenzsolo"
"1842359078972223744","Sat Oct 05 00:20:08 +0000 2024","893","secakep ini bjil big thanks ke mandiri. bener bener acara terniat yang pernah terjadi di antara acara-acara ultah HUT bank indonesia https://t.co/vMdGel5Lmo","1842359078972223744","https://pbs.twimg.com/media/GZFf0XdaoAAl8au.jpg","","in","","12","14","124","https://x.com/rubiidoyie_/status/1842359078972223744","1596860779197710339","rubiidoyie_"
"1626165177749045248","Thu Feb 16 10:22:45 +0000 2023","245","We re pleased to announce that @HDFC_Bank customers can now link their Rupay #creditcard with the BHIM app and other UPI-enabled apps to enjoy enhanced payment experiences with #UPI. Read More: https://t.co/JVfWPpUXhu @RuPay_npci @upichalega @NPCI_BHIM #India https://t.co/FKpSICjpHK","1626165177749045248","https://pbs.twimg.com/media/FpFMlrLWcAEmcGl.png","","en","Mumbai","6","44","37","https://x.com/NPCI_NPCI/status/1626165177749045248","2979621200","NPCI_NPCI"
"1230086462143483904","Wed Feb 19 11:07:21 +0000 2020","1","Lewat RUPS Chatib Basri Jadi Komisaris Utama Bank Mandiri https://t.co/0SDfsnrMkk","1230086462143483904","","","in","Jakarta Capital Region","1","0","2","https://x.com/cnbcindonesia/status/1230086462143483904","847372542830444544","cnbcindonesia"
"1501707927068966916","Wed Mar 09 23:54:04 +0000 2022","1","Agenda Rups Tahunan Bank Mandiri 10 maret 2022 #bankmandiri #livinbymandiri https://t.co/PPepT4i5E7","1501707927068966916","https://pbs.twimg.com/media/FNcjZp_VEAwZvaC.jpg","","in","","0","0","0","https://x.com/Julia_BSCF/status/1501707927068966916","1305172743432761345","Julia_BSCF"
"1767944342034067626","Wed Mar 13 16:02:32 +0000 2024","2","RUPS Bank Mandiri Putuskan Bagikan Dividen Rp 33 03 Triliun https://t.co/Li2HBKSN5a","1767944342034067626","https://pbs.twimg.com/media/GIj_y-tbEAAXNq5.jpg","","in","","6","6","0","https://x.com/AlamMengembang/status/1767944342034067626","1268450660254547968","AlamMengembang"
"1503309653538578433","Mon Mar 14 09:58:46 +0000 2022","0","Agenda RUPS tahunan Bank Mandiri 2022 @bankmandiri https://t.co/lnESQu30wv","1503309653538578433","https://pbs.twimg.com/media/FNzUKINacAAv4wp.jpg","","in","","0","0","0","https://x.com/geliatnegeri/status/1503309653538578433","1312385743017271296","geliatnegeri"
"1501510395965898752","Wed Mar 09 10:49:09 +0000 2022","0","Tgl 10 maret 2022 Ada RUPS Tahunan bank Mandiri https://t.co/p515mrA7Jd","1501510395965898752","https://pbs.twimg.com/media/FNZvvgYaUAg904R.jpg","","in","","0","0","0","https://x.com/militan_nkri/status/1501510395965898752","1369990928946003969","militan_nkri"
"1503308942901796864","Mon Mar 14 10:08:02 +0000 2022","1","RUPS Tahunan Bank Mandiri (BMRI) sepakan bagikan deviden Rp. 16 82 triliun @bankmandiri https://t.co/3SkiIWSZm5","1503311987106668547","https://pbs.twimg.com/media/FNzWSMMaIAM_PJZ.jpg","GerBangNKRI","in","Indonesia","0","1","0","https://x.com/GerBangNKRI/status/1503311987106668547","884688698272501760","GerBangNKRI"
"1767190151867101390","Mon Mar 11 14:05:39 +0000 2024","4","RUPS bank Mandiri dapet corkcicle tau gitu Aku ikutan ","1767190151867101390","","","in","","0","3","0","https://x.com/Raizeeel_/status/1767190151867101390","1371120491688124421","Raizeeel_"
"1229600495410479106","Tue Feb 18 02:56:17 +0000 2020","0","MUF mnyelenggarakan RUPS thn buku 2019 di Plaza Mandiri Jakarta Senin 17 Februari 2020. Dihadiri oleh Kuasa Pemegang Saham Bank Mandiri&amp;Dir. Bank Mandiri Komisaris Utama MUF Komisaris MUF serta DirUt MUF dan jajaran Direksi MUF. -Bag 1- #JanganTungguBesok #MandiriUtamaFinance https://t.co/eV9pxeQyPY","1229600495410479106","https://pbs.twimg.com/media/ERBrIm-WsAYHkR_.jpg","","in","Jakarta Capital Region","0","0","0","https://x.com/MU_Finance/status/1229600495410479106","763165095354523648","MU_Finance"
"1765706450578329906","Thu Mar 07 11:49:57 +0000 2024","0","RUPS 2024: Ini Jajaran Direksi &amp; Komisaris Terbaru Bank Mandiri https://t.co/GKwmNIPREr","1765706450578329906","","","in","Jakarta Capital Region","0","2","1","https://x.com/cnbcindonesia/status/1765706450578329906","847372542830444544","cnbcindonesia"
"1635449353166008322","Tue Mar 14 01:14:45 +0000 2023","6","RUPS Hari Ini Saham Bank Mandiri (BMRI) Berpotensi Dikerek https://t.co/MYFPWakuU6","1635449353166008322","","","in","Jakarta, Indonesia","0","2","2","https://x.com/InvestorID/status/1635449353166008322","238091066","InvestorID"
"1490664914285137928","Mon Feb 07 12:33:05 +0000 2022","0","PT Bank Mandiri (Persero) Tbk (BMRI) akan menyelenggarakan RUPS Tahunan pada 10 Maret 2022 pukul 14.00 WIB. Pemegang #saham yang namanya tercatat dalam Daftar Pemegang Saham pada 15 Februari 2022 pukul 16.00 WIB berhak hadir atau diwakili dalam acara tersebut. #BEI #IDX #RUPS https://t.co/ChyVVZ1ygm","1490664914285137928","https://pbs.twimg.com/media/FK_n0A7aUAwtl08.jpg","","in","","0","0","0","https://x.com/LumbungSaham/status/1490664914285137928","1079319056761507840","LumbungSaham"
"1502485120053575683","Sat Mar 12 03:22:22 +0000 2022","0","Mantab RUPS Tahunan bank Mandiri sepakat bagikan deviden Rp. 16.82 Trilyun https://t.co/lujGAGqArq","1502485120053575683","https://pbs.twimg.com/media/FNnmQAKaQAImBVC.jpg","","in","","0","0","0","https://x.com/pejuangind01/status/1502485120053575683","1102414874670297089","pejuangind01"
"1502294868164448264","Fri Mar 11 14:46:22 +0000 2022","0","Luar biasa RUPS Tahunan Bank Mandiri sukses bukukan dividen 16 trilyun rupiah https://t.co/f6WirihiqC","1502294868164448264","https://pbs.twimg.com/media/FNk4SNYWQAEq1Yu.jpg","","in","Surakarta, Jawa Tengah","0","1","0","https://x.com/trenzsolo/status/1502294868164448264","2432735348","trenzsolo"
"1354776380450484228","Thu Jan 28 13:00:34 +0000 2021","269"," JUST IN: Abu Dhabi's LuLu Exchange opens remittance corridor to India with Federal Bank and Ripple https://t.co/cq2dphEFbU #XRP #XRPCommunity #crypto #blockchain https://t.co/DjmxckmOcM","1354776380450484228","https://pbs.twimg.com/media/Es0h8CZXAAQwCYR.jpg","","en","Here","1","9","83","https://x.com/1CrypticPoet/status/1354776380450484228","1033739483609481216","1CrypticPoet"
"1861765665939419488","Wed Nov 27 13:34:59 +0000 2024","2879","WOW! INDIA S CENTRAL BANK THE RESERVE BANK OF INDIA (RBI) CONFIRMS THE USE OF RIPPLE S #XRP LEDGER FOR DIGITAL RUPEE PROJECT! 🇮🇳 https://t.co/0Fy25KWHPm","1861765665939419488","","","en","Dubai","29","51","687","https://x.com/_Crypto_Barbie/status/1861765665939419488","1492597243953790987","_Crypto_Barbie"
"1765702165492801723","Thu Mar 07 11:32:56 +0000 2024","0","RUPS Bank Mandiri Angkat Zainudin Amali Jadi Wakomut https://t.co/W81u6zHqc4","1765702165492801723","","","in","Jakarta Capital Region","0","2","0","https://x.com/cnbcindonesia/status/1765702165492801723","847372542830444544","cnbcindonesia"
"1638798985648541696","Thu Mar 23 07:05:00 +0000 2023","1","RUPS Tahunan PT Bank Mandiri (Persero) Tbk (BMRI) pada 14 Maret 2023 memberhentikan Boedi Armanto selaku Dewan Komisaris &amp; Panji Irawan selaku Direksi. RUPST mengangkat Heru Kristiyana &amp; Zainudin Amali sebagai Dewan Komisaris serta Eka Fitria sebagai Direksi. #BEI #IDX #Saham https://t.co/ymhRepQ4hl","1638798985648541696","https://pbs.twimg.com/media/Fr4of0xagAEvoNf.jpg","","in","","0","0","0","https://x.com/LumbungSaham/status/1638798985648541696","1079319056761507840","LumbungSaham"
"1757386155203661841","Tue Feb 13 12:48:04 +0000 2024","309"," RuPay Card Services in UAE 🇦🇪 That s India s RuPay Card in the Hands of UAE President Sheikh Mohammed Bin Zayed Al Nahyan Made in India Made for the World https://t.co/IP0QfsESVR","1757386155203661841","https://pbs.twimg.com/ext_tw_video_thumb/1757375114490859520/pu/img/3zyQiDQWK24_3c6K.jpg","","en","ravisutanjani@gmail.com","3","6","27","https://x.com/Ravisutanjani/status/1757386155203661841","2498279960","Ravisutanjani"
"1233312067655880704","Fri Feb 28 08:44:48 +0000 2020","0","Direktur Compliance &amp; Risk Bank Mantap Bapak Paulus Endra Suyatna menjelaskan bahwa untuk menjaga kinerja Bank Mantap agar tetap sustained dengan tata kelola Good Corporate Governance (GCG) yang baik dan terukur RUPS Bank Mantap menetapkan pengangkatan Komisaris Independen. https://t.co/cavDlJPzMq","1233312079555092482","https://pbs.twimg.com/media/ER2aQlzUwAUroV0.jpg","MandiriTaspen","in","Jakarta Capital Region","0","1","0","https://x.com/MandiriTaspen/status/1233312079555092482","1027496658706153472","MandiriTaspen"
"1672575267754377216","Sat Jun 24 11:59:53 +0000 2023","990","BOOM CONFIRM KOTAK MAHINDRA BANK Is Going To Use #Ripple #XRP For #CBDC . Kotak Mahindra Bank Partnered With #Ripple In 2018 &amp; Now Recently They Started The Pilot For Digital #Rupee Here's The Proof On Official Website Of #Ripple &amp; #KotakMahindraBank #India https://t.co/Qid74axlsP","1672575267754377216","https://pbs.twimg.com/media/FzYuUJ3aIAEqJiO.jpg","","en","EARTH","16","53","312","https://x.com/UniverseTwenty/status/1672575267754377216","1359669474769530882","UniverseTwenty"
"1621691258677731329","Sat Feb 04 02:05:00 +0000 2023","0","PT Bank Mandiri (Persero) Tbk (BMRI) akan menyelenggarakan RUPS Tahunan pada 14 Maret 2023. Pemegang saham yang namanya tercatat dalam Daftar Pemegang Saham BMRI pada 17 Februari 2023 pukul 16.00 WIB berhak hadir atau diwakili dalam acara tersebut. #BEI #IDX #RUPS #Saham https://t.co/HTisLfrP5V","1621691258677731329","https://pbs.twimg.com/media/FoFfrrRaEAEBZp9.jpg","","in","","0","0","0","https://x.com/LumbungSaham/status/1621691258677731329","1079319056761507840","LumbungSaham"
"1765696850919604579","Thu Mar 07 11:11:48 +0000 2024","1","Hasil RUPS Bank Mandiri: Danis &amp; Totok Naik Jabatan Jadi Direktur https://t.co/WkKuuNfSTX","1765696850919604579","","","in","Jakarta Capital Region","0","2","0","https://x.com/cnbcindonesia/status/1765696850919604579","847372542830444544","cnbcindonesia"
"1765312288058486868","Wed Mar 06 09:43:42 +0000 2024","0","tadinya mo ngajakin RUPS Bank Mandiri ehh lupa daftar...","1765312288058486868","","","in","MRT Line","0","0","0","https://x.com/masbent_/status/1765312288058486868","1080242406123945984","masbent_"
"1637434998000177154","Sun Mar 19 12:45:00 +0000 2023","0","PT Bank Mandiri (Persero) Tbk (BMRI) telah melaksanakan RUPS Tahunan pada 14 Maret 2023. RUPS menyetujui dilakukannya pemecahan nilai nominal saham (stock split) dengan rasio 1 : 2 atau dari Rp250 per saham menjadi Rp125 per saham. #BEI #IDX #Saham https://t.co/pyqaMpg0gR","1637434998000177154","https://pbs.twimg.com/media/FrlTc19aQAANi7I.jpg","","in","","0","0","0","https://x.com/LumbungSaham/status/1637434998000177154","1079319056761507840","LumbungSaham"
"1378901451687096320","Mon Apr 05 02:44:59 +0000 2021","578","Hon'ble Minister for MAUD @KTRTRS will be inaugurating a new #RoadunderBridge (#RUB) at Hitec City MMTS Station today. Taken up as part of #SRDP at a cost of ₹66.59 Cr this RUB will be a relief for motorists travelling between #HitecCity and #Kukatpally. @arvindkumar_ias https://t.co/34PF6SXApT","1378901451687096320","https://pbs.twimg.com/media/EyLXiupVIAAu1or.jpg","","en","Hyderabad, India","5","27","73","https://x.com/PrlsecyMAUD/status/1378901451687096320","986868823717429249","PrlsecyMAUD"
"1622219741053034498","Sun Feb 05 13:05:00 +0000 2023","0","PT Bank Mandiri (Persero) Tbk (BMRI) berencana untuk melakukan pemecahan nilai nominal saham (stock split) dengan rasio 1:2 dari Rp250 per saham akan menjadi Rp125 per saham. Rencana tersebut masih membutuhkan persetujuan RUPS pada 14 Maret 2023. #BEI #IDX #Saham https://t.co/on5i12CBlB","1622219741053034498","https://pbs.twimg.com/media/FoKhTu0aIAEFcuD.jpg","","in","","0","0","0","https://x.com/LumbungSaham/status/1622219741053034498","1079319056761507840","LumbungSaham"
"1362580800214945794","Fri Feb 19 01:52:32 +0000 2021","2","Bank Mandiri Gelar RUPS Tahunan 15 Maret Bahas Pembagian Dividen https://t.co/UXrT5fjGQ5","1362580800214945794","","","in","Jakarta, Indonesia","0","0","1","https://x.com/Bisniscom/status/1362580800214945794","118646322","Bisniscom"
"1138689275640205312","Wed Jun 12 06:07:33 +0000 2019","15","Baguslah kalau KMA sdh mengaku msh menjabat sbg DPS di bank syariah BNI dan Mandiri. DPS itu setingkat dgn direksi dan komisaris kalau diangkat oleh RUPS BUMN https://t.co/LeiexJRgyQ","1138689275640205312","","","in","Manado-NorthSulawesi-Indonesia","0","3","7","https://x.com/R2__Adv/status/1138689275640205312","3162890917","R2__Adv"
"1751959629733511647","Mon Jan 29 13:25:00 +0000 2024","0","Pada 7 Maret 2024 pukul 14.00 WIB PT Bank Mandiri (Persero) Tbk (BMRI) akan menyelenggarakan #RUPS Tahunan. Pemegang #saham yang namanya tercatat dalam Daftar Pemegang Saham BMRI pada 12 Februari 2024 pukul 16.00 WIB berhak hadir atau diwakili dalam acara tersebut. #BEI #IDX https://t.co/jMcRTMddCG","1751959629733511647","https://pbs.twimg.com/media/GFAzC7AbcAAfdvk.jpg","","in","","0","0","4","https://x.com/LumbungSaham/status/1751959629733511647","1079319056761507840","LumbungSaham"
"1635590744089018371","Tue Mar 14 10:36:35 +0000 2023","279","Rapat Umum Pemegang Saham Tahunan (RUPST) 2023 PT Bank Mandiri (Persero) Tbk (BMRI) sepakat untuk merombak susun jajaran komisaris perusahaan Selasa (14/3). #bisnisupdate #update #bisnis #oneliner https://t.co/UD9w9NcOa3 https://t.co/pcfsPTqgOW","1635590744089018371","https://pbs.twimg.com/media/FrLI_ujX0AEe_c6.jpg","","in","","111","154","100","https://x.com/kumparan/status/1635590744089018371","759692754985242625","kumparan"
"1116171944334897156","Thu Apr 11 02:51:43 +0000 2019","1","Dhadiri o/ pwakilan pmegang saham: Bank Mandiri Asco Investindo&amp;Tunas Ridean srta Dwan Kmisaris&amp;Jajaran Dreksi MUF. Acra yg blangsung di Ruang Belitung Plaza Mandiri Jkt jg mbahas strtegi MUF u/ mcapai trget thn 19. Bag 2 #JanganTungguBesok #MandiriUtamaFinance #rups2019 #rups https://t.co/hYUjVbHaDa","1116171944334897156","https://pbs.twimg.com/media/D31wd7rXkAEqleo.jpg","","in","Jakarta Capital Region","0","0","0","https://x.com/MU_Finance/status/1116171944334897156","763165095354523648","MU_Finance"
"1494886625427738627","Sat Feb 19 04:08:39 +0000 2022","262","Wow BNI dan BRI mengejutkan Bank Nagita Indonesia dan Bank Rafi Indonesia. Tambah lagi Bank Rafathar Indonesia. https://t.co/rVAFRqwurV","1494886625427738627","https://pbs.twimg.com/media/FL7ndpeagAU1_EF.jpg","","in","","0","8","14","https://x.com/faiz_annr/status/1494886625427738627","3006754352","faiz_annr"
"1501522913216036865","Wed Mar 09 11:38:54 +0000 2022","2","Informasi gaes.. Besok akan diadakan RUPS Tahunan @bankmandiri.. Menarik melihat laporan keuangan Bank Mandiri sepanjang tahun 2021.. Jokowi Gaspol Pemulihan Ekonomi https://t.co/NZwUweDbNh","1501522913216036865","https://pbs.twimg.com/media/FNZ7IEZaIAI1gL4.jpg","","in","Indonesia","1","2","1","https://x.com/NalarPolitik_/status/1501522913216036865","214159664","NalarPolitik_"
"1675119560955969537","Sat Jul 01 12:30:00 +0000 2023","418","Experience comfort &amp; convenience of UPI payments through our RuPay Credit cards for instant easy &amp; safe digital payments. Apply Now: https://t.co/0WLBkEiEMW #UnionBankOfIndia #GoodPeopleToBankWith #AmritMahotsav #PowerOfU https://t.co/tAWOHlIJwV","1675119560955969537","https://pbs.twimg.com/ext_tw_video_thumb/1675104696930025472/pu/img/KCyWZT2KbLfE_fHy.jpg","","en","Mumbai, India","2","3","76","https://x.com/UnionBankTweets/status/1675119560955969537","787149332449492992","UnionBankTweets"
"1340982498637967360","Mon Dec 21 11:28:36 +0000 2020","886","Inaugurated 15 branches of Jana Small Finance Bank in the State through video conferencing from Gandhinagar. https://t.co/C9QDO2xTZG","1340982498637967360","https://pbs.twimg.com/media/EpwgeLOVgAABLlX.jpg","","en","Gandhinagar ","4","10","423","https://x.com/vijayrupanibjp/status/1340982498637967360","627355202","vijayrupanibjp"
"1765623879089999879","Thu Mar 07 06:21:51 +0000 2024","0","RUPS Bank Mandiri souvenirnya corkcircle ... TAHU GITU AKU KE SANA GAK SIH ...","1765623879089999879","","","in","St Petersburg, FL","2","1","0","https://x.com/ursymphonies/status/1765623879089999879","1572214229733871617","ursymphonies"
"1765895739325161653","Fri Mar 08 00:22:07 +0000 2024","8","RUPS Bank Mandiri memutuskan pembagian 60% Laba yang setara Rp353 95 per Lembar","1765895739325161653","","","in","Indonesia","0","0","2","https://x.com/doktermarket/status/1765895739325161653","311312187","doktermarket"
"1233298447299563520","Fri Feb 28 07:50:40 +0000 2020","4","Direktur Compliance &amp; Risk Bank Mantap Bapak Paulus Endra Suyatna menjelaskan bahwa untuk menjaga kinerja Bank Mantap agar tetap sustained dengan tata kelola Good Corporate Governance (GCG) yang baik dan terukur RUPS Bank Mantap menetapkan pengangkatan Komisaris Independen. https://t.co/6CxKhWcv6e","1233298459131727873","https://pbs.twimg.com/media/ER2M_sxUEAAemvP.jpg","MandiriTaspen","in","Jakarta Capital Region","0","1","0","https://x.com/MandiriTaspen/status/1233298459131727873","1027496658706153472","MandiriTaspen"
"1758399508571177243","Fri Feb 16 07:54:46 +0000 2024","0","Bank Mandiri akan menggelar Rapat Umum Pemegang Saham (RUPS) pada bulan depan. Salah satu agenda rapat Bank Mandiri adalah penetapan penggunaan laba bersih perseroan tahun buku yang berakhir pada 31 Desember 2023. #bankmandiri https://t.co/5gIDySmF3N","1758399508571177243","https://pbs.twimg.com/media/GGcXARfbMAAx6Sr.jpg","","in","","0","0","0","https://x.com/Julia_BSCF/status/1758399508571177243","1305172743432761345","Julia_BSCF"
"1516770727420362758","Wed Apr 20 13:28:16 +0000 2022","746","Rupa &amp; Company Business model: Why Abakkus fund is buying it? Can it be next PAGE Industry? A thread (1/20) https://t.co/3JHGvYNZbY","1516770727420362758","https://pbs.twimg.com/media/FQyjmazaUAMwR_r.png","","en","Guwahati ","8","29","190","https://x.com/SwarnashishC/status/1516770727420362758","945273222299238400","SwarnashishC"
"1194156462315978752","Tue Nov 12 07:34:21 +0000 2019","1321","14 अगस्त 2017 को मनीमाजरा में रेलवे अंडर ब्रिज का शिलान्यास रखा था और 11 नवंबर 2019 को 7.25 करोड़ की लागत से बने RUB को चंडीगढ़ की जनता के लिए खोल दिया। अब चंडीगढ़ की जनता का कीमती समय रेलवे फाटक पर खड़े रहकर ख़राब नहीं होगा। विकास किया है विकास करेंगे #MyCityMyPeoole https://t.co/Ixvouv85cj","1194156462315978752","https://pbs.twimg.com/media/EJJ-7y2UEAI24RO.jpg","","hi","Chandigarh, New Delhi","8","37","77","https://x.com/KirronKherBJP/status/1194156462315978752","2395668313","KirronKherBJP"
"1101382251558797312","Fri Mar 01 07:22:46 +0000 2019","424","लोगों के बीच #RuPay डेबिट कार्ड की लोकप्रियता तेजी से बढ़ रही है प्रधानमंत्री जन-धन योजना के अंतर्गत अब तक 27.44 करोड़ RuPay डेबिट कार्ड लाभार्थियों को जारी किए जा चुके हैं। #PMJDY https://t.co/dg1St9M4hI","1101382251558797312","https://pbs.twimg.com/media/D0jlT4eV4AAeB7i.jpg","","hi","New Delhi, India","7","12","105","https://x.com/OfficeOfRSP/status/1101382251558797312","882219929709105152","OfficeOfRSP"
"1176379732666933248","Tue Sep 24 06:15:59 +0000 2019","536","Customers outside a branch of Panjab &amp; Maharashtra bank in Andheri East. This bank is in trouble for a long time.Huge discrepancies have been found in its audit. RBI has put some embargo on withdrawals. It may collapse sooner or later. https://t.co/SaZL9MwxB7.","1176379732666933248","https://pbs.twimg.com/ext_tw_video_thumb/1176371266111934465/pu/img/WM5v1LDhEi8dZffi.jpg","","en","Mumbai","6","11","150","https://x.com/sanjaynirupam/status/1176379732666933248","20427494","sanjaynirupam"
"1518994594641367040","Tue Apr 26 16:45:07 +0000 2022","326","4th largest bank in the world and Ripple customer cuts remittance free by 80% through subsidiary and Ripple customer Bank of Ayudha and subsidiary bank Danamon. #xrpthestandard #xrp https://t.co/gsPTNpE5Ud","1518994594641367040","https://pbs.twimg.com/media/FRSNiJ7WYAAKhAl.jpg","","en","Manhattan, NY","3","11","97","https://x.com/TeholBeddictXRP/status/1518994594641367040","1064230675983859714","TeholBeddictXRP"
"1634913734803206144","Sun Mar 12 13:46:24 +0000 2023","198","Kudus score. MTN monitwaaasidi for not allowing my deposit to go through!!","1634913734803206144","","","en","","0","14","49","https://x.com/Ruf_ayi/status/1634913734803206144","1194374395202097154","Ruf_ayi"
"1502623222637817856","Sat Mar 12 12:31:08 +0000 2022","0","RUPS tahunan Bank Mandiri @bankmandiri sepakat bagikan dividen Rp 16 82 triliun https://t.co/78y9cJF5Ek","1502623222637817856","https://pbs.twimg.com/media/FNpjsf6VIAUwfAI.jpg","","in","Bali, Indonesia","1","1","0","https://x.com/nafisahtanjung/status/1502623222637817856","859443145259364352","nafisahtanjung"
"1301113782114988037","Wed Sep 02 11:04:33 +0000 2020","1","Hasil RUPS menyatakanRoyke menuturkan didapuknya Silvano sebagai Dir Direktur Utama Bank Mandiri Royke Tumilaar didapuk menjadi Direktur Utama BNI. https://t.co/ANd0HWcUve","1301113782114988037","","","in","Jakarta","0","0","0","https://x.com/kompascom/status/1301113782114988037","23343960","kompascom"
"1501513155302027264","Wed Mar 09 11:00:07 +0000 2022","1","Bank Mandiri menyelenggarakan RUPS 2022 besok Kamis 10 Maret 2022. https://t.co/BAa0LnsN66","1501513155302027264","https://pbs.twimg.com/media/FNZyQUAaIAAcYDZ.jpg","","in","","0","0","0","https://x.com/StellaSuwardi/status/1501513155302027264","1003935463961341953","StellaSuwardi"
"1357974740804116481","Sat Feb 06 08:49:42 +0000 2021","0","Bank Mandiri Bakal Gelar RUPS di Maret Catat Jadwalnya #LengkapCepatBeritanya #Keuangan #Ekonomi #InfoSaham #HargaSaham . https://t.co/iRlWOqyJFP","1357974740804116481","","","in","Jakarta","0","0","0","https://x.com/okezonenews/status/1357974740804116481","47274731","okezonenews"
"1488019998228369415","Mon Jan 31 05:23:08 +0000 2022","0","Bank Mandiri akan menggelar RUPS Tahunan pada 10 Maret 2022. Apa saja agendanya? https://t.co/Q7PbRTLfgN","1488019998228369415","","","in","","0","0","0","https://x.com/kumparan/status/1488019998228369415","759692754985242625","kumparan"
"1501714724010196992","Thu Mar 10 00:21:05 +0000 2022","0","Begini agenda RUPS Tahunan Bank Mandiri hari ini Kamis 10 Maret 2022. https://t.co/p1IwX1nReV","1501714724010196992","https://pbs.twimg.com/media/FNcplQxaQAA30K7.jpg","","in","","0","0","0","https://x.com/StellaSuwardi/status/1501714724010196992","1003935463961341953","StellaSuwardi"
"1494510180419080194","Fri Feb 18 03:12:48 +0000 2022","0","Bank Mandiri akan Bahas 8 Mata Acara dalam RUPS Tahunan pada 10 Maret 2022 https://t.co/f07msfuHCk @bankmandiri @ojkindonesia @IDX_BEI https://t.co/mQYeN0zY2v","1494510180419080194","https://pbs.twimg.com/media/FL2Q_rBUcAYIaPg.png","","in","DKI Jakarta, Indonesia","0","0","0","https://x.com/KoranBUMN/status/1494510180419080194","811897280563290112","KoranBUMN"
"1483405281187237895","Tue Jan 18 11:45:54 +0000 2022","243","Rupa&amp;Co #RUPA HDFC securities upgrades it with TP of 626Rs Expects the earnings momentum to continue going forward Reduced a lot of debt Generated good OCF for FY21 Expects Better H2 Return ratios have seen a marked improvement Premiumization-leading to margin expansion https://t.co/bNyyUFiFzt","1483405281187237895","https://pbs.twimg.com/media/FJYdOUNaIAcNZ5j.jpg","","en","Mangalore, India","1","12","31","https://x.com/nid_rockz/status/1483405281187237895","197627400","nid_rockz"
"1635445656226762752","Tue Mar 14 01:00:04 +0000 2023","0","RUPS Bank Mandiri rencananya digelar di Auditorium Plaza Mandiri mulai pukul 14.00 WIB. #kumparanBisnis #bisnis #bisnisupdate https://t.co/F2AqydiHqW","1635445656226762752","","","in","","0","0","0","https://x.com/kumparan/status/1635445656226762752","759692754985242625","kumparan"
"1357141588011483141","Thu Feb 04 01:39:03 +0000 2021","1","Bank Mandiri (BMRI) Mau Gelar RUPS Maret. Catat Jadwalnya! https://t.co/bN7m2MbdRM","1357141588011483141","","","in","Jakarta, Indonesia","0","0","0","https://x.com/Bisniscom/status/1357141588011483141","118646322","Bisniscom"
"1228893581928259587","Sun Feb 16 04:07:16 +0000 2020","5","Anak usaha Bank Mandiri PT Bank Mandiri Taspen (Bank Mantap) melakukan perombakan direksi dan komisaris perusahaan. https://t.co/QbZUv3a7MQ","1228893581928259587","","","in","","2","1","0","https://x.com/detikcom/status/1228893581928259587","69183155","detikcom"
"1765300690652688846","Wed Mar 06 08:57:37 +0000 2024","0","switching some gojek to bank mandiri before rups ","1765300690652688846","","","en","Orange Farm, South Africa","0","1","0","https://x.com/fatarisu/status/1765300690652688846","1464657871124242432","fatarisu"
"1399340340599934977","Mon May 31 12:21:50 +0000 2021","237","Rupa&amp;Company #rupa Another level Too too good numbers Killed it Bumper ocf Big qoq growth Cheap valns 5rs dividend Rev at 457cr vs 181cr Pbt at 88cr vs 1.3cr Q3 PBT at 58.8cr PAT at 66cr vs -5cr Q3 PAT was 43cr Q4 eps of 8.3rs Q3 eps was 5.4rs Ocf at 210cr vs 90cr https://t.co/Q93x4nKPEp","1399340340599934977","https://pbs.twimg.com/media/E2t0ntEVEAQQ49C.jpg","","en","Mangalore, India","3","14","28","https://x.com/nid_rockz/status/1399340340599934977","197627400","nid_rockz"
"1765865284798489047","Thu Mar 07 22:21:06 +0000 2024","1","Hasil RUPS Bank Mandiri 2024 Ada 2 SEVP Promosi jadi Direktur https://t.co/EAW4ndKOAh","1765865284798489047","","","in","Jakarta, Indonesia","0","0","0","https://x.com/Bisniscom/status/1765865284798489047","118646322","Bisniscom"
"1371374438696980480","Mon Mar 15 08:15:19 +0000 2021","0","Siap-Siap Bank Mandiri $BMRI Bakal Tetapkan Dividen 2020 Yang ikut RUPS bagi bocorannya dong belum ada beritanya nih. https://t.co/P0S0Q2qgmX","1371374438696980480","","","in","Jakarta","0","0","0","https://x.com/giewhydi/status/1371374438696980480","713814955","giewhydi"
"1597819989238894592","Wed Nov 30 05:09:06 +0000 2022","301","More #digital financing power to #India ahead. RBI to launch e-Rupee from Dec 1st. The pilot project to be executed in partnership with four banks. @RBI @YESBANK @TheOfficialSBI @ICICIBank @IDFCFIRSTBank #MONEY #finances #Rupee #Banks #news","1597819989238894592","","","en","Mumbai, Delhi","0","1","8","https://x.com/tejasvisharma/status/1597819989238894592","102296194","tejasvisharma"
"1724559179245834313","Tue Nov 14 22:45:23 +0000 2023","456"," BREAKING NEWS: India s Banks Set to Launch Wholesale CBDC by January Next Year! Big Indian Banks like Kotak Mahindra Bank and Yes Bank already partnered with #Ripple in 2018 https://t.co/gVJsJXbXUr https://t.co/FfI4HzzGVL https://t.co/vvwyN2ie2W https://t.co/cgN68OHS2u","1724559179245834313","https://pbs.twimg.com/media/F-7cw5dXAAAfqy6.jpg","","en","Dubai","8","16","149","https://x.com/_Crypto_Barbie/status/1724559179245834313","1492597243953790987","_Crypto_Barbie"
"1757377962049941599","Tue Feb 13 12:15:31 +0000 2024","191","ये है नए भारत की ताकत! भारत के UPI को पूरी दुनिया अपना रही है। प्रधानमंत्री श्री @narendramodi जी और संयुक्त अरब अमीरात के राष्ट्रपति शेख मोहम्मद बिन जायद अल नाहयान ने अबू धाबी में UPI RuPay कार्ड की सेवा लॉन्च की। https://t.co/78hFBzlJuh","1757377962049941599","https://pbs.twimg.com/ext_tw_video_thumb/1757377867388710912/pu/img/lklZhoz9GZE_WHd0.jpg","","hi","Bhopal, Madhya Pradesh","0","3","85","https://x.com/BJP4MP/status/1757377962049941599","1618490684","BJP4MP"
"1310895981983014913","Tue Sep 29 10:55:32 +0000 2020","0","Bahas Jabatan Direksi Lowong Bank Mandiri RUPS 21 Oktober 2020 https://t.co/CANtiPswlf","1310895981983014913","","","in","Jakarta, Indonesia","0","0","0","https://x.com/Bisniscom/status/1310895981983014913","118646322","Bisniscom"
"1693153960742539427","Sun Aug 20 06:52:16 +0000 2023","15"," Ngapain datang RUPS dan posting souvernir segala? . Ya sejak RUPS Bank Mandiri tahun 2021 hingga saat ini masih terus saya lakukan. Mau orang lain protes biarkan saja. Pihak emiten saja tidak keberatan.","1693153960742539427","","","in","kokogiovanni@gmail.com","0","1","4","https://x.com/KokoGiovanni/status/1693153960742539427","139982550","KokoGiovanni"
"1635588126637961218","Tue Mar 14 10:26:11 +0000 2023","0","Berdasarkan hasil RUPS Bank Mandiri eks Menteri Pemuda dan Olahraga (Menpora) Zainudin Amali diangkat menjadi salah satu anggota komisaris perusahaan. #kumparanbisnis #bisnisupdate #bankmandiri https://t.co/6Y1fZx6A7p","1635588126637961218","","","in","","0","0","15","https://x.com/kumparan/status/1635588126637961218","759692754985242625","kumparan"
"1647891638134648832","Mon Apr 17 09:15:57 +0000 2023","620","SBI Holding's MoneyTap which uses RippleNet has been adopted by Yamaguchi Bank Momiji Bank and Kitakyushu Bank for P2P payments and remittances. https://t.co/0mBTKiRMrj https://t.co/M1wiAiP4dg","1647891638134648832","https://pbs.twimg.com/media/Ft58kCTaMAQDCG9.png","","en","","5","20","191","https://x.com/WKahneman/status/1647891638134648832","1073380009958608896","WKahneman"
"1488389814194171904","Tue Feb 01 05:52:39 +0000 2022","236","Now enjoy a range of advantages like reward points cashback benefits and insurance benefits with PNB Patanjali RuPay Credit Card . Available in two variants- Platinum and Select. #RuPayCreditCards https://t.co/Zta8e4EmNn","1488389814194171904","https://pbs.twimg.com/media/FKfSo1VVEAALZtn.jpg","","en","","9","27","110","https://x.com/RuPay_npci/status/1488389814194171904","2375617663","RuPay_npci"
"1542306242701320192","Thu Jun 30 00:37:17 +0000 2022","366","Sumitomo Mitsui Banking Corporation operating in 40+ countries the 12th biggest bank in the world by total assets invested in Money Tap a @ripple technology. SBI will accelerate business development by increasing the number of connected financial institutions to Money Tap. https://t.co/0AKxcqb2VK","1542306242701320192","https://pbs.twimg.com/media/FWdcBuOUUAAENsh.png","","en","Tokyo","1","11","93","https://x.com/sentosumosaba/status/1542306242701320192","830711834848043008","sentosumosaba"
"1372038958222221312","Wed Mar 17 04:15:53 +0000 2021","0","Bank Mandiri (BMRI) akan membagikan deviden pada RUPS. BMRI menyetujui 60% dari laba bersih Bank Mandiri pada tahun 2020 atau sekitar 10 27 trilyun sebagai deviden yg ajan dibagikan setara Rp 220 per saham. https://t.co/AWdyNblHRl","1372038958222221312","https://pbs.twimg.com/media/Ewp2KR7UcAI2MG6.jpg","","in","","0","0","0","https://x.com/Adjieadjie10/status/1372038958222221312","1190958213748805632","Adjieadjie10"
"1323129411588087808","Mon Nov 02 05:06:48 +0000 2020","651","Bankir Mandiri presentasi jago tapi kinerja pas2an! Fwrd: ALL MANDIRI BANKERS. Dibail-out APBN via obligasi rekap Rp178T aset Mandiri 7X aset BRI yg dibailout Rp 39T 1999-2019: laba Mandiri kecil dibanding BRI. Mandiri kumpulkan laba Rp199T. BRI Rp271T https://t.co/YatRFXuIEv","1323129411588087808","","","in","","8","22","185","https://x.com/RamliRizal/status/1323129411588087808","452992293","RamliRizal"
"1502458098925322240","Sat Mar 12 01:34:59 +0000 2022","0","RUPS Tahunan Bank Mandiri yang diselenggarakan Kamis. 10 Maret 2022 lalu sepakat membagikan dividen Rp 16 82 T. https://t.co/fkvdlicD8e","1502458098925322240","https://pbs.twimg.com/media/FNnNrZQaQAYsOSq.jpg","","in","","0","0","0","https://x.com/StellaSuwardi/status/1502458098925322240","1003935463961341953","StellaSuwardi"
"1384140580943323146","Mon Apr 19 13:43:25 +0000 2021","190","Follow the road to success with Rupay Jandhan Card. It also gets you covered so that you can focus on what matters the most. #JandhanCard #InsuranceCover https://t.co/low5ZhXClq","1384140580943323146","https://pbs.twimg.com/media/EzV0hXpVoAAiFcT.jpg","","en","","0","25","29","https://x.com/TheOfficialSBI/status/1384140580943323146","2251588934","TheOfficialSBI"
"1752975469312627106","Thu Feb 01 08:41:35 +0000 2024","0","Siddik Badruddin ke Pertamina Bank Mandiri (BMRI) Gelar RUPS 7 Maret 2024 https://t.co/GBIBgmycSb","1752975469312627106","","","in","Jakarta, Indonesia","0","0","3","https://x.com/Bisniscom/status/1752975469312627106","118646322","Bisniscom"
"1862863263903440978","Sat Nov 30 14:16:27 +0000 2024","363","In total Rs 80 000 was sent to Rubi bank account We are procuring the essentials for her marriage #KreatelyKanyadaan","1862863263903440978","","","en","","0","2","157","https://x.com/KreatelyMedia/status/1862863263903440978","1269723970405875712","KreatelyMedia"
"1842361524012421373","Sat Oct 05 00:29:51 +0000 2024","0","pengen ikut rups bank mandiri ya allah moga kesampean","1842361524012421373","","","in","Groningen","0","0","0","https://x.com/oneweekxne/status/1842361524012421373","1289582581080498176","oneweekxne"
"1191712955118837760","Tue Nov 05 13:44:44 +0000 2019","292","A PMC bank customer reached out to me seeking my advice. His life savings are tied up and he has nothing to fall back on. In the face of human tragedies like this official response has been callous cruel and indifferent. Shameful. https://t.co/9Pd4zzywKA","1191712955118837760","https://pbs.twimg.com/media/EInQnTTWoAAEDNg.jpg","","en","","17","25","213","https://x.com/rupasubramanya/status/1191712955118837760","151432737","rupasubramanya"
"1318815668725182464","Wed Oct 21 07:25:32 +0000 2020","0","PT Bank Mandiri (Persero) Tbk menggelar rapat umum pemegang saham (RUPS) hari ini Rabu (21/10/2020). https://t.co/zJUbBAWyWm #iNewsid #Finance","1318815668725182464","","","in","Jakarta, Indonesia","0","0","0","https://x.com/inewsdotid/status/1318815668725182464","944180887171743745","inewsdotid"
"1233280120137375746","Fri Feb 28 06:37:48 +0000 2020","397"," ವಿಜಯ ಬ್ಯಾಂಕು ಬ್ಯಾಂಕ್ ಆಫ್ ಬರೋಡ ಜೊತೆ ವಿಲಿನವಾಯಿತು ಜೊತೆಯಲ್ಲಿ ಕನ್ನಡನ್ನು ಮಾಯವಾಯಿತು. ಎಂಜಿ ರಸ್ತೆಯ ಬ್ಯಾಂಕ್ ಆಫ್ ಬರೋಡ ಹೊಸ ನಾಮಫಲಕದಲ್ಲಿ ಕೇವಲ ಹಿಂದಿ ಇಂಗ್ಲಿಷ್ ಮಾತ್ರ ಬಳಕೆ.. ಒಟ್ನಲ್ಲಿ ಕನ್ನಡದ ಮಾರಣಹೋಮ. ಇದೆಂತಹ ದಬ್ಬಾಳಿಕೆ ನಮಗೆ ಹಿಂದಿ ಬೇಕಿಲ್ಲಾ ದ್ವಿಭಾಷ ನೀತಿ ಸಾಕು.. @kdabengaluru @CTRavi_BJP https://t.co/fKFkxPJ7QR","1233280120137375746","https://pbs.twimg.com/media/ER19uNFUwAcAQhQ.jpg","","kn","Bengaluru, India","9","15","120","https://x.com/rajanna_rupesh/status/1233280120137375746","1003222608312012800","rajanna_rupesh"
"1377591596384854016","Thu Apr 01 12:00:05 +0000 2021","0","Rasanya terpikirkan untuk mencari tote bag motid batik. Mau datang ke RUPS Bank Mandiri dan Bank BNI. Namun saya tetap menggunakan totebag Jenius. Habisnya totebag kuat banget hampir dua tahun masih awet.","1377591596384854016","","","in","kokogiovanni@gmail.com","0","0","0","https://x.com/KokoGiovanni/status/1377591596384854016","139982550","KokoGiovanni"
"1371480713703395346","Mon Mar 15 15:17:37 +0000 2021","5","Pembukaan RUPS Tahunan Bank Mandiri 2021 digelar di Jakarta. Pemegang saham menyetujui besaran dividen sebesar 60% dari laba bersih tahun 2020. https://t.co/nOEdQY1cuc","1371480713703395346","","","in","Jakarta, Indonesia","1","1","0","https://x.com/detikfinance/status/1371480713703395346","135795460","detikfinance"
"1318726079855558657","Wed Oct 21 01:29:32 +0000 2020","0","PT Bank Mandiri (Persero) Tbk sore ini menggelar Rapat Umum Pemegang Saham (RUPS) untuk memilih direktur utama baru. https://t.co/LnUwzh0UD7 #iNewsid #Finance","1318726079855558657","","","in","Jakarta, Indonesia","0","0","0","https://x.com/inewsdotid/status/1318726079855558657","944180887171743745","inewsdotid"
"1397391499298435074","Wed May 26 03:17:50 +0000 2021","333","Hampir semua Dirut Bank BUMN alumni Bank Mandiri Corporate Bankers yg tidak sensitif. Gross Spread selisih bunga pinjaman dan deposito termasuk tertinggi (3%) di dunia. Tidak perlu genjot fees lagi Kopas: Bank Mandiri BRI BNI BTN dilaporkan ke KPPU https://t.co/J2K7SuDCp1","1397391499298435074","","","in","","7","16","123","https://x.com/RamliRizal/status/1397391499298435074","452992293","RamliRizal"
"1318493426275381249","Tue Oct 20 10:05:03 +0000 2020","0","Segera gelar RUPS ini nama-nama calon kuat kursi direktur utama Bank Mandiri https://t.co/QM7Rpnsco2 #BankMandiri","1318493426275381249","","","in","Jakarta, Indonesia","0","0","0","https://x.com/KontanNews/status/1318493426275381249","43799886","KontanNews"
"1331575374958923776","Wed Nov 25 12:28:03 +0000 2020","2062","The Lakshmi Vilas Bank Ltd. branches to operate as DBS Bank India Ltd. branches from November 27 2020 https://t.co/TLfSfhvXOm","1331575374958923776","","","en","India","59","153","295","https://x.com/RBI/status/1331575374958923776","478432912","RBI"
"1501491364940247040","Wed Mar 09 09:33:32 +0000 2022","0","RUPS tahunan Bank Mandiri 10 Maret 2022 https://t.co/3Gdnn0ZCtt","1501491364940247040","https://pbs.twimg.com/media/FNZeSCPVIAEmW8d.jpg","","in","DKI Jakarta, Indonesia","0","0","0","https://x.com/megakumalasarie/status/1501491364940247040","1311246925883035648","megakumalasarie"
"1166676288683331584","Wed Aug 28 11:37:57 +0000 2019","3","PT Bank Mandiri (Persero) Tbk menggelar Rapat Umum Pemegang Saham Luar Biasa (RUPS LB). Rapat itu digelar terkait perombakan atau pergantian direksi. #BankMandiri https://t.co/qOs4Tb6gPs","1166676288683331584","","","in","Jakarta, Indonesia","0","0","2","https://x.com/detikfinance/status/1166676288683331584","135795460","detikfinance"
"1371465026301661199","Mon Mar 15 14:15:17 +0000 2021","0","$BMRI Hasil rapat umum pemegang saham (RUPS) Bank Mandiri memutuskan bagi dividen gaes. Per lembar sahamnya Rp. 220 ","1371465026301661199","","","in","Bali, Indonesia","0","0","0","https://x.com/wargasiber/status/1371465026301661199","1235419934655541248","wargasiber"
"1152416877655674880","Sat Jul 20 03:16:09 +0000 2019","3487","Bank Mandiri lagi eror kayaknya cek saldo dah banyak yg berkurang dan banyak yang bertambah drastis. Banyak juga yang masih gitu gitu aja padahal udah jalan lama :(","1152416877655674880","","","in","Indonesia","57","129","548","https://x.com/radenrauf/status/1152416877655674880","26970305","radenrauf"
"1318876870910226434","Wed Oct 21 11:28:44 +0000 2020","0","@bankmandiri melanjutkan regenerasi kepemimpinan perseroan melalui penunjukan talenta internal sebagai nahkodanya. Dalam Rapat Umum Pemegang Saham Luar Biasa (RUPS LB) Bank Mandiri di Jakarta Rabu (21/10). #BUMNMaju https://t.co/2WlyKTUf86","1318876870910226434","","bankmandiri","in","Indonesia","0","1","0","https://x.com/NalarPolitik_/status/1318876870910226434","214159664","NalarPolitik_"
"1635557268312948737","Tue Mar 14 09:14:14 +0000 2023","0","@itstikakid RUPS Bank Mandiri memang rutin saya hadiri.","1635570018674155520","","itstikakid","in","kokogiovanni@gmail.com","0","0","0","https://x.com/KokoGiovanni/status/1635570018674155520","139982550","KokoGiovanni"
"1475322843768373249","Mon Dec 27 04:29:10 +0000 2021","6","Selama 2021 saya datang ke beberapa RUPS (Rapat Umum Pemegang Saham) secara fisik. Mulai dari Bank Mandiri Bank BNI Astra International Bank BSI Bank Neo Commerce dan AKR Corporindo (Senin lalu). Dalam setahun cuma enam kali. Jadi tidak rajin-rajin banget. #CeritaRUPS","1475322843768373249","","","in","kokogiovanni@gmail.com","0","7","4","https://x.com/KokoGiovanni/status/1475322843768373249","139982550","KokoGiovanni"
"1635503280947367936","Tue Mar 14 04:49:03 +0000 2023","0","Bank Mandiri (BMRI) menyiapkan delapan agenda dalam RUPS tahunan yang dilaksanakan hari ini termasuk pembagian dividen dan perombakan direksi-komisaris. https://t.co/top0vAcdU4","1635503280947367936","","","in","Jakarta, Indonesia","0","0","1","https://x.com/Bisniscom/status/1635503280947367936","118646322","Bisniscom"
"1501738734726696962","Thu Mar 10 01:56:29 +0000 2022","0","hari ini tgl 10 maret Bank Mandiri akan menyelenggarakan RUPS tahunan...dan saya yakin bank mandiri sebagai BUMN pasti progres dibanding tahun kemarin https://t.co/tX44LBtdwZ","1501738734726696962","https://pbs.twimg.com/media/FNc-2DFVcAEwV56.jpg","","in","","0","0","0","https://x.com/Santriwati_/status/1501738734726696962","101046706","Santriwati_"
"1574029758656319488","Sun Sep 25 13:35:13 +0000 2022","374","Added 5 new Credit Cards this month Axis Magnus Tata Neu Infinity EazyDiner IndusInd PNB RuPay Platinum Saraswat RuPay Classic 3 out of 5 are RuPay International Credit Card here. 🇮🇳 https://t.co/IW9jscRxN0","1574029758656319488","https://pbs.twimg.com/media/FdgTtHiaUAYil8k.jpg","","en","ravisutanjani@gmail.com","4","47","24","https://x.com/Ravisutanjani/status/1574029758656319488","2498279960","Ravisutanjani"
"1572259652842426372","Tue Sep 20 16:21:27 +0000 2022","427","PNB becomes one of the first banks to launch UPI on RuPay Credit Cards. At Mumbai today RBI governor Sh. Shaktikanta Das launched UPI ON CREDIT CARD &amp; UPI LITE in presence of Sh. Atul Kumar Goel MD &amp; CEO &amp; Sh.Kalyan Kumar ED PNB. (1/2) https://t.co/XrYb6oicV6","1572259652842426372","https://pbs.twimg.com/media/FdHJ0klaEAAbpi6.jpg","","en","Head Office: New Delhi, India","3","64","97","https://x.com/pnbindia/status/1572259652842426372","3605291666","pnbindia"
"1291681434738950144","Fri Aug 07 10:23:46 +0000 2020","210","ಕನ್ನಡಿಗರು ಕಟ್ಟಿದ ವಿಜಯಬ್ಯಾಂಕ್ ಅನ್ನು ನುಂಗಿ ನೀರು ಕುಡಿದಾಯಿತು.. ಇದನ್ನು ಗುಲಾಮಗಿರಿಗೆ ಜೈ ಅನ್ನುತ್ತಿರೋರು ಕೇಳಲಿಲ್ಲ..ಆದ್ರೆ ಇಂದು ಕನ್ನಡವನ್ನು ಪ್ರಧಾನವಾಗಿ ಬಳಸುತ್ತಿದ್ದ ವಿಜಯಬ್ಯಾಂಕ್ ಅನ್ನು ನುಂಗಿದ್ದಲ್ಲದೆ ಈಗ ಕನ್ನಡವನ್ನು ಮೂಲೆಗೆ ಹಾಕಿ ಕನ್ನಡದ ಮಾರಣಹೋಮ ಮಾಡುತ್ತಿರೋ ಉತ್ತರಿಗರ ಬ್ಯಾಂಕ್ ಆಫ್ ಬರೋಡ ಕನ್ನಡಿಗ ಎಚ್ಚರ https://t.co/lHEkRn6ZEC","1291681434738950144","https://pbs.twimg.com/media/Eez5aNRU0AM2w1E.jpg","","kn","Bengaluru, India","3","15","44","https://x.com/rajanna_rupesh/status/1291681434738950144","1003222608312012800","rajanna_rupesh"
"1308368965115224066","Tue Sep 22 11:34:04 +0000 2020","180","#Ripple officially confirms: India s largest #bank joins #RippleNet: https://t.co/HNFgSUWg7a","1308368965115224066","","","en","Den Haag","3","6","52","https://x.com/martincpvalk/status/1308368965115224066","950357683961565190","martincpvalk"
"1572234854938611712","Tue Sep 20 14:42:54 +0000 2022","253","#UnionBankOfIndia is the chosen bank to offer #UPI payments on @RuPay_npci Union Bank Credit Card as announced by RBI Governor @DasShaktikanta in the presence of our MD &amp; CEO A Manimekhalai and ED Mr. Nitesh Ranjan. #AmritMahotsav @RBI @NPCI_NPCI @DFS_India https://t.co/cqS2kABQAT","1572234854938611712","https://pbs.twimg.com/media/FdGvnIWakAQxjhs.jpg","","en","Mumbai, India","4","19","44","https://x.com/UnionBankTweets/status/1572234854938611712","787149332449492992","UnionBankTweets"
"1672859857920172034","Sun Jun 25 06:50:45 +0000 2023","304","Ripple Powering Top Indian Bank s Digital Rupee Project. Crypto Market: Ripple's tech products continue to make a mark on the growing digital assets market globally. https://t.co/AEzTwzVC3P","1672859857920172034","","","en","Amsterdam, Nederland","2","7","93","https://x.com/MackAttackXRP/status/1672859857920172034","1129664768753709056","MackAttackXRP"
"1315343784381566977","Sun Oct 11 17:29:30 +0000 2020","305","Rubina to pavitra: seniors ka favorite banke koi fayda nhi.. galat faymi mat palo ki unka favorite banna h.. what a slap to seniors by rubina ️️ ","1315343784381566977","","","und","","1","8","97","https://x.com/ManshiS25404662/status/1315343784381566977","1226443283410251776","ManshiS25404662"
"1318726283522551808","Wed Oct 21 01:30:21 +0000 2020","0","Ada yg harap harap cemas ini! #rupsmandiri @bankmandiri @KemenBUMN Bank Mandiri Gelar RUPS Luar Biasa Hari Ini BUMN: Iya Benar Ada Pergantian Direksi https://t.co/wxZDq8smHh","1318726283522551808","","","in","ÜT: -6.184201,106.829548","0","0","0","https://x.com/PungPurwanto/status/1318726283522551808","131800607","PungPurwanto"
"1591385354669789184","Sat Nov 12 11:00:09 +0000 2022","151","Udah siap liburan Natal &amp; Tahun Baru 2023? Nyiapin tiket kereta api ke destinasi favorit #JadiMakinEasy lho. Soalnya ada cashback 25% tiap transaksi via #LivinSukha. Berlaku setiap Sabtu dan Minggu s/d 31 Desember 2022. Info: https://t.co/S2oMy1n6AJ #mandiripromo #PakaiLivin https://t.co/grTQNjC1v1","1591385354669789184","https://pbs.twimg.com/media/FhW8g7WagAIwMix.png","","in","Jakarta","11","9","19","https://x.com/bankmandiri/status/1591385354669789184","2278761810","bankmandiri"
"1186129364322148353","Mon Oct 21 03:57:32 +0000 2019","216","ಬಹಳ ಬೇಸರವಾಯಿತು... ಇದು ಎಲ್ಲಿಯ ಶಾಖೆ ಗೊತ್ತಿಲ್ಲಾ... ಕನ್ನಡಿಗರು ಕಟ್ಟಿದ ಸಾಮ್ರಾಜ್ಯದಲ್ಲಿ ಕನ್ನಡಿಗನ ಪರಿಸ್ಥಿತಿ.. ಬ್ಯಾಂಕಿನ ಸಂಸ್ಥಾಪಕರಾದ ಸರ್ ಎಂ ವಿ ಅವರಿಗೆ ಈ ಪರಿಸ್ಥಿತಿ ಯಾದ್ರೆ ಸಾಮಾನ್ಯ ಕನ್ನಡಿಗರಾದ ನಮ್ಮ ಪರಿಸ್ಥಿತಿ ನೀವೆ ಅರಿತುಕೊಳ್ಳಿ..... https://t.co/14cXWrDOgM","1186129364322148353","https://pbs.twimg.com/media/EHX6XqIU0AEAj4X.jpg","","kn","Bengaluru, India","1","11","48","https://x.com/rajanna_rupesh/status/1186129364322148353","1003222608312012800","rajanna_rupesh"
"1209068588042215424","Mon Dec 23 11:09:49 +0000 2019","0","RUPS PLN memutuskan Zulkifli Zaini sebagai direktur utama PLN. Sebelumnya ia dikenal sebagai mantan dirut PT Bank Mandiri. Berikut profilnya. https://t.co/23eUplXb6u","1209068588042215424","","","in","Jakarta","0","0","2","https://x.com/KATADATAcoid/status/1209068588042215424","552523769","KATADATAcoid"
"1670962411606781952","Tue Jun 20 01:14:00 +0000 2023","2","@arievrahman Aset investasi saya cukup bertumbuh. Hanya agak kaget datang ke RUPS Bank Mandiri (BMRI) dan Bank BNI (BBNI). Pulangnya saya diberikan souvenir dan makanan yang lumayan. Wajarlah membandingkan antar acara RUPS sesama bank besar.","1670963173619568642","","arievrahman","in","kokogiovanni@gmail.com","1","1","0","https://x.com/KokoGiovanni/status/1670963173619568642","139982550","KokoGiovanni"
"1371664157418815493","Tue Mar 16 03:26:34 +0000 2021","0","Hasil RUPS Bank Mandiri Akan bagi dividen sebesar 60% dari laba bersih 2020 yg 40% jadi laba ditahan yang Akan digunakan untuk transformasi bisnis digital termasuk Mandiri Online yang kini disempurnakan menjadi Livin' by Mandiri. https://t.co/NiRvjw52cC","1371664157418815493","","","in","@TheKampreters @PEKOK","0","0","0","https://x.com/EllaZefa/status/1371664157418815493","77341903","EllaZefa"
"1203970313698107393","Mon Dec 09 09:31:06 +0000 2019","0","RUPS LB Bank Mandiri https://t.co/aU3CEdgMZM","1203970313698107393","","","in","cianjur","0","0","0","https://x.com/mandiranratna/status/1203970313698107393","138297594","mandiranratna"
"1502623383212621824","Sat Mar 12 12:31:46 +0000 2022","0","Mantappp.. RUPS tahunan Bank Mandiri @bankmandiri sepakat bagikan dividen Rp 16 82 triliun https://t.co/qE4ld3ybhr","1502623383212621824","https://pbs.twimg.com/media/FNpj94jVQAEcDLf.jpg","","in","DKI Jakarta, Indonesia","0","1","0","https://x.com/megakumalasarie/status/1502623383212621824","1311246925883035648","megakumalasarie"
"1126514476100964352","Thu May 09 15:49:15 +0000 2019","169","Haji Pavesh urf Muttan chacha started Roti bank in Mahoba which is world s 1st such bank setting a beautiful example of communal harmony society coming together to feed the hungry. Watch these Nayaks of all religions in @zindagiwidricha tmrw 6pm. @YouTube https://t.co/4UcnUb06nU https://t.co/avu21k680W","1126514476100964352","https://pbs.twimg.com/media/D6Iu7TyUUAETgep.jpg","","en","noida","2","11","27","https://x.com/richaanirudh/status/1126514476100964352","108538423","richaanirudh"
"1458761105942069256","Thu Nov 11 11:38:44 +0000 2021","869","ಜೈ ಕನ್ನಡ️ ಬೆಂಗಳೂರಿನಿಂದ ತೆರಳಿ ಬ್ಯಾಂಕ್ ಗೆ ಭೇಟಿ ಕೊಟ್ಟು ಮಾತಡಲಾಗಿ ಸಿಬ್ಬಂದಿ ಕ್ಷಮೆ ಕೇಳಿರೋ ವಿಡಿಯೋ ಇಲ್ಲಿದೆ ಆಗಿರೋ ತಪ್ಪಿನ ಅರಿವಾಗಿ ಇನ್ಮೇಲೆ ಸಂಪೂರ್ಣ ಕನ್ನಡದಲ್ಲೇ ಸೇವೆ ಕೊಡಲು ಬ್ಯಾಂಕ್ ಒಪ್ಪಿದೆ. ಭಾಗವಹಿಸಿದ್ದ ನವೀನ್ ಮಂಜುನಾಥ್ ಚೇತನ್ ಮೂರ್ತಿ ಶಿರಾ ಫಸ್ಟ್ ನ್ಯೂಸ್ ರಾಜು ಹಾಗೂ ಅಂಜನ್. https://t.co/ffqnDIZYOs https://t.co/KD8iSOePOf","1458761105942069256","https://pbs.twimg.com/media/FD6PddmVcAA8toT.jpg","","kn","Bengaluru, India","14","36","163","https://x.com/rajanna_rupesh/status/1458761105942069256","1003222608312012800","rajanna_rupesh"
"1765657590611198144","Thu Mar 07 08:35:48 +0000 2024","0","gils corckcicle gratis dr RUPS Bank Mandiri","1765657590611198144","","","in","","0","0","0","https://x.com/vveirdme/status/1765657590611198144","602581501","vveirdme"
"1155924894741254145","Mon Jul 29 19:35:45 +0000 2019","254","MUFG a Ripple partner bought Krungsri Bank &gt;Krungsri then used Ripple between Singapore &amp; Thailand. MUFG just bought Indonesian Bank Damana. &gt;Bank Damana 1 of 4 banks exploring blockchain w/ central bank's approval. Will Damana use Ripple too? https://t.co/VycLMRkE6b","1155924894741254145","","","en","","2","4","81","https://x.com/WKahneman/status/1155924894741254145","1073380009958608896","WKahneman"
"1501413480485867523","Wed Mar 09 04:24:03 +0000 2022","0","Agenda RUPS Tahunan Bank Mandiri 2022 https://t.co/rAP5ZCxsGG","1501413480485867523","","","in","DKI Jakarta, Indonesia","0","0","0","https://x.com/vnewsindonesia/status/1501413480485867523","1059111264931143681","vnewsindonesia"
"1526697571766284288","Tue May 17 22:54:02 +0000 2022","203","6. Already a number of Indian banks utilize #Ripple (not ODL) for inward remittances including Axis Bank Kotak Mahindra IndusInd Yes Bank Federal Bank HDFC integrators like Tata Consultancy &amp; FSS. https://t.co/yueN8i435R","1526697579760611328","","WKahneman","en","","2","2","36","https://x.com/WKahneman/status/1526697579760611328","1073380009958608896","WKahneman"
"1318760179773616129","Wed Oct 21 03:45:02 +0000 2020","0","Bank Mandiri Gelar RUPS Luar Biasa Hari Ini BUMN: Iya Benar Ada Pergantian Direksi https://t.co/20sWAuAT2Q","1318760179773616129","","","in","Jakarta","0","0","0","https://x.com/iNewsSport/status/1318760179773616129","2916393212","iNewsSport"
"1580023132446130176","Wed Oct 12 02:30:44 +0000 2022","881","Singapore UAE to accept RuPay payment mechanism: Finance Minister Nirmala Sitharaman Read @ANI Story | https://t.co/M40HqQv7jk #NirmalaSitharaman #India #US #Brookings #Economy #RuPay #UPI #BHIM https://t.co/HndTuRl09N","1580023132446130176","https://pbs.twimg.com/media/Fe1enRoaYAEckaK.png","","tl","India","3","6","72","https://x.com/ani_digital/status/1580023132446130176","817976607398731776","ani_digital"
"1127061402458263552","Sat May 11 04:02:32 +0000 2019","383","हाजी पावेश ने ये रोटी बैंक शुरू किया था। महोबा के लोग उन्हें प्यार से मुट्टन चचा कह कर बुलाते हैं। मुट्टन चचा ने ये रोटी बैंक अपने दोस्त अनिल जी की मृत्यु के बाद उनकी याद में शुरू किया था... ये है इंडिया! https://t.co/JYZuLTblCV","1127061402458263552","","","hi","noida","2","9","64","https://x.com/richaanirudh/status/1127061402458263552","108538423","richaanirudh"
"1489508336244428801","Fri Feb 04 07:57:15 +0000 2022","255","RBI's Digital Rupee will help curb black money menace Read @ANI Story | https://t.co/Ag9x9ArGys #RBI #DigitalRupee #BlackMoney https://t.co/Fyk3cehrG6","1489508336244428801","https://pbs.twimg.com/media/FKvLzZSVIAAe94K.png","","en","India","2","6","21","https://x.com/ani_digital/status/1489508336244428801","817976607398731776","ani_digital"
"1379200310267158534","Mon Apr 05 22:32:32 +0000 2021","217","Tracking: #Ripple partner First Abu Dhabi Bank has spun off its payments business as a subsidiary Magnati. The head of Magnati Ramana Kumar was previously Group Head of Payments &amp; Digital Banking and launched the bank's initial #Ripple adoption. https://t.co/v1f07VpMWw","1379200310267158534","","","en","","4","6","65","https://x.com/WKahneman/status/1379200310267158534","1073380009958608896","WKahneman"
"1725114348929266092","Thu Nov 16 11:31:26 +0000 2023","528","RBI imposes monetary penalty on Manappuram Finance Limited https://t.co/n467L75XKt","1725114348929266092","","","en","India","9","51","89","https://x.com/RBI/status/1725114348929266092","478432912","RBI"
"1557327709394866176","Wed Aug 10 11:27:14 +0000 2022","290","RBI cancels the licence of Rupee Co-operative Bank Ltd Pune https://t.co/jinqyeU26h","1557327709394866176","","","en","India","11","44","64","https://x.com/RBI/status/1557327709394866176","478432912","RBI"
"1577319709779062786","Tue Oct 04 15:28:18 +0000 2022","1444","Historic MoU signed to launch India's Rupay debit card in Oman Read @ANI Story | https://t.co/Wox9gqsigk #IndiaOman #MoU #MoS #Murleedharan #MEA https://t.co/rz1CtFJB6O","1577319709779062786","https://pbs.twimg.com/media/FePD1xBacAEznTC.png","","en","India","1","3","120","https://x.com/ani_digital/status/1577319709779062786","817976607398731776","ani_digital"
"1445706306984181766","Wed Oct 06 11:03:38 +0000 2021","883","Sahabat Rayakan HUT ke-23 Bank Mandiri dengan bayar hanya 23% &amp; cashback s/d Rp 2 3juta* pakai #mandiridebit #mandiricard Livin'by Mandiri dan Livin'poin! Spesial selama bulan Oktober. Info selengkapnya klik https://t.co/o8jnLSkTZl #hutmandiri23 #mandiripromo","1445706306984181766","","","in","Jakarta","11","86","95","https://x.com/bankmandiri/status/1445706306984181766","2278761810","bankmandiri"
"1475322843768373249","Mon Dec 27 04:37:44 +0000 2021","1","Goodie bag RUPS salah satu daya tarik tersendiri. Beberapa yang berkesan. Goodie bag dari RUPS Bank Mandiri Bank BNI dan Bank BSI. #CeritaRUPS","1475324999074390016","","KokoGiovanni","in","kokogiovanni@gmail.com","0","2","1","https://x.com/KokoGiovanni/status/1475324999074390016","139982550","KokoGiovanni"
"1635843395381006336","Wed Mar 15 03:20:32 +0000 2023","0","Hasil RUPS Bank Mandiri (IDX: BMRI): Dividend Yield 5 33 Persen Intip Jadwal Stock Split https://t.co/shrq4huZ2B","1635843395381006336","","","in","","0","0","0","https://x.com/TheEconopost/status/1635843395381006336","990656393496547328","TheEconopost"
"1371446955985891331","Mon Mar 15 13:03:29 +0000 2021","0","Ga ada berita tentang RUPS bank mandiri apa ini","1371446955985891331","","","in","Kalimantan Selatan, Indonesia","0","1","0","https://x.com/yopi_ap/status/1371446955985891331","236811360","yopi_ap"
"1510880596171829252","Mon Apr 04 07:22:59 +0000 2022","3702","Bulan Ramadan berkahnya banyak. Kali ini #LivinTumpahBarokah hadir untuk melengkapi Ramadan Nikmati belanja hemat di bulan Ramadan dengan diskon s/d 50% pake #mandiricard #mandiridebit Livin poin dan Livin by Mandiri Berlaku hingga 7 Mei 2022. #mandiripromo #promopakelivin","1510880596171829252","","","in","Jakarta","13","164","205","https://x.com/bankmandiri/status/1510880596171829252","2278761810","bankmandiri"
"1191916502003277824","Wed Nov 06 03:13:33 +0000 2019","0","RUPS Bank Mandiri 8 Desember 2019 akan Umumkan Dirut Baru https://t.co/78FF7FbYp8 @bankmandiri @wrausahamandiri @mandiricard @mandiricare @KemenBUMN @ojkindonesia @IDX_BEI @erickthohir @BudiGSadikin","1191916502003277824","","","in","DKI Jakarta, Indonesia","0","0","0","https://x.com/KoranBUMN/status/1191916502003277824","811897280563290112","KoranBUMN"
"1501413296343240722","Wed Mar 09 04:23:19 +0000 2022","0","RUPS Tahunan Bank Mandiri...pasti laba besar lagi nih..... https://t.co/FmWQUaCusS","1501413296343240722","","","in","DKI Jakarta, Indonesia","0","0","0","https://x.com/vnewsindonesia/status/1501413296343240722","1059111264931143681","vnewsindonesia"
"1680438123820634112","Sun Jul 16 04:44:04 +0000 2023","2145"," RuPay Credit Cards Live on UPI Axis Bank Bank of Baroda Canara Bank HDFC Bank ICICI Bank Indian Bank Kotak Mahindra Bank Punjab National Bank SBI Card Union Bank Yes Bank This is Truly Revolutionary ","1680438123820634112","","","en","ravisutanjani@gmail.com","3","65","180","https://x.com/Ravisutanjani/status/1680438123820634112","2498279960","Ravisutanjani"
"1636284667421925377","Thu Mar 16 08:34:00 +0000 2023","1642"," Canara Bank RuPay Credit Cards can now be linked with UPI Platform Other Banks that support Credit Cards on UPI HDFC Bank Indian Bank Punjab National Bank Union Bank of India","1636284667421925377","","","en","ravisutanjani@gmail.com","4","23","173","https://x.com/Ravisutanjani/status/1636284667421925377","2498279960","Ravisutanjani"
"1203972140736876544","Mon Dec 09 09:38:21 +0000 2019","0","RUPS LB Bank Mandiri https://t.co/QvkGTQq3j2","1203972140736876544","","","in","North Sumatra, Indonesia","0","0","0","https://x.com/sdpmandirii/status/1203972140736876544","292891007","sdpmandirii"
"1197133103887572992","Wed Nov 20 12:42:28 +0000 2019","208","Supersession of the Board of Directors and Appointment of Administrator Dewan Housing Finance Corporation Limited https://t.co/q4T5jWGtnw","1197133103887572992","","","en","India","11","59","50","https://x.com/RBI/status/1197133103887572992","478432912","RBI"
"1357662408970407936","Fri Feb 05 12:08:37 +0000 2021","0","Bank Mandiri akan Gelar RUPS Tahunan pada 15 Maret 2021 https://t.co/pLBmY4OKGh @bankmandiri @KemenBUMN @ojkindonesia @IDX_BEI","1357662408970407936","","","in","DKI Jakarta, Indonesia","0","0","0","https://x.com/KoranBUMN/status/1357662408970407936","811897280563290112","KoranBUMN"
"1485973606081634310","Tue Jan 25 13:51:30 +0000 2022","296","The Punjab and Maharashtra Co-operative Bank Ltd. branches to operate as Unity Small Finance Bank Ltd. branches from January 25 2022 https://t.co/0uzCZkMaz2","1485973606081634310","","","en","India","13","50","71","https://x.com/RBI/status/1485973606081634310","478432912","RBI"
"1765039032596328782","Tue Mar 05 15:37:52 +0000 2024","540"," Jan Dhan Yojana Dashboard Number of Bank Accounts - 51.86 Crore Total Available Balance - ₹2.20 Lakh Crore RuPay Debit Card - 34 Crore Bank Mitra(s) - 11.58 Lakh 56% Women Account Holder India is Running World s Biggest Financial Inclusion Program Ever","1765039032596328782","","","en","ravisutanjani@gmail.com","1","7","70","https://x.com/Ravisutanjani/status/1765039032596328782","2498279960","Ravisutanjani"
"1669268277259026432","Thu Jun 15 08:59:05 +0000 2023","49","One more step towards Indian Rupee going global Russia's most dominant lender SBER BANK launches RUPEE account The bank said individuals can now open accounts in Indian rupees throughout its vast network in Russia and abroad #BrandIndia #Dedollarisation https://t.co/qNPlJeWXvl","1669268277259026432","","","en","New Delhi","0","1","49","https://x.com/harryminat1/status/1669268277259026432","1611648082923638786","harryminat1"
"1436898819338162176","Sun Sep 12 03:45:49 +0000 2021","521","Kapan lagi buka rekening tabungan bisa dapat cashback Rp50 ribu dan 230 Livin'poin. Mau tau caranya? Mudah dan cepat loh. Gak perlu ke cabang dan cukup dari rumah gak pake ribet dan #gakpakedonlot aplikasi! Yuk langsung buka tabungan lewat https://t.co/qJZIbvtsOS","1436898819338162176","","","in","Jakarta","7","82","71","https://x.com/bankmandiri/status/1436898819338162176","2278761810","bankmandiri"
"1500395767122771968","Sun Mar 06 09:00:01 +0000 2022","478","RuPay the card network by the National Payments Corporation of India (NPCI) has 60% market share in cards issued n 35% by volume. UPI in Jan 2022 recorded 4.6 bn transactions worth INR 8.31 Lakh Cr ($111 Bn) Well done RBI!","1500395767122771968","","","en","New Delhi, India","2","13","57","https://x.com/connectgurmeet/status/1500395767122771968","4779130153","connectgurmeet"
"1242323993480138755","Tue Mar 24 05:34:55 +0000 2020","178","As a responsible Corporate Citizen @syndicatebank has decided to stop calls and visits to customers for loan recovery till further orders. Customers coming voluntarily for repayment or OTS will be serviced in the normal manner. RRBU staff assigned to branch and office work","1242323993480138755","","","en","Bengaluru and Mumbai India","4","23","30","https://x.com/mmahapatra/status/1242323993480138755","77763201","mmahapatra"
"1698950621620297897","Tue Sep 05 06:46:07 +0000 2023","552"," Digital Rupee Live on UPI - 7 Banks Axis Bank Bank of Baroda Canara Bank HDFC Bank Kotak Mahindra Bank State Bank of India Yes Bank Over 13 Banks are Giving Access to Users across 26 Cities on an Invite Only Basis","1698950621620297897","","","en","ravisutanjani@gmail.com","3","30","44","https://x.com/Ravisutanjani/status/1698950621620297897","2498279960","Ravisutanjani"
"1162715000290471937","Sat Aug 17 13:17:12 +0000 2019","333","मुझे बहुत खुशी है कि आज हमने भूटान में RuPay कार्ड को launch किया है। इससे डिजिटल भुगतान और व्यापार तथा पर्यटन में हमारे संबंध और बढेंगे। हमारी साझा आध्यात्मिक विरासत और मजबूत people-to-people संबंध हमारे संबंधों की जान हैं: श्री @narendramodi जी #ModiInBhutan","1162715000290471937","","","hi","Chandauli","1","5","45","https://x.com/DrMNPandeyMP/status/1162715000290471937","2436708865","DrMNPandeyMP"
"1531910175547740160","Wed Jun 01 08:07:02 +0000 2022","1208","ಹೇಗಿದೆ ಗಾಂಚಾಲಿ ನೋಡಿ ನಾವೇನು ಗುಲಾಮರ ಇವರಿಗೆ ಕನ್ನಡ ಅಂದ್ರೆ ಆಚೆ ಹೋಗು ಇದು ಇಂಡಿಯಾ ಹಿಂದಿ ಮಾತಾಡು ಅನ್ನೋ ದಬ್ಬಾಳಿಕೆ. ನಾಚಿಕೆ ಆಗ್ಬೇಕು ನಿಮಗೆ @bankofbaroda ನಮ್ಮ ವಿಜಯ ಬ್ಯಾಂಕ್ ನಿಮ್ಮದಾಗಿ ನಮ್ಮ ಬ್ಯಾಂಕು ಇಲ್ಲ ಈಗ ಕನ್ನಡವು ಇಲ್ಲ. ನಮ್ಮ ರೈತರ ಮೇಲೆಯೇ ದಬ್ಬಾಳಿಕೆ. ಇದೇನು ಹಿಂದಿನಾಡು ಅಂದುಕೊಂಡಿದ್ದಾರಾ ಇದು ಕರ್ನಾಟಕ. https://t.co/tY4sGTEZgz","1531910175547740160","https://pbs.twimg.com/ext_tw_video_thumb/1531909917845573637/pu/img/iHWGawg-geoqD98Z.jpg","","kn","Bengaluru, India","120","189","466","https://x.com/rajanna_rupesh/status/1531910175547740160","1003222608312012800","rajanna_rupesh"
"1666688813983232001","Thu Jun 08 06:09:13 +0000 2023","308","Indian banks can issue Rupay prepaid forex cards: RBI Governor Read @ANI Story | https://t.co/BStMqEaLvl #RupayPrepaidForexCard #ForexCard #RBI #ShaktikantaDas #MPC #MonetaryPolicy #RepoRate https://t.co/YloiFWVVcl","1666688813983232001","https://pbs.twimg.com/media/FyFEgljXoAANsNN.png","","en","India","0","4","32","https://x.com/ani_digital/status/1666688813983232001","817976607398731776","ani_digital"
"1167209216148271104","Thu Aug 29 22:55:37 +0000 2019","0","RUPS LB Bank Mandiri Sepakat Tunjuk Rionald Silaban Jadi Komisaris https://t.co/ooM0mSlGdg @bankmandiri @KemenBUMN @ojkindonesia @IDX_BEI","1167209216148271104","","","in","DKI Jakarta, Indonesia","0","0","0","https://x.com/KoranBUMN/status/1167209216148271104","811897280563290112","KoranBUMN"
"1758427012652236934","Fri Feb 16 09:44:04 +0000 2024","298"," Bank of Baroda Launched India's Second Corporate Credit Card on RuPay Network Complimentary Lounge Access Fuel Surcharge Waiver Link on UPI Reward Points Accidental Death Cover Good to See Public Sector Banks Taking the Lead &amp; Building on the Top of RuPay","1758427012652236934","","","en","ravisutanjani@gmail.com","2","8","26","https://x.com/Ravisutanjani/status/1758427012652236934","2498279960","Ravisutanjani"
"1362963571345215493","Sat Feb 20 03:13:32 +0000 2021","0","Bahas Pembagian Dividen Bank Mandiri Gelar RUPS Tahunan 15 Maret 2021 https://t.co/hwTY94SnH5 @bankmandiri @KemenBUMN @ojkindonesia @IDX_BEI","1362963571345215493","","","in","DKI Jakarta, Indonesia","0","0","0","https://x.com/KoranBUMN/status/1362963571345215493","811897280563290112","KoranBUMN"
"1494886149709463557","Sat Feb 19 05:06:51 +0000 2022","310","Hai Kak @Dasuh_Ok penempatan mesin ATM BNI di kantor RANS merupakan salah satu bentuk kerjasama antara BNI dengan salah satu nasabah utama (RANS) dimana selain ATM tersebut untuk memfasilitasi transaksi karyawan RANS juga untuk warga disekitarnya. Tks -Syifa-","1494901268799946757","","","in","Indonesia","6","28","26","https://x.com/BNI/status/1494901268799946757","62455266","BNI"
"1765981149762048139","Fri Mar 08 06:04:09 +0000 2024","0","11. Pameran Kendaraan Niaga GIICOMVEC 2024 Digelar Hari Ini Ada Truk dan Bus Baru 12. Sri Mulyani Umumkan THR PNS 2024 Cair Full 100% Ini Rinciannya! 13. NasDem Siap Ajukan Gugatan Sengketa Pemilu 2024 ke MK 14. RUPS Bank Mandiri Putuskan Bagikan Dividen Rp 33 04 Triliun","1765981815817593120","","dotsolutionnet","in","subscribe, mail to sales@dotsolution.net support@dotsolution.net","0","0","0","https://x.com/dotsolutionnet/status/1765981815817593120","588070376","dotsolutionnet"
"1581878956709793793","Mon Oct 17 05:25:07 +0000 2022","955","Indian Public Sector Banks deserve all the appreciation for Opening 36.6 Cr Jan Dhan Bank A/C Promoting and Issuing RuPay Cards Opening PMJJBY/SBY Insurance While our Private Banks opened less than 3% Jan Dhan Bank Accounts remember this before criticising next time.","1581878956709793793","","","en","ravisutanjani@gmail.com","9","27","196","https://x.com/Ravisutanjani/status/1581878956709793793","2498279960","Ravisutanjani"
"1177167023941406720","Thu Sep 26 10:24:23 +0000 2019","208","RBI: On a preliminary assessment of Punjab and Maharashtra Cooperative Bank Ltd (Mumbai) RBI has decided to allow the depositors to withdraw a sum not exceeding ₹10 000 of the total balance held in every savings bank account or current account or any other deposit account https://t.co/rnerT13UK5","1177167023941406720","https://pbs.twimg.com/media/EFYjKCqU4AAxfYu.png","","en","India","80","54","71","https://x.com/ANI/status/1177167023941406720","355989081","ANI"
"1781690787295842775","Sat Apr 20 14:26:00 +0000 2024","308","பிசினஸ் மக்கள் கவனத்திற்கு Life time free Rupay Credit card எத்தனை கிடைத்தாலும் வாங்கிக்கோங்க. இது 45 நாள் interest free loan மாதிரி. Vendor QR code ஸ்கேன் செய்து கார்டில் இருந்து பணம் செலுத்தலாம். பில் பேமண்ட் வந்ததும் கார்டுக்கு செட்டில் பண்ணிடலாம். திட்டமிடம் அவசியம்.","1781690787295842775","","","ta","Coimbatore / Dharmapuri","3","11","31","https://x.com/SanjaiGandhi/status/1781690787295842775","7717872","SanjaiGandhi"
"1534407792014299136","Wed Jun 08 05:31:40 +0000 2022","760","RBI allows UPI payments via Rupay credit cards This means:- 1. UPI payments can be processed by taking credit 2. Rupay will have a significant advantage over other players like VISA and Mastercard. The homegrown Rupay gets a booster dose","1534407792014299136","","","en","Mumbai, India","6","13","93","https://x.com/AdityaD_Shah/status/1534407792014299136","947728822362783745","AdityaD_Shah"
"1574978137896558592","Wed Sep 28 04:23:44 +0000 2022","337","I don t understand why someone would buy a bandhan or Rbl bank when far better banks are available at far better valuations. Canara bank of Baroda indusind etc","1574978137896558592","","","en","New Delhi, india ","1","45","8","https://x.com/safiranand/status/1574978137896558592","57073389","safiranand"
"1656973014200721409","Fri May 12 10:42:06 +0000 2023","616","Meet Andris Kaneps. He is the Founder and Director of Watu Credit a 'fast-growing' non-banking finance company headquartered in MOMBASA. Andris has more than 8 years trading experience in financial markets and is an avid investor in early fintech startups. https://t.co/FMwt8g3Cfl","1656973014200721409","https://pbs.twimg.com/media/Fv7ALLHagAAcLne.jpg","","en","Nairobi, Kenya","6","37","260","https://x.com/Osama_otero/status/1656973014200721409","1216118282966786048","Osama_otero"
"1318872607001903104","Wed Oct 21 11:11:47 +0000 2020","0","Darmawan Junaidi terpilih sebagai Dirut Bank Mandiri https://t.co/jn8IIoB8be Dirut Bank Mandiri terpilih Darmawan Junaidi (kiri) melakukan salam siku dengan mantan Plt Dirut Hery Gunardi dalam konferensi pers secara virtual hasil RUPS Luar Biasa Bank Mandiri di Jakarta Rabu (2 ","1318872607001903104","","","in","Temanggung, Indonesia","0","0","0","https://x.com/yuli_arum/status/1318872607001903104","1237587434193301504","yuli_arum"
"1083257724417335296","Thu Jan 10 07:02:22 +0000 2019","450","लोगों के बीच #RuPay डेबिट कार्ड की लोकप्रियता तेजी से बढ़ रही है प्रधानमंत्री जन-धन योजना के अंतर्गत अब तक 26.90 करोड़ RuPay डेबिट कार्ड लाभार्थियों को जारी किए जा चुके हैं। #PMJDY https://t.co/CsHyQ227dP","1083257724417335296","https://pbs.twimg.com/media/DwiBJbCWkAAiNeN.jpg","","hi","New Delhi, India","3","23","81","https://x.com/OfficeOfRSP/status/1083257724417335296","882219929709105152","OfficeOfRSP"
"1275685523164672005","Wed Jun 24 07:01:44 +0000 2020","193","सौम्य एवं सरल व्यक्तित्व के धनी अपने अंतिम समय तक पार्टी के विचारों कार्यों का प्रचार करने वाले संगठन निष्ठ @BJP4Rajasthan के पूर्व प्रदेश अध्यक्ष आदरणीय मदन लाल सैनी जी की पुण्यतिथि पर उन्हें श्रद्धापूर्वक नमन। https://t.co/gmfoJv0Hed","1275685523164672005","https://pbs.twimg.com/media/EbQlNhBX0AArM6V.jpg","","hi","Makrana","1","3","6","https://x.com/mlaruparam/status/1275685523164672005","1126847199583686657","mlaruparam"
"1801134523561779519","Thu Jun 13 06:08:28 +0000 2024","1068"," UPI Integration with RuPay Credit Cards Has Given Huge Boost to Market Share More Than 30% New Credit Cards Issued in India Are Now On RuPay Network This is Impacting the Business of Banks and American Companies Like Visa and Mastercard","1801134523561779519","","","en","ravisutanjani@gmail.com","4","19","111","https://x.com/Ravisutanjani/status/1801134523561779519","2498279960","Ravisutanjani"
"1084697177446789126","Mon Jan 14 06:22:14 +0000 2019","160","Pakai #mandiritabunganbisnis gratis biaya transfer kliring RTGS. Selain itu @bankmandiri punya ribuan kantor cabang puluhan ribu ATM serta ATM setor tarik. Saatnya #bisnisjadimudah saatnya mandiri.","1084697177446789126","","","in","Jakarta","2","13","18","https://x.com/bankmandiri/status/1084697177446789126","2278761810","bankmandiri"
"1348277952421588998","Sun Jan 10 14:38:08 +0000 2021","468","ಲಾಭದಲ್ಲಿ ಇದ್ದ ಕನ್ನಡಿಗರು ಕಟ್ಟಿದ್ದ ವಿಜಯ ಬ್ಯಾಂಕ್ ಅನ್ನು ಗುಜರಾತಿನ ಬ್ಯಾಂಕ್ ಆಫ್ ಬರೋಡದೊಂದಿಗೆ ವಿಲೀನ ಮಾಡಿ ಅದಕ್ಕೆ ವಿಜಯಬ್ಯಾಂಕ್ ಅಂತ ಕರೆಯದೆ ಬ್ಯಾಂಕ್ ಆಫ್ ಬರೋಡ ಅಂತಲೇ ಇಟ್ಟರು. ಕಣ್ಣಮುಂದೆಯೇ ಇದಾಗುತ್ತಿದ್ರು ಸಣ್ಣ ಪ್ರತಿಭಟನೆ ಕೂಡ ಮಾಡದ ಹಾಗೆ ಧರ್ಮದ ಅಮಲಲ್ಲಿ ಹೇಗೆ ಕಟ್ಟಿ ಹಾಕಿದ್ದಾರೆ ನೋಡಿ. ಕನ್ನಡಿಗ ಸ್ವಾಭಿಮಾನ ಮರೆತೆಯೇ.","1348277952421588998","","","kn","Bengaluru, India","0","7","87","https://x.com/rajanna_rupesh/status/1348277952421588998","1003222608312012800","rajanna_rupesh"
"1669159885467185152","Thu Jun 15 01:48:22 +0000 2023","3163","BIG ️ Russia's most dominant lender SBER BANK launches RUPEE account; says individuals can now open accounts in Indian rupees throughout its vast network in Russia and abroad.","1669159885467185152","","","en","Turn on Notification 🔔","13","15","603","https://x.com/MeghUpdates/status/1669159885467185152","1109163883082637312","MeghUpdates"
"1476472417144893441","Thu Dec 30 08:37:10 +0000 2021","1208","Transfer antar bank di Livin' by Mandiri cuma Rp2.500 - dengan BI FAST! - transfer diterima secara real time 24/7 - limit hingga Rp250juta - bisa menggunakan email atau nomor hp Yuk download Livin' by Mandiri logo kuning! Info: https://t.co/2CBjNcoKUs","1476472417144893441","","","in","Jakarta","80","209","178","https://x.com/bankmandiri/status/1476472417144893441","2278761810","bankmandiri"
"1339483282988126209","Thu Dec 17 08:11:15 +0000 2020","206","No one talking about Buying banks in April MONTH I'm recommended 3 bank that time Federal Bank DCB bank Icicibank All up more than 80% Enjoy #RSP","1339483282988126209","","","en","✉️ Stockstudy8@Gmail.com ","0","9","4","https://x.com/Stockstudy8/status/1339483282988126209","2744326717","Stockstudy8"
"1571720236663021571","Mon Sep 19 04:38:00 +0000 2022","203","Hindistan Devlet Bankası Rusya ile dış ticaret ödemeleri için özel rupi (ruble-rupi swap mekanizması) hesapları açacak.","1571720236663021571","","","tr","","0","2","11","https://x.com/TurhanBozkurTV/status/1571720236663021571","1247116077953359878","TurhanBozkurTV"
"1537264383117922304","Thu Jun 16 02:42:44 +0000 2022","0","tahun ini RUPS Bank Mandiri dapet TWS Xiaomi wkwkwk kalo RUPS Sidomuncul dapet tolak angin? wkwk","1537264383117922304","","","in","Neverland","0","0","0","https://x.com/mind_attitude_/status/1537264383117922304","1060184081562890242","mind_attitude_"
"1167079463827296257","Thu Aug 29 14:20:02 +0000 2019","0","RUPS LB Bank Mandiri Rionald Silaban Jadi Komisaris. https://t.co/Q01XsDMrtE","1167079463827296257","","","in","","0","0","0","https://x.com/HarianNeraca/status/1167079463827296257","1277055644","HarianNeraca"
"1318877100506480641","Wed Oct 21 11:29:38 +0000 2020","0","Darmawan Junaidi terpilih sebagai Dirut Bank Mandiri https://t.co/xKGKWnkW2b Dirut Bank Mandiri terpilih Darmawan Junaidi (kiri) melakukan salam siku dengan mantan Plt Dirut Hery Gunardi dalam konferensi pers secara virtual hasil RUPS Luar Biasa Bank Mandiri di Jakarta Rabu (2 ","1318877100506480641","","","in","","0","0","0","https://x.com/ArindaDani/status/1318877100506480641","381957182","ArindaDani"
"1750752053889241257","Fri Jan 26 05:26:31 +0000 2024","384","I applied for a IDFC First Bank Wealth credit card. Alongside that Visa card they issued me a virtual Rupay card which I could attach with my UPI account. Things are sorted. Don't need to apply for a separate Rupay credit card to use for UPI payments.","1750752053889241257","","","en","India","1","25","15","https://x.com/datta_arvind/status/1750752053889241257","775592463667003392","datta_arvind"
"1520710288256868352","Sun May 01 10:22:40 +0000 2022","383","Today my heart is so full because #RupeeFund received Rs. 250 000 from a very generous donor which will be used for multiple projects during May. The money will be utilised to provide essential items for elders homes orphanages and several poor families. ️ #LKA #SriLanka","1520710288256868352","","","en","Based in Sri Lanka","0","11","6","https://x.com/munza14/status/1520710288256868352","251958790","munza14"
"1635679275847151618","Tue Mar 14 16:28:23 +0000 2023","0","RUPS Bank Mandiri Andrinof Chaniago Tetap Wakil Komisaris Utama https://t.co/a7jIeH5CyC","1635679275847151618","","","in","Kota Padang, Sumatera Barat","0","0","0","https://x.com/padangkitacom/status/1635679275847151618","198116133","padangkitacom"
"1373285168488706048","Sat Mar 20 14:47:53 +0000 2021","0","RUPS Bank Mandiri menyetujui Bank Mandiri (BMRI) sumbang separuh dari target dividen himbara tahun Ini #Mandiri #BankMandiri https://t.co/f7urCv1LuR.","1373285168488706048","","","in","Jakarta","0","0","0","https://x.com/astarte2017/status/1373285168488706048","1098869003685027845","astarte2017"
"1508038085501673475","Sun Mar 27 11:07:52 +0000 2022","621","So kamwana owns Rubis?!. No wonder we are fucked up beyond repair. Me huona we are just slaves to these dynasties indirectly.","1508038085501673475","","","en","A boy from riftvalley ","3","51","116","https://x.com/manuukenya/status/1508038085501673475","1327515817441964035","manuukenya"
"1628251891351322627","Wed Feb 22 04:34:37 +0000 2023","0","Putuskan Dividen dan Stock Split Bank Mandiri (BMRI) Geber RUPS 14 Maret 2023 https://t.co/3GofVzFcvP","1628251891351322627","","","in","","0","1","0","https://x.com/beritaekonomi24/status/1628251891351322627","1593845259414679558","beritaekonomi24"
"1248101838651621381","Thu Apr 09 04:14:01 +0000 2020","291","ये तस्वीरे है सूरत जिले के स्थानीय बैंक की जहां पर जन धन बैंक खातों में जमा की गई 500 राशि निकालती हुवी कुछ वो महिलाएं जो विरोध कर रही थीं मोदी सरकार की अब सोचने वाली बात है विरोध भी करना है और योजनाओं का लाभ भी लेना है इन्हें ऐसे कैसे चलेगा https://t.co/PpwNEGcEn4","1248101838651621381","https://pbs.twimg.com/media/EVIl-YfXgAQEmgF.jpg","","hi","अयोध्या, भारत","10","26","216","https://x.com/Real_Ravi_BJP/status/1248101838651621381","1065892125508816897","Real_Ravi_BJP"
"1592457891176677376","Tue Nov 15 10:02:02 +0000 2022","2059","We have given permission to nine banks for Rupee-Ruble trade. Nine banks are opening Vostro accounts for Rupee-Ruble trade. 3 banks have already opened Vostro accounts: Directorate General of Foreign Trade (DGFT)","1592457891176677376","","","en","India","18","17","325","https://x.com/ANI/status/1592457891176677376","355989081","ANI"
"1177970636129325057","Sat Sep 28 15:37:39 +0000 2019","171","#PMCBank के बाद एक और बैंक धन लक्ष्मी विलास बैंक भी ड़ूब गया 8 अरब रुपए का घपला! सुना है #चौकीदार चौकन्ना है! ","1177970636129325057","","","hi","इंडिया","2","12","39","https://x.com/ravita4ever/status/1177970636129325057","3590393133","ravita4ever"
"1418089643959070725","Thu Jul 22 06:04:52 +0000 2021","1783","So Johann Rupert was able to start Rand Merchant Bank (RMB) in 1979 with just Matric as his highest qualifications a whole BANK with just Matric. This empire is inspirational if we can t beat them we join them Cheers to us working on building generational legacies","1418089643959070725","","","en","No.22 Voortrekker Ave Edenvale","369","248","373","https://x.com/MissNthabeleng/status/1418089643959070725","121756160","MissNthabeleng"
"1670847070633361408","Mon Jun 19 17:34:52 +0000 2023","380","Government is Ambitiously Promoting RuPay but it s a Task for NTB (New to Bank) Customers to get a Credit Card with Public Sector Banks Decent Progress for Digital Approval &amp; Issuance in the last few months at PNB UBI Canara Bank though (For Existing Customers)","1670847631969632256","","Ravisutanjani","en","ravisutanjani@gmail.com","0","1","25","https://x.com/Ravisutanjani/status/1670847631969632256","2498279960","Ravisutanjani"
"1670847070633361408","Mon Jun 19 17:44:33 +0000 2023","200","I respect our PSBs and have RuPay Credit Cards with PNB UBI Canara Bank It s very difficult to get these I needed to visit Branch except PNB While BoB RuPay &amp; HDFC Tata Neu Infinity was Instant &amp; 100% Digital","1670850066096222214","","Ravisutanjani","en","ravisutanjani@gmail.com","2","8","14","https://x.com/Ravisutanjani/status/1670850066096222214","2498279960","Ravisutanjani"
"1318910264654229505","Wed Oct 21 13:41:25 +0000 2020","1","Bank Mandiri melanjutkan regenerasi kepemimpinan perseroan melalui penunjukan talenta internal sebagai nahkodanya. Dalam Rapat Umum Pemegang Saham Luar Biasa (RUPS LB) Bank Mandiri di Jakarta https://t.co/883APzfH4x","1318910264654229505","","","in","Bali, Indonesia","0","0","0","https://x.com/nafisahtanjung/status/1318910264654229505","859443145259364352","nafisahtanjung"
"1488167256135589900","Mon Jan 31 15:08:17 +0000 2022","348","Punjab National Bank &amp; Patanjali Ayurved Limited launched co-branded contactless credit cards in partnership with National Payments Corporation of India. Co-branded credit cards offered on NCPI's RuPay Platform&amp; available in 2 variants PNB RuPay Platinum and PNB RuPay Select: PNB","1488167256135589900","","","en","India","3","11","33","https://x.com/ANI/status/1488167256135589900","355989081","ANI"
"1487132595020509184","Fri Jan 28 18:36:54 +0000 2022","416","RBI issues directions to Indian Mercantile Cooperative Bank Ltd Lucknow for a period of 6 months; the bank shall not renew any loan accept fresh deposits disburse or agree to disburse any payment without approval. A sum not exceeding Rs 1 lakh can be withdrawn by depositors.","1487132595020509184","","","en","India","17","19","66","https://x.com/ANI/status/1487132595020509184","355989081","ANI"
"1475372111023644677","Mon Dec 27 07:44:57 +0000 2021","236","RBL Bank Limited is well capitalised and the financial position of the bank remains satisfactory. The bank s financial health remains stable. No need for depositors and other stakeholders to react to the speculative reports: Reserve Bank of India (RBI)","1475372111023644677","","","en","India","0","5","19","https://x.com/ANI/status/1475372111023644677","355989081","ANI"
"1318875177246101504","Wed Oct 21 11:22:00 +0000 2020","0","Dalam Rapat Umum Pemegang Saham Luar Biasa (RUPS LB) Bank Mandiri di Jakarta Rabu 21/10 Darmawan Junaidi diberikan mandat menjadi Direktur Utama perseroan menggantikan Royke Tumilaar yg diangkat menjadi Direktur Utama BNI pada September lalu. @KemenBUMN https://t.co/D98JbXwMG9","1318875177246101504","","","in","Indonesia","0","0","0","https://x.com/iina_surbakti/status/1318875177246101504","992673313141899264","iina_surbakti"
"1608472660836749313","Thu Dec 29 14:50:06 +0000 2022","592","Notably PM Jan Dhan Yojna along with RuPay has played an incredible role in giving ATM/Debit Card in the hands of every Indian With 0 MDR and Intentional Tieup for acceptance with JCB &amp; Discover RuPay is one of the most successful FinTech Disruption along with UPI 🇮🇳","1608475451290447876","","Ravisutanjani","en","ravisutanjani@gmail.com","1","11","66","https://x.com/Ravisutanjani/status/1608475451290447876","2498279960","Ravisutanjani"
"1462737020489400321","Mon Nov 22 10:57:36 +0000 2021","323","Reserve Bank of India (RBI) today placed in the public domain a draft scheme of amalgamation of Punjab &amp; Maharashtra Cooperative (PMC) Bank with banking company Unity Small Finance Bank Ltd (USFB): RBI","1462737020489400321","","","en","India","3","4","36","https://x.com/ANI/status/1462737020489400321","355989081","ANI"
"1341391246124855298","Tue Dec 22 14:32:49 +0000 2020","175","Salah satu hasil yang didapat dari RUPSLB tersebut adalah persetujuan pergantian nama dan logo Bank Bukopin menjadi KB Bukopin oleh pemegang saham. https://t.co/2JR2lMXczr","1341391246124855298","","","in","Jakarta, Indonesia","14","2","46","https://x.com/detikfinance/status/1341391246124855298","135795460","detikfinance"
"1551125962980331521","Sun Jul 24 08:43:42 +0000 2022","285","Linking of Rupay credit cards to UPI will be done in the next two months. Gguidelines will be sent to RBI for approval. Large credit card issuers such as SBI Cards BoB Cards Axis Bank Union Bank of India have shown interest. https://t.co/NsUFjvshmw #DigitalPublicGoods #Fintech","1551125962980331521","","","en","Mumbai","3","5","65","https://x.com/harshmadhusudan/status/1551125962980331521","791761225164152832","harshmadhusudan"
"1318499282677321729","Tue Oct 20 10:28:20 +0000 2020","0","Segera gelar RUPS ini nama-nama calon kuat kursi direktur utama Bank Mandiri https://t.co/tdzZ6r720X #mandiri_itu_keren","1318499282677321729","","","in","Malang, Jawa Timur","0","0","0","https://x.com/BerthaEllenora/status/1318499282677321729","564989474","BerthaEllenora"
"1625538696073347072","Tue Feb 14 17:06:43 +0000 2023","183","With this I m currently using RuPay Credit Cards on UPI with 3 Banks Punjab National Bank Union Bank of India HDFC Bank Paytm Merchant QR codes are smoothly accepted for small transactions frequent glitches with PhonePe QRs","1625542060857266181","","Ravisutanjani","en","ravisutanjani@gmail.com","2","2","7","https://x.com/Ravisutanjani/status/1625542060857266181","2498279960","Ravisutanjani"
"1615719646187106305","Wed Jan 18 14:35:56 +0000 2023","804"," IndusInd Bank Posted ₹1963.54 Crore Net Profit &amp; ₹4495 Crore Net Interest Income in Q3 They are the 5th Largest Private Bank in India with over ₹94755 Crore Market Capitalisation Currently","1615719646187106305","","","en","ravisutanjani@gmail.com","0","7","53","https://x.com/Ravisutanjani/status/1615719646187106305","2498279960","Ravisutanjani"
"1869328657250140179","Wed Dec 18 10:27:36 +0000 2024","2559","mau cerita guys bukan nakutin. aku pernah jadi panit di salah satu event yg ada kontrap lah sama si bank ini disuruh bikin akun dan top up saldo. ga lama kemudian aku ditelpon nomor ga dikenal awalnya aku jawab lah. aku tanya dapet nomorku darimana. kata dia dari bank ini","1869328657250140179","","","in","🇮🇩 CARAT ONLY","201","25","1046","https://x.com/jwhoshua/status/1869328657250140179","1473194686697205767","jwhoshua"
"1511409603904425991","Tue Apr 05 18:25:04 +0000 2022","225","Rubis is a Kenyatta Family business. We know they are represented by some Israeli directors. It is an old Moi and company strategy to steal from the public while looking clean on the outside.","1511409603904425991","","","en","Kenya","3","27","32","https://x.com/pkmwiandi/status/1511409603904425991","1212337814207000576","pkmwiandi"
"1542535197107064832","Thu Jun 30 15:47:04 +0000 2022","195","To keep Rupay cards and UPI free of processing charges the government reimbursed banks to the tune of Rs 1300 crores for FY2022. For FY2023 the reimbursement amount is likely to Rs 2000 crores as per estimates.","1542535197107064832","","","en","India","7","16","18","https://x.com/datta_arvind/status/1542535197107064832","775592463667003392","datta_arvind"
