"conversation_id_str","created_at","favorite_count","full_text","id_str","image_url","in_reply_to_screen_name","lang","location","quote_count","reply_count","retweet_count","tweet_url","user_id_str","username"
"1765626999140471272","Thu Mar 07 06:34:15 +0000 2024","2284","Corkcicle souvenir keren dari RUPS Tahunan PT Bank Mandiri (Persero) Tbk atau BMRI. #CeritaRUPS https://t.co/rrnXanO7Na","1765626999140471272","https://pbs.twimg.com/media/GIDEYsdawAA6wG2.jpg","","in","kokogiovanni@gmail.com","178","124","249","https://x.com/KokoGiovanni/status/1765626999140471272","139982550","KokoGiovanni"
"1635557268312948737","Tue Mar 14 08:23:34 +0000 2023","52","RUPS Tahunan Bank Mandiri (BMRI) dengan agenda kedua persetujuan dividen payout ratio sebesar 60% dari total laba bersih. #CeritaRUPS https://t.co/CVjRHDOT2S","1635557268312948737","https://pbs.twimg.com/media/FrKqps5aQAAZij0.jpg","","in","kokogiovanni@gmail.com","0","13","6","https://x.com/KokoGiovanni/status/1635557268312948737","139982550","KokoGiovanni"
"1758069091884236821","Thu Feb 15 14:52:48 +0000 2024","1","@Saham_fess Ada yg mau barengan RUPS BBCA BMRI? Bca lumayan mandiri 2 lot doang tp https://t.co/ZwaUxaREeG","1758142320040686016","https://pbs.twimg.com/media/GGYtEWMbYAAFArm.jpg","Saham_fess","in","Chernobyl","0","6","1","https://x.com/putusayangg/status/1758142320040686016","131132280","putusayangg"
"1869610384275263895","Thu Dec 19 05:07:05 +0000 2024","231","RBC morphology abnormalities in a peripheral blood smear - A list https://t.co/8TxFtPGOCR","1869610384275263895","https://pbs.twimg.com/media/GfIwunUbUAAW1hJ.jpg","","en","India","0","0","64","https://x.com/DrAkhilX/status/1869610384275263895","2556331898","DrAkhilX"
"1501851853885415426","Thu Mar 10 09:25:59 +0000 2022","0","Ikut RUPS BMRI dulu https://t.co/UVrXQk7X2x","1501851853885415426","https://pbs.twimg.com/media/FNemSQZagAIHqFL.jpg","","in","Indonesia","0","0","0","https://x.com/mfr_fauzirahman/status/1501851853885415426","115904724","mfr_fauzirahman"
"1501820784653656066","Thu Mar 10 07:22:32 +0000 2022","12","RUPS Tahunan $BMRI tahun buku 2021 dipimpin oleh bapak Muhammad Chatib Basri (Komisaris Utama/Independen). @ChatibBasri #CeritaRUPS https://t.co/aVczOEDaOf","1501820784653656066","https://pbs.twimg.com/media/FNeKCUIXsAAws6z.jpg","","in","kokogiovanni@gmail.com","2","3","3","https://x.com/KokoGiovanni/status/1501820784653656066","139982550","KokoGiovanni"
"1435144369359650820","Tue Sep 07 07:34:16 +0000 2021","1","Arko as BMRI Investor: Well Im just happy. Semoga 2022 bisa ikutan RUPS yaa https://t.co/nMhKYctGlt","1435144369359650820","https://pbs.twimg.com/media/E-qoMPqVkAY5sya.jpg","","in","Jakarta, IDN.","0","1","0","https://x.com/arkoreborn/status/1435144369359650820","916546058238361607","arkoreborn"
"1767094243758154139","Mon Mar 11 07:44:33 +0000 2024","229"," DO YOU KNOW? BTC - Circulating Supply - 19.6 milion Bit - Price $70.000 RBL - Circulating Supply - 1 6 million Rubi - Price ?????? Leave your comment here!","1767094243758154139","","","en","","3","94","41","https://x.com/RubiGlobal/status/1767094243758154139","1583773000448368640","RubiGlobal"
"1621471334718148609","Fri Feb 03 11:31:06 +0000 2023","5","Rencana Stock Split saham Bank Mandiri ($BMRI) dengan rasio 1:2 dan penyelenggaraan RUPS Tahunan pada 14 Maret 2023. https://t.co/q4dD9fhXAh","1621471334718148609","https://pbs.twimg.com/media/FoCflSMacAIBDDt.jpg","","in","kokogiovanni@gmail.com","0","1","4","https://x.com/KokoGiovanni/status/1621471334718148609","139982550","KokoGiovanni"
"1621479866016174087","Fri Feb 03 12:05:00 +0000 2023","72","[Breaking] $BMRI akan Stock Split 1:2 ‼️ Bank Mandiri mengumumkan rencana Stock Split dengan rasio 1:2. Aksi korporasi ini menunggu persetujuan dari RUPS yang direncanakan akan dilaksanakan pada 14 Maret 2023. https://t.co/QeR4HsaVQD","1621479866016174087","https://pbs.twimg.com/media/FoCiWgkaUAAZHjR.png","","in","Jakarta","12","6","19","https://x.com/Stockbit/status/1621479866016174087","587189716","Stockbit"
"1771453263725932629","Sat Mar 23 08:25:44 +0000 2024","49","Dapat Corkcicle gratis dari RUPS BMRI Dapat dividen https://t.co/QDKbuoT8GU","1771453263725932629","https://pbs.twimg.com/media/GJV3V-Ua4AAzC7D.jpg","","in","kokogiovanni@gmail.com","1","0","2","https://x.com/KokoGiovanni/status/1771453263725932629","139982550","KokoGiovanni"
"1864028878957588746","Tue Dec 03 19:28:11 +0000 2024","4410"," Today at 2.50pm I went OTRB The sarcoma in my leg hurt &amp; grew fast so M&amp;D made the hardest decision ever to let me go even tho it's left them devastated &amp; heartbroken I'll still be bovvering from the bridge yer can't stop a BovverBoy! Love you all pals....Rupe's https://t.co/pMt3ECQs5d","1864028878957588746","https://pbs.twimg.com/media/Gd5cYwsXMAAfFC_.jpg","","en","The BovverBoys TreeHouse, UK ","57","1321","259","https://x.com/jennystape/status/1864028878957588746","715192564509458434","jennystape"
"1864080230438097383","Tue Dec 03 22:52:14 +0000 2024","506","Sad news Brenda...... Rupes me bestest bestie and one-half of the BovverBoys has sadly gone over the rainbow bridge today His family and all his Twitter pals are devastated. @BrendaBlethyn @jennystape #BovverBoys #BovverBoysForever https://t.co/ScH4XXmLXe","1864080230438097383","https://pbs.twimg.com/media/Gd6LFx7XAAA7-f6.jpg","","en","Nottingham, England","2","46","37","https://x.com/Norman_Dillon1/status/1864080230438097383","2799587483","Norman_Dillon1"
"1836107780278661450","Tue Sep 17 18:19:42 +0000 2024","208","We introduced you to RPD Billy last week from @BCHPoliceDogs and specifically @bedspolice. Billy developed a worrying lump on his side so his handler &amp; now Mum thought it best to have a biopsy. We were delighted to pick up the bill &amp; even happier to learn today the results https://t.co/qQXgFx7jHX","1836107780278661450","https://pbs.twimg.com/amplify_video_thumb/1836107704584003584/img/8bVFPB-1SFIPPNPH.jpg","","en","United Kingdom","0","10","15","https://x.com/The_NFRSA/status/1836107780278661450","1413123004444430344","The_NFRSA"
"1603584442320265217","Fri Dec 16 02:54:58 +0000 2022","277","Idiopathic intracranial hypertension: MRI features. #Neurology #Neurotwitter #MRI #educational #Tweetorial 1/ https://t.co/zm9pJKXPkF","1603584442320265217","https://pbs.twimg.com/media/FkESVwVWIAAHfaQ.jpg","","en","Mexico City, Mx","5","4","86","https://x.com/MedinaRiojaMD/status/1603584442320265217","1138982294633537536","MedinaRiojaMD"
"1151114115341066242","Tue Jul 16 12:59:26 +0000 2019","196","Paul Lauterbur put this up in our lab in 1996 original writing in red ink. Take heart people even the paper describing MRI was first rejected. Also moving is hard but digging up these gems from the past is beautiful. @NeuroDx @MRInicole #MRI #ISMRM https://t.co/183BaU0pQw","1151114115341066242","https://pbs.twimg.com/media/D_mULlSXkAEWEn4.jpg","","en","Ann Arbor, MI","9","7","64","https://x.com/MRIvikas/status/1151114115341066242","32968881","MRIvikas"
"1765670890816377048","Thu Mar 07 09:28:39 +0000 2024","3","RUPS $BMRI setujui dividen Rp354/Saham Yield setara 5% https://t.co/rIaqQE2wWN","1765670890816377048","https://pbs.twimg.com/media/GIDsUT4a8AApFl-.jpg","","in","","0","0","1","https://x.com/SobatBandar/status/1765670890816377048","1409160713252179975","SobatBandar"
"1503155043788529664","Sun Mar 13 23:44:24 +0000 2022","2","Pagi gais ada berita2 bagus ni seputaran saham Nah gimana ni BMRI uda RUPS jadi kira2 kapan koreksinya? https://t.co/WUKRvMexaY","1503155043788529664","https://pbs.twimg.com/media/FNxHi6WaAAEu6Gx.jpg","","in","","0","1","0","https://x.com/SobatBandar/status/1503155043788529664","1409160713252179975","SobatBandar"
"1840012665025921264","Sat Sep 28 12:56:19 +0000 2024","1184","RBC morphology abnormalities in a peripheral blood smear - A list https://t.co/d22boQ5neX","1840012665025921264","https://pbs.twimg.com/media/GYkJxFtWcAA7w-T.jpg","","en","India","5","1","310","https://x.com/DrAkhilX/status/1840012665025921264","2556331898","DrAkhilX"
"1816767918664720456","Fri Jul 26 09:30:00 +0000 2024","317","RBC morphology abnormalities in a peripheral blood smear - A list https://t.co/8WqmwrAEeI","1816767918664720456","https://pbs.twimg.com/media/GTVuVe7asAA0DIw.jpg","","en","India","1","1","101","https://x.com/DrAkhilX/status/1816767918664720456","2556331898","DrAkhilX"
"1723743583482847726","Sun Nov 12 16:44:30 +0000 2023","3221","最近知ったんだけどMRIは高周波ループ火傷というものに気をつける必要がある。体のどっかにループがあると接触してる皮膚が火傷を負う。焼き跡が付くくらい焼けるからたぶん凄い痛い。 https://t.co/5ecaKPd8sb","1723743583482847726","https://pbs.twimg.com/media/F-v3pxcbUAA6gY9.jpg","","ja","八王子","67","13","1337","https://x.com/frombit3301/status/1723743583482847726","132443388","frombit3301"
"1362960709814874114","Sat Feb 20 03:02:10 +0000 2021","0","HAHAHAHA DIUNDANG RUPS $BMRI BERANGKAT! https://t.co/wlxh8X40jl","1362960709814874114","https://pbs.twimg.com/media/Euo1iR0VgAQQEvb.jpg","","in","Malang, Jawa Timur","0","0","0","https://x.com/vienajah/status/1362960709814874114","1143182773236056064","vienajah"
"1166579290600812545","Wed Aug 28 05:12:31 +0000 2019","1","#kafein #bank #bumn akan menggelar #rups : #bmri tgl 28 agus #bbtn tgl 29 agus #bbni tgl 30 agus sdgkan #bbri tgl 2 sep https://t.co/EgmcKfjFQB","1166579290600812545","https://pbs.twimg.com/media/EDCFqsKX4AEt7QV.jpg","","in","Indonesia","0","0","0","https://x.com/kafeinvestor/status/1166579290600812545","606096303","kafeinvestor"
"1369509942231666689","Wed Mar 10 04:46:29 +0000 2021","0","Sambil nunggu RUPS pekan depan. #BMRI https://t.co/Uu215LT3Z2","1369509942231666689","https://pbs.twimg.com/media/EwF6CIUVEAIWgep.jpg","","in","earth","0","0","0","https://x.com/rajamatoa/status/1369509942231666689","103850922","rajamatoa"
"1621691258677731329","Sat Feb 04 02:05:00 +0000 2023","0","PT Bank Mandiri (Persero) Tbk (BMRI) akan menyelenggarakan RUPS Tahunan pada 14 Maret 2023. Pemegang saham yang namanya tercatat dalam Daftar Pemegang Saham BMRI pada 17 Februari 2023 pukul 16.00 WIB berhak hadir atau diwakili dalam acara tersebut. #BEI #IDX #RUPS #Saham https://t.co/HTisLfrP5V","1621691258677731329","https://pbs.twimg.com/media/FoFfrrRaEAEBZp9.jpg","","in","","0","0","0","https://x.com/LumbungSaham/status/1621691258677731329","1079319056761507840","LumbungSaham"
"1637434998000177154","Sun Mar 19 12:45:00 +0000 2023","0","PT Bank Mandiri (Persero) Tbk (BMRI) telah melaksanakan RUPS Tahunan pada 14 Maret 2023. RUPS menyetujui dilakukannya pemecahan nilai nominal saham (stock split) dengan rasio 1 : 2 atau dari Rp250 per saham menjadi Rp125 per saham. #BEI #IDX #Saham https://t.co/pyqaMpg0gR","1637434998000177154","https://pbs.twimg.com/media/FrlTc19aQAANi7I.jpg","","in","","0","0","0","https://x.com/LumbungSaham/status/1637434998000177154","1079319056761507840","LumbungSaham"
"1764555353684123939","Mon Mar 04 07:35:57 +0000 2024","0","Keterangan dari Bursa Efek Indonesia (BEI) per 20 Januari 2024 menunjukkan bahwa BBNI bahkan menempati peringkat keenam sebagai saham bank BUMN dengan bobot terbesar di IDX High Dividend yaitu 5 34%. Nanti saya update berapa dividennya #RUPS #RUPST #BBCA #BMRI #BBRI","1764555363050041833","","Fredycandra","in","Jakarta Capital Region, Indone","0","0","0","https://x.com/Fredycandra/status/1764555363050041833","60574023","Fredycandra"
"1308390492170665984","Tue Sep 22 12:59:36 +0000 2020","316","He is a patient of Bilopar.... #SSRAIIMSReport https://t.co/UzjeSBvHVi","1308390492170665984","https://pbs.twimg.com/media/EihWNacUcAA-b3d.jpg","","en","Bangladesh","21","36","234","https://x.com/RuhiZ9880/status/1308390492170665984","1286135075843665921","RuhiZ9880"
"1128820303344226304","Thu May 16 00:31:47 +0000 2019","2","Hari ini RUPS AMRT APLI BBLD BLTZ BMRI BNBR EMTK HERO HRUM KDSI LTLS MAPI PUDP SMBR Cum cash dividen ROTI Rp 9 78. Ex cash dividen KAEF (Rp 14 98) SSIA (Rp7) dan TURI (Rp 22). Hari ini Listing perdana saham Jasnita Telekomindo dengan kode JAST di harga Rp 246.","1128820303344226304","","","in","Indonesia","0","0","0","https://x.com/doktermarket/status/1128820303344226304","311312187","doktermarket"
"1463980373482917888","Thu Nov 25 21:18:15 +0000 2021","202","BN76: Fantastic system to record IntraRenalPressure during RIRS. A pressure-sensor placed in the renal pelvis totally INDEPENDANT of FURS. Can be used with any kind of FURS &amp;able to stay in the RenalPelvis even if FURS moves from kidney to Ureter &amp;vice versa. More example coming https://t.co/q5xIpOcjnm","1463980373482917888","https://pbs.twimg.com/ext_tw_video_thumb/1463980249922908165/pu/img/i-Kki_XFrknVGjz-.jpg","","en","","1","7","51","https://x.com/OTRAXER/status/1463980373482917888","881146701096124416","OTRAXER"
"1765994970119643325","Fri Mar 08 06:56:26 +0000 2024","0","Hiiiiihhgg RUPS BMRI souvernirnya cockcicle dong ","1765994970119643325","","","in","Jakarta Capital Region, Indone","0","0","0","https://x.com/kakakjoolit/status/1765994970119643325","1684399448997380096","kakakjoolit"
"1766056367662698531","Fri Mar 08 11:00:24 +0000 2024","2","mau tau dong yang kmrn ikut rups shm! $BMRI kalian dateng jam brp biar dpt tempat duduk","1766056367662698531","","","in","Sukses Finansial","0","1","0","https://x.com/Saham_fess/status/1766056367662698531","1336580251493646343","Saham_fess"
"1768107744794739119","Thu Mar 14 02:51:50 +0000 2024","0","Souvenir RUPS BBCA apa hari ini? Kmrn BMRI corkcicle ","1768107744794739119","","","in","Yogyakarta - Jakarta","0","1","0","https://x.com/novaprilia/status/1768107744794739119","87643864","novaprilia"
"1303596247899463680","Wed Sep 09 08:14:38 +0000 2020","435","@actormanojjoshi जैसे इसने तेरा मुह तोड़ा और BMC ने ऑफिस तोड़ा https://t.co/zdPO3wO6OI","1303607736316256257","https://pbs.twimg.com/ext_tw_video_thumb/1303602846898610177/pu/img/iwlaPdSyPKW18CF4.jpg","actormanojjoshi","hi","Union Of India","6","44","98","https://x.com/Rup_INC/status/1303607736316256257","998935620339761153","Rup_INC"
"1758473523956449741","Fri Feb 16 12:48:53 +0000 2024","1","Gini ya ternyata jd investor Maret Tgl 1 RUPS BBRI Tgl 7 RUPS BMRI Tgl 14 RUPS BBCA ","1758473523956449741","","","in","","0","1","0","https://x.com/Supriesc/status/1758473523956449741","1703426063215607808","Supriesc"
"1765656032049815769","Thu Mar 07 08:29:37 +0000 2024","39","Dividen $BMRI Rp354/Saham Yield 5% ‼️ RUPS BMRI menyetujui pembagian dividen sebesar Rp33 T setara 60% dari laba bersih tahun buku 2023. Setara ~Rp354/saham dan mengindikasikan yield sebesar 5% dari harga BMRI pada perdagangan intraday hari ini Kamis di level Rp7.075. https://t.co/ANVCwq7HUs","1765656032049815769","https://pbs.twimg.com/media/GIDefXCboAADg-L.jpg","","in","Jakarta","4","1","7","https://x.com/Stockbit/status/1765656032049815769","587189716","Stockbit"
"1798017160817811830","Tue Jun 04 15:41:11 +0000 2024","397"," RBBB VS LBBB RBBB Rhythm: Supravent. QRS Duration &gt;110 ms ( &gt;120ms) Terminal R Wave in V1: RSR ( Rabbit Ears ) Wide S Wave in I aVL V5 V6 LBBB Rhythm: Supravent. QRS Dur &gt;120 ms QS or rS in V1 + V2 Broad R Wave in I aVL V5 V6 https://t.co/KPhN9tqBLu","1798017160817811830","https://pbs.twimg.com/media/GPPXEErXIAEiMq6.jpg","","en","Ethiopia","0","0","120","https://x.com/ZHeart11768530/status/1798017160817811830","1567869487780618241","ZHeart11768530"
"1765637232373928252","Thu Mar 07 07:14:54 +0000 2024","3","Seru banget tuh pemegang saham $BMRI yg datang ke RUPS pada dapet Corkcicle insulated Tumbler","1765637232373928252","","","in","medan","0","1","0","https://x.com/WOLF_of_IHSG/status/1765637232373928252","1509144342480498691","WOLF_of_IHSG"
"1774634037929513299","Mon Apr 01 03:05:00 +0000 2024","1","RUPS Tahunan PT Bank Mandiri (Persero) Tbk (BMRI) pada 7 Maret 2024 memberhentikan Andrinof A. Chaniago selaku Wakil Komisaris Utama Nawal Nely selaku Komisaris Ahmad Siddik Badruddin selaku Direktur Manajemen Risiko &amp; Susana Indah K. Indriati selaku Direktur Coporate Banking. https://t.co/YhfzQmTseH","1774634037929513299","https://pbs.twimg.com/media/GJ_7huQbsAAqIpH.jpg","","in","","0","0","0","https://x.com/LumbungSaham/status/1774634037929513299","1079319056761507840","LumbungSaham"
"1501875569734320133","Thu Mar 10 11:00:13 +0000 2022","0","Antigen 90 rb + transport + jajan . Cuan ga dateng ke RUPS bmri? https://t.co/J2w8n3PLPU","1501875569734320133","https://pbs.twimg.com/media/FNe73rRaUAILP15.jpg","","in","Indonesia","1","0","0","https://x.com/wirawijaya9/status/1501875569734320133","62208760","wirawijaya9"
"1862670382735794471","Sat Nov 30 01:30:00 +0000 2024","542","#ENARM2025 Infectología Neumonía Tema OBLIGADO️en ENARM Siempre viene por lo menos un caso clínico a clasificar con escala de CURB65 o CRB65 ESCALA CURB-65 clasificar gravedad de Neumonía C-Confusión U- Urea R- Respiración B- Blood pressure 65- años &gt;1 Pt HOSPI https://t.co/VCfcc7JXpj","1862670382735794471","https://pbs.twimg.com/media/GdlcV1MW0AAlqH9.jpg","","es","","0","0","68","https://x.com/DrRepaso/status/1862670382735794471","1658360818478768129","DrRepaso"
"1852593046850019636","Sat Nov 02 06:06:16 +0000 2024","345","RUPS HAD HIMSELF A NIGHT. ▫️ 14 PTS ▫️ 4 3PM (Career-High) ▫️ 2 REB ▫️ 1 BLK ▫️ 1 STL https://t.co/Tk3bPuK82C","1852593046850019636","https://pbs.twimg.com/media/GbW7aEwbgAAhsZS.jpg","","en","Portland, Ore.","1","10","24","https://x.com/trailblazers/status/1852593046850019636","6395222","trailblazers"
"1860767916414620150","Sun Nov 24 19:30:17 +0000 2024","219","The team has deposited over $80 000 worth of $RPLS into the AMM pool to ensure a healthier chart! We can't wait to announce the amazing news that has already been signed but NDA is NDA. Remember we haven't even started yet. Thank you for your loyalty and support! TEAM https://t.co/tcFWzljkeN","1860767916414620150","https://pbs.twimg.com/media/GdLGjw8WYAA3RtT.jpg","","en","XRPL","7","19","71","https://x.com/rplsripples/status/1860767916414620150","1849819236274774016","rplsripples"
"1532089677070606337","Wed Jun 01 20:00:18 +0000 2022","181","Jumped to high of the ground and fell on my shoulder. Mum rushed me to the vet since it looked dislocated and I was crying. Luckily nothing broken just sprained. Have a bad limp. Pain killer and rest prescribed. No walkies or zoomies for me #BTPosse #borderterrier #Rubeae https://t.co/yURXCza6DT","1532089677070606337","https://pbs.twimg.com/media/FUMTcSiX0AE_eBD.jpg","","en","The World","0","31","7","https://x.com/Rubeae_/status/1532089677070606337","1511410938209046536","Rubeae_"
"1765902475733946836","Fri Mar 08 00:48:53 +0000 2024","1","RUPS Bank Mandiri $BMRI memutuskan pembagian 60% Laba yang setara Rp353 95 per Lembar sementara itu $KARW open suspend https://t.co/5uO8Blb7Aq","1765902475733946836","https://pbs.twimg.com/media/GIG-8HubkAAamK6.jpg","","in","대한민국","1","0","2","https://x.com/buruhIHSG/status/1765902475733946836","1501933023243411463","buruhIHSG"
"1864245235846398159","Wed Dec 04 09:47:54 +0000 2024","269","️ As we wake up this morning after the sad news that our pal Rupes @jennystape has gone OTRB I would like to share a poem 'what I writ' at 2am when mum and I couldn't sleep sending luvs and hugs to Rupes' hoos from ALL his pals ️ #BovverBoysForever https://t.co/ADoCGAXcJ4","1864245235846398159","https://pbs.twimg.com/media/Gd8hDlZWIAAbGII.jpg","","en","Wiltshire, England","3","49","28","https://x.com/PatchyAmy/status/1864245235846398159","303787492","PatchyAmy"
"1864038423368966441","Tue Dec 03 20:06:06 +0000 2024","286","One of bestest besties of pal has gone OTRB. We are all so so devastated. Me send big hugs to hims hoos. Love you forever Rupes my bovver pal.","1864038423368966441","","","en","Buckie, Scotland","0","25","14","https://x.com/neale_morrison/status/1864038423368966441","4874293131","neale_morrison"
"1735809288671465911","Fri Dec 15 23:49:18 +0000 2023","1835","Cuando Raspy fue con Rubius para que le hiciera mimos ^^ &lt;3 https://t.co/1K2QhePOdV","1735809288671465911","https://pbs.twimg.com/ext_tw_video_thumb/1589367514722615301/pu/img/ZGAoO8prBX4odQlo.jpg","","es","Hyrule | Konoha ⸝͟๏︠","3","2","159","https://x.com/triforcepierce/status/1735809288671465911","1267289970638807044","triforcepierce"
"1732559467785626042","Thu Dec 07 00:35:41 +0000 2023","0","Mandiri daripada promo livin poin 35000 buat dituker tiket GDA mending BMRI RUPS bagi deviden jumbo rekening mandiri cuma kepake buat payroll doang poin segitu darimanee https://t.co/O9I64SYoTG","1732559467785626042","https://pbs.twimg.com/media/GAtJp4-a8AAeIuq.jpg","","in","","0","0","0","https://x.com/nilawardanii/status/1732559467785626042","1139016361","nilawardanii"
"1462934139443847174","Tue Nov 23 00:00:53 +0000 2021","574","Felices 11M en Rubius Z! @Rubiu5 / #rubiusfanart \ https://t.co/ObsWzrDF1w","1462934139443847174","https://pbs.twimg.com/media/FE1i2MQWYAIXVmb.jpg","","es","","1","3","61","https://x.com/rubbright/status/1462934139443847174","1318796403175456768","rubbright"
"1720860873588175086","Sat Nov 04 17:49:38 +0000 2023","1913","Y ALL RUBIUS IS COMING BACK TO THE QSMP TODAY https://t.co/3Y4vHi8708","1720860873588175086","https://pbs.twimg.com/media/F-G515-WYAAQ5M7.jpg","","en","","53","19","144","https://x.com/dariHQs/status/1720860873588175086","1012366930823532544","dariHQs"
"1418604270945923076","Fri Jul 23 16:09:49 +0000 2021","949","Algunos datos de Rub y el aspecto que tenía antes de ser internado. #Rubiuspsicopata #RubegettaAU #AsylumAU https://t.co/njiK52PQja","1418604270945923076","https://pbs.twimg.com/media/E6_lEOWWEAQhVCD.jpg","","es","💜","10","14","86","https://x.com/IamVex999/status/1418604270945923076","1196878961361522689","IamVex999"
"1272724976836194304","Tue Jun 16 02:57:35 +0000 2020","197","NADIE PODRÁ OCUPAR EL LUGAR DE BÁRBARA MORI COMO RUBÍ... tan bella como perversa no le llega ni a los talones la nueva versión#Rubi #RubiLaSerie https://t.co/Vi99XipfyX","1272724976836194304","https://pbs.twimg.com/media/EamgnoaXYAE1ZJL.jpg","","es","Culiacán, Sinaloa","2","17","22","https://x.com/rubenmartosm/status/1272724976836194304","140311140","rubenmartosm"
"1363393113952116740","Sun Feb 21 07:40:23 +0000 2021","1","Ngepas banget lagi megang bmri wkwk soalnya lagi minus eh kecatet rups https://t.co/m7RBbXpsbN","1363393113952116740","https://pbs.twimg.com/media/Euu-z5oVoAAuiYl.jpg","","in","","0","1","0","https://x.com/mysterybass_man/status/1363393113952116740","1075930085884981248","mysterybass_man"
"1638798985648541696","Thu Mar 23 07:05:00 +0000 2023","1","RUPS Tahunan PT Bank Mandiri (Persero) Tbk (BMRI) pada 14 Maret 2023 memberhentikan Boedi Armanto selaku Dewan Komisaris &amp; Panji Irawan selaku Direksi. RUPST mengangkat Heru Kristiyana &amp; Zainudin Amali sebagai Dewan Komisaris serta Eka Fitria sebagai Direksi. #BEI #IDX #Saham https://t.co/ymhRepQ4hl","1638798985648541696","https://pbs.twimg.com/media/Fr4of0xagAEvoNf.jpg","","in","","0","0","0","https://x.com/LumbungSaham/status/1638798985648541696","1079319056761507840","LumbungSaham"
"1765657681002660028","Thu Mar 07 08:36:10 +0000 2024","1","RUPS BMRI dapet souvenir corkcicle anjir ","1765657681002660028","","","in","","0","0","0","https://x.com/proaktif/status/1765657681002660028","1249739339182964746","proaktif"
"1736799344018567236","Mon Dec 18 17:23:26 +0000 2023","3170","Rufus looks to be over the worst of it but still shattered from the stress thes illness have put on him. Teething then a cold which looks to have brought on RSV. He is still at home he's back on antibiotics to prevent a chest infection and wanting plenty of cuddles! https://t.co/SpBGAVOvZk","1736799344018567236","https://pbs.twimg.com/media/GBpZzGOXgAEj8Eu.jpg","","en","Bradford, England","20","436","68","https://x.com/BenOxlade1/status/1736799344018567236","891197293256482817","BenOxlade1"
"1752276760430010547","Tue Jan 30 10:25:10 +0000 2024","270","Many miners complain that RUBI mining is too slow I said! don't worry I'll give you some reasons to be optimistic! Reason number one! 1 Rubi (RBL) is the concept of 1 Block a block is a unit containing within it up to 500 small units of smaller assets called MnF. If you https://t.co/LkjQgp8lNV","1752276760430010547","https://pbs.twimg.com/media/GFFT_YGbMAAHs1Y.png","","en","","9","86","60","https://x.com/RubiGlobal/status/1752276760430010547","1583773000448368640","RubiGlobal"
"1867963258143154656","Sat Dec 14 16:02:00 +0000 2024","229","1 #zzst #zshq ️️️️️️️️️️ Darling RUPERT made his journey over the bridge. The news stunned us all he was the 'other half' of the notorious BOVVER BROTHERS We train to day remembering him (and all the mischief he would probably have caused) TO DEAREST RUPE YOU https://t.co/wLX7YfwJKz","1867963258143154656","https://pbs.twimg.com/media/GevmOltWUAAD-6_.jpg","","en","We live where no zombies are😡","2","32","27","https://x.com/gensbazzbiddy/status/1867963258143154656","1728455087926747136","gensbazzbiddy"
"1635590744089018371","Tue Mar 14 10:36:35 +0000 2023","279","Rapat Umum Pemegang Saham Tahunan (RUPST) 2023 PT Bank Mandiri (Persero) Tbk (BMRI) sepakat untuk merombak susun jajaran komisaris perusahaan Selasa (14/3). #bisnisupdate #update #bisnis #oneliner https://t.co/UD9w9NcOa3 https://t.co/pcfsPTqgOW","1635590744089018371","https://pbs.twimg.com/media/FrLI_ujX0AEe_c6.jpg","","in","","111","154","100","https://x.com/kumparan/status/1635590744089018371","759692754985242625","kumparan"
"1847501853862580564","Sat Oct 19 04:55:41 +0000 2024","552","RUPS WAS HOOPIN ▫️ 20 PTS ▫️ 4 REB ▫️ 2 AST https://t.co/IVLISJ2IzB","1847501853862580564","https://pbs.twimg.com/media/GaOk9RIaQAAPmV3.jpg","","en","Portland, Ore.","7","7","32","https://x.com/trailblazers/status/1847501853862580564","6395222","trailblazers"
"1864059112138424348","Tue Dec 03 21:28:19 +0000 2024","934","Rupert (Rupes) had a personality as big as the moon - together with his bestie Norman the #BovverBoys terrorized zombies destroyed most of their mumz under crackers &amp; made all of us laugh. We know the noggy egg is plentiful OTRB tonight. Please patrol with humor &amp; joy in https://t.co/8Q8TKaOBS1","1864059112138424348","https://pbs.twimg.com/media/Gd534hWXwAErc19.jpg","","en","©WINZCUIT2013AllRightsReserved","14","100","124","https://x.com/ZombieSquadHQ/status/1864059112138424348","2882067129","ZombieSquadHQ"
"1864274155274731860","Wed Dec 04 11:42:49 +0000 2024","359","Morning Everyone Today Mum &amp; I remember Rupe s The most loveable extraordinarily funny Pupper who made us laugh every single day Keep nattering to us from the sweet guy Devastated still can t quite believe it Love you guys️ @jennystape #BovverBoysForever https://t.co/64kcSMPAdp","1864274155274731860","https://pbs.twimg.com/media/Gd87dk4X0AAjPwR.jpg","","en","South East, England","1","35","18","https://x.com/hollymaltese/status/1864274155274731860","1182724223015538693","hollymaltese"
"1852552486990843910","Sat Nov 02 03:25:06 +0000 2024","203","In just eight minutes so far tonight Rups has tied his career-high with three made 3-pointers https://t.co/Mk4FXZhdvA","1852552486990843910","https://pbs.twimg.com/amplify_video_thumb/1852551953420836864/img/Ju-C__3PmACxXvy_.jpg","","en","Portland, Ore.","0","2","12","https://x.com/trailblazers/status/1852552486990843910","6395222","trailblazers"
"1863840596571328520","Tue Dec 03 07:00:01 +0000 2024","291"," New listing $RPLS is coming to #Bitrue Spot. @rplsripples Deposit opened $RPLS/USDT trading: 10:00 UTC Dec 4 2024 $RPLS Launchpool: Stake $BTR to share 194 000 $RPLS stay tuned! $RPLS is a memecoin built on #XRPL and launched on @First_Ledger aimed at https://t.co/joqPzAurFr","1863840596571328520","https://pbs.twimg.com/media/Gd2i-uaaMAAZ0T5.jpg","","en","","17","35","98","https://x.com/BitrueOfficial/status/1863840596571328520","978184299122892800","BitrueOfficial"
"1202615612796788739","Thu Dec 05 15:48:00 +0000 2019","198","¿Te perdiste la interesante entrevista a Rubi en @RTVBetis? ‍️ ¡No hay problema! 🆗 ¡La puedes ver completa en nuestro canal de YouTube! https://t.co/WdNmYq2ZI9 https://t.co/50ckWd3US6","1202615612796788739","https://pbs.twimg.com/media/EK7srT1WoAMovhd.jpg","","es","Benito Villamarín (Sevilla)","1","2","42","https://x.com/RealBetis/status/1202615612796788739","296756458","RealBetis"
"1843410819981140043","Mon Oct 07 21:59:23 +0000 2024","3769","We've just had some incredible news about Rufus today! At birth his fecal elastase was &lt;15 or severely pancreatic insufficient. We were told today that he is at 171 thanks to Kaftrio! With &gt;200 being normal. Meaning he may not have to use creon for much longer! https://t.co/KZFzSTDXei","1843410819981140043","https://pbs.twimg.com/media/GZUcXwqXgAAm4Kc.jpg","","en","Bradford, England","13","384","90","https://x.com/BenOxlade1/status/1843410819981140043","891197293256482817","BenOxlade1"
"1523903143506894849","Tue May 10 05:49:56 +0000 2022","308","Lupus is a life-threatening autoimmune disease which can affect any organ of the body. On #WorldLupusDay2022 KIMS Bhubaneswar hopes if proper treatment protocol is followed the progression can remain under control. https://t.co/FhDlzblQkq","1523903143506894849","https://pbs.twimg.com/media/FSX91SkUcAArSbF.jpg","","en","Bhubaneswar, Odisha","5","7","191","https://x.com/KIMSBBSR/status/1523903143506894849","1369931439349788674","KIMSBBSR"
"1864061430980345912","Tue Dec 03 21:37:32 +0000 2024","398","This adorable doggo pal came into my twitter world a few years ago now. Rupes always made me smile with his den in summer. Barking at the storms. That TBT pic that I teased him about convinced it wasn't him as a puppy hee. Oh @jennystape gonna miss you pal. xxx https://t.co/CeJxtuVDpV","1864061430980345912","https://pbs.twimg.com/media/Gd55_RqXEAAbXG3.jpg","","en","England","0","11","20","https://x.com/LiseyLoopster/status/1864061430980345912","152029628","LiseyLoopster"
"1635472269211213824","Tue Mar 14 02:45:49 +0000 2023","0","Agenda Bursa Hari ini: RUPS BMRI BGTG &amp; MORA (13 Maret 2023) https://t.co/rNVXs7GLVW https://t.co/qVZ5CgQSTX","1635472269211213824","https://pbs.twimg.com/media/FrJdWkfXsAIDbbE.jpg","","in","Jakarta Capital Region","0","0","0","https://x.com/DataindonesiaId/status/1635472269211213824","1405348002101792772","DataindonesiaId"
"1490664914285137928","Mon Feb 07 12:33:05 +0000 2022","0","PT Bank Mandiri (Persero) Tbk (BMRI) akan menyelenggarakan RUPS Tahunan pada 10 Maret 2022 pukul 14.00 WIB. Pemegang #saham yang namanya tercatat dalam Daftar Pemegang Saham pada 15 Februari 2022 pukul 16.00 WIB berhak hadir atau diwakili dalam acara tersebut. #BEI #IDX #RUPS https://t.co/ChyVVZ1ygm","1490664914285137928","https://pbs.twimg.com/media/FK_n0A7aUAwtl08.jpg","","in","","0","0","0","https://x.com/LumbungSaham/status/1490664914285137928","1079319056761507840","LumbungSaham"
"1622219741053034498","Sun Feb 05 13:05:00 +0000 2023","0","PT Bank Mandiri (Persero) Tbk (BMRI) berencana untuk melakukan pemecahan nilai nominal saham (stock split) dengan rasio 1:2 dari Rp250 per saham akan menjadi Rp125 per saham. Rencana tersebut masih membutuhkan persetujuan RUPS pada 14 Maret 2023. #BEI #IDX #Saham https://t.co/on5i12CBlB","1622219741053034498","https://pbs.twimg.com/media/FoKhTu0aIAEFcuD.jpg","","in","","0","0","0","https://x.com/LumbungSaham/status/1622219741053034498","1079319056761507840","LumbungSaham"
"1304085126402527235","Thu Sep 10 15:51:37 +0000 2020","262","He is a patient of Bilopar.... #WarriorsRoar4SSR https://t.co/BvaqnnQsS4","1304085126402527235","https://pbs.twimg.com/media/EhkKfe2UYAA9N9i.jpg","","en","Bangladesh","28","30","237","https://x.com/RuhiZ9880/status/1304085126402527235","1286135075843665921","RuhiZ9880"
"1349792245709475840","Thu Jan 14 18:55:23 +0000 2021","276","#MM93 stopped by the Ruber International Hospital today Medical report ‍️ - Satisfactory progress - Continues with treatment - Follows the established recovery program ️‍️","1349792245709475840","","","en","","1","3","38","https://x.com/box_repsol/status/1349792245709475840","45522363","box_repsol"
"1364521365227806722","Wed Feb 24 10:23:39 +0000 2021","228","Mam Write Something for #RashamiDesai ..She supported you throughout your journey.. And We call you Our RDs ... #AskRubi","1364521365227806722","","","en","","0","2","191","https://x.com/ItsRubiology/status/1364521365227806722","1225732114299133952","ItsRubiology"
"1751959629733511647","Mon Jan 29 13:25:00 +0000 2024","0","Pada 7 Maret 2024 pukul 14.00 WIB PT Bank Mandiri (Persero) Tbk (BMRI) akan menyelenggarakan #RUPS Tahunan. Pemegang #saham yang namanya tercatat dalam Daftar Pemegang Saham BMRI pada 12 Februari 2024 pukul 16.00 WIB berhak hadir atau diwakili dalam acara tersebut. #BEI #IDX https://t.co/jMcRTMddCG","1751959629733511647","https://pbs.twimg.com/media/GFAzC7AbcAAfdvk.jpg","","in","","0","0","4","https://x.com/LumbungSaham/status/1751959629733511647","1079319056761507840","LumbungSaham"
"1617672790534131712","Mon Jan 23 23:57:02 +0000 2023","205","Diagnosis of vascular cognitive impairment. VICCCS criteria. #Neurology #Dementia #VCI #EndNeurophobia #teaching https://t.co/5PAQIX0xrd","1617672790534131712","https://pbs.twimg.com/media/FnMgm26X0AAdEHM.jpg","","en","Mexico City, Mx","0","0","57","https://x.com/MedinaRiojaMD/status/1617672790534131712","1138982294633537536","MedinaRiojaMD"
"1371613395493867525","Tue Mar 16 00:04:51 +0000 2021","7","RUPS BMRI memutuskan akan membagikan dividen total Rp 10 27 triliun yang setara dengan 60% dari laba bersih tahun lalu. Deviden per sahamnya adalah Rp 220. Angka ini turun 38% dari dividen tahun lalu Rp 353 31: Bisnis doktermarket","1371613395493867525","","","in","Indonesia","0","1","3","https://x.com/doktermarket/status/1371613395493867525","311312187","doktermarket"
"1503308942901796864","Mon Mar 14 10:08:02 +0000 2022","1","RUPS Tahunan Bank Mandiri (BMRI) sepakan bagikan deviden Rp. 16 82 triliun @bankmandiri https://t.co/3SkiIWSZm5","1503311987106668547","https://pbs.twimg.com/media/FNzWSMMaIAM_PJZ.jpg","GerBangNKRI","in","Indonesia","0","1","0","https://x.com/GerBangNKRI/status/1503311987106668547","884688698272501760","GerBangNKRI"
"1635449353166008322","Tue Mar 14 01:14:45 +0000 2023","6","RUPS Hari Ini Saham Bank Mandiri (BMRI) Berpotensi Dikerek https://t.co/MYFPWakuU6","1635449353166008322","","","in","Jakarta, Indonesia","0","2","2","https://x.com/InvestorID/status/1635449353166008322","238091066","InvestorID"
"1856712162921566346","Wed Nov 13 14:54:10 +0000 2024","390",":¨·.·¨: `·. I am :¨·.·¨: `·. obsessed :¨·.·¨: ⠀⠀⠀⠀⠀⠀⠀ ⠀`·. with this ⠀⠀⠀⠀⠀⠀⠀⠀⠀⠀⠀⠀⠀⠀⠀⠀⠀⠀⠀ :¨·.·¨: ⠀⠀⠀⠀⠀⠀ ⠀`·. Man https://t.co/S55u2pBKwb","1856712162921566346","https://pbs.twimg.com/media/GcRd3uwXkAAK5RD.jpg","","en","","2","1","70","https://x.com/rjilv3/status/1856712162921566346","1746994786215596032","rjilv3"
"1838864505612173727","Wed Sep 25 08:53:57 +0000 2024","746","Hi all Just an update on Rupe's new lump on his leg....it is cancerous Good news is that it's slow growing and there's only a 7-10% chance of spreading. Chemo/steroids won't work on this type of cancer so amputation is the only way to be rid completely but due to..../cont","1838864505612173727","","","en","The BovverBoys TreeHouse, UK ","5","133","24","https://x.com/jennystape/status/1838864505612173727","715192564509458434","jennystape"
"1605752354279522305","Thu Dec 22 02:29:29 +0000 2022","501"," CLINICAL CHEMISTRY - DERANGEMENTS OF BILIRUBIN METABOLISM TB: Total Bilirubin B2: Conjugated Bilirubin B1: Unconjugated Bilirubin https://t.co/bXlo96kGLe","1605752354279522305","https://pbs.twimg.com/media/FkjHAzlUEAEaF_1.jpg","","in","📍studytwt est 2021 (she/her)","8","0","129","https://x.com/brainrotgaIore/status/1605752354279522305","1371895230996176899","brainrotgaIore"
"1690017129876103169","Fri Aug 11 15:07:37 +0000 2023","601","Indian Railways continues to enhance the safety and convenience of journeys with the construction of ROBs and RUBs: FY-2022-23(Q1): 145 FY-2023-24(Q1): 163 Dedicated to enhancing the safety of train operations and ensuring uninterrupted traffic flow across IR network. https://t.co/aPFdm48Aqs","1690017129876103169","https://pbs.twimg.com/media/F3QlnGDWQAAraqk.jpg","","en","New Delhi, India","2","35","339","https://x.com/RailMinIndia/status/1690017129876103169","2602959463","RailMinIndia"
"1871316037934952502","Mon Dec 23 22:04:45 +0000 2024","1104","rufus update: we got his most recent test results in. some of his levels improved but his RBC decreased. we are going to try him on a medicine to hopefully help his RBC levels. paws crossed his levels improve at his next test he remains as cute as ever https://t.co/eg3Cel0QbI","1871316037934952502","https://pbs.twimg.com/media/GfhABIIWkAAG5JB.jpg","","en","djungelskog","0","46","35","https://x.com/scrunklyrufus/status/1871316037934952502","1849488751673643008","scrunklyrufus"
"1608878292098248704","Fri Dec 30 17:30:51 +0000 2022","580","ब्रह्म मुद्रा #HealthTipsByBapuji 'ब्रह्मा के तीन मुख और दत्तात्रेय के स्वरूप को स्मरण करते हुए व्यक्ति ३ दिशा में सिर घुमाए ऐसी यह क्रिया है। अतः इसे ब्रह्म मुद्रा कहते हैं। इससे एकाग्रता बढ़ती है व मानसिक अवसाद एवं गर्दन के समस्त दोष दूर होते हैं।' https://t.co/enSXnxacwH","1608878292098248704","","","hi","San Jose, CA","5","75","544","https://x.com/RishiDarshan/status/1608878292098248704","1420127028","RishiDarshan"
"1853097661681029176","Sun Nov 03 15:31:26 +0000 2024","0","Perusahaan mana yang kalau RUPS souvenirnya cakep ya? Selain BMRI.","1853097661681029176","","","in","","0","1","0","https://x.com/huiilyu/status/1853097661681029176","1307441234273730560","huiilyu"
"1758473318586593327","Fri Feb 16 12:48:04 +0000 2024","10","Shm! Guys yg pernah ikut RUPS $BBRI $BBCA $BMRI souvenirnya bagusan yang mana? Wkwkw jujur cuma bisa ikut salah satu tp masih galau mau ikut mana","1758473318586593327","","","in","Sukses Finansial","0","7","0","https://x.com/Saham_fess/status/1758473318586593327","1336580251493646343","Saham_fess"
"1722246212798292165","Wed Nov 08 13:34:29 +0000 2023","0","Bundling sama BMRI maret 2025 dapet dividen bacain hasil RUPS. ","1722246212798292165","","","in","","0","0","0","https://x.com/chikinmeokgo/status/1722246212798292165","1365627613931212804","chikinmeokgo"
"1763895567066046568","Sat Mar 02 11:54:09 +0000 2024","1","Ada yg berniat dateng ke rups shm! Bmri tgl 7? Mau cari temen hehe krn pertama kali","1763895567066046568","","","in","Sukses Finansial","0","0","0","https://x.com/Saham_fess/status/1763895567066046568","1336580251493646343","Saham_fess"
"1783941656598675674","Fri Apr 26 19:30:09 +0000 2024","252","Rupert was found in an emaciated condition in Barden Lane in Burnley on 29th March. Thankfully a passerby took him to a local vet Sadly his microchip details are out of date so we haven't been able to locate an owner. ⁣If you have any info please contact 0300 123 8018⁣. https://t.co/kl299vNHgZ","1783941656598675674","https://pbs.twimg.com/media/GMHVdzyWUAAKqPb.jpg","","en","","1","8","314","https://x.com/RSPCA_official/status/1783941656598675674","15288851","RSPCA_official"
"1203908175595917312","Mon Dec 09 05:24:11 +0000 2019","0","Erick Thohir Bocorkan Calon Dirut Sebelum RUPS Saham BMRI Meroket 100 Poin! #TauCepatTanpaBatas #Keuangan #Ekonomi #InfoSaham #HargaSaham . https://t.co/h3skRwg4tc","1203908175595917312","","","in","Jakarta","0","0","1","https://x.com/okezonenews/status/1203908175595917312","47274731","okezonenews"
"1867665665177559466","Fri Dec 13 20:19:28 +0000 2024","1395"," BREAKING: 13 MILLION RLUSD READY TO HIT MARKET AFTER RIPPLE S FRESH MINTING! #XRP https://t.co/hBAPWpEqJr https://t.co/swrPpv4m5r","1867665665177559466","https://pbs.twimg.com/media/GetIBNxXEAAQtBD.jpg","","en","Dubai","3","23","270","https://x.com/_Crypto_Barbie/status/1867665665177559466","1492597243953790987","_Crypto_Barbie"
"1501549598498000906","Wed Mar 09 13:24:56 +0000 2022","0","#kafein #bmri tampak menanti Rups nya bsok krn sepekan ini bergerak dlm range terbatas 7500-7700. #dividen nya #kafein prediksi paling tidak min tetap 60% atau setara 360/shr. Cukup menarik‼️ https://t.co/2W73zSTZUM","1501549598498000906","https://pbs.twimg.com/media/FNaSta8UcAAX8dV.png","","in","Indonesia","0","2","0","https://x.com/kafeinvestor/status/1501549598498000906","606096303","kafeinvestor"
"1581995506410328069","Mon Oct 17 13:08:15 +0000 2022","231","RUB is a unique type of ballscreen set that when timed correctly puts the defense in tough spots https://t.co/uDQzwjzRXx","1581995506410328069","https://pbs.twimg.com/media/FfRghyrXEAADuVJ.jpg","","en","Some Gym, Somewhere","1","3","19","https://x.com/Hoops_Companion/status/1581995506410328069","1143330935817027584","Hoops_Companion"
"1767652699837722949","Tue Mar 12 20:43:39 +0000 2024","830","#River | En @RiverLPM informan que Ruberto baja a jugar con reserva y @GermanBalcarce informa que quedó afuera por fiebre. Veremos. https://t.co/gek2ilO7TD","1767652699837722949","https://pbs.twimg.com/media/GIf2wzrWoAAsxhE.jpg","","es","","36","45","14","https://x.com/maxpugliese92/status/1767652699837722949","3381005283","maxpugliese92"
"1768138888042688625","Thu Mar 14 04:55:35 +0000 2024","2","70% lebih tiap dteng RUPS BBCA BMRI ASII INDF Di isi keturunan chinese dr yg muda hingga tua. Orang lokal lebih pilih Pesugihan Arisan dan klenik untuk kaya Instan","1768138888042688625","","","in","Jakarta Selatan, DKI Jakarta","0","1","1","https://x.com/Park_Gu_Ryu/status/1768138888042688625","465482694","Park_Gu_Ryu"
"1564943909851398144","Wed Aug 31 11:51:18 +0000 2022","205","Stock Name: Ruby Mills Ltd #RubyMills (Incorporated in 1917 https://t.co/p0UO0Nnrzx) More than 14 year consolidation zone BREAKOUT. Breakout retest zone 520-550 (accumulation zone) Highest monthly volume. Promoters holding: 74.90% (1/3) https://t.co/a2TwWrFGry","1564943909851398144","https://pbs.twimg.com/media/FbfD8D_aQAA5pTB.png","","en","Jaipur, India","1","8","34","https://x.com/Rishikesh_ADX/status/1564943909851398144","189627264","Rishikesh_ADX"
"1476028997871890436","Wed Dec 29 03:15:11 +0000 2021","538","One very imp indicator which is less talked about is INR; RUPEE HIT 1 MONTH HIGH; INR traded around $74.6 has fallen from high of $76.4 hit on 15th Dec - good sign","1476028997871890436","","","en","Mumbai","3","20","17","https://x.com/varinder_bansal/status/1476028997871890436","485769605","varinder_bansal"
"1626374219125911553","Tue Feb 21 14:56:21 +0000 2023","0","Skrg dapet BMRI... seminggu 3x RUPS https://t.co/hKbGZc4kkk","1628045970918502400","https://pbs.twimg.com/media/Fpf7IOBaYAA1rfX.jpg","ekoewicaksono","in","","0","0","0","https://x.com/ekoewicaksono/status/1628045970918502400","1536188171326660609","ekoewicaksono"
"1858067104236257764","Sun Nov 17 08:38:13 +0000 2024","377","Hey ##btposse and #puppygang pals. My family talk a lot about a very special BT that lived in my house before me called Rufus. This is him. He has sadly gone over the . I have big shoes to fill but am told that I am doing a great job. https://t.co/uRsHFuVXDn","1858067104236257764","https://pbs.twimg.com/media/GckuKJLWkAAB96v.jpg","","en","","0","13","13","https://x.com/BertieTheBorder/status/1858067104236257764","1845179343984787458","BertieTheBorder"
"1861765665939419488","Wed Nov 27 13:34:59 +0000 2024","2879","WOW! INDIA S CENTRAL BANK THE RESERVE BANK OF INDIA (RBI) CONFIRMS THE USE OF RIPPLE S #XRP LEDGER FOR DIGITAL RUPEE PROJECT! 🇮🇳 https://t.co/0Fy25KWHPm","1861765665939419488","","","en","Dubai","29","51","687","https://x.com/_Crypto_Barbie/status/1861765665939419488","1492597243953790987","_Crypto_Barbie"
"1868690975435997608","Mon Dec 16 16:13:41 +0000 2024","212"," @RIPPLE USD TRANSPARENCY REPORTS $RLUSD ️ RIPPLE WILL PUBLISH MONTHLY THIRD-PARTY ATTESTATIONS OF RLUSD´S RESERVE ASSET CONDUCTED BY AN INDEPENDENT AUDITING FIRM ️ COMPLIANCE-FIRST MINDSET SOURCE: https://t.co/q5nxCBrlz4 https://t.co/l3HReVZwiH","1868690975435997608","https://pbs.twimg.com/media/Ge7r_DmWIAAxYQf.jpg","","en","","2","0","58","https://x.com/DROPZXRP/status/1868690975435997608","1643867163558653952","DROPZXRP"
"1522244520825569280","Thu May 05 15:59:10 +0000 2022","2049","Diese manische Verteidigung von #Pfizer obwohl immer ersichtlicher wird dass wir seit 2 Jahren durchgehend belogen wurden hat schon sektenartigen Charakter.","1522244520825569280","","","de","Schwäbisch Gmünd","6","40","444","https://x.com/RubenRupp/status/1522244520825569280","995751007970889730","RubenRupp"
"1473362716224012289","Tue Dec 21 18:40:19 +0000 2021","463","Rubius: Hace dos años que no me ponía enfermo con fiebre en la noche lo he pasado fatal e Irina me a estado cuidado un montón. Irina lo cuido LOS QUIERO MUCHO. https://t.co/t8kciqJVch","1473362716224012289","https://pbs.twimg.com/ext_tw_video_thumb/1473362307313020937/pu/img/na29zSZPD7Du2HPK.jpg","","es","Hyrule | Konoha ⸝͟๏︠","2","0","29","https://x.com/triforcepierce/status/1473362716224012289","1267289970638807044","triforcepierce"
"1713747943738441920","Mon Oct 16 02:45:24 +0000 2023","218","Corticobasal Syndrome (CBS): aliens among us Clinical symptoms and diagnosis. #Neurology #Neurotwitter #MedSocial30 #Thread 1/ https://t.co/CywitugfEK","1713747943738441920","https://pbs.twimg.com/media/F8h0rARXAAAuL-r.jpg","","en","Mexico City, Mx","4","1","62","https://x.com/MedinaRiojaMD/status/1713747943738441920","1138982294633537536","MedinaRiojaMD"
"1169858948557459457","Fri Sep 06 06:24:42 +0000 2019","185","Increase in the value of digital payments through BHIM-UPI and RuPay Debit Cards shows its growing popularity among the citizens of India which is paving way for a digital economy. #DigitalIndia @NPCI_BHIM @RuPay_npci https://t.co/nrp1jPlJ3s","1169858948557459457","https://pbs.twimg.com/media/EDwsgbUUYAIm8IQ.jpg","","en","New Delhi, India","0","9","159","https://x.com/OfficeOfRSP/status/1169858948557459457","882219929709105152","OfficeOfRSP"
"1770621736771531056","Thu Mar 21 01:21:33 +0000 2024","321","Einschätzung zu Modellierungen (TTI) aus dem MPI für Dynamische Systeme durch den RKI-Krisenstab. Zahlreiche willkürlich gesetzte Annahmen von Parametern die uns zum großen Teil nicht bekannt sind Genauigkeit die nicht messbar und unrealistisch ist wird vorgetäuscht https://t.co/QPxZq5ylBj","1770621736771531056","https://pbs.twimg.com/media/GJKBRQjaUAAmxm2.jpg","","de","","10","21","86","https://x.com/BMuellerSN/status/1770621736771531056","1534502243269214209","BMuellerSN"
"1266345190320738307","Fri May 29 12:26:35 +0000 2020","471","Tanta intensidad en los entrenamientos acaba pasando factura... En un lance del entrenamiento de esta mañana Rubi ha sufrido un percance leve una fractura marginal de la cabeza de radio del brazo izquierdo ¡Mucho ánimo míster! ¡Nos vemos el domingo en el césped! https://t.co/66V3aZxtZ7","1266345190320738307","https://pbs.twimg.com/media/EZLul-sXQAIJB_e.jpg","","es","Benito Villamarín (Sevilla)","68","34","67","https://x.com/RealBetis/status/1266345190320738307","296756458","RealBetis"
"1367059786899087366","Wed Mar 03 10:30:26 +0000 2021","441","Rufus fu trovato da cucciolo gravemente ferito curato in un centro scambiato per un cane è stato poi riconosciuto come lupo. I #Carabinieri Forestali lo hanno trasferito in un Centro specializzato dove vivrà in un ampio appezzamento boscato. #WorldWildlifeDay https://t.co/RRsFbPFbaI","1367059786899087366","https://pbs.twimg.com/media/EvjDmT3XYAEpvj1.jpg","","it","Roma (ITALIA)","5","16","80","https://x.com/_Carabinieri_/status/1367059786899087366","2965811733","_Carabinieri_"
"1767376436506296332","Tue Mar 12 02:25:53 +0000 2024","0","Souvenir rups bmri bermanfaat bet ngg gue kletek y stikernya? Kek yg di tiktok2 itu wkwkwk biar ad tulisannya corxxicle","1767376436506296332","","","in","Leyden, The Netherlands","0","0","0","https://x.com/thekencloset/status/1767376436506296332","1346741603176599553","thekencloset"
"1456138107376517124","Thu Nov 04 05:55:53 +0000 2021","447","From 9 months in my mother's womb to 9 months without her !! Time passed so fast!! Miss you ammi ","1456138107376517124","","","en","","2","55","54","https://x.com/ItsRubiology/status/1456138107376517124","1225732114299133952","ItsRubiology"
"1348306781504565248","Sun Jan 10 16:32:41 +0000 2021","298","Okay !! So #RubiNav bcm Officially Mummy Papa of New Born baby naming FALSE NARRATIVE #DilSeRahulVaidya","1348306781504565248","","","en","Mumbai ","1","10","333","https://x.com/RiaJhaa/status/1348306781504565248","1202940150470213633","RiaJhaa"
"1474666348437544963","Sat Dec 25 09:00:30 +0000 2021","230","Do you struggle with musculoskeletal MRI? ‍️‍️ This beginner's guide to interpretation might just be the best Christmas present you receive all day! ️ https://t.co/YnyQcnUkvt https://t.co/bJMpoM3xYV","1474666348437544963","https://pbs.twimg.com/media/FHcROpKXEAE7R4C.jpg","","en","BMJ Group, Tavistock Square","5","1","57","https://x.com/BJSM_BMJ/status/1474666348437544963","138753057","BJSM_BMJ"
"1691584987148218841","Tue Aug 15 22:57:43 +0000 2023","408","New work: Bayesian Flow Networks! https://t.co/9QatLDVRw5 We present a new perspective on the ideas related to diffusion models. BFNs combine Bayesian inference and neural nets to yield a model class with simple objectives that gracefully extends to discrete data. Overview ⬇️ https://t.co/kYxNNlCONc","1691584987148218841","https://pbs.twimg.com/media/F3m3lGJa4AYhK4p.jpg","","en","Santa Cruz, CA","8","9","65","https://x.com/rupspace/status/1691584987148218841","2784575957","rupspace"
"1770651495257809346","Thu Mar 21 03:19:48 +0000 2024","0","Agenda Bursa Hari ini: RUPS BTPN CPRO hingga DPS Dividen SDRA &amp; BMRI (21 Maret 2024) https://t.co/IHTgGVSF0Z","1770651495257809346","","","in","Jakarta Capital Region","0","0","0","https://x.com/DataindonesiaId/status/1770651495257809346","1405348002101792772","DataindonesiaId"
"1770327737569333261","Wed Mar 20 05:53:18 +0000 2024","0","Agenda Bursa Hari ini: RUPS ESSA BTPS FASW hingga Ex Dividen BMRI (20 Maret 2024) https://t.co/hxDGBjDJ73","1770327737569333261","","","in","Jakarta Capital Region","0","0","0","https://x.com/DataindonesiaId/status/1770327737569333261","1405348002101792772","DataindonesiaId"
"1769238116462993427","Sun Mar 17 06:27:44 +0000 2024","0","@ApestorNyangkut Dari zaman RUPS BMRI dapat souvenir kalender dan roti Bakerman. Selalu hadir https://t.co/ErkDm8nuOj","1769249238683402345","","ApestorNyangkut","in","kokogiovanni@gmail.com","0","1","0","https://x.com/KokoGiovanni/status/1769249238683402345","139982550","KokoGiovanni"
"1365392440702734336","Fri Feb 26 20:05:00 +0000 2021","247","Robert Willis then 24 a Private from @254Med was the frontline medic working in the small compound in the Babaji district of Helmand going on every patrol and supplying medical support for @2SCOTS_PDandB. Reservist Medics played a huge role in Helmand. #herrick13 #TenYearsOn https://t.co/8VnY4lDy0w","1365392440702734336","https://pbs.twimg.com/media/EvLK7_xXEAQfKPh.jpg","","en","London","4","2","24","https://x.com/Rupert_Frere/status/1365392440702734336","108274938","Rupert_Frere"
"1779899203734401226","Mon Apr 15 15:46:53 +0000 2024","672","Y all wanna know why Rupp was so insanely loud yesterday? The blue hairs weren t filling the lower bowl. #BBN ","1779899203734401226","","","en","","3","46","27","https://x.com/KYSass_/status/1779899203734401226","1400669824917938176","KYSass_"
"1617070845675065344","Sun Jan 22 08:05:07 +0000 2023","814","Joint team of RPF GRP Badarpur along with BSF personnel strike a blow to the menace of drug trafficking with arrest of two drug mules carrying brown sugar worth 48 lakhs at Badarpur railway station. #OperationNarcos #DrugFreeNation https://t.co/r54mcatAfp","1617070845675065344","https://pbs.twimg.com/media/FnD9WlBakAAHsjY.jpg","","en","New Delhi, India","4","21","894","https://x.com/RPF_INDIA/status/1617070845675065344","3259255644","RPF_INDIA"
"1369418928854798344","Tue Mar 09 22:44:49 +0000 2021","353","Observem como agem os urubus da RBS! SES informa quantidade de óbitos mensal... E jornazista mente que foi em um dia. https://t.co/wRCDKHksgr","1369418928854798344","https://pbs.twimg.com/media/EwEnQb9XAAEVtBf.jpg","","pt","Porto Algre - RS Brasil","17","36","141","https://x.com/amandamoraes500/status/1369418928854798344","2189036407","amandamoraes500"
"1355895585837084676","Sun Jan 31 15:07:53 +0000 2021","189","Guys I am not well ! Plz pray for me! I am suffering from Rubi fever.. There is no medication. TRP QUEEN RUBINA","1355895585837084676","","","en","","4","22","457","https://x.com/ItsRubiology/status/1355895585837084676","1225732114299133952","ItsRubiology"
"1383033694777012230","Fri Apr 16 12:25:03 +0000 2021","3623","I repeat BMC JUMBO Covid centres have NOT TURNED BACK back a single patient that I've referred there. And I've referred dozens. Please do keep this in mind. Do call the war room but if there isn't any progress go to your nearest JUMBO facility. My DMs are open. #Mumbai","1383033694777012230","","","en","Mumbai/Pune","41","41","1328","https://x.com/rubenmasc/status/1383033694777012230","137606960","rubenmasc"
"1342934687677886465","Sat Dec 26 20:45:54 +0000 2020","1194","EXCLUSIVE: Brave Leeds Rhinos legend Rob Burrow to get MBE amid battle with motor neurone disease https://t.co/ZzDH4y6OLa https://t.co/SAshR8ONuJ","1342934687677886465","https://pbs.twimg.com/media/EqMP97XXUAAeOy3.jpg","","en","UK","75","32","139","https://x.com/MirrorSport/status/1342934687677886465","107379222","MirrorSport"
"1559578513165934602","Tue Aug 16 16:31:07 +0000 2022","332","Zelf ontdekte de wetenschapper 2 5 jaar geleden een fout in het RIVM-model. https://t.co/BFVlVZ9HjK","1559578513165934602","","","nl","Nederland","9","14","111","https://x.com/BNR/status/1559578513165934602","18020059","BNR"
"1399671445274480640","Tue Jun 01 10:17:31 +0000 2021","174","Sagt der Chef der Neuro der Uni Essen... Die Neurologen wollen es einfach nicht verstehen: Nur weil sie im MRT nichts sehen und der Patient beim Finger-Nase-Versuch brilliert bedeutet das nicht automatisch dass der Patient nichts hat. https://t.co/KgHSwMQOMK","1399671445274480640","https://pbs.twimg.com/media/E2yhwv9X0AEdL4e.jpg","","de","","6","29","26","https://x.com/Robert83563198/status/1399671445274480640","939157144955510790","Robert83563198"
"1233188247557136384","Fri Feb 28 00:32:44 +0000 2020","2","Hari ini RUPS Tahunan BRIS; RUPS Luar Biasa ICON dan WAPO; Cum cash dividend BBNI (Rp 206 24108/saham pembayaran 24-Maret-2020); Ex dividen BMRI (Rp 353 34/saham)","1233188247557136384","","","in","Indonesia","0","0","0","https://x.com/doktermarket/status/1233188247557136384","311312187","doktermarket"
"1398992327465652229","Sun May 30 13:18:57 +0000 2021","5362","Ruba Assi has been sentenced to 21 months in Israeli jails. Ruba is a student at Birzeit University in the West Bank Palestine. https://t.co/hIKjTPchFI","1398992327465652229","https://pbs.twimg.com/media/E2o4GSeXIAUdHp8.jpg","","en","Palestine","107","77","2954","https://x.com/MuhammadSmiry/status/1398992327465652229","226350647","MuhammadSmiry"
"1758681810845004182","Sat Feb 17 02:36:33 +0000 2024","1","Pengen coba dateng di rups bmri tapi malu cuma punya 1 lot tapi pengen datenggg buat nambah2 pengalaman","1758681810845004182","","","in","bulan","0","0","0","https://x.com/hilihbicitbgt/status/1758681810845004182","1243808752488202240","hilihbicitbgt"
"1357141588011483141","Thu Feb 04 01:39:03 +0000 2021","1","Bank Mandiri (BMRI) Mau Gelar RUPS Maret. Catat Jadwalnya! https://t.co/bN7m2MbdRM","1357141588011483141","","","in","Jakarta, Indonesia","0","0","0","https://x.com/Bisniscom/status/1357141588011483141","118646322","Bisniscom"
"1381581340944916480","Mon Apr 12 12:13:54 +0000 2021","327","As the situation in Mumbai remains grim should anyone need beds or Remdesivir vials Pls get in touch with BMC on 1916. If things don't move forward don't hesitate to call. My colleagues at @AAPMumbai and I will try our best to help you out. DMs are open. #SecondWave","1381581340944916480","","","en","Mumbai/Pune","3","12","181","https://x.com/rubenmasc/status/1381581340944916480","137606960","rubenmasc"
"1757902546239119607","Wed Feb 14 23:00:01 +0000 2024","326","#Rubi estreava há 19 anos: Exibida pelo SBT na faixa das 19h30. Remake da novela de 1968 de mesmo nome. Média geral de 10 pontos. Reprisada em 2006 2013 e 2017. Última novela que Bárbara Mori atuou. Anahí chegou a fazer testes para viver Rubi. https://t.co/Is6caTEaII","1757902546239119607","https://pbs.twimg.com/media/GGUpeDKWsAERtkn.jpg","","pt","","7","14","27","https://x.com/forumeplay/status/1757902546239119607","519880235","forumeplay"
"1727555690116645311","Thu Nov 23 05:12:27 +0000 2023","294","UPI and Rupay Card were the brainchild of MMS and even RRR was involved in it when he became the RBI governor. MMS govt started NCPI in 2009. In 2012 RBI came up with a project charter to develop UPI in 4 years. Rupay Card was launched on May 8th 2014 and UPI in 2016. It was https://t.co/hmeK6EZWfG","1727555690116645311","https://pbs.twimg.com/media/F_mCvpoasAAL8eq.jpg","","en","","2","4","86","https://x.com/drunkJournalist/status/1727555690116645311","737209835427528704","drunkJournalist"
"1782780437250920657","Tue Apr 23 14:35:53 +0000 2024","0","AKU UDAH KEK MBAK2 YG DTENG KE RUPS NYA BMRI AVVVV","1782780437250920657","","","in","Kota Surabaya, Jawa Timur","0","0","0","https://x.com/shoficore/status/1782780437250920657","1683477061577457668","shoficore"
"1598326177457897473","Thu Dec 01 14:40:30 +0000 2022","183","Morning. Rippy has a torn ligament and sprained hip. Lots of swelling in the thigh. He s on pain meds anti inflammatory and antibiotic. Vet is concerned about soft tissue infection . Never heard that before. Keeping him as inactive as possible should help to heal itself. https://t.co/08zhSF2rGI","1598326177457897473","https://pbs.twimg.com/media/Fi5lLyWXwAAXSIa.jpg","","en","Key Largo, FL","0","59","0","https://x.com/KeysMom1031/status/1598326177457897473","1289030630450302979","KeysMom1031"
"1776133354490069286","Fri Apr 05 06:22:45 +0000 2024","0","keren banget yg datang ke rups bmri kmrn","1776133354490069286","","","in","Kota Surabaya, Jawa Timur","0","0","0","https://x.com/shoficore/status/1776133354490069286","1683477061577457668","shoficore"
"1680570510407598080","Sun Jul 16 13:30:07 +0000 2023","220","Meet RIBOmap. The new method enables single-cell in situ profiling and three-dimensional mapping of mRNA translation in thousands of genes across intact cells and tissues researchers report in Science. https://t.co/EuF5vqa6DZ https://t.co/UXPGbESA0V","1680570510407598080","https://pbs.twimg.com/media/F1KV-EKXoAo1xG_.jpg","","en","Washington, DC & Cambridge, UK","1","2","68","https://x.com/ScienceMagazine/status/1680570510407598080","32372834","ScienceMagazine"
"1278712665490292738","Thu Jul 02 15:30:31 +0000 2020","185","Big news coming to you from RNS: All-in-one global digital currency payment platform @BleumiInc has integrated RNS! RNS integrations mean more users have access to secure and affordable decentralized solutions for crypto transactions Get your RNS domain: https://t.co/SDzOe6ndFU https://t.co/l1dYwUDPhd","1278712665490292738","https://pbs.twimg.com/media/Eb7mZKJUwAETno0.jpg","","en","","1","2","14","https://x.com/RIFtechnology/status/1278712665490292738","1025113070933356544","RIFtechnology"
"1335949603280064512","Mon Dec 07 14:09:40 +0000 2020","806","No book is written as beautiful &amp; structured as ROBBINS in whole MBBS syllabus. #MedTwitter","1335949603280064512","","","en","","13","53","37","https://x.com/rupalisingh02/status/1335949603280064512","1212699070193496065","rupalisingh02"
"1826265071460425827","Wed Aug 21 14:28:18 +0000 2024","293"," Exciting news for #neuroscience! Launching deepmriprep: Voxel-based Morphometry (VBM) preprocessing via neural networks in ~10 seconds per #brain image Preprint: https://t.co/Es2lMhEDUu GitHub: https://t.co/e7IDmkqvNT Install via pip install deepmriprep https://t.co/TuTivxAyiV","1826265071460425827","https://pbs.twimg.com/ext_tw_video_thumb/1826263943804846080/pu/img/NSykw1mSpYK1EJ03.jpg","","en","","4","5","67","https://x.com/codingfisch/status/1826265071460425827","2218259249","codingfisch"
"1374622550815215617","Wed Mar 24 07:22:10 +0000 2021","337","राजस्थान विधानसभा में साथी विधायक माननीय @BishnoiPabbaram जी को जन्मदिन के शुभ अवसर पर हार्दिक बधाई और स्वस्थ निरोग और दीर्घायु जीवन की शुभकामनाएं https://t.co/VqkegZDqXf","1374622550815215617","https://pbs.twimg.com/media/ExOj7JpU8AYdCbZ.jpg","","hi","Makrana","1","8","9","https://x.com/mlaruparam/status/1374622550815215617","1126847199583686657","mlaruparam"
"1584273736240627712","Sun Oct 23 20:01:07 +0000 2022","212","It s hard to explain just how far Rupi has come. From the brink of death to absolutely thriving. Some things it s just easier to show. https://t.co/WIASd5cklb","1584273736240627712","https://pbs.twimg.com/media/Ffx4kD9XwAEqDAI.jpg","","en","Montreal","1","6","24","https://x.com/MtlARN/status/1584273736240627712","1153406218628751360","MtlARN"
"1553039245215924224","Fri Jul 29 15:26:24 +0000 2022","204","Rubi já está no hospital realizando alguns atendimentos! https://t.co/FBVFTIOWg9 https://t.co/NGYr74PnGX","1553039245215924224","https://pbs.twimg.com/media/FY2A9nSWYAMBG5S.jpg","","pt","","0","1","0","https://x.com/editionofc/status/1553039245215924224","1459275348747722752","editionofc"
"1430958699422625796","Thu Aug 26 18:21:54 +0000 2021","513","Ecco la nostra campionessa ha subito l'enucleazione di entrambi i bulbi oculari in seguito a glaucoma di origine probabilmente virale. È stata operata oggi alle 12:30 si sta riprendendo piano piano FORZA RUBY https://t.co/xFXJJ7gu2O","1430958699422625796","https://pbs.twimg.com/media/E9vJWoLXMAY6VA6.jpg","","it","","3","67","110","https://x.com/RandagiBaffi/status/1430958699422625796","1140986652418105344","RandagiBaffi"
"1765634329940824439","Thu Mar 07 07:03:22 +0000 2024","0","Demi apaaa gua nyesel ga ikut rups bmri souvenirnya corkcicle bjirr","1765634329940824439","","","in","bulan","0","1","0","https://x.com/hilihbicitbgt/status/1765634329940824439","1243808752488202240","hilihbicitbgt"
"1229917801323716610","Tue Feb 18 23:57:09 +0000 2020","3","Kemarin IHSG menguat 0 33% ke 5886 Rupiah melemah 0 25% ke 13694/Dollar AS. Hari ini RUPS Tahunan BMRI RUPS-Luar Biasa AGRO dan PSAB. Pencabutan suspensi TELE dan TOPS.","1229917801323716610","","","in","Indonesia","0","1","0","https://x.com/doktermarket/status/1229917801323716610","311312187","doktermarket"
"1663524012499271682","Tue May 30 12:33:26 +0000 2023","37","Menteri BUMN Erick Thohir udah menjanjikan kalau setoran BUMN tahun ini akan pecah rekor sekitar Rp80 2 triliun. Berikut BUMN dan persentase laba 2022 yang dibagi sebagai dividen. $TLKM 80% $BBRI 85% $BMRI 60% $PGAS 70% $BBNI 40% $JSMR 20% $PTBA RUPS tgl 15 Juni.","1663524012499271682","","","in","Jakarta Capital Region","5","9","15","https://x.com/BigAlphaID/status/1663524012499271682","958566590768926721","BigAlphaID"
"1766424843086627302","Sat Mar 09 11:24:35 +0000 2024","0","Iri bener gwe jingan RUPS BMRI dapet merchandisenya corkcicle. Tau gitu serok aja 1 lot doang","1766424843086627302","","","in","Manchester, UK","0","1","0","https://x.com/politicdumpling/status/1766424843086627302","1333677916866056199","politicdumpling"
"1768275187542442383","Thu Mar 14 13:57:12 +0000 2024","0","Wow marchandise rups bmri corkcicle","1768275187542442383","","","en","","0","0","0","https://x.com/ilhamyusdianto/status/1768275187542442383","1409903923847000065","ilhamyusdianto"
"1635800650809503744","Wed Mar 15 00:30:41 +0000 2023","4","RUPST BMRI menyetujui aksi korporasi stock split dengan rasio 1:2. Selain itu dalam RUPS juga diputuskan pembagian dividen tunai Rp 529 34/saham naik 47% dari dividen tahun lalu Rp 360 64/saham.","1635800650809503744","","","in","Indonesia","0","1","2","https://x.com/doktermarket/status/1635800650809503744","311312187","doktermarket"
"1625990715338522624","Wed Feb 15 22:49:30 +0000 2023","521","It s almost impossible to imagine how far Rupi has come. If we didn t have the photos we might never believe it. She was found more than half dead only 2.13 kg and severely anemic. She needed months of specialized care. But it was all worth it to see her blossom! https://t.co/hQpsTePQAG","1625990715338522624","https://pbs.twimg.com/media/FpCt72rWIAEWTla.jpg","","en","Montreal","3","8","58","https://x.com/MtlARN/status/1625990715338522624","1153406218628751360","MtlARN"
"1752975469312627106","Thu Feb 01 08:41:35 +0000 2024","0","Siddik Badruddin ke Pertamina Bank Mandiri (BMRI) Gelar RUPS 7 Maret 2024 https://t.co/GBIBgmycSb","1752975469312627106","","","in","Jakarta, Indonesia","0","0","3","https://x.com/Bisniscom/status/1752975469312627106","118646322","Bisniscom"
"1492097628305522690","Fri Feb 11 11:26:11 +0000 2022","1","Tahun lalu saya cicil BMRI makin mendekati hari pelaksanaan RUPS. Malahan makin turun harganya Begitu H+1 RUPS langsung naik karena yield dividen cukup besar. Saatnya saya pelan-pelan jualan.","1492097628305522690","","","in","kokogiovanni@gmail.com","0","0","0","https://x.com/KokoGiovanni/status/1492097628305522690","139982550","KokoGiovanni"
"1338927880559058944","Tue Dec 15 19:24:17 +0000 2020","600","BREAKING: Multi-billion dollar management firm Ruffer with £20.3B AUM says one of its funds now has a 2.5% exposure to #Bitcoin","1338927880559058944","","","en","","23","9","88","https://x.com/Bloqport/status/1338927880559058944","952169739245285376","Bloqport"
"1271812702524956672","Sat Jun 13 14:32:32 +0000 2020","235","भाजपा के हमारे प्रदेशाध्यक्ष @DrSatishPoonia जी के साथ आज #बीकानेर दौरे पर रहकर साथी विधायक सिद्धि कुमारी जी की माताजी श्रीमती पद्मा कुमारी जी की शोकसभा में दिवंगत आत्मा को पुष्पांजलि अर्पित की तत्पश्चात बीकानेर में पार्टी के कार्यक्रमों में भाग लिया। @BJP4Rajasthan https://t.co/UIWVxNXnal","1271812702524956672","https://pbs.twimg.com/media/EaZi3fSUwAA20NC.jpg","","hi","Makrana","0","0","13","https://x.com/mlaruparam/status/1271812702524956672","1126847199583686657","mlaruparam"
"1767113102473261199","Mon Mar 11 08:59:29 +0000 2024","0","nih fomo jg gara gara liat RUPS BMRI dapet corkcicle anjir","1767113102473261199","","","in","Buitenzorg","0","0","0","https://x.com/barbeves/status/1767113102473261199","1341716139970183169","barbeves"
"1328458390021017606","Mon Nov 16 22:02:16 +0000 2020","205","En 2019: El Betis necesita a los mejores y por eso hemos apostado por Rubi. Siempre fue nuestra primera opción . En 2020: Rubi fue elegido por Lorenzo y no funcionó . No le decís la verdad ni al médico @AhoraBetis_ MENTIROSOS. https://t.co/e6vXkwUfR5","1328458390021017606","https://pbs.twimg.com/media/Em-h3I1W4AAMX6l.jpg","","es","Contacto: betisstats@gmail.com","2","7","71","https://x.com/BetisStats/status/1328458390021017606","1202060766","BetisStats"
"1388444023111798784","Sat May 01 10:43:45 +0000 2021","386","L452R nd E484Q are the RBD mutations we are worried about in B.1.617. We need more data with wt isolates but this is reassuring.","1388444023111798784","","","en","New York, NY","13","8","88","https://x.com/florian_krammer/status/1388444023111798784","704282873231237121","florian_krammer"
"1782764020392444110","Tue Apr 23 13:30:39 +0000 2024","3","Hasil Rups $UNTR besok akan sangat mempengaruhi pergerakan saham $ASII Perkiraan jadwal rilis lapkeu big banks lainnya $BBRI: 25 April 2024 $BBNI: 29 April 2024 $BMRI: 30 April 2024 Source: Bloomberg","1782764020392444110","","","in","medan","1","0","1","https://x.com/WOLF_of_IHSG/status/1782764020392444110","1509144342480498691","WOLF_of_IHSG"
"1491615606574968833","Thu Feb 10 03:30:48 +0000 2022","207","Rupa and Co #RUPA Results update from SMIFS: Strong allround performance Volume growth of 15% Sustainable OPM 18-20% Guidance: Rev growth of 18-20% n OPM 18-20% for fy23 Exports Target 5x in 3years Specific products for e-commerce 10-11% sales contribution in 3-4yrs https://t.co/qwpJCcWnvc","1491615606574968833","https://pbs.twimg.com/media/FLNIdcCVEAcui3s.jpg","","en","Mangalore, India","1","4","36","https://x.com/nid_rockz/status/1491615606574968833","197627400","nid_rockz"
"1492428052046876672","Sat Feb 12 09:19:10 +0000 2022","721","रूपेश जैसे प्रतिभावान युवक की #मॉब_लींचिंग और उसके बाद राज्य सरकार व प्रशासन का एकपक्षीय रवैया। रूपेश के परिवार वालों को निश्चय ही न्याय मिलेगा। यह लड़ाई केवल बरही हज़ारीबाग तक सीमित नहीं है। @BJP4Jharkhand इसे पूरे प्रदेश में सड़क से सदन तक उठाएगी। #Justice4RupeshPandey https://t.co/kDHdReF7M5","1492428052046876672","https://pbs.twimg.com/media/FLYrVMAaUAEZ6_Y.jpg","","hi","Jharkhand, India","9","25","236","https://x.com/yourBabulal/status/1492428052046876672","987290639174983680","yourBabulal"
"1576574258125238272","Sun Oct 02 14:06:09 +0000 2022","485","Thrilled to share RIBOmap a 3D in situ profiling method to detect mRNA translation for thousands of genes simultaneously in the context of subcellular architecture cell types and tissue anatomy led by @huzengHZ @jiahaoh511 @JingyiRen https://t.co/fHw7A7PscP","1576574258125238272","","","en","Boston","12","8","103","https://x.com/WangXiaoLab/status/1576574258125238272","1009805643270664192","WangXiaoLab"
"1220586766064848897","Fri Jan 24 05:58:57 +0000 2020","263","מפל הבניאס גועש הבוקר. צילום: ויטלי גרנדר רשות הטבע והגנים https://t.co/V2yfhZXohs","1220586766064848897","https://pbs.twimg.com/ext_tw_video_thumb/1220586612423364608/pu/img/yyGUtv20nj3429qA.jpg","","iw","ישראל","1","4","14","https://x.com/rubih67/status/1220586766064848897","2723249720","rubih67"
"1624387990721277953","Sat Feb 11 12:40:51 +0000 2023","260","Ruri 'Repvblik' shirtless biceps pose. #selebwatch https://t.co/HMCt9cQogC","1624387990721277953","https://pbs.twimg.com/media/For8QjgaQAELMLg.jpg","","en","","1","4","23","https://x.com/mrvvip/status/1624387990721277953","86736333","mrvvip"
"1200477724583878657","Fri Nov 29 18:12:47 +0000 2019","234","Lo del #Rumpy no hace más que confirmar lo que dice el mismo. La institución es una mierda graba a detenidos y difunde imágenes. Es tan grave como que un médico grabe un paciente. Ahí se las dejo....","1200477724583878657","","","es","","3","20","101","https://x.com/Fabo_Pampaloni/status/1200477724583878657","132031935","Fabo_Pampaloni"
"1374016391611826178","Mon Mar 22 15:13:30 +0000 2021","342","rupar (roo-par) noun a false statement made with deliberate intent to deceive Example: Armandi uses 2019 picture to spread rupars about covid. *Can also be used as a verb as in stop ruparing about the Atlanta shootings. https://t.co/VKKb7KRygG","1374016391611826178","","","en","Evanston, IL","5","10","123","https://x.com/TomBevanRCP/status/1374016391611826178","15988710","TomBevanRCP"
"1568193798215286784","Fri Sep 09 11:09:47 +0000 2022","233","Number and density of mutations on the RBD clearly exceeds BA.2.75. And yes also R346T (known from BA.1.1 BA.4.6 BF.7 BA.2.75.2 and others) is in the package. 4/7 https://t.co/Jox8WMJ1Rs","1568194956627529728","https://pbs.twimg.com/media/FcNY-SUXgAAvqNy.jpg","EllingUlrich","en","Wien, Österreich","6","1","46","https://x.com/EllingUlrich/status/1568194956627529728","3292887904","EllingUlrich"
"1531004441276686337","Sun May 29 20:07:58 +0000 2022","649","Enhorabuena a Rubi por el ascenso con la @U_D_Almeria. La temporada que viene volverá a entrenar en Primera División. Aquí no le salieron las cosas pero siempre demostró honradez y profesionalidad. Se lo merece https://t.co/DoritKvW0I","1531004441276686337","https://pbs.twimg.com/media/FT84bCmXoAAo94F.jpg","","es","Contacto: betisstats@gmail.com","2","8","48","https://x.com/BetisStats/status/1531004441276686337","1202060766","BetisStats"
"1324764426650746881","Fri Nov 06 17:23:46 +0000 2020","503","A new genetic reporter RUBY that converts tyrosine to vividly red betalain visible to the naked eye and can be used to noninvasively monitor transformation and gene expression in plants. (https://t.co/JQuib0xsQM) https://t.co/X6oLRXYTvh","1324764426650746881","https://pbs.twimg.com/media/EmKBxc-XEAAnfho.png","","en","University of Cambridge, UK","18","7","142","https://x.com/jimhaseloff/status/1324764426650746881","60868678","jimhaseloff"
"1778150152093458493","Wed Apr 10 19:56:47 +0000 2024","303","We are all devastated to announce that our dear Ruben has passed away. A recent seizure left Ruben struggling to get on his feet again. Sadly his condition deteriorated; Dr. Caldwell arranged MRI imaging of his spine to see what could be done. Read more https://t.co/UTFofqnDKi https://t.co/JIArWIqwsr","1778150152093458493","https://pbs.twimg.com/media/GK1CDdXXEAAR6zy.jpg","","en","UK, US, Colombia, South Africa","10","49","55","https://x.com/AnimalDefenders/status/1778150152093458493","41687953","AnimalDefenders"
"1188810803509465088","Mon Oct 28 13:32:37 +0000 2019","382","A Rubi le están saliendo mal las cosas y se marchará tarde o temprano es lógico pues mandan los resultados. Pero tiene mi respeto creo que ha sido una persona honesta en todo momento. Ha demostrado dignidad y saber estar. Me parece un buen tío y por eso le desearé lo mejor.","1188810803509465088","","","es","Contacto: betisstats@gmail.com","1","12","88","https://x.com/BetisStats/status/1188810803509465088","1202060766","BetisStats"
"1578413611692630018","Fri Oct 07 15:55:05 +0000 2022","1230","Mnemonics for CLINICAL MICROSCOPY: Changes in Unpreserved Urine: Increased: (pBaON) p - pH Ba - Bacteria O - Odor N - Nitrite Decreased: (GluCK BRT) GoodluCK BuRT! Glu - Glucose C - Clarity B - Bilirubin R - RBCs WBCs Cast (sediment constituents) T - Trichomonas","1578413611692630018","","","en","Republic of the Philippines","11","1","435","https://x.com/pandamedtek/status/1578413611692630018","1566966685676244994","pandamedtek"
"1309644199306747906","Sat Sep 26 00:01:23 +0000 2020","410","To the students let's not be confused! Murphy's sign: inspiratory arrest after applying pressure to the RUQ (it is NOT the pain) Sonographic Murphy's: tenderness after applying pressure to the RUQ using the probe (it IS the pain)","1309644199306747906","","","en","Manila City","0","2","78","https://x.com/dok_bench/status/1309644199306747906","320257319","dok_bench"
"1366294602764877825","Mon Mar 01 07:49:52 +0000 2021","12","Agenda RUPS BigBank : 15 Maret 2021 : RUPST *BMRI* 18 Maret 2021 : RUPST *BBNI* 25 Maret 2021 : RUPST *BBRI* 29 Maret 2021 : RUPST *BBCA* (LS/AT)","1366294602764877825","","","in","Indonesia","0","0","4","https://x.com/kafeinvestor/status/1366294602764877825","606096303","kafeinvestor"
"1372038958222221312","Wed Mar 17 04:15:53 +0000 2021","0","Bank Mandiri (BMRI) akan membagikan deviden pada RUPS. BMRI menyetujui 60% dari laba bersih Bank Mandiri pada tahun 2020 atau sekitar 10 27 trilyun sebagai deviden yg ajan dibagikan setara Rp 220 per saham. https://t.co/AWdyNblHRl","1372038958222221312","https://pbs.twimg.com/media/Ewp2KR7UcAI2MG6.jpg","","in","","0","0","0","https://x.com/Adjieadjie10/status/1372038958222221312","1190958213748805632","Adjieadjie10"
"1346605179903352834","Tue Jan 05 23:51:24 +0000 2021","167","Além disso estudos indicam que o RBD é alvo dos anticorpos neutralizantes anti-SARS-CoV-2 identificados até o momento e várias vacinas candidatas promissoras usam o RBD como um alvo. Portanto acompanhar essas mutações faz parte das nossas estratégias de entendimento desse vírus https://t.co/175RWFrPcG","1346605246689251334","https://pbs.twimg.com/tweet_video_thumb/ErAaVJ2XUAAUCzF.jpg","mellziland","pt","Rio Grande do Sul, Brazil","0","2","4","https://x.com/mellziland/status/1346605246689251334","46932006","mellziland"
"1622479325244321792","Mon Feb 06 06:16:30 +0000 2023","0","$BMRI akan melakukan stock split 1:2. Terlansir di https://t.co/01HRwYIVyq Stock Split tersebut bertujuan untuk memperluas distribusi kepemilikan saham $BMRI. Corporate Action ini sedang menunggu persetujuan RUPS tanggal 14 Maret 2023. https://t.co/L3k0eZjiQ5","1622479325244321792","","","in","Indonesia","0","0","0","https://x.com/CakInvestment/status/1622479325244321792","1584891854734041090","CakInvestment"
"1802537056574550294","Mon Jun 17 03:02:54 +0000 2024","257","500万人が患うループスの正式名称は「全身性エリテマトーデス」です。 患者ごとに症状が多様で、「1000の顔」と呼ばれています。 患者のほとんどが女性であるという特徴があります。 健康保険審査評価院の統計によると、2022年にループスで診療を受けた患者3万217人のうち、2万5820人が女性でした。 +","1802537375945687105","","RURUV4","ja","","0","1","9","https://x.com/RURUV4/status/1802537375945687105","1289525488185036800","RURUV4"
"1501385773739773957","Wed Mar 09 02:33:57 +0000 2022","0","Ga ada angin gaada ujan bos sakjiw nanya Bos: Lg pegang BMRI ga? Alleb: Ngga bos knp? Bos: Kirain pegang. Bsk RUPS. Mau nyuruh km tadinya buat dtg WKWKWKWK ga makasih. Ribet soalnya kl suruh ngewakilin dia dtg RUPS kudu buat resume. Nambah2 kerjaan aja","1501385773739773957","","","in","Earth","0","0","0","https://x.com/Allebbellaa/status/1501385773739773957","309557328","Allebbellaa"
"1820724976095535423","Tue Aug 06 07:33:56 +0000 2024","507","️𝑴𝒚𝒆𝒓𝒔-𝑩𝒓𝒊𝒈𝒈𝒔 𝑻𝒚𝒑𝒆 𝑰𝒏𝒅𝒊𝒄𝒂𝒕𝒐𝒓 𝐌𝐁𝐓𝐈 Processes / Functions ️𝗗𝗼𝗺𝗶𝗻𝗮𝗻𝘁 ️𝗔𝘂𝘅𝗶𝗹𝗶𝗮𝗿𝘆 ️𝗧𝗲𝗿𝘁𝗶𝗮𝗿𝘆 ️𝗜𝗻𝗳𝗲𝗿𝗶𝗼𝗿 pdf ver: https://t.co/tGdHg0YSQ3 additional info: https://t.co/arjydhPHDx #rpmtwt #BLEPP2024 https://t.co/6TZv3TNVNA","1820724976095535423","https://pbs.twimg.com/media/GUR87nBXoAAZmXz.png","","en","she/her","20","2","232","https://x.com/yelpsych/status/1820724976095535423","1663386373209079810","yelpsych"
"1717249460382638444","Wed Oct 25 18:39:10 +0000 2023","449","SVT with abbarency Vs VT: RSR complexes with a taller left rabbit ear is the most specific finding in favour of VT. This is in contrast to RBBB where the right rabbit ear is taller https://t.co/JuZfGrXWyt","1717249460382638444","https://pbs.twimg.com/media/F9TlR5oWkAAdkjg.jpg","","en","United Kingdom","0","6","104","https://x.com/walinjom/status/1717249460382638444","1676602632","walinjom"
"1113784086303318018","Thu Apr 04 12:43:13 +0000 2019","178","Just out in BRM: our introduction to formr a survey framework to build complex studies with R - beautiful feedback - responsive surveys designed using spreadsheets (XLSforms) - boombox metaphor for study flow: diaries experience sampling networks ... https://t.co/lpOuAepus4 https://t.co/yRsi1Akl64","1113784086303318018","https://pbs.twimg.com/media/D3T0A5vXsAABXKl.png","","en","Berlin, Germany","19","5","73","https://x.com/rubenarslan/status/1113784086303318018","1320475297","rubenarslan"
"1324466592764190720","Thu Nov 05 21:40:17 +0000 2020","393","Abecés como que se olvida pero la amistad de Rub y Willy tiene años y siempre han sido buenos amigos tal vez no sean los mas cercanos ni conviven mucho pero la buena amistad y respeto se nota https://t.co/HFZOMGHtaQ","1324466592764190720","https://pbs.twimg.com/media/EmFw98_VgAE5rNd.jpg","","es","🇲🇽","11","2","54","https://x.com/MiriusNoir/status/1324466592764190720","602138778","MiriusNoir"
"1767654982457737602","Tue Mar 12 20:52:43 +0000 2024","239"," #River | Ruberto se quedó en Buenos Aires por tener fiebre si se recupera para el jueves va jugar en la Reserva. ℹ️ @garcialuciano27","1767654982457737602","","","es","","2","27","7","https://x.com/maxpugliese92/status/1767654982457737602","3381005283","maxpugliese92"
"1635503280947367936","Tue Mar 14 04:49:03 +0000 2023","0","Bank Mandiri (BMRI) menyiapkan delapan agenda dalam RUPS tahunan yang dilaksanakan hari ini termasuk pembagian dividen dan perombakan direksi-komisaris. https://t.co/top0vAcdU4","1635503280947367936","","","in","Jakarta, Indonesia","0","0","1","https://x.com/Bisniscom/status/1635503280947367936","118646322","Bisniscom"
"1366788074911404033","Tue Mar 02 16:30:45 +0000 2021","0","Semoga hasil RUPS $BMRI di 15 Mar nanti memutuskan dividen yg tebal ya. Merasa beruntung sekali bisa masuk kembali di harga cukup OK di 26 Feb lalu; pertimbangan astrologi ada perhitungan statistika ada. Saya gak pintar bikin garis2 technical soalnya. ","1366788074911404033","","","in","","1","0","0","https://x.com/rasikucing/status/1366788074911404033","1329433718575034369","rasikucing"
"1589440632556113920","Mon Nov 07 02:12:31 +0000 2022","625","Ustedes tienen idea de la desesperación que está pasando Rub al ver a Titi y pensar que las pastillas ya no están haciendo efecto que su mente está colapsado y se está volviendo loco. Lo ansioso que está... Cómo se aferra con desesperación a mentir de que lo está viendo + https://t.co/V0LgvxMOuI","1589440632556113920","https://pbs.twimg.com/media/Fg7T1OBXkAAbYKr.jpg","","es","","4","9","56","https://x.com/TaeKashi_/status/1589440632556113920","1288583487012909056","TaeKashi_"
"1230072633774854144","Wed Feb 19 10:12:24 +0000 2020","0","Suvenir rups bmri jauh lebi niat daripada bbri padahal net income bbri jauh lebi banya daripada bmri wqwqwqwq","1230072633774854144","","","in","Kota Surabaya, Jawa Timur","0","1","0","https://x.com/dimas_satyo/status/1230072633774854144","394500321","dimas_satyo"
"1582797324668981248","Wed Oct 19 18:14:23 +0000 2022","1209","I took break of 5 years post MBBS for my mental health I m nothing but proud of myself !!!","1582797324668981248","","","en","Agartala, India","10","65","54","https://x.com/BlurredBiba/status/1582797324668981248","931613118","BlurredBiba"
"1636574799219806209","Fri Mar 17 03:48:10 +0000 2023","0","3. PT Bank Mandiri (Persero) Tbk - BMRI Meningkat dari tahun sebelumnya BMRI memutuskan untuk menebar dividen sebesar Rp24 7 triliun atau Rp529 34 per saham. Berdasarkan hasil RUPS BMRI juga akan melakukan stock split dengan rasio 1:2. #TalktoPhillip","1636575123703750657","","TalkToPhillip","in","Indonesia","0","1","0","https://x.com/TalkToPhillip/status/1636575123703750657","176733069","TalkToPhillip"
"1371465026301661199","Mon Mar 15 14:15:17 +0000 2021","0","$BMRI Hasil rapat umum pemegang saham (RUPS) Bank Mandiri memutuskan bagi dividen gaes. Per lembar sahamnya Rp. 220 ","1371465026301661199","","","in","Bali, Indonesia","0","0","0","https://x.com/wargasiber/status/1371465026301661199","1235419934655541248","wargasiber"
"1758473318586593327","Sat Feb 17 01:41:50 +0000 2024","0","@Saham_fess BBRI hanya ada RUPS online jika punya saham scriptless. Tidak bisa datang ke RUPS offline. Antara BBCA atau BMRI lebih baik datang ke RUPS BMRI.","1758668041842528471","","Saham_fess","in","kokogiovanni@gmail.com","0","0","0","https://x.com/KokoGiovanni/status/1758668041842528471","139982550","KokoGiovanni"
"1501803291453587458","Thu Mar 10 11:00:18 +0000 2022","7","@claptonyte Tahun lalu BBNI dan MTDL. Tahun ini RUPS Tahunan saya baru datang ke BMRI.","1501875586691579908","","teguhinventor","in","kokogiovanni@gmail.com","0","1","0","https://x.com/KokoGiovanni/status/1501875586691579908","139982550","KokoGiovanni"
"1765652292513177851","Thu Mar 07 08:14:45 +0000 2024","0","Bjir aku baru tau rups bmri dapet cor*cicle ","1765652292513177851","","","in","","0","0","0","https://x.com/alcyannao/status/1765652292513177851","903941254022496257","alcyannao"
"1771712985536364879","Sun Mar 24 02:27:37 +0000 2024","0","@edoazhara Beli BMRI sebulan sebelum RUPS dapat harga 6500an. Capital gain 11%. Cukuplah untuk ongkos transportasi: bensin dan parkir. ","1771725527079932136","","edoazhara","in","kokogiovanni@gmail.com","0","4","1","https://x.com/KokoGiovanni/status/1771725527079932136","139982550","KokoGiovanni"
"1368451627766542336","Sun Mar 07 06:41:07 +0000 2021","4","Menjelang rups dan alokasi dividen bank #bumn. #bmri #bbni #bbri Monggo simak datanya di blog : https://t.co/2Ko1a7ttO3","1368451627766542336","","","in","Indonesia","0","0","1","https://x.com/kafeinvestor/status/1368451627766542336","606096303","kafeinvestor"
"1670962411606781952","Tue Jun 20 01:14:00 +0000 2023","2","@arievrahman Aset investasi saya cukup bertumbuh. Hanya agak kaget datang ke RUPS Bank Mandiri (BMRI) dan Bank BNI (BBNI). Pulangnya saya diberikan souvenir dan makanan yang lumayan. Wajarlah membandingkan antar acara RUPS sesama bank besar.","1670963173619568642","","arievrahman","in","kokogiovanni@gmail.com","1","1","0","https://x.com/KokoGiovanni/status/1670963173619568642","139982550","KokoGiovanni"
"1510128351444287490","Sat Apr 02 05:33:50 +0000 2022","165","$RBI shouldn t be your biggest miss currently at 2.8M Market cap and it s going to break out anytime . The team is working hard behind the scenes with $50k already given away Research in progress for Cross Chain development Nfts and much more. https://t.co/INCtNTDIMN https://t.co/m8luLvgMBE","1510128351444287490","https://pbs.twimg.com/media/FPUNujyWUAMwvda.jpg","","en","Toronto 🍁- Busy these days 😴","0","15","16","https://x.com/selenaroyf/status/1510128351444287490","1331971465604960258","selenaroyf"
"1582795694577811456","Wed Oct 19 18:07:55 +0000 2022","193","Agartala GMC MBBS 2011 to AGMC MD Psychiatry 2022 ! Life is beautiful ️ #MedTwitter #NEETPGcounselling2022","1582795694577811456","","","en","Agartala, India","1","13","1","https://x.com/BlurredBiba/status/1582795694577811456","931613118","BlurredBiba"
"1289587084236210178","Sat Aug 01 15:41:34 +0000 2020","1494","राजसमंद से लोकप्रिय सांसद @KumariDiya जी को @BJP4Rajasthan में प्रदेश महामंत्री के पद पर नियुक्त किए जाने पर हार्दिक बधाई और शुभकामनाएं। हम विश्वास करते हैं कि आप हमारे उर्जावान प्रदेशाध्यक्ष @DrSatishPoonia जी के साथ मिलकर प्रदेश में भाजपा संगठन को मजबूती प्रदान करेंगी। https://t.co/rwRsdFIWgO","1289587084236210178","https://pbs.twimg.com/media/EeWIdU5UwAA42Al.jpg","","hi","Makrana","3","24","50","https://x.com/mlaruparam/status/1289587084236210178","1126847199583686657","mlaruparam"
"1726508485993476590","Mon Nov 20 07:51:14 +0000 2023","883","#RUBNS ben ilk takibe aldığım fiyatlarda şu an o zaman takibe aldığımda 51 70 görmüştü güzel para kazandırıyordu sonra patron hisse satınca 48 gibi çıkış kararı almıştım. Patron sonradan yine satış yapacağım deyince hisse iyice baskı yiyip buralara kadar düştü. Geçen hafta","1726508485993476590","","","tr","","2","46","19","https://x.com/taaardu/status/1726508485993476590","1451911567","taaardu"
"1594846787038318593","Tue Nov 22 00:14:42 +0000 2022","226","La RI es un trastorno metabólico que podemos entender como una mayor necesidad de insulina de la normal que lleva a un agotamiento del páncreas años después lo que puede desembocar en diabetes tipo 2. https://t.co/UMc4VjaOtm","1594846799616958464","https://pbs.twimg.com/media/FiHrsPJXoBESVxs.jpg","DrMijailTapia","es","México","2","2","42","https://x.com/DrMijailTapia/status/1594846799616958464","1379487887943688203","DrMijailTapia"
"1594018576863666176","Sat Nov 19 17:23:38 +0000 2022","446","Cümleten hayırlı akşamlar dostlar kusura bakmayın hem çalışıp hemde biraz hasta olunca anca müsait oldum hissemiz #Rubns bebek bir hisse ozkaynagi ve mevcut durumu çok hoşuma gitti anlık 24.86 fiyatla işlem görüyor flama + üçgen formasyonu görünüyor 50 lira hedefle takip ","1594018576863666176","","","tr","","3","44","33","https://x.com/EntelV/status/1594018576863666176","2899568302","EntelV"
"1476349325038940161","Thu Dec 30 00:28:02 +0000 2021","206","Ya vi tweets de gente ridícula quejándose de que Rub1us ayudo que Reb ganara esta gente se sorprenderá cuando se enteren que Rub ayuda a todos y así lo hace desde el primero haberE lo podrían notar si no estuvieran solo pendientes de lo que pasaba con Reb que haters tan fans","1476349325038940161","","","es","🇲🇽","0","1","19","https://x.com/MiriusNoir/status/1476349325038940161","602138778","MiriusNoir"
"1566159485055516673","Sat Sep 03 20:21:33 +0000 2022","522","Que bueno que Rub ya no es cura... ¿Se imaginan que lo fuera y tuviera que oficializar la misa de muerte de Titi? No soy fuerte se los juro ","1566159485055516673","","","es","Karmaland ♡ 🇭🇳 - She/her","1","5","37","https://x.com/Catffin/status/1566159485055516673","1271598978304561152","Catffin"
"1230298245685006336","Thu Feb 20 01:08:54 +0000 2020","0","BBNI RUPS tanggal 20 Feb. Apakah rasio pembayaran dividen 60% juga seperti teman2nya BBRI dan BMRI????? EPS atau laba per saham BBNI 825. Jika dividen payout ratio 60% bakal menarik nih. Apakah rasio pembayaran https://t.co/yKLcxvGC2s","1230298245685006336","","","in","Kota Surabaya, Jawa Timur","0","0","0","https://x.com/RIKOPEDIA2008/status/1230298245685006336","465464916","RIKOPEDIA2008"
"1380057614327934977","Thu Apr 08 07:19:10 +0000 2021","297","️El populisme d esquerres igual de perillós q el de dretes : RBU es un eufemisme. Només serà una RMD (Renda Mínima de Subsitència) de 3-400€ màx. q a la pràctica només cobraran families amb 0 ingressos i en absoluta pobresa. No es x solucionar res es x evitar revoltes!‍️","1380057614327934977","","","ca","Norway","2","8","151","https://x.com/cat_nordic/status/1380057614327934977","967513857127276545","cat_nordic"
"1635843395381006336","Wed Mar 15 03:20:32 +0000 2023","0","Hasil RUPS Bank Mandiri (IDX: BMRI): Dividend Yield 5 33 Persen Intip Jadwal Stock Split https://t.co/shrq4huZ2B","1635843395381006336","","","in","","0","0","0","https://x.com/TheEconopost/status/1635843395381006336","990656393496547328","TheEconopost"
"1371374438696980480","Mon Mar 15 08:15:19 +0000 2021","0","Siap-Siap Bank Mandiri $BMRI Bakal Tetapkan Dividen 2020 Yang ikut RUPS bagi bocorannya dong belum ada beritanya nih. https://t.co/P0S0Q2qgmX","1371374438696980480","","","in","Jakarta","0","0","0","https://x.com/giewhydi/status/1371374438696980480","713814955","giewhydi"
"1250493197761105920","Wed Apr 15 18:36:26 +0000 2020","248","Soon to release version 6.0 of the R rms package(a 29 year project). With much help from @mcmc_stan guru Ben Goodrich now has blrm for Bayesian binary/ordinal logistic models w/ random effects. Nomograms and other model graphics. Bayes is getting easier: https://t.co/wtxsxRPuVA","1250493197761105920","","","en","Nashville, TN","2","6","66","https://x.com/f2harrell/status/1250493197761105920","821105693948264448","f2harrell"
"1576574941369364481","Sun Oct 02 14:17:55 +0000 2022","0","@shintaaraa_ Boleh kalau sekarang rata-rata RUPS Luar Biasa. Bisa coba ke RUPS Tahunan BMRI atau BBNI dulu biasanya bulan Maret.","1576577219992096769","","shintaaraa_","in","kokogiovanni@gmail.com","0","1","0","https://x.com/KokoGiovanni/status/1576577219992096769","139982550","KokoGiovanni"
"1785983586702942270","Thu May 02 10:44:03 +0000 2024","1","Bigbank : BMRI BBNI BBRI BBCA kalo banyak dana dingin momen banget ini Komoditas PTBA apalagi mendekati RUPS dan Dividen ","1785983586702942270","","","in","Fukuoka City, Fukuoka","0","0","0","https://x.com/rezafahlevimrf/status/1785983586702942270","231316644","rezafahlevimrf"
"1371369252628795392","Mon Mar 15 07:54:43 +0000 2021","0","Emiten bersandi saham BMRI akan laksanakan RUPS pukul 14.00 di Plaza Mandiri. Salah satu agenda yg dinantikan investor yakni penetapan penggunaan laba bersih perseroan","1371369252628795392","","","in","","0","0","0","https://x.com/Adjieadjie10/status/1371369252628795392","1190958213748805632","Adjieadjie10"
"1364039266427277312","Tue Feb 23 02:27:58 +0000 2021","0","RUPS sedap BMRI 15 Maret BBNI 18 Maret BBRI 25 Maret BBCA PTBA SMGR 29 Maret INCO SIDO ANTM 31 Maret","1364039266427277312","","","in","SMG-JKT-BKS","0","0","0","https://x.com/WaySp_/status/1364039266427277312","97428340","WaySp_"
"1518585145418260482","Mon Apr 25 14:50:38 +0000 2022","188","FYI not a mathematical or theoretical model but an actual year long study of 602 patients in the UK. https://t.co/L3UJsm07xQ","1518603397200375808","","rupasubramanya","en","","1","0","38","https://x.com/rupasubramanya/status/1518603397200375808","151432737","rupasubramanya"
"1501803291453587458","Thu Mar 10 07:13:18 +0000 2022","0","@KokoGiovanni Mantep juga RUPS BMRI","1501818460263051266","","KokoGiovanni","in","Yogyakarta, Indonesia","0","0","0","https://x.com/rekuhizaki/status/1501818460263051266","163777200","rekuhizaki"
"1765714218521940233","Thu Mar 07 12:20:49 +0000 2024","0","wow rups bmri merchnya corkcicle wow","1765714218521940233","","","in","","0","0","0","https://x.com/Chinelody/status/1765714218521940233","411952129","Chinelody"
"1275963227109650436","Thu Jun 25 01:25:14 +0000 2020","0","We estimate JCI will move in the range of 4 880-5 020 while waiting for Motorbike Sales as of May 2020. Today's recommendation: MEDC PGAS BMRI EXCL. Corporate Action Cum Dividend Date: PZZA SRTG RUPS: MEDC Disclaimer On (mnc)","1275963227109650436","","","en","earth","0","0","0","https://x.com/rajamatoa/status/1275963227109650436","103850922","rajamatoa"
"1584952100550692864","Tue Oct 25 16:56:42 +0000 2022","243","Clinical pearl of the week ️ Lower limb paraparesis + Babinski + Lack of marked spasticity + absent ankle reflexes = think myeloneuropathy syndrome. 1/","1584952100550692864","","","en","Mexico City, Mx","2","6","52","https://x.com/MedinaRiojaMD/status/1584952100550692864","1138982294633537536","MedinaRiojaMD"
"1277098863824953344","Sun Jun 28 04:37:51 +0000 2020","370","An other great achievement in the field of Pathology... BOND iii Fully automated IHC and ISH stainer launched at GIMS... Thanks to Dr. Rahim Bux Bhatti sahib providing such state of art facilities at door step.. https://t.co/ydioTOcSwM","1277098863824953344","https://pbs.twimg.com/media/EbkqKzSWkAAs6oE.jpg","","en","Gambat","4","17","66","https://x.com/DrRahimBuxBhat2/status/1277098863824953344","1232419797096333314","DrRahimBuxBhat2"
"1624462968737120256","Sat Feb 11 17:38:47 +0000 2023","1097","One of the expert reports the state filed in Rupp last month is just....wow. Read it at the link below but I'll also give you some excerpts. Starting with: https://t.co/zNEZTtQU93 https://t.co/vpmV6oO4HL","1624462968737120256","https://pbs.twimg.com/media/Fos_Go-akAA9yNQ.png","","en","Los Angeles","116","227","204","https://x.com/MorosKostas/status/1624462968737120256","1003007811679219712","MorosKostas"
"1662964278448537600","Sun May 28 23:29:15 +0000 2023","327","Well I am heartbroken tonight. I think Rupert is dead??? She is certainly gone. I went this morning and couldn t find either. Someone said there s only one? I went back this afternoon and only saw Rufous roaming around aimlessly in yards probably grieving. https://t.co/rltVBigOZj","1662964278448537600","https://pbs.twimg.com/media/FxQJMUMXwAMm64n.jpg","","en","Occupied Ho-Chunk Trust Land","0","45","30","https://x.com/MaryGemignani/status/1662964278448537600","4646516235","MaryGemignani"
"1588523107496914944","Fri Nov 04 13:26:36 +0000 2022","340","#RUBNS Son grafik düzeltmenin sonuna yaklaşıyorum der gibi.. Kamanın üstü direnç altı destek seviyesi. RSI DÜK olurken gPU ya da göz kırpıyor. Abbas'ı mı bekliyor acaba? Erenlerin sağı solu olmaz derler.. https://t.co/XMjQeAahsk","1588523107496914944","https://pbs.twimg.com/media/FguQdmaXEAEcuej.jpg","","tr","Teknik Analist/ Mühendis","0","12","21","https://x.com/Piri_KAPTAN/status/1588523107496914944","2612995718","Piri_KAPTAN"
"1335878057836638208","Mon Dec 07 09:25:23 +0000 2020","623","You cannot spell ruBBIsh without BBI and the moment you remove BBI from ruBBIsh you remain with Rush. Now you understand why they are rushing to pass BBI. It's simply because it's ruBBIsh! ","1335878057836638208","","","en","Nairobi, Kenya","11","18","76","https://x.com/BravinYuri/status/1335878057836638208","178677263","BravinYuri"
"1765812895454310798","Thu Mar 07 18:52:56 +0000 2024","0","nyesel gaikut rups bmri mayan souvenirnya korsikel","1765812895454310798","","","in","Jakarta Capital Region, Indone","0","0","0","https://x.com/Drandyams/status/1765812895454310798","1103334692537810944","Drandyams"
"1798006806108647929","Tue Jun 04 15:00:02 +0000 2024","273","️ Ruben sufrió mucho la gripe: en Brasil no estaba bien y a la vuelta tuvo una recaída. Ahora volvió a entrenar con el grupo y seguramente 𝘃𝗮 𝗮 𝗹𝗹𝗲𝗴𝗮𝗿 𝗲𝗻 𝗰𝗼𝗻𝗱𝗶𝗰𝗶𝗼𝗻𝗲𝘀 para el jueves . ️ 𝗪𝗮𝗹𝘁𝗲𝗿 𝗥𝗶𝗯𝗼𝗻𝗲𝘁𝘁𝗼 en @ShowsportCanal. https://t.co/SHogvW9s9D","1798006806108647929","https://pbs.twimg.com/media/GPO5pjbXIAEDiw5.jpg","","es","Córdoba, Argentina","1","2","6","https://x.com/ElTuiterMaTador/status/1798006806108647929","1598599208","ElTuiterMaTador"
"1765626999140471272","Fri Mar 08 03:12:39 +0000 2024","0","@KokoGiovanni Jd nyesel ga ikutan RUPS BMRI ","1765938654059594226","","KokoGiovanni","in","Anggota DPR","0","0","0","https://x.com/anggandrap/status/1765938654059594226","229817914","anggandrap"
"1373285168488706048","Sat Mar 20 14:47:53 +0000 2021","0","RUPS Bank Mandiri menyetujui Bank Mandiri (BMRI) sumbang separuh dari target dividen himbara tahun Ini #Mandiri #BankMandiri https://t.co/f7urCv1LuR.","1373285168488706048","","","in","Jakarta","0","0","0","https://x.com/astarte2017/status/1373285168488706048","1098869003685027845","astarte2017"
"1511510571639664645","Wed Apr 06 01:06:17 +0000 2022","0","Agenda Bursa Hari Ini BMRI soal Dividen hingga ACST Gelar RUPS https://t.co/YiDFlRtmUc #Terbaru #acst #agenda #bmri #bursa","1511510571639664645","","","in","","0","0","0","https://x.com/idn_media/status/1511510571639664645","2508657594","idn_media"
"1593459262038380545","Fri Nov 18 04:21:07 +0000 2022","261","Rifampin's 4R's: RNA polymerase inhibitor Ramps up michrosomal cytochrome P-450 Red/orange body fluids Rapid resistance if used alone","1593459262038380545","","","en","","1","0","33","https://x.com/UEmnemonic/status/1593459262038380545","1138388154258317312","UEmnemonic"
"1612326050528387075","Mon Jan 09 05:51:00 +0000 2023","201","Rifampin's 4R's: RNA polymerase inhibitor Ramps up michrosomal cytochrome P-450 Red/orange body fluids Rapid resistance if used alone","1612326050528387075","","","en","","0","2","21","https://x.com/UEmnemonic/status/1612326050528387075","1138388154258317312","UEmnemonic"
"1628251891351322627","Wed Feb 22 04:34:37 +0000 2023","0","Putuskan Dividen dan Stock Split Bank Mandiri (BMRI) Geber RUPS 14 Maret 2023 https://t.co/3GofVzFcvP","1628251891351322627","","","in","","0","1","0","https://x.com/beritaekonomi24/status/1628251891351322627","1593845259414679558","beritaekonomi24"
"1606170971123159040","Sun Mar 03 10:23:14 +0000 2024","0","@KokoGiovanni Permisi kak mau nanya. Klo menghadiri RUPS BMRI wajib bawa apa aja kak untuk menghadiri langsung rapat nya ?","1764235076228018620","","KokoGiovanni","in","","0","0","0","https://x.com/ssastra_wijaya/status/1764235076228018620","328439162","ssastra_wijaya"
"1606170971123159040","Fri Dec 23 13:07:22 +0000 2022","1","@KokoGiovanni @GChandra32 ini diumumkan lewat apa saat mau rups? bapak saya pegang bmri dari lama kayaknya ga pernah ikutan","1606275271291654145","","KokoGiovanni","in","+62","0","3","0","https://x.com/luthfilik/status/1606275271291654145","99994336","luthfilik"
"1203904754767691776","Mon Dec 09 05:10:35 +0000 2019","0","@null Erick Thohir Bocorkan Calon Dirut Sebelum RUPS Saham BMRI Meroket 100 Poin! PT https://t.co/hgo6DBVpbl","1203904754767691776","","null","in","","0","0","0","https://x.com/KEZIAAM0UR/status/1203904754767691776","940602434","KEZIAAM0UR"
"1203904691890835457","Mon Dec 09 05:10:20 +0000 2019","0","@null Erick Thohir Bocorkan Calon Dirut Sebelum RUPS Saham BMRI Meroket 100 Poin! PT https://t.co/YrgQRSzo1u","1203904691890835457","","null","in","","0","0","0","https://x.com/VVARTEG/status/1203904691890835457","1938200054","VVARTEG"
"1587170307705552903","Mon Oct 31 19:56:37 +0000 2022","217","+ Saco de primeras lo más obvio: su apariencia ¿No les parece que está muy pálido? Lo justifican con que se encuentra débil o enfermo inclusive por ello no habló mucho. Segundo: A Rub no se le prendió el instinto materno al verlo ni sintió familiaridad como con merlon +","1587171706174676993","","honeygxrl","es","México ajua 🇲🇽","2","1","4","https://x.com/honeygxrl/status/1587171706174676993","2238432804","honeygxrl"
"1468001874989121542","Mon Dec 06 23:38:15 +0000 2021","773","We ve created calculator that aggregates deep mutational scanning data to estimate how mutations to #SARSCoV2 RBD affect recognition by human polyclonal antibodies. The calculator emphasizes extensive antigenic change in #Omicron variant. https://t.co/hFhwcKED0o (1/n)","1468001874989121542","","","en","Seattle, WA","81","22","267","https://x.com/jbloom_lab/status/1468001874989121542","2583382082","jbloom_lab"
"1826528666207003080","Thu Aug 22 07:55:43 +0000 2024","463","Fundamentals of Urine and Body Fluid Analysis - Brunzel 5th Ed Clinical Microscopy &gt; Brunzel folder https://t.co/nQZkBUsxKH https://t.co/qxpTh1bjWH","1826528666207003080","https://pbs.twimg.com/media/GVkh1jkaEAArJ0Z.jpg","","en","📍studytwt est 2021 (she/her)","0","1","77","https://x.com/brainrotgaIore/status/1826528666207003080","1371895230996176899","brainrotgaIore"
"1177600050064609281","Fri Sep 27 15:05:05 +0000 2019","502","26th Sept Class of 2011 UKM Masters in Internal Medicine. After 8 years 2 have gone to sub in kidney 2 into lungs 2 into endocrine 1 to brain 1 into blood. 1 into tummy 1 into the heart. https://t.co/Vl8V5Zk8Bh","1177600050064609281","https://pbs.twimg.com/media/EFetAByVAAApYh4.jpg","","en","","17","2","47","https://x.com/DrBeniRusani/status/1177600050064609281","398662273","DrBeniRusani"
"1230301403786014720","Thu Feb 20 10:54:52 +0000 2020","0","@JohanAdiyasa @rbcgrace iyaa joo harus minta undangannya ke sekuritas yg lu pake cb tanya @dovianemely deh kmrn ikut rups bmri","1230445708337127424","","stopfrazzling","in","","0","1","0","https://x.com/bayubrahk/status/1230445708337127424","261671699","bayubrahk"
"1128853397820411905","Thu May 16 02:43:21 +0000 2019","0","*Todays Recommendation: ACES PTPP ASII KLBF.* Event Calendar: Public Expose : AMRT EMTK HRUM MAPI MIDI SCMA RUPS : AMRT BMRI HERO HRUM MAPI SCMA Cum Date Cash Dividen : ROTI Rp9 78 Disclaimer On","1128853412596969473","","GIFEB_UNLA","in","Jl. Karapitan No 116 Bandung","0","0","0","https://x.com/GIFEB_UNLA/status/1128853412596969473","829995800377778179","GIFEB_UNLA"
"1504007691135778818","Wed Mar 16 08:12:31 +0000 2022","0","4 Bank Besar BUMN Tebar Dividen Jumbo BBTN BBRI dan BMRI akan mengbagian hasil laba ke investor. Disusul kemudian BNII yang kini baru akan menggelar Rapat Umum Pemegang Saham (RUPS) besok (15/3/2022). Berapa ya kira-kira jumlah dividennya? https://t.co/LANxOFrgzA","1504007691135778818","","","in","Indonesia","0","0","0","https://x.com/emtrade_id/status/1504007691135778818","151326877","emtrade_id"
"1430257744901197829","Tue Aug 24 19:56:33 +0000 2021","219","Shields are better at shielding than buffs are at boosting damage Bibi has a 20% shield where Ruffs has a 20% damage buff. This should cancel out keeping Ruffs dmg at 1400 but you only deal 1344 damage. So the Bibi s shield is still stronger despite both being 20% https://t.co/ZI23IFO9QD","1430257744901197829","https://pbs.twimg.com/ext_tw_video_thumb/1430257710864510979/pu/img/PmXDWHkIx_p7r4l5.jpg","","en","Canada","2","19","12","https://x.com/RealCanadian_BS/status/1430257744901197829","713387671280857088","RealCanadian_BS"
"1833518611287445763","Tue Sep 10 14:51:16 +0000 2024","343","Rumi an IT professional working in Luru took 16 weeks to get back in shape with our team s coach - Prabal Gupta. Along with High Cholesterol Hypothyroidism and Cervical Spondylosis. Some people are just superheroes! Ask us anything about this client routine . https://t.co/YUrbo5avq0","1833518611287445763","https://pbs.twimg.com/media/GXH3dEoXEAAPVaO.jpg","","en","To start fitness journey, DM","2","51","9","https://x.com/chiragbarjatyaa/status/1833518611287445763","136212094","chiragbarjatyaa"
"1623576885082095621","Thu Feb 09 06:57:48 +0000 2023","262","BAMS &amp; BHMS folks who know shit about Neurology are getting MRI scans done. Reason isn't curiosity. It is for cut.","1623576885082095621","","","en","","2","36","15","https://x.com/SynapseDot/status/1623576885082095621","933944151275536384","SynapseDot"
"1861605195781644552","Wed Nov 27 02:57:20 +0000 2024","292","RBI Confirms the Use of Ripple s XRP Ledger for Digital Rupee Project https://t.co/VHYqD1Sz4G","1861605195781644552","","","en","","0","3","71","https://x.com/PeterVas6/status/1861605195781644552","1033424347891937280","PeterVas6"
"1711892021634613250","Tue Oct 10 23:50:38 +0000 2023","314","Sorry I've been missing in action. Rip has been having very elevated blood pressure and his pulse is very high. We've been in the emergency room and they are keeping him overnight. They just wheeled him away for a CT scan. I'm actually worrying a lot less now that he has https://t.co/8gi6C8mSEa","1711892021634613250","https://pbs.twimg.com/media/F8HcuAFa8AAzyeH.jpg","","en","Montana, USA","2","169","8","https://x.com/1BethDutton/status/1711892021634613250","47025815","1BethDutton"
"1655452471328911360","Mon May 08 06:00:00 +0000 2023","192","Rufus is a Bio Detection Dog who has passed his Early Scent Training and will soon be allocated to a specific project. He's a happy enthusiastic bouncy boy and a pawleasure to work with. https://t.co/EaNRDywXo3 https://t.co/QYvxKeGFSh","1655452471328911360","https://pbs.twimg.com/media/FuKGEiZXoAAclau.jpg","","en","","0","1","28","https://x.com/MedDetectDogs/status/1655452471328911360","99170971","MedDetectDogs"
"1720781148287046084","Sat Nov 04 12:32:50 +0000 2023","230","I saw Rufous and Rupert last weekend. This is the male Rufous. The melanistic spots on his crown always help to easily identify him. https://t.co/BsugJM59wC","1720781148287046084","https://pbs.twimg.com/media/F-FxUfXXgAAjihv.jpg","","en","Occupied Ho-Chunk Trust Land","0","1","25","https://x.com/MaryGemignani/status/1720781148287046084","4646516235","MaryGemignani"
"1511785298774134799","Wed Apr 06 19:17:57 +0000 2022","310","El CURB-65 y el PSI son buenos predictores de mortalidad en Neumonía por COVID-19 https://t.co/h3zU7dhZZy https://t.co/1eQsRy0qom","1511785298774134799","https://pbs.twimg.com/media/FPrwtheXoAEcEfC.jpg","","es","","0","1","62","https://x.com/OrlandoRPN/status/1511785298774134799","1048707026908577794","OrlandoRPN"
"1365715823206166531","Sat Feb 27 17:30:00 +0000 2021","505","El CURB-65 es usado para evaluar gravedad de neumonía: -Confusión -Urea (BUN&gt;19 mg/dL o 7 mmol/L) -FR ≥30 -PA diastólica≤60 o sistólica&lt;90 mmHg -Edad ≥65 *1 pto cada uno 0-1: Pacientes ambulatorios 2: ingreso a Sala del hospital ≥ 3: Ingreso a UCI Care Med 2019 Oct 1; 200","1365715823206166531","","","es","World","0","1","78","https://x.com/MemodiApp/status/1365715823206166531","1106623586083704834","MemodiApp"
"1442878946949754880","Tue Sep 28 15:48:43 +0000 2021","196","We might not publish and we are from private hosptial but what we can do is to establish bmt centres in India. 14 th bmt centre at esi in 11 years. Research only for international journals and recognition has no meaning till it bring change in our people lives.thank god https://t.co/nx3v8ukA0H","1442878946949754880","https://pbs.twimg.com/media/FAYiwJBUYAMl08z.jpg","","en","","2","10","10","https://x.com/RahulDoc2/status/1442878946949754880","1336329089100046339","RahulDoc2"
"1599144661012004865","Sat Dec 03 20:52:52 +0000 2022","381","Schematic summary of MRI-based standardized classification for lumbar spine degeneration on MRI. It can decrease intra-subspecialty variability in gading of SCS among neuroradiologists&amp; MSK radiologists. https://t.co/lhI7isZhRG It's useful in clinical ptactice in radiology fields https://t.co/00ha53X6j5","1599144661012004865","https://pbs.twimg.com/media/FjFNko-XEAEJ49n.jpg","","en","𝐈𝐑𝐀𝐍","3","3","119","https://x.com/OBandarchi/status/1599144661012004865","1478212190603816960","OBandarchi"
"1648514119849619456","Wed Apr 19 02:29:28 +0000 2023","1149","MURPHY S SIGN Patient experiences a catch in breath on deep inspiration with the physicians thumb placed lightly at the angle between lateral border of rectus muscle and tip of 9th costal cartilage. https://t.co/TpEmwscpgu","1648514119849619456","https://pbs.twimg.com/media/FuCy2fDaMAAuHfP.jpg","","en","Karachi, Pakistan","10","18","183","https://x.com/FaisalGhani_/status/1648514119849619456","1126713710779572225","FaisalGhani_"
"1500152062725734408","Sat Mar 05 16:51:37 +0000 2022","396","Never thought i'd ever see Ruben playing RWB How has he not got 1 game playing his best position this season","1500152062725734408","","","en","","4","25","8","https://x.com/NiiNiiFC/status/1500152062725734408","760577597940109312","NiiNiiFC"
"1395413641684348930","Thu May 20 16:18:32 +0000 2021","268","Till 8 pm today 2 cases of Mucormycosis (Black fungus) and one Aspergillus Niger diagnosed at RIMS Ranchi. Total 11 patients were suspected. Result for the remaining 8 samples are awaited: Rajendra Institute of Medical Sciences (RIMS) #Jharkhand","1395413641684348930","","","en","India","2","3","26","https://x.com/ANI/status/1395413641684348930","355989081","ANI"
"1603548602042908672","Fri Dec 16 00:32:33 +0000 2022","599","The suspension of Rupar - probably the most visible reporter of the Trump era on Twitter - is chilling","1603548602042908672","","","en","Maiolo (Romagna, Italia)","12","30","161","https://x.com/BenjaminRamm/status/1603548602042908672","191230526","BenjaminRamm"
"1542424078044332034","Thu Jun 30 08:25:31 +0000 2022","431","Prof. Rupp (Infektiologe @UKSH_KI_HL Berater der Landesregierung sagt im Radio (NDR) zur Notfallsituation am Klinikum und im Land wegen krankheitsbedingtem Personalmangel: Wir müssten handeln aber nicht mit Masken oder Kontaktbeschränkungen sondern: weniger Testen. Kein Witz!","1542424078044332034","","","de","","13","61","69","https://x.com/Robert83563198/status/1542424078044332034","939157144955510790","Robert83563198"
"1446945360564293634","Sat Oct 09 21:07:11 +0000 2021","152","I m alive but rattled. I had a brain MRI and spent a hellish week at UCSF hospital. They found 4 cerebellum lesions and I have to see a Neurologist to find out if I have MS (Multiple Sclerosis) After surgery cancellations this was a hard blow. Pls send messages of support ","1446945360564293634","","","en","Oakland, CA","0","31","8","https://x.com/RipleyStorm/status/1446945360564293634","946456427656183808","RipleyStorm"
"1154647403561201665","Fri Jul 26 12:50:25 +0000 2019","326","Thank you for all your kind messages. Rupert is awake now doing well they didn't see anything worrying on the Xray so no operation needed just need to cure an infection with some antibiotics. Also lots of snuggles and totally being allowed to sleep on the bed.","1154735724396261378","","HollieB","en","London, England","0","24","3","https://x.com/HollieB/status/1154735724396261378","53459595","HollieB"
"1838729920152801640","Tue Sep 24 23:59:09 +0000 2024","205","Ripple Impact UBRI Relentlessly Pursuing Blockchain Research and Innovation Full 34 page PDF https://t.co/bb1ec2biF9 @Ripple #XRP https://t.co/sgvgc8mfX8","1838729920152801640","https://pbs.twimg.com/media/GYR7HgnWgAAsWh1.jpg","","en","Earth","6","2","58","https://x.com/BankXRP/status/1838729920152801640","937342499093471232","BankXRP"
"1201615322933018625","Mon Dec 02 21:33:12 +0000 2019","202","Farewell to my wonderful colleague Dr Subha Raman who led @OSUWexMed s cardiac MRI program from it s infancy to national prominence. She is headed to @IUMedSchool as Chief Of Cardiology!! Best of Luck and Godspeed my friend. It has been an honor working with you! https://t.co/mj8I51lrx7","1201615322933018625","https://pbs.twimg.com/media/EKz-w5pWoAEqzs9.jpg","","en","Washington, DC","3","8","12","https://x.com/DrQuinnCapers4/status/1201615322933018625","846518452584173569","DrQuinnCapers4"
"1573957372120387584","Sun Sep 25 09:12:01 +0000 2022","156","Among these 36 Rup Rumba was a 27-y-o Nepaili scaffolder with a certificate of good health when he died in 2019. Supreme Committee documents show he'd been hired by a cowboy firm and housed in accommodation not cleared as fit for human habitation. 9/n","1573963524321288192","","sportingintel","en","","0","1","12","https://x.com/sportingintel/status/1573963524321288192","75062648","sportingintel"
"1578624698220707840","Sat Oct 08 05:53:52 +0000 2022","326","Fluorimetry: Vit. B1 B2 Turbidimetry: Tetracycline Vit. B3 Ca pantothenate Vit. B12","1578624698220707840","","","en","✈️","2","1","135","https://x.com/pharmaliaa/status/1578624698220707840","1557407400004833280","pharmaliaa"
"1431402777587113990","Fri Aug 27 23:46:31 +0000 2021","677","Rubens Nalluti esta de volta e esta com a rinite atacada https://t.co/lP5T63RpWP","1431402777587113990","https://pbs.twimg.com/ext_tw_video_thumb/1431401599537123336/pu/img/WW40A4tlUom8gJvX.jpg","","pt","Ali","3","2","97","https://x.com/felpspirro/status/1431402777587113990","1408105127936937995","felpspirro"
"1253487761367146496","Fri Apr 24 00:55:45 +0000 2020","234","Rubegi au| Rubius x Yoongi Rubén mejor conocido como el Rubius es un YouTuber español este ama BTS pero especialmente a Yoongi. Rubius siempre le lanza Tweets a BTS para que los integrantes lo sigan que pasará cuando Yoongi se interese en el? https://t.co/drbMRev54m","1253487761367146496","https://pbs.twimg.com/media/EWVIdN3XsAA8z1d.jpg","","es","mis putitas y bangtan","23","8","46","https://x.com/zoemegustabts/status/1253487761367146496","1120431861019361281","zoemegustabts"
"1571720236663021571","Mon Sep 19 04:38:00 +0000 2022","203","Hindistan Devlet Bankası Rusya ile dış ticaret ödemeleri için özel rupi (ruble-rupi swap mekanizması) hesapları açacak.","1571720236663021571","","","tr","","0","2","11","https://x.com/TurhanBozkurTV/status/1571720236663021571","1247116077953359878","TurhanBozkurTV"
"1355537579991560193","Sat Jan 30 15:25:18 +0000 2021","176","Con el irpf del Rubius se puede mantener 1 año a 666 menas. Y sin el irpf del Rubius se les puede mandar a su puta casa y que los mantenga Marruecos.","1355537579991560193","","","es","","3","5","81","https://x.com/gildelatorre1/status/1355537579991560193","389642155","gildelatorre1"
"1371670711895531522","Tue Mar 16 03:52:36 +0000 2021","237","Just headlines to sell papers. Zero impact. Wish you were writing against fuel price increase. That's a big headline with real social impact. Inform people on the real owner of Rubis. That's where fuel problem lies. DP Ruto ashajipanga kisiasa this is just wastage of paper space https://t.co/roubB4l2IK","1371670711895531522","https://pbs.twimg.com/media/EwknPh3WUAA-XIT.jpg","","en","Nairobi, Kenya","4","23","35","https://x.com/BenWashiali001/status/1371670711895531522","1081785761765228544","BenWashiali001"
